  0
SECTION
  2
HEADER
  9
$ACADVER
  1
AC1018
  9
$HANDSEED
  5
FFFFFFFF
  9
$ANGBASE
  50
0.0
  9
$ANGDIR
  70
1
  9
$MEASUREMENT
  70
1
  9
$INSUNITS
  70
4
  0
ENDSEC
  0
SECTION
  2
TABLES
  0
TABLE
  2
APPID
  5
1
330
0
100
AcDbSymbolTable
 70
1
  0
APPID
  5
2
330
1
100
AcDbSymbolTableRecord
100
AcDbRegAppTableRecord
  2
ACAD
 70
0
  0
ENDTAB
  0
TABLE
  2
LTYPE
  5
3
330
0
100
AcDbSymbolTable
 70
6
  0
LTYPE
  5
4
330
3
100
AcDbSymbolTableRecord
100
AcDbLinetypeTableRecord
  2
ByBlock
 70
0
  3

 72
65
 73
0
 40
0
  0
LTYPE
  5
5
330
3
100
AcDbSymbolTableRecord
100
AcDbLinetypeTableRecord
  2
ByLayer
 70
0
  3

 72
65
 73
0
 40
0
  0
LTYPE
  5
6
330
3
100
AcDbSymbolTableRecord
100
AcDbLinetypeTableRecord
  2
CONTINUOUS
 70
0
  3
Solid line
 72
65
 73
0
 40
0
  0
LTYPE
  5
7
330
3
100
AcDbSymbolTableRecord
100
AcDbLinetypeTableRecord
  2
DASHDOT
 70
0
  3
Dash Dot ____ _ ____ _
 72
65
 73
4
 40
2
 49
1.25
 74
0
 49
-0.25
 74
0
 49
0.25
 74
0
 49
-0.25
 74
0
  0
LTYPE
  5
8
330
3
100
AcDbSymbolTableRecord
100
AcDbLinetypeTableRecord
  2
DASHED
 70
0
  3
Dashed __ __ __ __ __
 72
65
 73
2
 40
0.75
 49
0.5
 74
0
 49
-0.25
 74
0
  0
LTYPE
  5
9
330
3
100
AcDbSymbolTableRecord
100
AcDbLinetypeTableRecord
  2
DOTTED
 70
0
  3
Dotted .  .  .  .
 72
65
 73
2
 40
0.2
 49
0.0
 74
0
 49
-0.2
 74
0
  0
ENDTAB
  0
TABLE
  2
STYLE
  5
A
330
0
100
AcDbSymbolTable
 70
4
  0
STYLE
  5
B
330
A
100
AcDbSymbolTableRecord
100
AcDbTextStyleTableRecord
  2
KICAD
 70
0
 40
0
 41
1
 42
1
 50
0
 71
0
  3
isocp.shx
  0
STYLE
  5
C
330
A
100
AcDbSymbolTableRecord
100
AcDbTextStyleTableRecord
  2
KICADB
 70
0
 40
0
 41
1
 42
1
 50
0
 71
0
  3
isocp.shx
  0
STYLE
  5
D
330
A
100
AcDbSymbolTableRecord
100
AcDbTextStyleTableRecord
  2
KICADI
 70
0
 40
0
 41
1
 42
1
 50
15
 71
0
  3
isocp.shx
  0
STYLE
  5
E
330
A
100
AcDbSymbolTableRecord
100
AcDbTextStyleTableRecord
  2
KICADBI
 70
0
 40
0
 41
1
 42
1
 50
15
 71
0
  3
isocp.shx
  0
ENDTAB
  0
TABLE
  2
LAYER
  5
F
330
0
100
AcDbSymbolTable
 70
2
  0
LAYER
  5
12
330
F
100
AcDbSymbolTableRecord
100
AcDbLayerTableRecord
  2
0
 70
0
 62
7
  6
CONTINUOUS
390
10
  0
LAYER
  5
13
330
F
100
AcDbSymbolTableRecord
100
AcDbLayerTableRecord
  2
Edge.Cuts
 70
0
 62
254
420
13685453
  6
CONTINUOUS
390
10
  0
ENDTAB
  0
TABLE
  2
VPORT
  5
14
330
0
100
AcDbSymbolTable
 70
0
  0
ENDTAB
  0
TABLE
  2
VIEW
  5
15
330
0
100
AcDbSymbolTable
 70
0
  0
ENDTAB
  0
TABLE
  2
UCS
  5
16
330
0
100
AcDbSymbolTable
 70
0
  0
ENDTAB
  0
TABLE
  2
DIMSTYLE
  5
17
330
0
100
AcDbSymbolTable
 70
1
100
AcDbDimStyleTable
 71
0
  0
DIMSTYLE
105
18
330
17
100
AcDbSymbolTableRecord
100
AcDbDimStyleTableRecord
  2
Standard
 70
0
  0
ENDTAB
  0
TABLE
  2
BLOCK_RECORD
  5
19
330
0
100
AcDbSymbolTable
 70
3
  0
BLOCK_RECORD
  5
1A
330
19
100
AcDbSymbolTableRecord
100
AcDbBlockTableRecord
  2
*Model_Space
340
1D
 70
0
280
1
281
0
  0
BLOCK_RECORD
  5
1B
330
19
100
AcDbSymbolTableRecord
100
AcDbBlockTableRecord
  2
*Paper_Space
340
1E
 70
0
280
1
281
0
  0
BLOCK_RECORD
  5
1C
330
19
100
AcDbSymbolTableRecord
100
AcDbBlockTableRecord
  2
*Paper_Space0
340
1F
 70
0
280
1
281
0
  0
ENDTAB
  0
ENDSEC
  0
SECTION
  2
BLOCKS
  0
BLOCK
  5
23
330
1A
100
AcDbEntity
  8
0
100
AcDbBlockBegin
  2
*Model_Space
 70
0
 10
0.0
 20
0.0
 30
0.0
  3
*Model_Space
  1

  0
ENDBLK
  5
22
330
1A
100
AcDbEntity
  8
0
100
AcDbBlockEnd
  0
BLOCK
  5
25
330
1B
100
AcDbEntity
 67
1
  8
0
100
AcDbBlockBegin
  2
*Paper_Space
 70
0
 10
0.0
 20
0.0
 30
0.0
  3
*Paper_Space
  1

  0
ENDBLK
  5
24
330
1B
100
AcDbEntity
 67
1
  8
0
100
AcDbBlockEnd
  0
BLOCK
  5
27
330
1C
100
AcDbEntity
 67
1
  8
0
100
AcDbBlockBegin
  2
*Paper_Space0
 70
0
 10
0.0
 20
0.0
 30
0.0
  3
*Paper_Space0
  1

  0
ENDBLK
  5
26
330
1C
100
AcDbEntity
 67
1
  8
0
100
AcDbBlockEnd
  0
ENDSEC
  0
SECTION
  2
ENTITIES
  0
LINE
  5
28
330
1A
100
AcDbEntity
  8
Edge.Cuts
  6
CONTINUOUS
100
AcDbLine
 10
68.
 20
-59.5
 30
0
 11
67.9963059999999899
 21
-59.498778999999999
 31
0
  0
LINE
  5
29
330
1A
100
AcDbEntity
  8
Edge.Cuts
  6
CONTINUOUS
100
AcDbLine
 10
67.9963059999999899
 20
-59.498778999999999
 30
0
 11
67.9926179999999931
 21
-59.4975809999999967
 31
0
  0
LINE
  5
2A
330
1A
100
AcDbEntity
  8
Edge.Cuts
  6
CONTINUOUS
100
AcDbLine
 10
67.9926179999999931
 20
-59.4975809999999967
 30
0
 11
67.9889349999999979
 21
-59.4964060000000003
 31
0
  0
LINE
  5
2B
330
1A
100
AcDbEntity
  8
Edge.Cuts
  6
CONTINUOUS
100
AcDbLine
 10
67.9889349999999979
 20
-59.4964060000000003
 30
0
 11
67.9852580000000017
 21
-59.4952539999999956
 31
0
  0
LINE
  5
2C
330
1A
100
AcDbEntity
  8
Edge.Cuts
  6
CONTINUOUS
100
AcDbLine
 10
67.9852580000000017
 20
-59.4952539999999956
 30
0
 11
67.981585999999993
 21
-59.4941239999999993
 31
0
  0
LINE
  5
2D
330
1A
100
AcDbEntity
  8
Edge.Cuts
  6
CONTINUOUS
100
AcDbLine
 10
67.981585999999993
 20
-59.4941239999999993
 30
0
 11
67.977919
 21
-59.4930169999999947
 31
0
  0
LINE
  5
2E
330
1A
100
AcDbEntity
  8
Edge.Cuts
  6
CONTINUOUS
100
AcDbLine
 10
67.977919
 20
-59.4930169999999947
 30
0
 11
67.9742569999999944
 21
-59.4919319999999985
 31
0
  0
LINE
  5
2F
330
1A
100
AcDbEntity
  8
Edge.Cuts
  6
CONTINUOUS
100
AcDbLine
 10
67.9742569999999944
 20
-59.4919319999999985
 30
0
 11
67.970601000000002
 21
-59.4908689999999964
 31
0
  0
LINE
  5
30
330
1A
100
AcDbEntity
  8
Edge.Cuts
  6
CONTINUOUS
100
AcDbLine
 10
67.970601000000002
 20
-59.4908689999999964
 30
0
 11
67.9669499999999971
 21
-59.4898290000000003
 31
0
  0
LINE
  5
31
330
1A
100
AcDbEntity
  8
Edge.Cuts
  6
CONTINUOUS
100
AcDbLine
 10
67.9669499999999971
 20
-59.4898290000000003
 30
0
 11
67.9633039999999937
 21
-59.4888109999999983
 31
0
  0
LINE
  5
32
330
1A
100
AcDbEntity
  8
Edge.Cuts
  6
CONTINUOUS
100
AcDbLine
 10
67.9633039999999937
 20
-59.4888109999999983
 30
0
 11
67.9596640000000036
 21
-59.4878159999999951
 31
0
  0
LINE
  5
33
330
1A
100
AcDbEntity
  8
Edge.Cuts
  6
CONTINUOUS
100
AcDbLine
 10
67.9596640000000036
 20
-59.4878159999999951
 30
0
 11
67.9560280000000034
 21
-59.4868419999999958
 31
0
  0
LINE
  5
34
330
1A
100
AcDbEntity
  8
Edge.Cuts
  6
CONTINUOUS
100
AcDbLine
 10
67.9560280000000034
 20
-59.4868419999999958
 30
0
 11
67.9523980000000023
 21
-59.4858909999999952
 31
0
  0
LINE
  5
35
330
1A
100
AcDbEntity
  8
Edge.Cuts
  6
CONTINUOUS
100
AcDbLine
 10
67.9523980000000023
 20
-59.4858909999999952
 30
0
 11
67.9487730000000028
 21
-59.4849609999999984
 31
0
  0
LINE
  5
36
330
1A
100
AcDbEntity
  8
Edge.Cuts
  6
CONTINUOUS
100
AcDbLine
 10
67.9487730000000028
 20
-59.4849609999999984
 30
0
 11
67.9451519999999931
 21
-59.4840540000000004
 31
0
  0
LINE
  5
37
330
1A
100
AcDbEntity
  8
Edge.Cuts
  6
CONTINUOUS
100
AcDbLine
 10
67.9451519999999931
 20
-59.4840540000000004
 30
0
 11
67.9415369999999967
 21
-59.4831679999999992
 31
0
  0
LINE
  5
38
330
1A
100
AcDbEntity
  8
Edge.Cuts
  6
CONTINUOUS
100
AcDbLine
 10
67.9415369999999967
 20
-59.4831679999999992
 30
0
 11
67.937927000000002
 21
-59.4823039999999992
 31
0
  0
LINE
  5
39
330
1A
100
AcDbEntity
  8
Edge.Cuts
  6
CONTINUOUS
100
AcDbLine
 10
67.937927000000002
 20
-59.4823039999999992
 30
0
 11
67.9343219999999945
 21
-59.4814609999999959
 31
0
  0
LINE
  5
3A
330
1A
100
AcDbEntity
  8
Edge.Cuts
  6
CONTINUOUS
100
AcDbLine
 10
67.9343219999999945
 20
-59.4814609999999959
 30
0
 11
67.9307220000000029
 21
-59.4806409999999985
 31
0
  0
LINE
  5
3B
330
1A
100
AcDbEntity
  8
Edge.Cuts
  6
CONTINUOUS
100
AcDbLine
 10
67.9307220000000029
 20
-59.4806409999999985
 30
0
 11
67.9271269999999987
 21
-59.4798419999999979
 31
0
  0
LINE
  5
3C
330
1A
100
AcDbEntity
  8
Edge.Cuts
  6
CONTINUOUS
100
AcDbLine
 10
67.9271269999999987
 20
-59.4798419999999979
 30
0
 11
67.9235359999999986
 21
-59.4790639999999939
 31
0
  0
LINE
  5
3D
330
1A
100
AcDbEntity
  8
Edge.Cuts
  6
CONTINUOUS
100
AcDbLine
 10
67.9235359999999986
 20
-59.4790639999999939
 30
0
 11
67.91995
 21
-59.4783079999999984
 31
0
  0
LINE
  5
3E
330
1A
100
AcDbEntity
  8
Edge.Cuts
  6
CONTINUOUS
100
AcDbLine
 10
67.91995
 20
-59.4783079999999984
 30
0
 11
67.9163690000000031
 21
-59.4775739999999971
 31
0
  0
LINE
  5
3F
330
1A
100
AcDbEntity
  8
Edge.Cuts
  6
CONTINUOUS
100
AcDbLine
 10
67.9163690000000031
 20
-59.4775739999999971
 30
0
 11
67.912793999999991
 21
-59.4768609999999995
 31
0
  0
LINE
  5
40
330
1A
100
AcDbEntity
  8
Edge.Cuts
  6
CONTINUOUS
100
AcDbLine
 10
67.912793999999991
 20
-59.4768609999999995
 30
0
 11
67.9092219999999998
 21
-59.4761689999999987
 31
0
  0
LINE
  5
41
330
1A
100
AcDbEntity
  8
Edge.Cuts
  6
CONTINUOUS
100
AcDbLine
 10
67.9092219999999998
 20
-59.4761689999999987
 30
0
 11
67.9056559999999934
 21
-59.4754979999999946
 31
0
  0
LINE
  5
42
330
1A
100
AcDbEntity
  8
Edge.Cuts
  6
CONTINUOUS
100
AcDbLine
 10
67.9056559999999934
 20
-59.4754979999999946
 30
0
 11
67.9020939999999911
 21
-59.474848999999999
 31
0
  0
LINE
  5
43
330
1A
100
AcDbEntity
  8
Edge.Cuts
  6
CONTINUOUS
100
AcDbLine
 10
67.9020939999999911
 20
-59.474848999999999
 30
0
 11
67.8985369999999904
 21
-59.4742199999999954
 31
0
  0
LINE
  5
44
330
1A
100
AcDbEntity
  8
Edge.Cuts
  6
CONTINUOUS
100
AcDbLine
 10
67.8985369999999904
 20
-59.4742199999999954
 30
0
 11
67.8949839999999938
 21
-59.4736130000000003
 31
0
  0
LINE
  5
45
330
1A
100
AcDbEntity
  8
Edge.Cuts
  6
CONTINUOUS
100
AcDbLine
 10
67.8949839999999938
 20
-59.4736130000000003
 30
0
 11
67.8914359999999988
 21
-59.4730269999999948
 31
0
  0
LINE
  5
46
330
1A
100
AcDbEntity
  8
Edge.Cuts
  6
CONTINUOUS
100
AcDbLine
 10
67.8914359999999988
 20
-59.4730269999999948
 30
0
 11
67.8878919999999937
 21
-59.4724620000000002
 31
0
  0
LINE
  5
47
330
1A
100
AcDbEntity
  8
Edge.Cuts
  6
CONTINUOUS
100
AcDbLine
 10
67.8878919999999937
 20
-59.4724620000000002
 30
0
 11
67.8843540000000019
 21
-59.4719179999999952
 31
0
  0
LINE
  5
48
330
1A
100
AcDbEntity
  8
Edge.Cuts
  6
CONTINUOUS
100
AcDbLine
 10
67.8843540000000019
 20
-59.4719179999999952
 30
0
 11
67.8808190000000025
 21
-59.4713939999999965
 31
0
  0
LINE
  5
49
330
1A
100
AcDbEntity
  8
Edge.Cuts
  6
CONTINUOUS
100
AcDbLine
 10
67.8808190000000025
 20
-59.4713939999999965
 30
0
 11
67.8772889999999904
 21
-59.4708919999999992
 31
0
  0
LINE
  5
4A
330
1A
100
AcDbEntity
  8
Edge.Cuts
  6
CONTINUOUS
100
AcDbLine
 10
67.8772889999999904
 20
-59.4708919999999992
 30
0
 11
67.8737629999999967
 21
-59.470409999999994
 31
0
  0
LINE
  5
4B
330
1A
100
AcDbEntity
  8
Edge.Cuts
  6
CONTINUOUS
100
AcDbLine
 10
67.8737629999999967
 20
-59.470409999999994
 30
0
 11
67.8702419999999904
 21
-59.4699489999999997
 31
0
  0
LINE
  5
4C
330
1A
100
AcDbEntity
  8
Edge.Cuts
  6
CONTINUOUS
100
AcDbLine
 10
67.8702419999999904
 20
-59.4699489999999997
 30
0
 11
67.8667250000000024
 21
-59.4695089999999951
 31
0
  0
LINE
  5
4D
330
1A
100
AcDbEntity
  8
Edge.Cuts
  6
CONTINUOUS
100
AcDbLine
 10
67.8667250000000024
 20
-59.4695089999999951
 30
0
 11
67.8632130000000018
 21
-59.4690889999999968
 31
0
  0
LINE
  5
4E
330
1A
100
AcDbEntity
  8
Edge.Cuts
  6
CONTINUOUS
100
AcDbLine
 10
67.8632130000000018
 20
-59.4690889999999968
 30
0
 11
67.8597039999999936
 21
-59.4686899999999952
 31
0
  0
LINE
  5
4F
330
1A
100
AcDbEntity
  8
Edge.Cuts
  6
CONTINUOUS
100
AcDbLine
 10
67.8597039999999936
 20
-59.4686899999999952
 30
0
 11
67.8562009999999987
 21
-59.4683119999999974
 31
0
  0
LINE
  5
50
330
1A
100
AcDbEntity
  8
Edge.Cuts
  6
CONTINUOUS
100
AcDbLine
 10
67.8562009999999987
 20
-59.4683119999999974
 30
0
 11
67.8527009999999962
 21
-59.4679539999999989
 31
0
  0
LINE
  5
51
330
1A
100
AcDbEntity
  8
Edge.Cuts
  6
CONTINUOUS
100
AcDbLine
 10
67.8527009999999962
 20
-59.4679539999999989
 30
0
 11
67.8492059999999952
 21
-59.4676169999999971
 31
0
  0
LINE
  5
52
330
1A
100
AcDbEntity
  8
Edge.Cuts
  6
CONTINUOUS
100
AcDbLine
 10
67.8492059999999952
 20
-59.4676169999999971
 30
0
 11
67.845714000000001
 21
-59.4672999999999945
 31
0
  0
LINE
  5
53
330
1A
100
AcDbEntity
  8
Edge.Cuts
  6
CONTINUOUS
100
AcDbLine
 10
67.845714000000001
 20
-59.4672999999999945
 30
0
 11
67.8422279999999915
 21
-59.4670039999999958
 31
0
  0
LINE
  5
54
330
1A
100
AcDbEntity
  8
Edge.Cuts
  6
CONTINUOUS
100
AcDbLine
 10
67.8422279999999915
 20
-59.4670039999999958
 30
0
 11
67.8387439999999913
 21
-59.4667279999999963
 31
0
  0
LINE
  5
55
330
1A
100
AcDbEntity
  8
Edge.Cuts
  6
CONTINUOUS
100
AcDbLine
 10
67.8387439999999913
 20
-59.4667279999999963
 30
0
 11
67.8352659999999901
 21
-59.466471999999996
 31
0
  0
LINE
  5
56
330
1A
100
AcDbEntity
  8
Edge.Cuts
  6
CONTINUOUS
100
AcDbLine
 10
67.8352659999999901
 20
-59.466471999999996
 30
0
 11
67.831789999999998
 21
-59.4662369999999996
 31
0
  0
LINE
  5
57
330
1A
100
AcDbEntity
  8
Edge.Cuts
  6
CONTINUOUS
100
AcDbLine
 10
67.831789999999998
 20
-59.4662369999999996
 30
0
 11
67.8283199999999908
 21
-59.4660219999999953
 31
0
  0
LINE
  5
58
330
1A
100
AcDbEntity
  8
Edge.Cuts
  6
CONTINUOUS
100
AcDbLine
 10
67.8283199999999908
 20
-59.4660219999999953
 30
0
 11
67.8213899999999938
 21
-59.4656519999999986
 31
0
  0
LINE
  5
59
330
1A
100
AcDbEntity
  8
Edge.Cuts
  6
CONTINUOUS
100
AcDbLine
 10
67.8213899999999938
 20
-59.4656519999999986
 30
0
 11
67.8144759999999991
 21
-59.4653629999999964
 31
0
  0
LINE
  5
5A
330
1A
100
AcDbEntity
  8
Edge.Cuts
  6
CONTINUOUS
100
AcDbLine
 10
67.8144759999999991
 20
-59.4653629999999964
 30
0
 11
67.8075769999999949
 21
-59.4651549999999958
 31
0
  0
LINE
  5
5B
330
1A
100
AcDbEntity
  8
Edge.Cuts
  6
CONTINUOUS
100
AcDbLine
 10
67.8075769999999949
 20
-59.4651549999999958
 30
0
 11
67.8006939999999929
 21
-59.4650269999999992
 31
0
  0
LINE
  5
5C
330
1A
100
AcDbEntity
  8
Edge.Cuts
  6
CONTINUOUS
100
AcDbLine
 10
67.8006939999999929
 20
-59.4650269999999992
 30
0
 11
67.7938249999999982
 21
-59.4649799999999971
 31
0
  0
LINE
  5
5D
330
1A
100
AcDbEntity
  8
Edge.Cuts
  6
CONTINUOUS
100
AcDbLine
 10
67.7938249999999982
 20
-59.4649799999999971
 30
0
 11
67.7869709999999941
 21
-59.4650119999999944
 31
0
  0
LINE
  5
5E
330
1A
100
AcDbEntity
  8
Edge.Cuts
  6
CONTINUOUS
100
AcDbLine
 10
67.7869709999999941
 20
-59.4650119999999944
 30
0
 11
67.7801319999999947
 21
-59.4651239999999959
 31
0
  0
LINE
  5
5F
330
1A
100
AcDbEntity
  8
Edge.Cuts
  6
CONTINUOUS
100
AcDbLine
 10
67.7801319999999947
 20
-59.4651239999999959
 30
0
 11
67.7733070000000026
 21
-59.4653149999999968
 31
0
  0
LINE
  5
60
330
1A
100
AcDbEntity
  8
Edge.Cuts
  6
CONTINUOUS
100
AcDbLine
 10
67.7733070000000026
 20
-59.4653149999999968
 30
0
 11
67.7664960000000036
 21
-59.4655859999999947
 31
0
  0
LINE
  5
61
330
1A
100
AcDbEntity
  8
Edge.Cuts
  6
CONTINUOUS
100
AcDbLine
 10
67.7664960000000036
 20
-59.4655859999999947
 30
0
 11
67.7596989999999977
 21
-59.4659359999999992
 31
0
  0
LINE
  5
62
330
1A
100
AcDbEntity
  8
Edge.Cuts
  6
CONTINUOUS
100
AcDbLine
 10
67.7596989999999977
 20
-59.4659359999999992
 30
0
 11
67.7529150000000016
 21
-59.4663660000000007
 31
0
  0
LINE
  5
63
330
1A
100
AcDbEntity
  8
Edge.Cuts
  6
CONTINUOUS
100
AcDbLine
 10
67.7529150000000016
 20
-59.4663660000000007
 30
0
 11
67.7461449999999985
 21
-59.4668739999999971
 31
0
  0
LINE
  5
64
330
1A
100
AcDbEntity
  8
Edge.Cuts
  6
CONTINUOUS
100
AcDbLine
 10
67.7461449999999985
 20
-59.4668739999999971
 30
0
 11
67.7393869999999936
 21
-59.4674619999999976
 31
0
  0
LINE
  5
65
330
1A
100
AcDbEntity
  8
Edge.Cuts
  6
CONTINUOUS
100
AcDbLine
 10
67.7393869999999936
 20
-59.4674619999999976
 30
0
 11
67.7326429999999959
 21
-59.4681289999999976
 31
0
  0
LINE
  5
66
330
1A
100
AcDbEntity
  8
Edge.Cuts
  6
CONTINUOUS
100
AcDbLine
 10
67.7326429999999959
 20
-59.4681289999999976
 30
0
 11
67.7259109999999964
 21
-59.468874999999997
 31
0
  0
LINE
  5
67
330
1A
100
AcDbEntity
  8
Edge.Cuts
  6
CONTINUOUS
100
AcDbLine
 10
67.7259109999999964
 20
-59.468874999999997
 30
0
 11
67.7191919999999925
 21
-59.4696989999999985
 31
0
  0
LINE
  5
68
330
1A
100
AcDbEntity
  8
Edge.Cuts
  6
CONTINUOUS
100
AcDbLine
 10
67.7191919999999925
 20
-59.4696989999999985
 30
0
 11
67.7124859999999984
 21
-59.470602999999997
 31
0
  0
LINE
  5
69
330
1A
100
AcDbEntity
  8
Edge.Cuts
  6
CONTINUOUS
100
AcDbLine
 10
67.7124859999999984
 20
-59.470602999999997
 30
0
 11
67.7057909999999907
 21
-59.4715849999999975
 31
0
  0
LINE
  5
6A
330
1A
100
AcDbEntity
  8
Edge.Cuts
  6
CONTINUOUS
100
AcDbLine
 10
67.7057909999999907
 20
-59.4715849999999975
 30
0
 11
67.6991079999999954
 21
-59.4726469999999949
 31
0
  0
LINE
  5
6B
330
1A
100
AcDbEntity
  8
Edge.Cuts
  6
CONTINUOUS
100
AcDbLine
 10
67.6991079999999954
 20
-59.4726469999999949
 30
0
 11
67.6924379999999957
 21
-59.4737869999999944
 31
0
  0
LINE
  5
6C
330
1A
100
AcDbEntity
  8
Edge.Cuts
  6
CONTINUOUS
100
AcDbLine
 10
67.6924379999999957
 20
-59.4737869999999944
 30
0
 11
67.6857779999999991
 21
-59.4750060000000005
 31
0
  0
LINE
  5
6D
330
1A
100
AcDbEntity
  8
Edge.Cuts
  6
CONTINUOUS
100
AcDbLine
 10
67.6857779999999991
 20
-59.4750060000000005
 30
0
 11
67.6791309999999982
 21
-59.4763049999999964
 31
0
  0
LINE
  5
6E
330
1A
100
AcDbEntity
  8
Edge.Cuts
  6
CONTINUOUS
100
AcDbLine
 10
67.6791309999999982
 20
-59.4763049999999964
 30
0
 11
67.6724940000000004
 21
-59.4776819999999944
 31
0
  0
LINE
  5
6F
330
1A
100
AcDbEntity
  8
Edge.Cuts
  6
CONTINUOUS
100
AcDbLine
 10
67.6724940000000004
 20
-59.4776819999999944
 30
0
 11
67.6658690000000007
 21
-59.4791389999999964
 31
0
  0
LINE
  5
70
330
1A
100
AcDbEntity
  8
Edge.Cuts
  6
CONTINUOUS
100
AcDbLine
 10
67.6658690000000007
 20
-59.4791389999999964
 30
0
 11
67.65925399999999
 21
-59.480674999999998
 31
0
  0
LINE
  5
71
330
1A
100
AcDbEntity
  8
Edge.Cuts
  6
CONTINUOUS
100
AcDbLine
 10
67.65925399999999
 20
-59.480674999999998
 30
0
 11
67.6526509999999917
 21
-59.4822909999999965
 31
0
  0
LINE
  5
72
330
1A
100
AcDbEntity
  8
Edge.Cuts
  6
CONTINUOUS
100
AcDbLine
 10
67.6526509999999917
 20
-59.4822909999999965
 30
0
 11
67.6460579999999965
 21
-59.4839859999999945
 31
0
  0
LINE
  5
73
330
1A
100
AcDbEntity
  8
Edge.Cuts
  6
CONTINUOUS
100
AcDbLine
 10
67.6460579999999965
 20
-59.4839859999999945
 30
0
 11
67.6394760000000019
 21
-59.4857609999999966
 31
0
  0
LINE
  5
74
330
1A
100
AcDbEntity
  8
Edge.Cuts
  6
CONTINUOUS
100
AcDbLine
 10
67.6394760000000019
 20
-59.4857609999999966
 30
0
 11
67.6329049999999938
 21
-59.4876159999999956
 31
0
  0
LINE
  5
75
330
1A
100
AcDbEntity
  8
Edge.Cuts
  6
CONTINUOUS
100
AcDbLine
 10
67.6329049999999938
 20
-59.4876159999999956
 30
0
 11
67.6263440000000031
 21
-59.4895509999999987
 31
0
  0
LINE
  5
76
330
1A
100
AcDbEntity
  8
Edge.Cuts
  6
CONTINUOUS
100
AcDbLine
 10
67.6263440000000031
 20
-59.4895509999999987
 30
0
 11
67.6197930000000014
 21
-59.4915659999999988
 31
0
  0
LINE
  5
77
330
1A
100
AcDbEntity
  8
Edge.Cuts
  6
CONTINUOUS
100
AcDbLine
 10
67.6197930000000014
 20
-59.4915659999999988
 30
0
 11
67.6132530000000003
 21
-59.4936609999999959
 31
0
  0
LINE
  5
78
330
1A
100
AcDbEntity
  8
Edge.Cuts
  6
CONTINUOUS
100
AcDbLine
 10
67.6132530000000003
 20
-59.4936609999999959
 30
0
 11
67.6067219999999907
 21
-59.4958369999999945
 31
0
  0
LINE
  5
79
330
1A
100
AcDbEntity
  8
Edge.Cuts
  6
CONTINUOUS
100
AcDbLine
 10
67.6067219999999907
 20
-59.4958369999999945
 30
0
 11
67.6002019999999959
 21
-59.4980939999999947
 31
0
  0
LINE
  5
7A
330
1A
100
AcDbEntity
  8
Edge.Cuts
  6
CONTINUOUS
100
AcDbLine
 10
67.6002019999999959
 20
-59.4980939999999947
 30
0
 11
67.5936930000000018
 21
-59.500430999999999
 31
0
  0
LINE
  5
7B
330
1A
100
AcDbEntity
  8
Edge.Cuts
  6
CONTINUOUS
100
AcDbLine
 10
67.5936930000000018
 20
-59.500430999999999
 30
0
 11
67.5871929999999992
 21
-59.5028499999999951
 31
0
  0
LINE
  5
7C
330
1A
100
AcDbEntity
  8
Edge.Cuts
  6
CONTINUOUS
100
AcDbLine
 10
67.5871929999999992
 20
-59.5028499999999951
 30
0
 11
67.5807029999999997
 21
-59.5053509999999974
 31
0
  0
LINE
  5
7D
330
1A
100
AcDbEntity
  8
Edge.Cuts
  6
CONTINUOUS
100
AcDbLine
 10
67.5807029999999997
 20
-59.5053509999999974
 30
0
 11
67.5742230000000035
 21
-59.5079329999999942
 31
0
  0
LINE
  5
7E
330
1A
100
AcDbEntity
  8
Edge.Cuts
  6
CONTINUOUS
100
AcDbLine
 10
67.5742230000000035
 20
-59.5079329999999942
 30
0
 11
67.5677539999999937
 21
-59.5105969999999971
 31
0
  0
LINE
  5
7F
330
1A
100
AcDbEntity
  8
Edge.Cuts
  6
CONTINUOUS
100
AcDbLine
 10
67.5677539999999937
 20
-59.5105969999999971
 30
0
 11
67.5612940000000037
 21
-59.5133439999999965
 31
0
  0
LINE
  5
80
330
1A
100
AcDbEntity
  8
Edge.Cuts
  6
CONTINUOUS
100
AcDbLine
 10
67.5612940000000037
 20
-59.5133439999999965
 30
0
 11
67.5548450000000003
 21
-59.5161729999999949
 31
0
  0
LINE
  5
81
330
1A
100
AcDbEntity
  8
Edge.Cuts
  6
CONTINUOUS
100
AcDbLine
 10
67.5548450000000003
 20
-59.5161729999999949
 30
0
 11
67.5484059999999999
 21
-59.5190839999999994
 31
0
  0
LINE
  5
82
330
1A
100
AcDbEntity
  8
Edge.Cuts
  6
CONTINUOUS
100
AcDbLine
 10
67.5484059999999999
 20
-59.5190839999999994
 30
0
 11
67.5419759999999911
 21
-59.522078999999998
 31
0
  0
LINE
  5
83
330
1A
100
AcDbEntity
  8
Edge.Cuts
  6
CONTINUOUS
100
AcDbLine
 10
67.5419759999999911
 20
-59.522078999999998
 30
0
 11
67.5355579999999946
 21
-59.5251570000000001
 31
0
  0
LINE
  5
84
330
1A
100
AcDbEntity
  8
Edge.Cuts
  6
CONTINUOUS
100
AcDbLine
 10
67.5355579999999946
 20
-59.5251570000000001
 30
0
 11
67.5291490000000039
 21
-59.5283189999999962
 31
0
  0
LINE
  5
85
330
1A
100
AcDbEntity
  8
Edge.Cuts
  6
CONTINUOUS
100
AcDbLine
 10
67.5291490000000039
 20
-59.5283189999999962
 30
0
 11
67.5227509999999995
 21
-59.5315639999999959
 31
0
  0
LINE
  5
86
330
1A
100
AcDbEntity
  8
Edge.Cuts
  6
CONTINUOUS
100
AcDbLine
 10
67.5227509999999995
 20
-59.5315639999999959
 30
0
 11
67.5163639999999958
 21
-59.5348939999999942
 31
0
  0
LINE
  5
87
330
1A
100
AcDbEntity
  8
Edge.Cuts
  6
CONTINUOUS
100
AcDbLine
 10
67.5163639999999958
 20
-59.5348939999999942
 30
0
 11
67.5099869999999953
 21
-59.5383080000000007
 31
0
  0
LINE
  5
88
330
1A
100
AcDbEntity
  8
Edge.Cuts
  6
CONTINUOUS
100
AcDbLine
 10
67.5099869999999953
 20
-59.5383080000000007
 30
0
 11
67.5036209999999954
 21
-59.5418069999999986
 31
0
  0
LINE
  5
89
330
1A
100
AcDbEntity
  8
Edge.Cuts
  6
CONTINUOUS
100
AcDbLine
 10
67.5036209999999954
 20
-59.5418069999999986
 30
0
 11
67.4972659999999962
 21
-59.5453919999999997
 31
0
  0
LINE
  5
8A
330
1A
100
AcDbEntity
  8
Edge.Cuts
  6
CONTINUOUS
100
AcDbLine
 10
67.4972659999999962
 20
-59.5453919999999997
 30
0
 11
67.4909229999999951
 21
-59.5490609999999947
 31
0
  0
LINE
  5
8B
330
1A
100
AcDbEntity
  8
Edge.Cuts
  6
CONTINUOUS
100
AcDbLine
 10
67.4909229999999951
 20
-59.5490609999999947
 30
0
 11
67.4845899999999972
 21
-59.5528169999999974
 31
0
  0
LINE
  5
8C
330
1A
100
AcDbEntity
  8
Edge.Cuts
  6
CONTINUOUS
100
AcDbLine
 10
67.4845899999999972
 20
-59.5528169999999974
 30
0
 11
67.4782689999999974
 21
-59.5566579999999988
 31
0
  0
LINE
  5
8D
330
1A
100
AcDbEntity
  8
Edge.Cuts
  6
CONTINUOUS
100
AcDbLine
 10
67.4782689999999974
 20
-59.5566579999999988
 30
0
 11
67.4719599999999957
 21
-59.5605860000000007
 31
0
  0
LINE
  5
8E
330
1A
100
AcDbEntity
  8
Edge.Cuts
  6
CONTINUOUS
100
AcDbLine
 10
67.4719599999999957
 20
-59.5605860000000007
 30
0
 11
67.4656629999999922
 21
-59.5645999999999987
 31
0
  0
LINE
  5
8F
330
1A
100
AcDbEntity
  8
Edge.Cuts
  6
CONTINUOUS
100
AcDbLine
 10
67.4656629999999922
 20
-59.5645999999999987
 30
0
 11
67.459378000000001
 21
-59.5687019999999947
 31
0
  0
LINE
  5
90
330
1A
100
AcDbEntity
  8
Edge.Cuts
  6
CONTINUOUS
100
AcDbLine
 10
67.459378000000001
 20
-59.5687019999999947
 30
0
 11
67.4531059999999911
 21
-59.5728899999999939
 31
0
  0
LINE
  5
91
330
1A
100
AcDbEntity
  8
Edge.Cuts
  6
CONTINUOUS
100
AcDbLine
 10
67.4531059999999911
 20
-59.5728899999999939
 30
0
 11
67.4468459999999936
 21
-59.5771659999999983
 31
0
  0
LINE
  5
92
330
1A
100
AcDbEntity
  8
Edge.Cuts
  6
CONTINUOUS
100
AcDbLine
 10
67.4468459999999936
 20
-59.5771659999999983
 30
0
 11
67.4405989999999917
 21
-59.5815300000000008
 31
0
  0
LINE
  5
93
330
1A
100
AcDbEntity
  8
Edge.Cuts
  6
CONTINUOUS
100
AcDbLine
 10
67.4405989999999917
 20
-59.5815300000000008
 30
0
 11
67.4343659999999971
 21
-59.5859819999999942
 31
0
  0
LINE
  5
94
330
1A
100
AcDbEntity
  8
Edge.Cuts
  6
CONTINUOUS
100
AcDbLine
 10
67.4343659999999971
 20
-59.5859819999999942
 30
0
 11
67.4281469999999956
 21
-59.590522
 31
0
  0
LINE
  5
95
330
1A
100
AcDbEntity
  8
Edge.Cuts
  6
CONTINUOUS
100
AcDbLine
 10
67.4281469999999956
 20
-59.590522
 30
0
 11
67.4219420000000014
 21
-59.5951509999999942
 31
0
  0
LINE
  5
96
330
1A
100
AcDbEntity
  8
Edge.Cuts
  6
CONTINUOUS
100
AcDbLine
 10
67.4219420000000014
 20
-59.5951509999999942
 30
0
 11
67.4157510000000002
 21
-59.5998689999999982
 31
0
  0
LINE
  5
97
330
1A
100
AcDbEntity
  8
Edge.Cuts
  6
CONTINUOUS
100
AcDbLine
 10
67.4157510000000002
 20
-59.5998689999999982
 30
0
 11
67.4095750000000038
 21
-59.6046759999999978
 31
0
  0
LINE
  5
98
330
1A
100
AcDbEntity
  8
Edge.Cuts
  6
CONTINUOUS
100
AcDbLine
 10
67.4095750000000038
 20
-59.6046759999999978
 30
0
 11
67.4034139999999979
 21
-59.609572
 31
0
  0
LINE
  5
99
330
1A
100
AcDbEntity
  8
Edge.Cuts
  6
CONTINUOUS
100
AcDbLine
 10
67.4034139999999979
 20
-59.609572
 30
0
 11
67.3972699999999918
 21
-59.6145579999999953
 31
0
  0
LINE
  5
9A
330
1A
100
AcDbEntity
  8
Edge.Cuts
  6
CONTINUOUS
100
AcDbLine
 10
67.3972699999999918
 20
-59.6145579999999953
 30
0
 11
67.3911409999999904
 21
-59.6196339999999978
 31
0
  0
LINE
  5
9B
330
1A
100
AcDbEntity
  8
Edge.Cuts
  6
CONTINUOUS
100
AcDbLine
 10
67.3911409999999904
 20
-59.6196339999999978
 30
0
 11
67.385029000000003
 21
-59.6248000000000005
 31
0
  0
LINE
  5
9C
330
1A
100
AcDbEntity
  8
Edge.Cuts
  6
CONTINUOUS
100
AcDbLine
 10
67.385029000000003
 20
-59.6248000000000005
 30
0
 11
67.378934000000001
 21
-59.6300549999999987
 31
0
  0
LINE
  5
9D
330
1A
100
AcDbEntity
  8
Edge.Cuts
  6
CONTINUOUS
100
AcDbLine
 10
67.378934000000001
 20
-59.6300549999999987
 30
0
 11
67.3728559999999987
 21
-59.6354009999999946
 31
0
  0
LINE
  5
9E
330
1A
100
AcDbEntity
  8
Edge.Cuts
  6
CONTINUOUS
100
AcDbLine
 10
67.3728559999999987
 20
-59.6354009999999946
 30
0
 11
67.3667969999999912
 21
-59.6408379999999951
 31
0
  0
LINE
  5
9F
330
1A
100
AcDbEntity
  8
Edge.Cuts
  6
CONTINUOUS
100
AcDbLine
 10
67.3667969999999912
 20
-59.6408379999999951
 30
0
 11
67.3607569999999924
 21
-59.6463649999999959
 31
0
  0
LINE
  5
A0
330
1A
100
AcDbEntity
  8
Edge.Cuts
  6
CONTINUOUS
100
AcDbLine
 10
67.3607569999999924
 20
-59.6463649999999959
 30
0
 11
67.3547349999999909
 21
-59.6519829999999942
 31
0
  0
LINE
  5
A1
330
1A
100
AcDbEntity
  8
Edge.Cuts
  6
CONTINUOUS
100
AcDbLine
 10
67.3547349999999909
 20
-59.6519829999999942
 30
0
 11
67.3487339999999932
 21
-59.6576909999999998
 31
0
  0
LINE
  5
A2
330
1A
100
AcDbEntity
  8
Edge.Cuts
  6
CONTINUOUS
100
AcDbLine
 10
67.3487339999999932
 20
-59.6576909999999998
 30
0
 11
67.3427530000000019
 21
-59.6634910000000005
 31
0
  0
LINE
  5
A3
330
1A
100
AcDbEntity
  8
Edge.Cuts
  6
CONTINUOUS
100
AcDbLine
 10
67.3427530000000019
 20
-59.6634910000000005
 30
0
 11
67.3367930000000001
 21
-59.6693809999999942
 31
0
  0
LINE
  5
A4
330
1A
100
AcDbEntity
  8
Edge.Cuts
  6
CONTINUOUS
100
AcDbLine
 10
67.3367930000000001
 20
-59.6693809999999942
 30
0
 11
67.3308540000000022
 21
-59.6753619999999998
 31
0
  0
LINE
  5
A5
330
1A
100
AcDbEntity
  8
Edge.Cuts
  6
CONTINUOUS
100
AcDbLine
 10
67.3308540000000022
 20
-59.6753619999999998
 30
0
 11
67.3249380000000031
 21
-59.6814339999999959
 31
0
  0
LINE
  5
A6
330
1A
100
AcDbEntity
  8
Edge.Cuts
  6
CONTINUOUS
100
AcDbLine
 10
67.3249380000000031
 20
-59.6814339999999959
 30
0
 11
67.3190450000000027
 21
-59.6875969999999967
 31
0
  0
LINE
  5
A7
330
1A
100
AcDbEntity
  8
Edge.Cuts
  6
CONTINUOUS
100
AcDbLine
 10
67.3190450000000027
 20
-59.6875969999999967
 30
0
 11
67.3131759999999986
 21
-59.6938509999999951
 31
0
  0
LINE
  5
A8
330
1A
100
AcDbEntity
  8
Edge.Cuts
  6
CONTINUOUS
100
AcDbLine
 10
67.3131759999999986
 20
-59.6938509999999951
 30
0
 11
67.3073320000000024
 21
-59.7001950000000008
 31
0
  0
LINE
  5
A9
330
1A
100
AcDbEntity
  8
Edge.Cuts
  6
CONTINUOUS
100
AcDbLine
 10
67.3073320000000024
 20
-59.7001950000000008
 30
0
 11
67.3015120000000024
 21
-59.706629999999997
 31
0
  0
LINE
  5
AA
330
1A
100
AcDbEntity
  8
Edge.Cuts
  6
CONTINUOUS
100
AcDbLine
 10
67.3015120000000024
 20
-59.706629999999997
 30
0
 11
67.2957179999999937
 21
-59.7131550000000004
 31
0
  0
LINE
  5
AB
330
1A
100
AcDbEntity
  8
Edge.Cuts
  6
CONTINUOUS
100
AcDbLine
 10
67.2957179999999937
 20
-59.7131550000000004
 30
0
 11
67.2899519999999995
 21
-59.7197709999999944
 31
0
  0
LINE
  5
AC
330
1A
100
AcDbEntity
  8
Edge.Cuts
  6
CONTINUOUS
100
AcDbLine
 10
67.2899519999999995
 20
-59.7197709999999944
 30
0
 11
67.2842119999999966
 21
-59.7264769999999956
 31
0
  0
LINE
  5
AD
330
1A
100
AcDbEntity
  8
Edge.Cuts
  6
CONTINUOUS
100
AcDbLine
 10
67.2842119999999966
 20
-59.7264769999999956
 30
0
 11
67.2785020000000031
 21
-59.7332719999999995
 31
0
  0
LINE
  5
AE
330
1A
100
AcDbEntity
  8
Edge.Cuts
  6
CONTINUOUS
100
AcDbLine
 10
67.2785020000000031
 20
-59.7332719999999995
 30
0
 11
67.2728199999999958
 21
-59.7401569999999964
 31
0
  0
LINE
  5
AF
330
1A
100
AcDbEntity
  8
Edge.Cuts
  6
CONTINUOUS
100
AcDbLine
 10
67.2728199999999958
 20
-59.7401569999999964
 30
0
 11
67.2671679999999981
 21
-59.747130999999996
 31
0
  0
LINE
  5
B0
330
1A
100
AcDbEntity
  8
Edge.Cuts
  6
CONTINUOUS
100
AcDbLine
 10
67.2671679999999981
 20
-59.747130999999996
 30
0
 11
67.2615469999999931
 21
-59.7541930000000008
 31
0
  0
LINE
  5
B1
330
1A
100
AcDbEntity
  8
Edge.Cuts
  6
CONTINUOUS
100
AcDbLine
 10
67.2615469999999931
 20
-59.7541930000000008
 30
0
 11
67.2559589999999901
 21
-59.761343999999994
 31
0
  0
LINE
  5
B2
330
1A
100
AcDbEntity
  8
Edge.Cuts
  6
CONTINUOUS
100
AcDbLine
 10
67.2559589999999901
 20
-59.761343999999994
 30
0
 11
67.250401999999994
 21
-59.7685829999999996
 31
0
  0
LINE
  5
B3
330
1A
100
AcDbEntity
  8
Edge.Cuts
  6
CONTINUOUS
100
AcDbLine
 10
67.250401999999994
 20
-59.7685829999999996
 30
0
 11
67.2448799999999949
 21
-59.7759089999999986
 31
0
  0
LINE
  5
B4
330
1A
100
AcDbEntity
  8
Edge.Cuts
  6
CONTINUOUS
100
AcDbLine
 10
67.2448799999999949
 20
-59.7759089999999986
 30
0
 11
67.2393919999999952
 21
-59.7833219999999983
 31
0
  0
LINE
  5
B5
330
1A
100
AcDbEntity
  8
Edge.Cuts
  6
CONTINUOUS
100
AcDbLine
 10
67.2393919999999952
 20
-59.7833219999999983
 30
0
 11
67.233940000000004
 21
-59.790820999999994
 31
0
  0
LINE
  5
B6
330
1A
100
AcDbEntity
  8
Edge.Cuts
  6
CONTINUOUS
100
AcDbLine
 10
67.233940000000004
 20
-59.790820999999994
 30
0
 11
67.2285239999999931
 21
-59.7984059999999999
 31
0
  0
LINE
  5
B7
330
1A
100
AcDbEntity
  8
Edge.Cuts
  6
CONTINUOUS
100
AcDbLine
 10
67.2285239999999931
 20
-59.7984059999999999
 30
0
 11
67.2231459999999998
 21
-59.8060759999999974
 31
0
  0
LINE
  5
B8
330
1A
100
AcDbEntity
  8
Edge.Cuts
  6
CONTINUOUS
100
AcDbLine
 10
67.2231459999999998
 20
-59.8060759999999974
 30
0
 11
67.2178059999999959
 21
-59.8138299999999958
 31
0
  0
LINE
  5
B9
330
1A
100
AcDbEntity
  8
Edge.Cuts
  6
CONTINUOUS
100
AcDbLine
 10
67.2178059999999959
 20
-59.8138299999999958
 30
0
 11
67.2125059999999905
 21
-59.8216669999999979
 31
0
  0
LINE
  5
BA
330
1A
100
AcDbEntity
  8
Edge.Cuts
  6
CONTINUOUS
100
AcDbLine
 10
67.2125059999999905
 20
-59.8216669999999979
 30
0
 11
67.2072459999999978
 21
-59.8295869999999965
 31
0
  0
LINE
  5
BB
330
1A
100
AcDbEntity
  8
Edge.Cuts
  6
CONTINUOUS
100
AcDbLine
 10
67.2072459999999978
 20
-59.8295869999999965
 30
0
 11
67.202028999999996
 21
-59.8375889999999941
 31
0
  0
LINE
  5
BC
330
1A
100
AcDbEntity
  8
Edge.Cuts
  6
CONTINUOUS
100
AcDbLine
 10
67.202028999999996
 20
-59.8375889999999941
 30
0
 11
67.1968529999999902
 21
-59.8456709999999958
 31
0
  0
LINE
  5
BD
330
1A
100
AcDbEntity
  8
Edge.Cuts
  6
CONTINUOUS
100
AcDbLine
 10
67.1968529999999902
 20
-59.8456709999999958
 30
0
 11
67.1917219999999986
 21
-59.8538329999999945
 31
0
  0
LINE
  5
BE
330
1A
100
AcDbEntity
  8
Edge.Cuts
  6
CONTINUOUS
100
AcDbLine
 10
67.1917219999999986
 20
-59.8538329999999945
 30
0
 11
67.1866359999999929
 21
-59.8620739999999998
 31
0
  0
LINE
  5
BF
330
1A
100
AcDbEntity
  8
Edge.Cuts
  6
CONTINUOUS
100
AcDbLine
 10
67.1866359999999929
 20
-59.8620739999999998
 30
0
 11
67.1815950000000015
 21
-59.8703919999999954
 31
0
  0
LINE
  5
C0
330
1A
100
AcDbEntity
  8
Edge.Cuts
  6
CONTINUOUS
100
AcDbLine
 10
67.1815950000000015
 20
-59.8703919999999954
 30
0
 11
67.1766020000000026
 21
-59.8787869999999955
 31
0
  0
LINE
  5
C1
330
1A
100
AcDbEntity
  8
Edge.Cuts
  6
CONTINUOUS
100
AcDbLine
 10
67.1766020000000026
 20
-59.8787869999999955
 30
0
 11
67.1716569999999962
 21
-59.8872569999999982
 31
0
  0
LINE
  5
C2
330
1A
100
AcDbEntity
  8
Edge.Cuts
  6
CONTINUOUS
100
AcDbLine
 10
67.1716569999999962
 20
-59.8872569999999982
 30
0
 11
67.1667609999999939
 21
-59.8958009999999987
 31
0
  0
LINE
  5
C3
330
1A
100
AcDbEntity
  8
Edge.Cuts
  6
CONTINUOUS
100
AcDbLine
 10
67.1667609999999939
 20
-59.8958009999999987
 30
0
 11
67.1619159999999908
 21
-59.9044179999999997
 31
0
  0
LINE
  5
C4
330
1A
100
AcDbEntity
  8
Edge.Cuts
  6
CONTINUOUS
100
AcDbLine
 10
67.1619159999999908
 20
-59.9044179999999997
 30
0
 11
67.1571229999999986
 21
-59.9131059999999991
 31
0
  0
LINE
  5
C5
330
1A
100
AcDbEntity
  8
Edge.Cuts
  6
CONTINUOUS
100
AcDbLine
 10
67.1571229999999986
 20
-59.9131059999999991
 30
0
 11
67.1523820000000029
 21
-59.9218629999999948
 31
0
  0
LINE
  5
C6
330
1A
100
AcDbEntity
  8
Edge.Cuts
  6
CONTINUOUS
100
AcDbLine
 10
67.1523820000000029
 20
-59.9218629999999948
 30
0
 11
67.1476949999999988
 21
-59.9306889999999939
 31
0
  0
LINE
  5
C7
330
1A
100
AcDbEntity
  8
Edge.Cuts
  6
CONTINUOUS
100
AcDbLine
 10
67.1476949999999988
 20
-59.9306889999999939
 30
0
 11
67.1430629999999979
 21
-59.9395819999999944
 31
0
  0
LINE
  5
C8
330
1A
100
AcDbEntity
  8
Edge.Cuts
  6
CONTINUOUS
100
AcDbLine
 10
67.1430629999999979
 20
-59.9395819999999944
 30
0
 11
67.1384869999999978
 21
-59.9485399999999942
 31
0
  0
LINE
  5
C9
330
1A
100
AcDbEntity
  8
Edge.Cuts
  6
CONTINUOUS
100
AcDbLine
 10
67.1384869999999978
 20
-59.9485399999999942
 30
0
 11
67.1339689999999933
 21
-59.9575609999999983
 31
0
  0
LINE
  5
CA
330
1A
100
AcDbEntity
  8
Edge.Cuts
  6
CONTINUOUS
100
AcDbLine
 10
67.1339689999999933
 20
-59.9575609999999983
 30
0
 11
67.1295089999999988
 21
-59.9666429999999977
 31
0
  0
LINE
  5
CB
330
1A
100
AcDbEntity
  8
Edge.Cuts
  6
CONTINUOUS
100
AcDbLine
 10
67.1295089999999988
 20
-59.9666429999999977
 30
0
 11
67.1251089999999948
 21
-59.9757859999999994
 31
0
  0
LINE
  5
CC
330
1A
100
AcDbEntity
  8
Edge.Cuts
  6
CONTINUOUS
100
AcDbLine
 10
67.1251089999999948
 20
-59.9757859999999994
 30
0
 11
67.1207689999999957
 21
-59.9849859999999993
 31
0
  0
LINE
  5
CD
330
1A
100
AcDbEntity
  8
Edge.Cuts
  6
CONTINUOUS
100
AcDbLine
 10
67.1207689999999957
 20
-59.9849859999999993
 30
0
 11
67.1164919999999938
 21
-59.9942429999999973
 31
0
  0
LINE
  5
CE
330
1A
100
AcDbEntity
  8
Edge.Cuts
  6
CONTINUOUS
100
AcDbLine
 10
67.1164919999999938
 20
-59.9942429999999973
 30
0
 11
67.1122769999999917
 21
-60.0035539999999941
 31
0
  0
LINE
  5
CF
330
1A
100
AcDbEntity
  8
Edge.Cuts
  6
CONTINUOUS
100
AcDbLine
 10
67.1122769999999917
 20
-60.0035539999999941
 30
0
 11
67.1081269999999961
 21
-60.012915999999997
 31
0
  0
LINE
  5
D0
330
1A
100
AcDbEntity
  8
Edge.Cuts
  6
CONTINUOUS
100
AcDbLine
 10
67.1081269999999961
 20
-60.012915999999997
 30
0
 11
67.1040419999999926
 21
-60.0223289999999992
 31
0
  0
LINE
  5
D1
330
1A
100
AcDbEntity
  8
Edge.Cuts
  6
CONTINUOUS
100
AcDbLine
 10
67.1040419999999926
 20
-60.0223289999999992
 30
0
 11
67.1000229999999931
 21
-60.0317899999999938
 31
0
  0
LINE
  5
D2
330
1A
100
AcDbEntity
  8
Edge.Cuts
  6
CONTINUOUS
100
AcDbLine
 10
67.1000229999999931
 20
-60.0317899999999938
 30
0
 11
67.0960719999999924
 21
-60.0412959999999956
 31
0
  0
LINE
  5
D3
330
1A
100
AcDbEntity
  8
Edge.Cuts
  6
CONTINUOUS
100
AcDbLine
 10
67.0960719999999924
 20
-60.0412959999999956
 30
0
 11
67.0921889999999905
 21
-60.0508449999999954
 31
0
  0
LINE
  5
D4
330
1A
100
AcDbEntity
  8
Edge.Cuts
  6
CONTINUOUS
100
AcDbLine
 10
67.0921889999999905
 20
-60.0508449999999954
 30
0
 11
67.0883759999999967
 21
-60.0604359999999957
 31
0
  0
LINE
  5
D5
330
1A
100
AcDbEntity
  8
Edge.Cuts
  6
CONTINUOUS
100
AcDbLine
 10
67.0883759999999967
 20
-60.0604359999999957
 30
0
 11
67.0846329999999966
 21
-60.0700649999999996
 31
0
  0
LINE
  5
D6
330
1A
100
AcDbEntity
  8
Edge.Cuts
  6
CONTINUOUS
100
AcDbLine
 10
67.0846329999999966
 20
-60.0700649999999996
 30
0
 11
67.0809619999999995
 21
-60.0797309999999953
 31
0
  0
LINE
  5
D7
330
1A
100
AcDbEntity
  8
Edge.Cuts
  6
CONTINUOUS
100
AcDbLine
 10
67.0809619999999995
 20
-60.0797309999999953
 30
0
 11
67.0773640000000029
 21
-60.0894309999999976
 31
0
  0
LINE
  5
D8
330
1A
100
AcDbEntity
  8
Edge.Cuts
  6
CONTINUOUS
100
AcDbLine
 10
67.0773640000000029
 20
-60.0894309999999976
 30
0
 11
67.0738389999999924
 21
-60.0991619999999998
 31
0
  0
LINE
  5
D9
330
1A
100
AcDbEntity
  8
Edge.Cuts
  6
CONTINUOUS
100
AcDbLine
 10
67.0738389999999924
 20
-60.0991619999999998
 30
0
 11
67.0703879999999941
 21
-60.1089219999999997
 31
0
  0
LINE
  5
DA
330
1A
100
AcDbEntity
  8
Edge.Cuts
  6
CONTINUOUS
100
AcDbLine
 10
67.0703879999999941
 20
-60.1089219999999997
 30
0
 11
67.0670140000000004
 21
-60.118707999999998
 31
0
  0
LINE
  5
DB
330
1A
100
AcDbEntity
  8
Edge.Cuts
  6
CONTINUOUS
100
AcDbLine
 10
67.0670140000000004
 20
-60.118707999999998
 30
0
 11
67.063715000000002
 21
-60.1285189999999972
 31
0
  0
LINE
  5
DC
330
1A
100
AcDbEntity
  8
Edge.Cuts
  6
CONTINUOUS
100
AcDbLine
 10
67.063715000000002
 20
-60.1285189999999972
 30
0
 11
67.0604929999999939
 21
-60.1383499999999955
 31
0
  0
LINE
  5
DD
330
1A
100
AcDbEntity
  8
Edge.Cuts
  6
CONTINUOUS
100
AcDbLine
 10
67.0604929999999939
 20
-60.1383499999999955
 30
0
 11
67.0573499999999996
 21
-60.1482010000000002
 31
0
  0
LINE
  5
DE
330
1A
100
AcDbEntity
  8
Edge.Cuts
  6
CONTINUOUS
100
AcDbLine
 10
67.0573499999999996
 20
-60.1482010000000002
 30
0
 11
67.054284999999993
 21
-60.1580669999999955
 31
0
  0
LINE
  5
DF
330
1A
100
AcDbEntity
  8
Edge.Cuts
  6
CONTINUOUS
100
AcDbLine
 10
67.054284999999993
 20
-60.1580669999999955
 30
0
 11
67.0527829999999909
 21
-60.1630049999999983
 31
0
  0
LINE
  5
E0
330
1A
100
AcDbEntity
  8
Edge.Cuts
  6
CONTINUOUS
100
AcDbLine
 10
67.0527829999999909
 20
-60.1630049999999983
 30
0
 11
67.0512999999999977
 21
-60.1679460000000006
 31
0
  0
LINE
  5
E1
330
1A
100
AcDbEntity
  8
Edge.Cuts
  6
CONTINUOUS
100
AcDbLine
 10
67.0512999999999977
 20
-60.1679460000000006
 30
0
 11
67.0498379999999941
 21
-60.1728899999999953
 31
0
  0
LINE
  5
E2
330
1A
100
AcDbEntity
  8
Edge.Cuts
  6
CONTINUOUS
100
AcDbLine
 10
67.0498379999999941
 20
-60.1728899999999953
 30
0
 11
67.0483959999999968
 21
-60.1778359999999992
 31
0
  0
LINE
  5
E3
330
1A
100
AcDbEntity
  8
Edge.Cuts
  6
CONTINUOUS
100
AcDbLine
 10
67.0483959999999968
 20
-60.1778359999999992
 30
0
 11
67.0469729999999942
 21
-60.1827839999999981
 31
0
  0
LINE
  5
E4
330
1A
100
AcDbEntity
  8
Edge.Cuts
  6
CONTINUOUS
100
AcDbLine
 10
67.0469729999999942
 20
-60.1827839999999981
 30
0
 11
67.0455719999999928
 21
-60.1877329999999944
 31
0
  0
LINE
  5
E5
330
1A
100
AcDbEntity
  8
Edge.Cuts
  6
CONTINUOUS
100
AcDbLine
 10
67.0455719999999928
 20
-60.1877329999999944
 30
0
 11
67.0441909999999979
 21
-60.1926839999999999
 31
0
  0
LINE
  5
E6
330
1A
100
AcDbEntity
  8
Edge.Cuts
  6
CONTINUOUS
100
AcDbLine
 10
67.0441909999999979
 20
-60.1926839999999999
 30
0
 11
67.042829999999995
 21
-60.1976359999999957
 31
0
  0
LINE
  5
E7
330
1A
100
AcDbEntity
  8
Edge.Cuts
  6
CONTINUOUS
100
AcDbLine
 10
67.042829999999995
 20
-60.1976359999999957
 30
0
 11
67.041489999999996
 21
-60.2025879999999987
 31
0
  0
LINE
  5
E8
330
1A
100
AcDbEntity
  8
Edge.Cuts
  6
CONTINUOUS
100
AcDbLine
 10
67.041489999999996
 20
-60.2025879999999987
 30
0
 11
67.0401700000000034
 21
-60.2075409999999991
 31
0
  0
LINE
  5
E9
330
1A
100
AcDbEntity
  8
Edge.Cuts
  6
CONTINUOUS
100
AcDbLine
 10
67.0401700000000034
 20
-60.2075409999999991
 30
0
 11
67.0388710000000003
 21
-60.2124929999999949
 31
0
  0
LINE
  5
EA
330
1A
100
AcDbEntity
  8
Edge.Cuts
  6
CONTINUOUS
100
AcDbLine
 10
67.0388710000000003
 20
-60.2124929999999949
 30
0
 11
67.0375930000000011
 21
-60.2174449999999979
 31
0
  0
LINE
  5
EB
330
1A
100
AcDbEntity
  8
Edge.Cuts
  6
CONTINUOUS
100
AcDbLine
 10
67.0375930000000011
 20
-60.2174449999999979
 30
0
 11
67.0363359999999915
 21
-60.2223959999999963
 31
0
  0
LINE
  5
EC
330
1A
100
AcDbEntity
  8
Edge.Cuts
  6
CONTINUOUS
100
AcDbLine
 10
67.0363359999999915
 20
-60.2223959999999963
 30
0
 11
67.0350999999999999
 21
-60.2273459999999972
 31
0
  0
LINE
  5
ED
330
1A
100
AcDbEntity
  8
Edge.Cuts
  6
CONTINUOUS
100
AcDbLine
 10
67.0350999999999999
 20
-60.2273459999999972
 30
0
 11
67.0338849999999979
 21
-60.232293999999996
 31
0
  0
LINE
  5
EE
330
1A
100
AcDbEntity
  8
Edge.Cuts
  6
CONTINUOUS
100
AcDbLine
 10
67.0338849999999979
 20
-60.232293999999996
 30
0
 11
67.0326900000000023
 21
-60.2372409999999974
 31
0
  0
LINE
  5
EF
330
1A
100
AcDbEntity
  8
Edge.Cuts
  6
CONTINUOUS
100
AcDbLine
 10
67.0326900000000023
 20
-60.2372409999999974
 30
0
 11
67.0315169999999938
 21
-60.2421849999999992
 31
0
  0
LINE
  5
F0
330
1A
100
AcDbEntity
  8
Edge.Cuts
  6
CONTINUOUS
100
AcDbLine
 10
67.0315169999999938
 20
-60.2421849999999992
 30
0
 11
67.0303650000000033
 21
-60.2471279999999965
 31
0
  0
LINE
  5
F1
330
1A
100
AcDbEntity
  8
Edge.Cuts
  6
CONTINUOUS
100
AcDbLine
 10
67.0303650000000033
 20
-60.2471279999999965
 30
0
 11
67.0292349999999999
 21
-60.2520659999999992
 31
0
  0
LINE
  5
F2
330
1A
100
AcDbEntity
  8
Edge.Cuts
  6
CONTINUOUS
100
AcDbLine
 10
67.0292349999999999
 20
-60.2520659999999992
 30
0
 11
67.0281250000000028
 21
-60.257002
 31
0
  0
LINE
  5
F3
330
1A
100
AcDbEntity
  8
Edge.Cuts
  6
CONTINUOUS
100
AcDbLine
 10
67.0281250000000028
 20
-60.257002
 30
0
 11
67.0270369999999929
 21
-60.2619339999999966
 31
0
  0
LINE
  5
F4
330
1A
100
AcDbEntity
  8
Edge.Cuts
  6
CONTINUOUS
100
AcDbLine
 10
67.0270369999999929
 20
-60.2619339999999966
 30
0
 11
67.0259700000000009
 21
-60.2668630000000007
 31
0
  0
LINE
  5
F5
330
1A
100
AcDbEntity
  8
Edge.Cuts
  6
CONTINUOUS
100
AcDbLine
 10
67.0259700000000009
 20
-60.2668630000000007
 30
0
 11
67.0249249999999961
 21
-60.2717859999999988
 31
0
  0
LINE
  5
F6
330
1A
100
AcDbEntity
  8
Edge.Cuts
  6
CONTINUOUS
100
AcDbLine
 10
67.0249249999999961
 20
-60.2717859999999988
 30
0
 11
67.0239009999999951
 21
-60.2767059999999972
 31
0
  0
LINE
  5
F7
330
1A
100
AcDbEntity
  8
Edge.Cuts
  6
CONTINUOUS
100
AcDbLine
 10
67.0239009999999951
 20
-60.2767059999999972
 30
0
 11
67.0228979999999979
 21
-60.2816189999999992
 31
0
  0
LINE
  5
F8
330
1A
100
AcDbEntity
  8
Edge.Cuts
  6
CONTINUOUS
100
AcDbLine
 10
67.0228979999999979
 20
-60.2816189999999992
 30
0
 11
67.021917000000002
 21
-60.2865299999999991
 31
0
  0
LINE
  5
F9
330
1A
100
AcDbEntity
  8
Edge.Cuts
  6
CONTINUOUS
100
AcDbLine
 10
67.021917000000002
 20
-60.2865299999999991
 30
0
 11
67.0209579999999931
 21
-60.2914320000000004
 31
0
  0
LINE
  5
FA
330
1A
100
AcDbEntity
  8
Edge.Cuts
  6
CONTINUOUS
100
AcDbLine
 10
67.0209579999999931
 20
-60.2914320000000004
 30
0
 11
67.0200189999999907
 21
-60.296330999999995
 31
0
  0
LINE
  5
FB
330
1A
100
AcDbEntity
  8
Edge.Cuts
  6
CONTINUOUS
100
AcDbLine
 10
67.0200189999999907
 20
-60.296330999999995
 30
0
 11
67.0191030000000012
 21
-60.3012209999999982
 31
0
  0
LINE
  5
FC
330
1A
100
AcDbEntity
  8
Edge.Cuts
  6
CONTINUOUS
100
AcDbLine
 10
67.0191030000000012
 20
-60.3012209999999982
 30
0
 11
67.0182080000000013
 21
-60.3061069999999972
 31
0
  0
LINE
  5
FD
330
1A
100
AcDbEntity
  8
Edge.Cuts
  6
CONTINUOUS
100
AcDbLine
 10
67.0182080000000013
 20
-60.3061069999999972
 30
0
 11
67.0173350000000028
 21
-60.3109830000000002
 31
0
  0
LINE
  5
FE
330
1A
100
AcDbEntity
  8
Edge.Cuts
  6
CONTINUOUS
100
AcDbLine
 10
67.0173350000000028
 20
-60.3109830000000002
 30
0
 11
67.0164829999999938
 21
-60.3158559999999966
 31
0
  0
LINE
  5
FF
330
1A
100
AcDbEntity
  8
Edge.Cuts
  6
CONTINUOUS
100
AcDbLine
 10
67.0164829999999938
 20
-60.3158559999999966
 30
0
 11
67.0156539999999978
 21
-60.3207169999999948
 31
0
  0
LINE
  5
100
330
1A
100
AcDbEntity
  8
Edge.Cuts
  6
CONTINUOUS
100
AcDbLine
 10
67.0156539999999978
 20
-60.3207169999999948
 30
0
 11
67.014844999999994
 21
-60.325573999999996
 31
0
  0
LINE
  5
101
330
1A
100
AcDbEntity
  8
Edge.Cuts
  6
CONTINUOUS
100
AcDbLine
 10
67.014844999999994
 20
-60.325573999999996
 30
0
 11
67.0140590000000032
 21
-60.3304179999999945
 31
0
  0
LINE
  5
102
330
1A
100
AcDbEntity
  8
Edge.Cuts
  6
CONTINUOUS
100
AcDbLine
 10
67.0140590000000032
 20
-60.3304179999999945
 30
0
 11
67.0132929999999902
 21
-60.3352590000000006
 31
0
  0
LINE
  5
103
330
1A
100
AcDbEntity
  8
Edge.Cuts
  6
CONTINUOUS
100
AcDbLine
 10
67.0132929999999902
 20
-60.3352590000000006
 30
0
 11
67.0125499999999903
 21
-60.3400859999999994
 31
0
  0
LINE
  5
104
330
1A
100
AcDbEntity
  8
Edge.Cuts
  6
CONTINUOUS
100
AcDbLine
 10
67.0125499999999903
 20
-60.3400859999999994
 30
0
 11
67.0118279999999942
 21
-60.3449079999999967
 31
0
  0
LINE
  5
105
330
1A
100
AcDbEntity
  8
Edge.Cuts
  6
CONTINUOUS
100
AcDbLine
 10
67.0118279999999942
 20
-60.3449079999999967
 30
0
 11
67.0111289999999968
 21
-60.3497160000000008
 31
0
  0
LINE
  5
106
330
1A
100
AcDbEntity
  8
Edge.Cuts
  6
CONTINUOUS
100
AcDbLine
 10
67.0111289999999968
 20
-60.3497160000000008
 30
0
 11
67.0104499999999916
 21
-60.3545189999999963
 31
0
  0
LINE
  5
107
330
1A
100
AcDbEntity
  8
Edge.Cuts
  6
CONTINUOUS
100
AcDbLine
 10
67.0104499999999916
 20
-60.3545189999999963
 30
0
 11
67.0097939999999994
 21
-60.359306999999994
 31
0
  0
LINE
  5
108
330
1A
100
AcDbEntity
  8
Edge.Cuts
  6
CONTINUOUS
100
AcDbLine
 10
67.0097939999999994
 20
-60.359306999999994
 30
0
 11
67.0091579999999993
 21
-60.3640899999999974
 31
0
  0
LINE
  5
109
330
1A
100
AcDbEntity
  8
Edge.Cuts
  6
CONTINUOUS
100
AcDbLine
 10
67.0091579999999993
 20
-60.3640899999999974
 30
0
 11
67.008544999999998
 21
-60.3688569999999984
 31
0
  0
LINE
  5
10A
330
1A
100
AcDbEntity
  8
Edge.Cuts
  6
CONTINUOUS
100
AcDbLine
 10
67.008544999999998
 20
-60.3688569999999984
 30
0
 11
67.0079530000000005
 21
-60.3736180000000004
 31
0
  0
LINE
  5
10B
330
1A
100
AcDbEntity
  8
Edge.Cuts
  6
CONTINUOUS
100
AcDbLine
 10
67.0079530000000005
 20
-60.3736180000000004
 30
0
 11
67.0073829999999901
 21
-60.3783619999999956
 31
0
  0
LINE
  5
10C
330
1A
100
AcDbEntity
  8
Edge.Cuts
  6
CONTINUOUS
100
AcDbLine
 10
67.0073829999999901
 20
-60.3783619999999956
 30
0
 11
67.0068339999999978
 21
-60.3831009999999964
 31
0
  0
LINE
  5
10D
330
1A
100
AcDbEntity
  8
Edge.Cuts
  6
CONTINUOUS
100
AcDbLine
 10
67.0068339999999978
 20
-60.3831009999999964
 30
0
 11
67.0063069999999925
 21
-60.3878209999999953
 31
0
  0
LINE
  5
10E
330
1A
100
AcDbEntity
  8
Edge.Cuts
  6
CONTINUOUS
100
AcDbLine
 10
67.0063069999999925
 20
-60.3878209999999953
 30
0
 11
67.0058009999999911
 21
-60.3925349999999952
 31
0
  0
LINE
  5
10F
330
1A
100
AcDbEntity
  8
Edge.Cuts
  6
CONTINUOUS
100
AcDbLine
 10
67.0058009999999911
 20
-60.3925349999999952
 30
0
 11
67.0053169999999909
 21
-60.3972309999999979
 31
0
  0
LINE
  5
110
330
1A
100
AcDbEntity
  8
Edge.Cuts
  6
CONTINUOUS
100
AcDbLine
 10
67.0053169999999909
 20
-60.3972309999999979
 30
0
 11
67.0048539999999946
 21
-60.4019199999999969
 31
0
  0
LINE
  5
111
330
1A
100
AcDbEntity
  8
Edge.Cuts
  6
CONTINUOUS
100
AcDbLine
 10
67.0048539999999946
 20
-60.4019199999999969
 30
0
 11
67.0044129999999996
 21
-60.4065899999999942
 31
0
  0
LINE
  5
112
330
1A
100
AcDbEntity
  8
Edge.Cuts
  6
CONTINUOUS
100
AcDbLine
 10
67.0044129999999996
 20
-60.4065899999999942
 30
0
 11
67.0039929999999941
 21
-60.411252999999995
 31
0
  0
LINE
  5
113
330
1A
100
AcDbEntity
  8
Edge.Cuts
  6
CONTINUOUS
100
AcDbLine
 10
67.0039929999999941
 20
-60.411252999999995
 30
0
 11
67.0035939999999925
 21
-60.4158959999999965
 31
0
  0
LINE
  5
114
330
1A
100
AcDbEntity
  8
Edge.Cuts
  6
CONTINUOUS
100
AcDbLine
 10
67.0035939999999925
 20
-60.4158959999999965
 30
0
 11
67.0032169999999923
 21
-60.4205319999999944
 31
0
  0
LINE
  5
115
330
1A
100
AcDbEntity
  8
Edge.Cuts
  6
CONTINUOUS
100
AcDbLine
 10
67.0032169999999923
 20
-60.4205319999999944
 30
0
 11
67.0028609999999958
 21
-60.4251469999999955
 31
0
  0
LINE
  5
116
330
1A
100
AcDbEntity
  8
Edge.Cuts
  6
CONTINUOUS
100
AcDbLine
 10
67.0028609999999958
 20
-60.4251469999999955
 30
0
 11
67.0025260000000031
 21
-60.4297539999999955
 31
0
  0
LINE
  5
117
330
1A
100
AcDbEntity
  8
Edge.Cuts
  6
CONTINUOUS
100
AcDbLine
 10
67.0025260000000031
 20
-60.4297539999999955
 30
0
 11
67.0022120000000001
 21
-60.4343399999999988
 31
0
  0
LINE
  5
118
330
1A
100
AcDbEntity
  8
Edge.Cuts
  6
CONTINUOUS
100
AcDbLine
 10
67.0022120000000001
 20
-60.4343399999999988
 30
0
 11
67.0019190000000009
 21
-60.4389169999999964
 31
0
  0
LINE
  5
119
330
1A
100
AcDbEntity
  8
Edge.Cuts
  6
CONTINUOUS
100
AcDbLine
 10
67.0019190000000009
 20
-60.4389169999999964
 30
0
 11
67.001648000000003
 21
-60.4434729999999973
 31
0
  0
LINE
  5
11A
330
1A
100
AcDbEntity
  8
Edge.Cuts
  6
CONTINUOUS
100
AcDbLine
 10
67.001648000000003
 20
-60.4434729999999973
 30
0
 11
67.0013969999999972
 21
-60.4480199999999996
 31
0
  0
LINE
  5
11B
330
1A
100
AcDbEntity
  8
Edge.Cuts
  6
CONTINUOUS
100
AcDbLine
 10
67.0013969999999972
 20
-60.4480199999999996
 30
0
 11
67.0011669999999953
 21
-60.4525450000000006
 31
0
  0
LINE
  5
11C
330
1A
100
AcDbEntity
  8
Edge.Cuts
  6
CONTINUOUS
100
AcDbLine
 10
67.0011669999999953
 20
-60.4525450000000006
 30
0
 11
67.0009579999999971
 21
-60.4570609999999959
 31
0
  0
LINE
  5
11D
330
1A
100
AcDbEntity
  8
Edge.Cuts
  6
CONTINUOUS
100
AcDbLine
 10
67.0009579999999971
 20
-60.4570609999999959
 30
0
 11
67.0007700000000028
 21
-60.4615539999999996
 31
0
  0
LINE
  5
11E
330
1A
100
AcDbEntity
  8
Edge.Cuts
  6
CONTINUOUS
100
AcDbLine
 10
67.0007700000000028
 20
-60.4615539999999996
 30
0
 11
67.0006020000000007
 21
-60.466037
 31
0
  0
LINE
  5
11F
330
1A
100
AcDbEntity
  8
Edge.Cuts
  6
CONTINUOUS
100
AcDbLine
 10
67.0006020000000007
 20
-60.466037
 30
0
 11
67.0004559999999998
 21
-60.4704969999999946
 31
0
  0
LINE
  5
120
330
1A
100
AcDbEntity
  8
Edge.Cuts
  6
CONTINUOUS
100
AcDbLine
 10
67.0004559999999998
 20
-60.4704969999999946
 30
0
 11
67.0003299999999911
 21
-60.4749479999999977
 31
0
  0
LINE
  5
121
330
1A
100
AcDbEntity
  8
Edge.Cuts
  6
CONTINUOUS
100
AcDbLine
 10
67.0003299999999911
 20
-60.4749479999999977
 30
0
 11
67.0002240000000029
 21
-60.479374
 31
0
  0
LINE
  5
122
330
1A
100
AcDbEntity
  8
Edge.Cuts
  6
CONTINUOUS
100
AcDbLine
 10
67.0002240000000029
 20
-60.479374
 30
0
 11
67.0001389999999901
 21
-60.4837899999999991
 31
0
  0
LINE
  5
123
330
1A
100
AcDbEntity
  8
Edge.Cuts
  6
CONTINUOUS
100
AcDbLine
 10
67.0001389999999901
 20
-60.4837899999999991
 30
0
 11
67.0000739999999979
 21
-60.4881809999999973
 31
0
  0
LINE
  5
124
330
1A
100
AcDbEntity
  8
Edge.Cuts
  6
CONTINUOUS
100
AcDbLine
 10
67.0000739999999979
 20
-60.4881809999999973
 30
0
 11
67.0000289999999978
 21
-60.492562999999997
 31
0
  0
LINE
  5
125
330
1A
100
AcDbEntity
  8
Edge.Cuts
  6
CONTINUOUS
100
AcDbLine
 10
67.0000289999999978
 20
-60.492562999999997
 30
0
 11
67.
 21
-60.5
 31
0
  0
LINE
  5
126
330
1A
100
AcDbEntity
  8
Edge.Cuts
  6
CONTINUOUS
100
AcDbLine
 10
75.3978369999999956
 20
-129.6860189999999875
 30
0
 11
75.382671000000002
 21
-129.6749590000000012
 31
0
  0
LINE
  5
127
330
1A
100
AcDbEntity
  8
Edge.Cuts
  6
CONTINUOUS
100
AcDbLine
 10
75.382671000000002
 20
-129.6749590000000012
 30
0
 11
75.3675009999999901
 21
-129.6637969999999882
 31
0
  0
LINE
  5
128
330
1A
100
AcDbEntity
  8
Edge.Cuts
  6
CONTINUOUS
100
AcDbLine
 10
75.3675009999999901
 20
-129.6637969999999882
 30
0
 11
75.3523259999999908
 21
-129.652530999999982
 31
0
  0
LINE
  5
129
330
1A
100
AcDbEntity
  8
Edge.Cuts
  6
CONTINUOUS
100
AcDbLine
 10
75.3523259999999908
 20
-129.652530999999982
 30
0
 11
75.33714599999999
 21
-129.6411630000000059
 31
0
  0
LINE
  5
12A
330
1A
100
AcDbEntity
  8
Edge.Cuts
  6
CONTINUOUS
100
AcDbLine
 10
75.33714599999999
 20
-129.6411630000000059
 30
0
 11
75.3219619999999992
 21
-129.6296910000000082
 31
0
  0
LINE
  5
12B
330
1A
100
AcDbEntity
  8
Edge.Cuts
  6
CONTINUOUS
100
AcDbLine
 10
75.3219619999999992
 20
-129.6296910000000082
 30
0
 11
75.3067729999999926
 21
-129.6181159999999863
 31
0
  0
LINE
  5
12C
330
1A
100
AcDbEntity
  8
Edge.Cuts
  6
CONTINUOUS
100
AcDbLine
 10
75.3067729999999926
 20
-129.6181159999999863
 30
0
 11
75.2915789999999987
 21
-129.6064360000000022
 31
0
  0
LINE
  5
12D
330
1A
100
AcDbEntity
  8
Edge.Cuts
  6
CONTINUOUS
100
AcDbLine
 10
75.2915789999999987
 20
-129.6064360000000022
 30
0
 11
75.2763800000000032
 21
-129.5946509999999989
 31
0
  0
LINE
  5
12E
330
1A
100
AcDbEntity
  8
Edge.Cuts
  6
CONTINUOUS
100
AcDbLine
 10
75.2763800000000032
 20
-129.5946509999999989
 30
0
 11
75.2611759999999919
 21
-129.582761000000005
 31
0
  0
LINE
  5
12F
330
1A
100
AcDbEntity
  8
Edge.Cuts
  6
CONTINUOUS
100
AcDbLine
 10
75.2611759999999919
 20
-129.582761000000005
 30
0
 11
75.2459659999999957
 21
-129.5707649999999944
 31
0
  0
LINE
  5
130
330
1A
100
AcDbEntity
  8
Edge.Cuts
  6
CONTINUOUS
100
AcDbLine
 10
75.2459659999999957
 20
-129.5707649999999944
 30
0
 11
75.2307519999999954
 21
-129.5586629999999957
 31
0
  0
LINE
  5
131
330
1A
100
AcDbEntity
  8
Edge.Cuts
  6
CONTINUOUS
100
AcDbLine
 10
75.2307519999999954
 20
-129.5586629999999957
 30
0
 11
75.2155319999999961
 21
-129.5464549999999804
 31
0
  0
LINE
  5
132
330
1A
100
AcDbEntity
  8
Edge.Cuts
  6
CONTINUOUS
100
AcDbLine
 10
75.2155319999999961
 20
-129.5464549999999804
 30
0
 11
75.2003069999999951
 21
-129.5341400000000078
 31
0
  0
LINE
  5
133
330
1A
100
AcDbEntity
  8
Edge.Cuts
  6
CONTINUOUS
100
AcDbLine
 10
75.2003069999999951
 20
-129.5341400000000078
 30
0
 11
75.1850759999999951
 21
-129.5217169999999953
 31
0
  0
LINE
  5
134
330
1A
100
AcDbEntity
  8
Edge.Cuts
  6
CONTINUOUS
100
AcDbLine
 10
75.1850759999999951
 20
-129.5217169999999953
 30
0
 11
75.1698389999999961
 21
-129.5091869999999972
 31
0
  0
LINE
  5
135
330
1A
100
AcDbEntity
  8
Edge.Cuts
  6
CONTINUOUS
100
AcDbLine
 10
75.1698389999999961
 20
-129.5091869999999972
 30
0
 11
75.1545969999999954
 21
-129.4965489999999875
 31
0
  0
LINE
  5
136
330
1A
100
AcDbEntity
  8
Edge.Cuts
  6
CONTINUOUS
100
AcDbLine
 10
75.1545969999999954
 20
-129.4965489999999875
 30
0
 11
75.1393499999999932
 21
-129.4838009999999997
 31
0
  0
LINE
  5
137
330
1A
100
AcDbEntity
  8
Edge.Cuts
  6
CONTINUOUS
100
AcDbLine
 10
75.1393499999999932
 20
-129.4838009999999997
 30
0
 11
75.1240959999999944
 21
-129.4709450000000004
 31
0
  0
LINE
  5
138
330
1A
100
AcDbEntity
  8
Edge.Cuts
  6
CONTINUOUS
100
AcDbLine
 10
75.1240959999999944
 20
-129.4709450000000004
 30
0
 11
75.1088369999999941
 21
-129.4579789999999946
 31
0
  0
LINE
  5
139
330
1A
100
AcDbEntity
  8
Edge.Cuts
  6
CONTINUOUS
100
AcDbLine
 10
75.1088369999999941
 20
-129.4579789999999946
 30
0
 11
75.0935709999999972
 21
-129.4449029999999823
 31
0
  0
LINE
  5
13A
330
1A
100
AcDbEntity
  8
Edge.Cuts
  6
CONTINUOUS
100
AcDbLine
 10
75.0935709999999972
 20
-129.4449029999999823
 30
0
 11
75.0782999999999987
 21
-129.4317159999999944
 31
0
  0
LINE
  5
13B
330
1A
100
AcDbEntity
  8
Edge.Cuts
  6
CONTINUOUS
100
AcDbLine
 10
75.0782999999999987
 20
-129.4317159999999944
 30
0
 11
75.0630230000000012
 21
-129.4184190000000001
 31
0
  0
LINE
  5
13C
330
1A
100
AcDbEntity
  8
Edge.Cuts
  6
CONTINUOUS
100
AcDbLine
 10
75.0630230000000012
 20
-129.4184190000000001
 30
0
 11
75.0477389999999929
 21
-129.4050100000000043
 31
0
  0
LINE
  5
13D
330
1A
100
AcDbEntity
  8
Edge.Cuts
  6
CONTINUOUS
100
AcDbLine
 10
75.0477389999999929
 20
-129.4050100000000043
 30
0
 11
75.0324499999999972
 21
-129.3914890000000071
 31
0
  0
LINE
  5
13E
330
1A
100
AcDbEntity
  8
Edge.Cuts
  6
CONTINUOUS
100
AcDbLine
 10
75.0324499999999972
 20
-129.3914890000000071
 30
0
 11
75.0171539999999908
 21
-129.37785599999998
 31
0
  0
LINE
  5
13F
330
1A
100
AcDbEntity
  8
Edge.Cuts
  6
CONTINUOUS
100
AcDbLine
 10
75.0171539999999908
 20
-129.37785599999998
 30
0
 11
75.001851000000002
 21
-129.3641099999999824
 31
0
  0
LINE
  5
140
330
1A
100
AcDbEntity
  8
Edge.Cuts
  6
CONTINUOUS
100
AcDbLine
 10
75.001851000000002
 20
-129.3641099999999824
 30
0
 11
74.9865429999999975
 21
-129.3502509999999859
 31
0
  0
LINE
  5
141
330
1A
100
AcDbEntity
  8
Edge.Cuts
  6
CONTINUOUS
100
AcDbLine
 10
74.9865429999999975
 20
-129.3502509999999859
 30
0
 11
74.9712279999999964
 21
-129.336277999999993
 31
0
  0
LINE
  5
142
330
1A
100
AcDbEntity
  8
Edge.Cuts
  6
CONTINUOUS
100
AcDbLine
 10
74.9712279999999964
 20
-129.336277999999993
 30
0
 11
74.9559059999999988
 21
-129.3221910000000037
 31
0
  0
LINE
  5
143
330
1A
100
AcDbEntity
  8
Edge.Cuts
  6
CONTINUOUS
100
AcDbLine
 10
74.9559059999999988
 20
-129.3221910000000037
 30
0
 11
74.9405780000000021
 21
-129.3079889999999921
 31
0
  0
LINE
  5
144
330
1A
100
AcDbEntity
  8
Edge.Cuts
  6
CONTINUOUS
100
AcDbLine
 10
74.9405780000000021
 20
-129.3079889999999921
 30
0
 11
74.9252439999999922
 21
-129.2936719999999866
 31
0
  0
LINE
  5
145
330
1A
100
AcDbEntity
  8
Edge.Cuts
  6
CONTINUOUS
100
AcDbLine
 10
74.9252439999999922
 20
-129.2936719999999866
 30
0
 11
74.9099020000000024
 21
-129.2792389999999898
 31
0
  0
LINE
  5
146
330
1A
100
AcDbEntity
  8
Edge.Cuts
  6
CONTINUOUS
100
AcDbLine
 10
74.9099020000000024
 20
-129.2792389999999898
 30
0
 11
74.8945539999999994
 21
-129.2646900000000016
 31
0
  0
LINE
  5
147
330
1A
100
AcDbEntity
  8
Edge.Cuts
  6
CONTINUOUS
100
AcDbLine
 10
74.8945539999999994
 20
-129.2646900000000016
 30
0
 11
74.8791999999999973
 21
-129.2500239999999962
 31
0
  0
LINE
  5
148
330
1A
100
AcDbEntity
  8
Edge.Cuts
  6
CONTINUOUS
100
AcDbLine
 10
74.8791999999999973
 20
-129.2500239999999962
 30
0
 11
74.8638380000000012
 21
-129.235241000000002
 31
0
  0
LINE
  5
149
330
1A
100
AcDbEntity
  8
Edge.Cuts
  6
CONTINUOUS
100
AcDbLine
 10
74.8638380000000012
 20
-129.235241000000002
 30
0
 11
74.8484699999999918
 21
-129.2203409999999906
 31
0
  0
LINE
  5
14A
330
1A
100
AcDbEntity
  8
Edge.Cuts
  6
CONTINUOUS
100
AcDbLine
 10
74.8484699999999918
 20
-129.2203409999999906
 30
0
 11
74.8330950000000001
 21
-129.2053219999999953
 31
0
  0
LINE
  5
14B
330
1A
100
AcDbEntity
  8
Edge.Cuts
  6
CONTINUOUS
100
AcDbLine
 10
74.8330950000000001
 20
-129.2053219999999953
 30
0
 11
74.8177120000000002
 21
-129.1901849999999854
 31
0
  0
LINE
  5
14C
330
1A
100
AcDbEntity
  8
Edge.Cuts
  6
CONTINUOUS
100
AcDbLine
 10
74.8177120000000002
 20
-129.1901849999999854
 30
0
 11
74.8023230000000012
 21
-129.1749279999999942
 31
0
  0
LINE
  5
14D
330
1A
100
AcDbEntity
  8
Edge.Cuts
  6
CONTINUOUS
100
AcDbLine
 10
74.8023230000000012
 20
-129.1749279999999942
 30
0
 11
74.7869269999999915
 21
-129.1595519999999908
 31
0
  0
LINE
  5
14E
330
1A
100
AcDbEntity
  8
Edge.Cuts
  6
CONTINUOUS
100
AcDbLine
 10
74.7869269999999915
 20
-129.1595519999999908
 30
0
 11
74.771523000000002
 21
-129.1440560000000062
 31
0
  0
LINE
  5
14F
330
1A
100
AcDbEntity
  8
Edge.Cuts
  6
CONTINUOUS
100
AcDbLine
 10
74.771523000000002
 20
-129.1440560000000062
 30
0
 11
74.7561129999999991
 21
-129.128438999999986
 31
0
  0
LINE
  5
150
330
1A
100
AcDbEntity
  8
Edge.Cuts
  6
CONTINUOUS
100
AcDbLine
 10
74.7561129999999991
 20
-129.128438999999986
 30
0
 11
74.7406950000000023
 21
-129.1127009999999871
 31
0
  0
LINE
  5
151
330
1A
100
AcDbEntity
  8
Edge.Cuts
  6
CONTINUOUS
100
AcDbLine
 10
74.7406950000000023
 20
-129.1127009999999871
 30
0
 11
74.7252709999999922
 21
-129.0968409999999835
 31
0
  0
LINE
  5
152
330
1A
100
AcDbEntity
  8
Edge.Cuts
  6
CONTINUOUS
100
AcDbLine
 10
74.7252709999999922
 20
-129.0968409999999835
 30
0
 11
74.7098379999999906
 21
-129.0808590000000038
 31
0
  0
LINE
  5
153
330
1A
100
AcDbEntity
  8
Edge.Cuts
  6
CONTINUOUS
100
AcDbLine
 10
74.7098379999999906
 20
-129.0808590000000038
 30
0
 11
74.69439899999999
 21
-129.0647539999999935
 31
0
  0
LINE
  5
154
330
1A
100
AcDbEntity
  8
Edge.Cuts
  6
CONTINUOUS
100
AcDbLine
 10
74.69439899999999
 20
-129.0647539999999935
 30
0
 11
74.6789529999999928
 21
-129.0485259999999812
 31
0
  0
LINE
  5
155
330
1A
100
AcDbEntity
  8
Edge.Cuts
  6
CONTINUOUS
100
AcDbLine
 10
74.6789529999999928
 20
-129.0485259999999812
 30
0
 11
74.6634990000000016
 21
-129.0321739999999977
 31
0
  0
LINE
  5
156
330
1A
100
AcDbEntity
  8
Edge.Cuts
  6
CONTINUOUS
100
AcDbLine
 10
74.6634990000000016
 20
-129.0321739999999977
 30
0
 11
74.6480370000000022
 21
-129.0156979999999862
 31
0
  0
LINE
  5
157
330
1A
100
AcDbEntity
  8
Edge.Cuts
  6
CONTINUOUS
100
AcDbLine
 10
74.6480370000000022
 20
-129.0156979999999862
 30
0
 11
74.632567999999992
 21
-128.9990970000000061
 31
0
  0
LINE
  5
158
330
1A
100
AcDbEntity
  8
Edge.Cuts
  6
CONTINUOUS
100
AcDbLine
 10
74.632567999999992
 20
-128.9990970000000061
 30
0
 11
74.6170919999999995
 21
-128.9823700000000031
 31
0
  0
LINE
  5
159
330
1A
100
AcDbEntity
  8
Edge.Cuts
  6
CONTINUOUS
100
AcDbLine
 10
74.6170919999999995
 20
-128.9823700000000031
 30
0
 11
74.6016079999999988
 21
-128.965518000000003
 31
0
  0
LINE
  5
15A
330
1A
100
AcDbEntity
  8
Edge.Cuts
  6
CONTINUOUS
100
AcDbLine
 10
74.6016079999999988
 20
-128.965518000000003
 30
0
 11
74.5861170000000016
 21
-128.9485389999999825
 31
0
  0
LINE
  5
15B
330
1A
100
AcDbEntity
  8
Edge.Cuts
  6
CONTINUOUS
100
AcDbLine
 10
74.5861170000000016
 20
-128.9485389999999825
 30
0
 11
74.5706189999999935
 21
-128.9314329999999984
 31
0
  0
LINE
  5
15C
330
1A
100
AcDbEntity
  8
Edge.Cuts
  6
CONTINUOUS
100
AcDbLine
 10
74.5706189999999935
 20
-128.9314329999999984
 30
0
 11
74.5551119999999941
 21
-128.9141999999999939
 31
0
  0
LINE
  5
15D
330
1A
100
AcDbEntity
  8
Edge.Cuts
  6
CONTINUOUS
100
AcDbLine
 10
74.5551119999999941
 20
-128.9141999999999939
 30
0
 11
74.539597999999998
 21
-128.8968389999999999
 31
0
  0
LINE
  5
15E
330
1A
100
AcDbEntity
  8
Edge.Cuts
  6
CONTINUOUS
100
AcDbLine
 10
74.539597999999998
 20
-128.8968389999999999
 30
0
 11
74.5240769999999912
 21
-128.8793489999999906
 31
0
  0
LINE
  5
15F
330
1A
100
AcDbEntity
  8
Edge.Cuts
  6
CONTINUOUS
100
AcDbLine
 10
74.5240769999999912
 20
-128.8793489999999906
 30
0
 11
74.5085479999999905
 21
-128.8617299999999943
 31
0
  0
LINE
  5
160
330
1A
100
AcDbEntity
  8
Edge.Cuts
  6
CONTINUOUS
100
AcDbLine
 10
74.5085479999999905
 20
-128.8617299999999943
 30
0
 11
74.4930109999999956
 21
-128.8439809999999852
 31
0
  0
LINE
  5
161
330
1A
100
AcDbEntity
  8
Edge.Cuts
  6
CONTINUOUS
100
AcDbLine
 10
74.4930109999999956
 20
-128.8439809999999852
 30
0
 11
74.4774669999999901
 21
-128.8261019999999917
 31
0
  0
LINE
  5
162
330
1A
100
AcDbEntity
  8
Edge.Cuts
  6
CONTINUOUS
100
AcDbLine
 10
74.4774669999999901
 20
-128.8261019999999917
 30
0
 11
74.4619139999999931
 21
-128.8080919999999878
 31
0
  0
LINE
  5
163
330
1A
100
AcDbEntity
  8
Edge.Cuts
  6
CONTINUOUS
100
AcDbLine
 10
74.4619139999999931
 20
-128.8080919999999878
 30
0
 11
74.4463549999999969
 21
-128.7899500000000046
 31
0
  0
LINE
  5
164
330
1A
100
AcDbEntity
  8
Edge.Cuts
  6
CONTINUOUS
100
AcDbLine
 10
74.4463549999999969
 20
-128.7899500000000046
 30
0
 11
74.4307869999999951
 21
-128.7716769999999826
 31
0
  0
LINE
  5
165
330
1A
100
AcDbEntity
  8
Edge.Cuts
  6
CONTINUOUS
100
AcDbLine
 10
74.4307869999999951
 20
-128.7716769999999826
 30
0
 11
74.4152119999999968
 21
-128.7532709999999838
 31
0
  0
LINE
  5
166
330
1A
100
AcDbEntity
  8
Edge.Cuts
  6
CONTINUOUS
100
AcDbLine
 10
74.4152119999999968
 20
-128.7532709999999838
 30
0
 11
74.3996289999999902
 21
-128.7347320000000082
 31
0
  0
LINE
  5
167
330
1A
100
AcDbEntity
  8
Edge.Cuts
  6
CONTINUOUS
100
AcDbLine
 10
74.3996289999999902
 20
-128.7347320000000082
 30
0
 11
74.3840379999999897
 21
-128.7160599999999988
 31
0
  0
LINE
  5
168
330
1A
100
AcDbEntity
  8
Edge.Cuts
  6
CONTINUOUS
100
AcDbLine
 10
74.3840379999999897
 20
-128.7160599999999988
 30
0
 11
74.3684389999999951
 21
-128.6972529999999892
 31
0
  0
LINE
  5
169
330
1A
100
AcDbEntity
  8
Edge.Cuts
  6
CONTINUOUS
100
AcDbLine
 10
74.3684389999999951
 20
-128.6972529999999892
 30
0
 11
74.3528329999999897
 21
-128.6783120000000054
 31
0
  0
LINE
  5
16A
330
1A
100
AcDbEntity
  8
Edge.Cuts
  6
CONTINUOUS
100
AcDbLine
 10
74.3528329999999897
 20
-128.6783120000000054
 30
0
 11
74.3372189999999904
 21
-128.6592349999999954
 31
0
  0
LINE
  5
16B
330
1A
100
AcDbEntity
  8
Edge.Cuts
  6
CONTINUOUS
100
AcDbLine
 10
74.3372189999999904
 20
-128.6592349999999954
 30
0
 11
74.321596999999997
 21
-128.6400229999999851
 31
0
  0
LINE
  5
16C
330
1A
100
AcDbEntity
  8
Edge.Cuts
  6
CONTINUOUS
100
AcDbLine
 10
74.321596999999997
 20
-128.6400229999999851
 30
0
 11
74.3059669999999954
 21
-128.6206740000000082
 31
0
  0
LINE
  5
16D
330
1A
100
AcDbEntity
  8
Edge.Cuts
  6
CONTINUOUS
100
AcDbLine
 10
74.3059669999999954
 20
-128.6206740000000082
 30
0
 11
74.2903289999999998
 21
-128.6011880000000076
 31
0
  0
LINE
  5
16E
330
1A
100
AcDbEntity
  8
Edge.Cuts
  6
CONTINUOUS
100
AcDbLine
 10
74.2903289999999998
 20
-128.6011880000000076
 30
0
 11
74.2746839999999935
 21
-128.581563999999986
 31
0
  0
LINE
  5
16F
330
1A
100
AcDbEntity
  8
Edge.Cuts
  6
CONTINUOUS
100
AcDbLine
 10
74.2746839999999935
 20
-128.581563999999986
 30
0
 11
74.2590299999999957
 21
-128.5618020000000001
 31
0
  0
LINE
  5
170
330
1A
100
AcDbEntity
  8
Edge.Cuts
  6
CONTINUOUS
100
AcDbLine
 10
74.2590299999999957
 20
-128.5618020000000001
 30
0
 11
74.2433690000000013
 21
-128.5419009999999957
 31
0
  0
LINE
  5
171
330
1A
100
AcDbEntity
  8
Edge.Cuts
  6
CONTINUOUS
100
AcDbLine
 10
74.2433690000000013
 20
-128.5419009999999957
 30
0
 11
74.2276999999999987
 21
-128.5218610000000012
 31
0
  0
LINE
  5
172
330
1A
100
AcDbEntity
  8
Edge.Cuts
  6
CONTINUOUS
100
AcDbLine
 10
74.2276999999999987
 20
-128.5218610000000012
 30
0
 11
74.2120230000000021
 21
-128.5016809999999907
 31
0
  0
LINE
  5
173
330
1A
100
AcDbEntity
  8
Edge.Cuts
  6
CONTINUOUS
100
AcDbLine
 10
74.2120230000000021
 20
-128.5016809999999907
 30
0
 11
74.1963379999999972
 21
-128.4813599999999951
 31
0
  0
LINE
  5
174
330
1A
100
AcDbEntity
  8
Edge.Cuts
  6
CONTINUOUS
100
AcDbLine
 10
74.1963379999999972
 20
-128.4813599999999951
 30
0
 11
74.1806449999999984
 21
-128.460897999999986
 31
0
  0
LINE
  5
175
330
1A
100
AcDbEntity
  8
Edge.Cuts
  6
CONTINUOUS
100
AcDbLine
 10
74.1806449999999984
 20
-128.460897999999986
 30
0
 11
74.164945000000003
 21
-128.4402939999999944
 31
0
  0
LINE
  5
176
330
1A
100
AcDbEntity
  8
Edge.Cuts
  6
CONTINUOUS
100
AcDbLine
 10
74.164945000000003
 20
-128.4402939999999944
 30
0
 11
74.1492360000000019
 21
-128.4195479999999918
 31
0
  0
LINE
  5
177
330
1A
100
AcDbEntity
  8
Edge.Cuts
  6
CONTINUOUS
100
AcDbLine
 10
74.1492360000000019
 20
-128.4195479999999918
 30
0
 11
74.1335199999999901
 21
-128.3986589999999808
 31
0
  0
LINE
  5
178
330
1A
100
AcDbEntity
  8
Edge.Cuts
  6
CONTINUOUS
100
AcDbLine
 10
74.1335199999999901
 20
-128.3986589999999808
 30
0
 11
74.1177959999999985
 21
-128.3776269999999897
 31
0
  0
LINE
  5
179
330
1A
100
AcDbEntity
  8
Edge.Cuts
  6
CONTINUOUS
100
AcDbLine
 10
74.1177959999999985
 20
-128.3776269999999897
 30
0
 11
74.1020639999999986
 21
-128.3564499999999953
 31
0
  0
LINE
  5
17A
330
1A
100
AcDbEntity
  8
Edge.Cuts
  6
CONTINUOUS
100
AcDbLine
 10
74.1020639999999986
 20
-128.3564499999999953
 30
0
 11
74.0863239999999905
 21
-128.3351289999999949
 31
0
  0
LINE
  5
17B
330
1A
100
AcDbEntity
  8
Edge.Cuts
  6
CONTINUOUS
100
AcDbLine
 10
74.0863239999999905
 20
-128.3351289999999949
 30
0
 11
74.0705760000000026
 21
-128.3136619999999937
 31
0
  0
LINE
  5
17C
330
1A
100
AcDbEntity
  8
Edge.Cuts
  6
CONTINUOUS
100
AcDbLine
 10
74.0705760000000026
 20
-128.3136619999999937
 30
0
 11
74.0548209999999898
 21
-128.2920489999999916
 31
0
  0
LINE
  5
17D
330
1A
100
AcDbEntity
  8
Edge.Cuts
  6
CONTINUOUS
100
AcDbLine
 10
74.0548209999999898
 20
-128.2920489999999916
 30
0
 11
74.0390569999999997
 21
-128.2702899999999886
 31
0
  0
LINE
  5
17E
330
1A
100
AcDbEntity
  8
Edge.Cuts
  6
CONTINUOUS
100
AcDbLine
 10
74.0390569999999997
 20
-128.2702899999999886
 30
0
 11
74.0232859999999988
 21
-128.2483829999999898
 31
0
  0
LINE
  5
17F
330
1A
100
AcDbEntity
  8
Edge.Cuts
  6
CONTINUOUS
100
AcDbLine
 10
74.0232859999999988
 20
-128.2483829999999898
 30
0
 11
74.0075069999999897
 21
-128.2263289999999927
 31
0
  0
LINE
  5
180
330
1A
100
AcDbEntity
  8
Edge.Cuts
  6
CONTINUOUS
100
AcDbLine
 10
74.0075069999999897
 20
-128.2263289999999927
 30
0
 11
73.9917209999999983
 21
-128.2041260000000023
 31
0
  0
LINE
  5
181
330
1A
100
AcDbEntity
  8
Edge.Cuts
  6
CONTINUOUS
100
AcDbLine
 10
73.9917209999999983
 20
-128.2041260000000023
 30
0
 11
73.9759260000000012
 21
-128.1817739999999901
 31
0
  0
LINE
  5
182
330
1A
100
AcDbEntity
  8
Edge.Cuts
  6
CONTINUOUS
100
AcDbLine
 10
73.9759260000000012
 20
-128.1817739999999901
 30
0
 11
73.9601239999999933
 21
-128.1592729999999847
 31
0
  0
LINE
  5
183
330
1A
100
AcDbEntity
  8
Edge.Cuts
  6
CONTINUOUS
100
AcDbLine
 10
73.9601239999999933
 20
-128.1592729999999847
 30
0
 11
73.9443139999999914
 21
-128.136620999999991
 31
0
  0
LINE
  5
184
330
1A
100
AcDbEntity
  8
Edge.Cuts
  6
CONTINUOUS
100
AcDbLine
 10
73.9443139999999914
 20
-128.136620999999991
 30
0
 11
73.9284959999999955
 21
-128.1138179999999807
 31
0
  0
LINE
  5
185
330
1A
100
AcDbEntity
  8
Edge.Cuts
  6
CONTINUOUS
100
AcDbLine
 10
73.9284959999999955
 20
-128.1138179999999807
 30
0
 11
73.9126699999999914
 21
-128.0908639999999821
 31
0
  0
LINE
  5
186
330
1A
100
AcDbEntity
  8
Edge.Cuts
  6
CONTINUOUS
100
AcDbLine
 10
73.9126699999999914
 20
-128.0908639999999821
 30
0
 11
73.8968369999999908
 21
-128.0677579999999978
 31
0
  0
LINE
  5
187
330
1A
100
AcDbEntity
  8
Edge.Cuts
  6
CONTINUOUS
100
AcDbLine
 10
73.8968369999999908
 20
-128.0677579999999978
 30
0
 11
73.8809959999999961
 21
-128.0444980000000044
 31
0
  0
LINE
  5
188
330
1A
100
AcDbEntity
  8
Edge.Cuts
  6
CONTINUOUS
100
AcDbLine
 10
73.8809959999999961
 20
-128.0444980000000044
 30
0
 11
73.8651479999999907
 21
-128.0210859999999968
 31
0
  0
LINE
  5
189
330
1A
100
AcDbEntity
  8
Edge.Cuts
  6
CONTINUOUS
100
AcDbLine
 10
73.8651479999999907
 20
-128.0210859999999968
 30
0
 11
73.8492909999999938
 21
-127.9975189999999969
 31
0
  0
LINE
  5
18A
330
1A
100
AcDbEntity
  8
Edge.Cuts
  6
CONTINUOUS
100
AcDbLine
 10
73.8492909999999938
 20
-127.9975189999999969
 30
0
 11
73.8334270000000004
 21
-127.973797999999988
 31
0
  0
LINE
  5
18B
330
1A
100
AcDbEntity
  8
Edge.Cuts
  6
CONTINUOUS
100
AcDbLine
 10
73.8334270000000004
 20
-127.973797999999988
 30
0
 11
73.8175559999999962
 21
-127.9499209999999891
 31
0
  0
LINE
  5
18C
330
1A
100
AcDbEntity
  8
Edge.Cuts
  6
CONTINUOUS
100
AcDbLine
 10
73.8175559999999962
 20
-127.9499209999999891
 30
0
 11
73.801676999999998
 21
-127.9258880000000005
 31
0
  0
LINE
  5
18D
330
1A
100
AcDbEntity
  8
Edge.Cuts
  6
CONTINUOUS
100
AcDbLine
 10
73.801676999999998
 20
-127.9258880000000005
 30
0
 11
73.7857899999999916
 21
-127.9016989999999936
 31
0
  0
LINE
  5
18E
330
1A
100
AcDbEntity
  8
Edge.Cuts
  6
CONTINUOUS
100
AcDbLine
 10
73.7857899999999916
 20
-127.9016989999999936
 30
0
 11
73.7698960000000028
 21
-127.8773519999999877
 31
0
  0
LINE
  5
18F
330
1A
100
AcDbEntity
  8
Edge.Cuts
  6
CONTINUOUS
100
AcDbLine
 10
73.7698960000000028
 20
-127.8773519999999877
 30
0
 11
73.7539950000000033
 21
-127.8528479999999945
 31
0
  0
LINE
  5
190
330
1A
100
AcDbEntity
  8
Edge.Cuts
  6
CONTINUOUS
100
AcDbLine
 10
73.7539950000000033
 20
-127.8528479999999945
 30
0
 11
73.7380849999999981
 21
-127.8281849999999906
 31
0
  0
LINE
  5
191
330
1A
100
AcDbEntity
  8
Edge.Cuts
  6
CONTINUOUS
100
AcDbLine
 10
73.7380849999999981
 20
-127.8281849999999906
 30
0
 11
73.7221689999999938
 21
-127.8033619999999928
 31
0
  0
LINE
  5
192
330
1A
100
AcDbEntity
  8
Edge.Cuts
  6
CONTINUOUS
100
AcDbLine
 10
73.7221689999999938
 20
-127.8033619999999928
 30
0
 11
73.7062449999999956
 21
-127.7783799999999985
 31
0
  0
LINE
  5
193
330
1A
100
AcDbEntity
  8
Edge.Cuts
  6
CONTINUOUS
100
AcDbLine
 10
73.7062449999999956
 20
-127.7783799999999985
 30
0
 11
73.6903130000000033
 21
-127.7532379999999961
 31
0
  0
LINE
  5
194
330
1A
100
AcDbEntity
  8
Edge.Cuts
  6
CONTINUOUS
100
AcDbLine
 10
73.6903130000000033
 20
-127.7532379999999961
 30
0
 11
73.6743740000000003
 21
-127.7279339999999905
 31
0
  0
LINE
  5
195
330
1A
100
AcDbEntity
  8
Edge.Cuts
  6
CONTINUOUS
100
AcDbLine
 10
73.6743740000000003
 20
-127.7279339999999905
 30
0
 11
73.6584280000000007
 21
-127.7024679999999961
 31
0
  0
LINE
  5
196
330
1A
100
AcDbEntity
  8
Edge.Cuts
  6
CONTINUOUS
100
AcDbLine
 10
73.6584280000000007
 20
-127.7024679999999961
 30
0
 11
73.6424749999999904
 21
-127.6768399999999986
 31
0
  0
LINE
  5
197
330
1A
100
AcDbEntity
  8
Edge.Cuts
  6
CONTINUOUS
100
AcDbLine
 10
73.6424749999999904
 20
-127.6768399999999986
 30
0
 11
73.6265140000000002
 21
-127.6510490000000004
 31
0
  0
LINE
  5
198
330
1A
100
AcDbEntity
  8
Edge.Cuts
  6
CONTINUOUS
100
AcDbLine
 10
73.6265140000000002
 20
-127.6510490000000004
 30
0
 11
73.6105459999999994
 21
-127.62509399999999
 31
0
  0
LINE
  5
199
330
1A
100
AcDbEntity
  8
Edge.Cuts
  6
CONTINUOUS
100
AcDbLine
 10
73.6105459999999994
 20
-127.62509399999999
 30
0
 11
73.594571000000002
 21
-127.5989749999999958
 31
0
  0
LINE
  5
19A
330
1A
100
AcDbEntity
  8
Edge.Cuts
  6
CONTINUOUS
100
AcDbLine
 10
73.594571000000002
 20
-127.5989749999999958
 30
0
 11
73.5785879999999963
 21
-127.5726899999999944
 31
0
  0
LINE
  5
19B
330
1A
100
AcDbEntity
  8
Edge.Cuts
  6
CONTINUOUS
100
AcDbLine
 10
73.5785879999999963
 20
-127.5726899999999944
 30
0
 11
73.5625989999999916
 21
-127.5462399999999974
 31
0
  0
LINE
  5
19C
330
1A
100
AcDbEntity
  8
Edge.Cuts
  6
CONTINUOUS
100
AcDbLine
 10
73.5625989999999916
 20
-127.5462399999999974
 30
0
 11
73.5466019999999929
 21
-127.5196229999999957
 31
0
  0
LINE
  5
19D
330
1A
100
AcDbEntity
  8
Edge.Cuts
  6
CONTINUOUS
100
AcDbLine
 10
73.5466019999999929
 20
-127.5196229999999957
 30
0
 11
73.5305979999999977
 21
-127.4928389999999894
 31
0
  0
LINE
  5
19E
330
1A
100
AcDbEntity
  8
Edge.Cuts
  6
CONTINUOUS
100
AcDbLine
 10
73.5305979999999977
 20
-127.4928389999999894
 30
0
 11
73.5145880000000034
 21
-127.4658879999999925
 31
0
  0
LINE
  5
19F
330
1A
100
AcDbEntity
  8
Edge.Cuts
  6
CONTINUOUS
100
AcDbLine
 10
73.5145880000000034
 20
-127.4658879999999925
 30
0
 11
73.4985700000000008
 21
-127.4387679999999961
 31
0
  0
LINE
  5
1A0
330
1A
100
AcDbEntity
  8
Edge.Cuts
  6
CONTINUOUS
100
AcDbLine
 10
73.4985700000000008
 20
-127.4387679999999961
 30
0
 11
73.4825450000000018
 21
-127.4114779999999882
 31
0
  0
LINE
  5
1A1
330
1A
100
AcDbEntity
  8
Edge.Cuts
  6
CONTINUOUS
100
AcDbLine
 10
73.4825450000000018
 20
-127.4114779999999882
 30
0
 11
73.4665140000000036
 21
-127.384018999999995
 31
0
  0
LINE
  5
1A2
330
1A
100
AcDbEntity
  8
Edge.Cuts
  6
CONTINUOUS
100
AcDbLine
 10
73.4665140000000036
 20
-127.384018999999995
 30
0
 11
73.4504749999999973
 21
-127.3563899999999904
 31
0
  0
LINE
  5
1A3
330
1A
100
AcDbEntity
  8
Edge.Cuts
  6
CONTINUOUS
100
AcDbLine
 10
73.4504749999999973
 20
-127.3563899999999904
 30
0
 11
73.4344299999999919
 21
-127.3285889999999938
 31
0
  0
LINE
  5
1A4
330
1A
100
AcDbEntity
  8
Edge.Cuts
  6
CONTINUOUS
100
AcDbLine
 10
73.4344299999999919
 20
-127.3285889999999938
 30
0
 11
73.4183779999999899
 21
-127.3006169999999884
 31
0
  0
LINE
  5
1A5
330
1A
100
AcDbEntity
  8
Edge.Cuts
  6
CONTINUOUS
100
AcDbLine
 10
73.4183779999999899
 20
-127.3006169999999884
 30
0
 11
73.4023189999999914
 21
-127.2724709999999959
 31
0
  0
LINE
  5
1A6
330
1A
100
AcDbEntity
  8
Edge.Cuts
  6
CONTINUOUS
100
AcDbLine
 10
73.4023189999999914
 20
-127.2724709999999959
 30
0
 11
73.3862529999999964
 21
-127.2441529999999972
 31
0
  0
LINE
  5
1A7
330
1A
100
AcDbEntity
  8
Edge.Cuts
  6
CONTINUOUS
100
AcDbLine
 10
73.3862529999999964
 20
-127.2441529999999972
 30
0
 11
73.3701810000000023
 21
-127.2156609999999972
 31
0
  0
LINE
  5
1A8
330
1A
100
AcDbEntity
  8
Edge.Cuts
  6
CONTINUOUS
100
AcDbLine
 10
73.3701810000000023
 20
-127.2156609999999972
 30
0
 11
73.3541019999999975
 21
-127.1869939999999986
 31
0
  0
LINE
  5
1A9
330
1A
100
AcDbEntity
  8
Edge.Cuts
  6
CONTINUOUS
100
AcDbLine
 10
73.3541019999999975
 20
-127.1869939999999986
 30
0
 11
73.3380169999999936
 21
-127.1581520000000012
 31
0
  0
LINE
  5
1AA
330
1A
100
AcDbEntity
  8
Edge.Cuts
  6
CONTINUOUS
100
AcDbLine
 10
73.3380169999999936
 20
-127.1581520000000012
 30
0
 11
73.3219249999999931
 21
-127.1291339999999934
 31
0
  0
LINE
  5
1AB
330
1A
100
AcDbEntity
  8
Edge.Cuts
  6
CONTINUOUS
100
AcDbLine
 10
73.3219249999999931
 20
-127.1291339999999934
 30
0
 11
73.3058269999999936
 21
-127.099938999999992
 31
0
  0
LINE
  5
1AC
330
1A
100
AcDbEntity
  8
Edge.Cuts
  6
CONTINUOUS
100
AcDbLine
 10
73.3058269999999936
 20
-127.099938999999992
 30
0
 11
73.2897219999999976
 21
-127.0705669999999969
 31
0
  0
LINE
  5
1AD
330
1A
100
AcDbEntity
  8
Edge.Cuts
  6
CONTINUOUS
100
AcDbLine
 10
73.2897219999999976
 20
-127.0705669999999969
 30
0
 11
73.2736110000000025
 21
-127.0410169999999965
 31
0
  0
LINE
  5
1AE
330
1A
100
AcDbEntity
  8
Edge.Cuts
  6
CONTINUOUS
100
AcDbLine
 10
73.2736110000000025
 20
-127.0410169999999965
 30
0
 11
73.2574939999999941
 21
-127.0112879999999933
 31
0
  0
LINE
  5
1AF
330
1A
100
AcDbEntity
  8
Edge.Cuts
  6
CONTINUOUS
100
AcDbLine
 10
73.2574939999999941
 20
-127.0112879999999933
 30
0
 11
73.2413700000000034
 21
-126.9813799999999873
 31
0
  0
LINE
  5
1B0
330
1A
100
AcDbEntity
  8
Edge.Cuts
  6
CONTINUOUS
100
AcDbLine
 10
73.2413700000000034
 20
-126.9813799999999873
 30
0
 11
73.2252399999999994
 21
-126.9512909999999977
 31
0
  0
LINE
  5
1B1
330
1A
100
AcDbEntity
  8
Edge.Cuts
  6
CONTINUOUS
100
AcDbLine
 10
73.2252399999999994
 20
-126.9512909999999977
 30
0
 11
73.2091039999999964
 21
-126.9210219999999936
 31
0
  0
LINE
  5
1B2
330
1A
100
AcDbEntity
  8
Edge.Cuts
  6
CONTINUOUS
100
AcDbLine
 10
73.2091039999999964
 20
-126.9210219999999936
 30
0
 11
73.1929619999999943
 21
-126.8905709999999942
 31
0
  0
LINE
  5
1B3
330
1A
100
AcDbEntity
  8
Edge.Cuts
  6
CONTINUOUS
100
AcDbLine
 10
73.1929619999999943
 20
-126.8905709999999942
 30
0
 11
73.1768139999999931
 21
-126.8599379999999996
 31
0
  0
LINE
  5
1B4
330
1A
100
AcDbEntity
  8
Edge.Cuts
  6
CONTINUOUS
100
AcDbLine
 10
73.1768139999999931
 20
-126.8599379999999996
 30
0
 11
73.1606589999999954
 21
-126.8291210000000007
 31
0
  0
LINE
  5
1B5
330
1A
100
AcDbEntity
  8
Edge.Cuts
  6
CONTINUOUS
100
AcDbLine
 10
73.1606589999999954
 20
-126.8291210000000007
 30
0
 11
73.1444989999999962
 21
-126.7981209999999948
 31
0
  0
LINE
  5
1B6
330
1A
100
AcDbEntity
  8
Edge.Cuts
  6
CONTINUOUS
100
AcDbLine
 10
73.1444989999999962
 20
-126.7981209999999948
 30
0
 11
73.1283329999999978
 21
-126.7669369999999986
 31
0
  0
LINE
  5
1B7
330
1A
100
AcDbEntity
  8
Edge.Cuts
  6
CONTINUOUS
100
AcDbLine
 10
73.1283329999999978
 20
-126.7669369999999986
 30
0
 11
73.1121610000000004
 21
-126.7355680000000007
 31
0
  0
LINE
  5
1B8
330
1A
100
AcDbEntity
  8
Edge.Cuts
  6
CONTINUOUS
100
AcDbLine
 10
73.1121610000000004
 20
-126.7355680000000007
 30
0
 11
73.0959840000000014
 21
-126.7040119999999916
 31
0
  0
LINE
  5
1B9
330
1A
100
AcDbEntity
  8
Edge.Cuts
  6
CONTINUOUS
100
AcDbLine
 10
73.0959840000000014
 20
-126.7040119999999916
 30
0
 11
73.0797999999999917
 21
-126.672270999999995
 31
0
  0
LINE
  5
1BA
330
1A
100
AcDbEntity
  8
Edge.Cuts
  6
CONTINUOUS
100
AcDbLine
 10
73.0797999999999917
 20
-126.672270999999995
 30
0
 11
73.0636109999999945
 21
-126.6403419999999898
 31
0
  0
LINE
  5
1BB
330
1A
100
AcDbEntity
  8
Edge.Cuts
  6
CONTINUOUS
100
AcDbLine
 10
73.0636109999999945
 20
-126.6403419999999898
 30
0
 11
73.0474169999999958
 21
-126.6082249999999902
 31
0
  0
LINE
  5
1BC
330
1A
100
AcDbEntity
  8
Edge.Cuts
  6
CONTINUOUS
100
AcDbLine
 10
73.0474169999999958
 20
-126.6082249999999902
 30
0
 11
73.0312169999999981
 21
-126.575918999999999
 31
0
  0
LINE
  5
1BD
330
1A
100
AcDbEntity
  8
Edge.Cuts
  6
CONTINUOUS
100
AcDbLine
 10
73.0312169999999981
 20
-126.575918999999999
 30
0
 11
73.0150110000000012
 21
-126.5434239999999875
 31
0
  0
LINE
  5
1BE
330
1A
100
AcDbEntity
  8
Edge.Cuts
  6
CONTINUOUS
100
AcDbLine
 10
73.0150110000000012
 20
-126.5434239999999875
 30
0
 11
72.9988000000000028
 21
-126.5107390000000009
 31
0
  0
LINE
  5
1BF
330
1A
100
AcDbEntity
  8
Edge.Cuts
  6
CONTINUOUS
100
AcDbLine
 10
72.9988000000000028
 20
-126.5107390000000009
 30
0
 11
72.9825840000000028
 21
-126.4778619999999876
 31
0
  0
LINE
  5
1C0
330
1A
100
AcDbEntity
  8
Edge.Cuts
  6
CONTINUOUS
100
AcDbLine
 10
72.9825840000000028
 20
-126.4778619999999876
 30
0
 11
72.9663620000000037
 21
-126.4447949999999992
 31
0
  0
LINE
  5
1C1
330
1A
100
AcDbEntity
  8
Edge.Cuts
  6
CONTINUOUS
100
AcDbLine
 10
72.9663620000000037
 20
-126.4447949999999992
 30
0
 11
72.9501360000000005
 21
-126.4115350000000007
 31
0
  0
LINE
  5
1C2
330
1A
100
AcDbEntity
  8
Edge.Cuts
  6
CONTINUOUS
100
AcDbLine
 10
72.9501360000000005
 20
-126.4115350000000007
 30
0
 11
72.9339039999999983
 21
-126.378081999999992
 31
0
  0
LINE
  5
1C3
330
1A
100
AcDbEntity
  8
Edge.Cuts
  6
CONTINUOUS
100
AcDbLine
 10
72.9339039999999983
 20
-126.378081999999992
 30
0
 11
72.9176669999999945
 21
-126.3444349999999901
 31
0
  0
LINE
  5
1C4
330
1A
100
AcDbEntity
  8
Edge.Cuts
  6
CONTINUOUS
100
AcDbLine
 10
72.9176669999999945
 20
-126.3444349999999901
 30
0
 11
72.9014250000000033
 21
-126.3105929999999972
 31
0
  0
LINE
  5
1C5
330
1A
100
AcDbEntity
  8
Edge.Cuts
  6
CONTINUOUS
100
AcDbLine
 10
72.9014250000000033
 20
-126.3105929999999972
 30
0
 11
72.8851779999999962
 21
-126.2765569999999968
 31
0
  0
LINE
  5
1C6
330
1A
100
AcDbEntity
  8
Edge.Cuts
  6
CONTINUOUS
100
AcDbLine
 10
72.8851779999999962
 20
-126.2765569999999968
 30
0
 11
72.8689260000000019
 21
-126.2423239999999964
 31
0
  0
LINE
  5
1C7
330
1A
100
AcDbEntity
  8
Edge.Cuts
  6
CONTINUOUS
100
AcDbLine
 10
72.8689260000000019
 20
-126.2423239999999964
 30
0
 11
72.8526689999999917
 21
-126.2078949999999935
 31
0
  0
LINE
  5
1C8
330
1A
100
AcDbEntity
  8
Edge.Cuts
  6
CONTINUOUS
100
AcDbLine
 10
72.8526689999999917
 20
-126.2078949999999935
 30
0
 11
72.8364079999999916
 21
-126.1732679999999931
 31
0
  0
LINE
  5
1C9
330
1A
100
AcDbEntity
  8
Edge.Cuts
  6
CONTINUOUS
100
AcDbLine
 10
72.8364079999999916
 20
-126.1732679999999931
 30
0
 11
72.8201419999999899
 21
-126.1384429999999952
 31
0
  0
LINE
  5
1CA
330
1A
100
AcDbEntity
  8
Edge.Cuts
  6
CONTINUOUS
100
AcDbLine
 10
72.8201419999999899
 20
-126.1384429999999952
 30
0
 11
72.8038710000000009
 21
-126.1034189999999882
 31
0
  0
LINE
  5
1CB
330
1A
100
AcDbEntity
  8
Edge.Cuts
  6
CONTINUOUS
100
AcDbLine
 10
72.8038710000000009
 20
-126.1034189999999882
 30
0
 11
72.7875959999999935
 21
-126.0681949999999887
 31
0
  0
LINE
  5
1CC
330
1A
100
AcDbEntity
  8
Edge.Cuts
  6
CONTINUOUS
100
AcDbLine
 10
72.7875959999999935
 20
-126.0681949999999887
 30
0
 11
72.7713159999999988
 21
-126.0327709999999968
 31
0
  0
LINE
  5
1CD
330
1A
100
AcDbEntity
  8
Edge.Cuts
  6
CONTINUOUS
100
AcDbLine
 10
72.7713159999999988
 20
-126.0327709999999968
 30
0
 11
72.7550319999999999
 21
-125.9971460000000008
 31
0
  0
LINE
  5
1CE
330
1A
100
AcDbEntity
  8
Edge.Cuts
  6
CONTINUOUS
100
AcDbLine
 10
72.7550319999999999
 20
-125.9971460000000008
 30
0
 11
72.738743999999997
 21
-125.9613189999999889
 31
0
  0
LINE
  5
1CF
330
1A
100
AcDbEntity
  8
Edge.Cuts
  6
CONTINUOUS
100
AcDbLine
 10
72.738743999999997
 20
-125.9613189999999889
 30
0
 11
72.7224509999999924
 21
-125.9252889999999923
 31
0
  0
LINE
  5
1D0
330
1A
100
AcDbEntity
  8
Edge.Cuts
  6
CONTINUOUS
100
AcDbLine
 10
72.7224509999999924
 20
-125.9252889999999923
 30
0
 11
72.7061549999999954
 21
-125.8890559999999965
 31
0
  0
LINE
  5
1D1
330
1A
100
AcDbEntity
  8
Edge.Cuts
  6
CONTINUOUS
100
AcDbLine
 10
72.7061549999999954
 20
-125.8890559999999965
 30
0
 11
72.6898539999999969
 21
-125.85261899999999
 31
0
  0
LINE
  5
1D2
330
1A
100
AcDbEntity
  8
Edge.Cuts
  6
CONTINUOUS
100
AcDbLine
 10
72.6898539999999969
 20
-125.85261899999999
 30
0
 11
72.6735489999999942
 21
-125.8159769999999895
 31
0
  0
LINE
  5
1D3
330
1A
100
AcDbEntity
  8
Edge.Cuts
  6
CONTINUOUS
100
AcDbLine
 10
72.6735489999999942
 20
-125.8159769999999895
 30
0
 11
72.6572400000000016
 21
-125.7791289999999975
 31
0
  0
LINE
  5
1D4
330
1A
100
AcDbEntity
  8
Edge.Cuts
  6
CONTINUOUS
100
AcDbLine
 10
72.6572400000000016
 20
-125.7791289999999975
 30
0
 11
72.6409280000000024
 21
-125.7420739999999881
 31
0
  0
LINE
  5
1D5
330
1A
100
AcDbEntity
  8
Edge.Cuts
  6
CONTINUOUS
100
AcDbLine
 10
72.6409280000000024
 20
-125.7420739999999881
 30
0
 11
72.6246110000000016
 21
-125.7048129999999873
 31
0
  0
LINE
  5
1D6
330
1A
100
AcDbEntity
  8
Edge.Cuts
  6
CONTINUOUS
100
AcDbLine
 10
72.6246110000000016
 20
-125.7048129999999873
 30
0
 11
72.6082909999999941
 21
-125.6673429999999883
 31
0
  0
LINE
  5
1D7
330
1A
100
AcDbEntity
  8
Edge.Cuts
  6
CONTINUOUS
100
AcDbLine
 10
72.6082909999999941
 20
-125.6673429999999883
 30
0
 11
72.5919679999999943
 21
-125.6296649999999886
 31
0
  0
LINE
  5
1D8
330
1A
100
AcDbEntity
  8
Edge.Cuts
  6
CONTINUOUS
100
AcDbLine
 10
72.5919679999999943
 20
-125.6296649999999886
 30
0
 11
72.5756399999999928
 21
-125.5917769999999933
 31
0
  0
LINE
  5
1D9
330
1A
100
AcDbEntity
  8
Edge.Cuts
  6
CONTINUOUS
100
AcDbLine
 10
72.5756399999999928
 20
-125.5917769999999933
 30
0
 11
72.5593099999999964
 21
-125.5536789999999883
 31
0
  0
LINE
  5
1DA
330
1A
100
AcDbEntity
  8
Edge.Cuts
  6
CONTINUOUS
100
AcDbLine
 10
72.5593099999999964
 20
-125.5536789999999883
 30
0
 11
72.5429759999999959
 21
-125.5153709999999876
 31
0
  0
LINE
  5
1DB
330
1A
100
AcDbEntity
  8
Edge.Cuts
  6
CONTINUOUS
100
AcDbLine
 10
72.5429759999999959
 20
-125.5153709999999876
 30
0
 11
72.5266379999999913
 21
-125.4768499999999989
 31
0
  0
LINE
  5
1DC
330
1A
100
AcDbEntity
  8
Edge.Cuts
  6
CONTINUOUS
100
AcDbLine
 10
72.5266379999999913
 20
-125.4768499999999989
 30
0
 11
72.5102979999999917
 21
-125.4381169999999912
 31
0
  0
LINE
  5
1DD
330
1A
100
AcDbEntity
  8
Edge.Cuts
  6
CONTINUOUS
100
AcDbLine
 10
72.5102979999999917
 20
-125.4381169999999912
 30
0
 11
72.4939540000000022
 21
-125.399169999999998
 31
0
  0
LINE
  5
1DE
330
1A
100
AcDbEntity
  8
Edge.Cuts
  6
CONTINUOUS
100
AcDbLine
 10
72.4939540000000022
 20
-125.399169999999998
 30
0
 11
72.4776069999999919
 21
-125.3600099999999884
 31
0
  0
LINE
  5
1DF
330
1A
100
AcDbEntity
  8
Edge.Cuts
  6
CONTINUOUS
100
AcDbLine
 10
72.4776069999999919
 20
-125.3600099999999884
 30
0
 11
72.4612570000000034
 21
-125.3206339999999983
 31
0
  0
LINE
  5
1E0
330
1A
100
AcDbEntity
  8
Edge.Cuts
  6
CONTINUOUS
100
AcDbLine
 10
72.4612570000000034
 20
-125.3206339999999983
 30
0
 11
72.4449049999999914
 21
-125.2810439999999943
 31
0
  0
LINE
  5
1E1
330
1A
100
AcDbEntity
  8
Edge.Cuts
  6
CONTINUOUS
100
AcDbLine
 10
72.4449049999999914
 20
-125.2810439999999943
 30
0
 11
72.4285489999999896
 21
-125.2412360000000007
 31
0
  0
LINE
  5
1E2
330
1A
100
AcDbEntity
  8
Edge.Cuts
  6
CONTINUOUS
100
AcDbLine
 10
72.4285489999999896
 20
-125.2412360000000007
 30
0
 11
72.4121909999999929
 21
-125.2012119999999982
 31
0
  0
LINE
  5
1E3
330
1A
100
AcDbEntity
  8
Edge.Cuts
  6
CONTINUOUS
100
AcDbLine
 10
72.4121909999999929
 20
-125.2012119999999982
 30
0
 11
72.3958300000000037
 21
-125.1609689999999944
 31
0
  0
LINE
  5
1E4
330
1A
100
AcDbEntity
  8
Edge.Cuts
  6
CONTINUOUS
100
AcDbLine
 10
72.3958300000000037
 20
-125.1609689999999944
 30
0
 11
72.3794669999999911
 21
-125.1205080000000009
 31
0
  0
LINE
  5
1E5
330
1A
100
AcDbEntity
  8
Edge.Cuts
  6
CONTINUOUS
100
AcDbLine
 10
72.3794669999999911
 20
-125.1205080000000009
 30
0
 11
72.3631010000000003
 21
-125.079827999999992
 31
0
  0
LINE
  5
1E6
330
1A
100
AcDbEntity
  8
Edge.Cuts
  6
CONTINUOUS
100
AcDbLine
 10
72.3631010000000003
 20
-125.079827999999992
 30
0
 11
72.3467330000000004
 21
-125.038927000000001
 31
0
  0
LINE
  5
1E7
330
1A
100
AcDbEntity
  8
Edge.Cuts
  6
CONTINUOUS
100
AcDbLine
 10
72.3467330000000004
 20
-125.038927000000001
 30
0
 11
72.3303629999999913
 21
-124.9978049999999996
 31
0
  0
LINE
  5
1E8
330
1A
100
AcDbEntity
  8
Edge.Cuts
  6
CONTINUOUS
100
AcDbLine
 10
72.3303629999999913
 20
-124.9978049999999996
 30
0
 11
72.3139899999999898
 21
-124.9564609999999902
 31
0
  0
LINE
  5
1E9
330
1A
100
AcDbEntity
  8
Edge.Cuts
  6
CONTINUOUS
100
AcDbLine
 10
72.3139899999999898
 20
-124.9564609999999902
 30
0
 11
72.2976159999999908
 21
-124.9148950000000013
 31
0
  0
LINE
  5
1EA
330
1A
100
AcDbEntity
  8
Edge.Cuts
  6
CONTINUOUS
100
AcDbLine
 10
72.2976159999999908
 20
-124.9148950000000013
 30
0
 11
72.2812389999999994
 21
-124.8731049999999954
 31
0
  0
LINE
  5
1EB
330
1A
100
AcDbEntity
  8
Edge.Cuts
  6
CONTINUOUS
100
AcDbLine
 10
72.2812389999999994
 20
-124.8731049999999954
 30
0
 11
72.2648599999999988
 21
-124.8310919999999982
 31
0
  0
LINE
  5
1EC
330
1A
100
AcDbEntity
  8
Edge.Cuts
  6
CONTINUOUS
100
AcDbLine
 10
72.2648599999999988
 20
-124.8310919999999982
 30
0
 11
72.2484800000000007
 21
-124.7888529999999889
 31
0
  0
LINE
  5
1ED
330
1A
100
AcDbEntity
  8
Edge.Cuts
  6
CONTINUOUS
100
AcDbLine
 10
72.2484800000000007
 20
-124.7888529999999889
 30
0
 11
72.2320979999999935
 21
-124.7463879999999961
 31
0
  0
LINE
  5
1EE
330
1A
100
AcDbEntity
  8
Edge.Cuts
  6
CONTINUOUS
100
AcDbLine
 10
72.2320979999999935
 20
-124.7463879999999961
 30
0
 11
72.2157139999999913
 21
-124.7036969999999911
 31
0
  0
LINE
  5
1EF
330
1A
100
AcDbEntity
  8
Edge.Cuts
  6
CONTINUOUS
100
AcDbLine
 10
72.2157139999999913
 20
-124.7036969999999911
 30
0
 11
72.1993289999999917
 21
-124.6607789999999909
 31
0
  0
LINE
  5
1F0
330
1A
100
AcDbEntity
  8
Edge.Cuts
  6
CONTINUOUS
100
AcDbLine
 10
72.1993289999999917
 20
-124.6607789999999909
 30
0
 11
72.1829419999999971
 21
-124.6176320000000004
 31
0
  0
LINE
  5
1F1
330
1A
100
AcDbEntity
  8
Edge.Cuts
  6
CONTINUOUS
100
AcDbLine
 10
72.1829419999999971
 20
-124.6176320000000004
 30
0
 11
72.1665539999999908
 21
-124.5742559999999912
 31
0
  0
LINE
  5
1F2
330
1A
100
AcDbEntity
  8
Edge.Cuts
  6
CONTINUOUS
100
AcDbLine
 10
72.1665539999999908
 20
-124.5742559999999912
 30
0
 11
72.1501650000000012
 21
-124.5306509999999918
 31
0
  0
LINE
  5
1F3
330
1A
100
AcDbEntity
  8
Edge.Cuts
  6
CONTINUOUS
100
AcDbLine
 10
72.1501650000000012
 20
-124.5306509999999918
 30
0
 11
72.1337740000000025
 21
-124.4868149999999929
 31
0
  0
LINE
  5
1F4
330
1A
100
AcDbEntity
  8
Edge.Cuts
  6
CONTINUOUS
100
AcDbLine
 10
72.1337740000000025
 20
-124.4868149999999929
 30
0
 11
72.1173830000000038
 21
-124.4427479999999946
 31
0
  0
LINE
  5
1F5
330
1A
100
AcDbEntity
  8
Edge.Cuts
  6
CONTINUOUS
100
AcDbLine
 10
72.1173830000000038
 20
-124.4427479999999946
 30
0
 11
72.1009899999999959
 21
-124.3984489999999994
 31
0
  0
LINE
  5
1F6
330
1A
100
AcDbEntity
  8
Edge.Cuts
  6
CONTINUOUS
100
AcDbLine
 10
72.1009899999999959
 20
-124.3984489999999994
 30
0
 11
72.0845970000000023
 21
-124.3539169999999956
 31
0
  0
LINE
  5
1F7
330
1A
100
AcDbEntity
  8
Edge.Cuts
  6
CONTINUOUS
100
AcDbLine
 10
72.0845970000000023
 20
-124.3539169999999956
 30
0
 11
72.0682029999999969
 21
-124.309151
 31
0
  0
LINE
  5
1F8
330
1A
100
AcDbEntity
  8
Edge.Cuts
  6
CONTINUOUS
100
AcDbLine
 10
72.0682029999999969
 20
-124.309151
 30
0
 11
72.0518079999999941
 21
-124.2641509999999982
 31
0
  0
LINE
  5
1F9
330
1A
100
AcDbEntity
  8
Edge.Cuts
  6
CONTINUOUS
100
AcDbLine
 10
72.0518079999999941
 20
-124.2641509999999982
 30
0
 11
72.0354119999999938
 21
-124.2189149999999955
 31
0
  0
LINE
  5
1FA
330
1A
100
AcDbEntity
  8
Edge.Cuts
  6
CONTINUOUS
100
AcDbLine
 10
72.0354119999999938
 20
-124.2189149999999955
 30
0
 11
72.019016999999991
 21
-124.1734439999999893
 31
0
  0
LINE
  5
1FB
330
1A
100
AcDbEntity
  8
Edge.Cuts
  6
CONTINUOUS
100
AcDbLine
 10
72.019016999999991
 20
-124.1734439999999893
 30
0
 11
72.0026199999999932
 21
-124.1277350000000013
 31
0
  0
LINE
  5
1FC
330
1A
100
AcDbEntity
  8
Edge.Cuts
  6
CONTINUOUS
100
AcDbLine
 10
72.0026199999999932
 20
-124.1277350000000013
 30
0
 11
71.9862239999999929
 21
-124.0817890000000006
 31
0
  0
LINE
  5
1FD
330
1A
100
AcDbEntity
  8
Edge.Cuts
  6
CONTINUOUS
100
AcDbLine
 10
71.9862239999999929
 20
-124.0817890000000006
 30
0
 11
71.9698269999999951
 21
-124.0356039999999922
 31
0
  0
LINE
  5
1FE
330
1A
100
AcDbEntity
  8
Edge.Cuts
  6
CONTINUOUS
100
AcDbLine
 10
71.9698269999999951
 20
-124.0356039999999922
 30
0
 11
71.9534299999999973
 21
-123.9891789999999929
 31
0
  0
LINE
  5
1FF
330
1A
100
AcDbEntity
  8
Edge.Cuts
  6
CONTINUOUS
100
AcDbLine
 10
71.9534299999999973
 20
-123.9891789999999929
 30
0
 11
71.937033999999997
 21
-123.9425150000000002
 31
0
  0
LINE
  5
200
330
1A
100
AcDbEntity
  8
Edge.Cuts
  6
CONTINUOUS
100
AcDbLine
 10
71.937033999999997
 20
-123.9425150000000002
 30
0
 11
71.9206369999999993
 21
-123.8956089999999932
 31
0
  0
LINE
  5
201
330
1A
100
AcDbEntity
  8
Edge.Cuts
  6
CONTINUOUS
100
AcDbLine
 10
71.9206369999999993
 20
-123.8956089999999932
 30
0
 11
71.904240999999999
 21
-123.8484619999999978
 31
0
  0
LINE
  5
202
330
1A
100
AcDbEntity
  8
Edge.Cuts
  6
CONTINUOUS
100
AcDbLine
 10
71.904240999999999
 20
-123.8484619999999978
 30
0
 11
71.8878449999999987
 21
-123.8010719999999907
 31
0
  0
LINE
  5
203
330
1A
100
AcDbEntity
  8
Edge.Cuts
  6
CONTINUOUS
100
AcDbLine
 10
71.8878449999999987
 20
-123.8010719999999907
 30
0
 11
71.8714489999999984
 21
-123.7534390000000002
 31
0
  0
LINE
  5
204
330
1A
100
AcDbEntity
  8
Edge.Cuts
  6
CONTINUOUS
100
AcDbLine
 10
71.8714489999999984
 20
-123.7534390000000002
 30
0
 11
71.8550539999999955
 21
-123.7055620000000005
 31
0
  0
LINE
  5
205
330
1A
100
AcDbEntity
  8
Edge.Cuts
  6
CONTINUOUS
100
AcDbLine
 10
71.8550539999999955
 20
-123.7055620000000005
 30
0
 11
71.8386599999999902
 21
-123.6574389999999966
 31
0
  0
LINE
  5
206
330
1A
100
AcDbEntity
  8
Edge.Cuts
  6
CONTINUOUS
100
AcDbLine
 10
71.8386599999999902
 20
-123.6574389999999966
 30
0
 11
71.8222659999999991
 21
-123.6090710000000001
 31
0
  0
LINE
  5
207
330
1A
100
AcDbEntity
  8
Edge.Cuts
  6
CONTINUOUS
100
AcDbLine
 10
71.8222659999999991
 20
-123.6090710000000001
 30
0
 11
71.8058729999999912
 21
-123.5604559999999879
 31
0
  0
LINE
  5
208
330
1A
100
AcDbEntity
  8
Edge.Cuts
  6
CONTINUOUS
100
AcDbLine
 10
71.8058729999999912
 20
-123.5604559999999879
 30
0
 11
71.7894819999999925
 21
-123.5115929999999906
 31
0
  0
LINE
  5
209
330
1A
100
AcDbEntity
  8
Edge.Cuts
  6
CONTINUOUS
100
AcDbLine
 10
71.7894819999999925
 20
-123.5115929999999906
 30
0
 11
71.7730909999999938
 21
-123.4624819999999943
 31
0
  0
LINE
  5
20A
330
1A
100
AcDbEntity
  8
Edge.Cuts
  6
CONTINUOUS
100
AcDbLine
 10
71.7730909999999938
 20
-123.4624819999999943
 30
0
 11
71.75670199999999
 21
-123.4131220000000013
 31
0
  0
LINE
  5
20B
330
1A
100
AcDbEntity
  8
Edge.Cuts
  6
CONTINUOUS
100
AcDbLine
 10
71.75670199999999
 20
-123.4131220000000013
 30
0
 11
71.7403130000000004
 21
-123.3635120000000001
 31
0
  0
LINE
  5
20C
330
1A
100
AcDbEntity
  8
Edge.Cuts
  6
CONTINUOUS
100
AcDbLine
 10
71.7403130000000004
 20
-123.3635120000000001
 30
0
 11
71.7239270000000033
 21
-123.313650999999993
 31
0
  0
LINE
  5
20D
330
1A
100
AcDbEntity
  8
Edge.Cuts
  6
CONTINUOUS
100
AcDbLine
 10
71.7239270000000033
 20
-123.313650999999993
 30
0
 11
71.707540999999992
 21
-123.2635389999999944
 31
0
  0
LINE
  5
20E
330
1A
100
AcDbEntity
  8
Edge.Cuts
  6
CONTINUOUS
100
AcDbLine
 10
71.707540999999992
 20
-123.2635389999999944
 30
0
 11
71.6911580000000015
 21
-123.2131739999999951
 31
0
  0
LINE
  5
20F
330
1A
100
AcDbEntity
  8
Edge.Cuts
  6
CONTINUOUS
100
AcDbLine
 10
71.6911580000000015
 20
-123.2131739999999951
 30
0
 11
71.6747759999999943
 21
-123.1625549999999976
 31
0
  0
LINE
  5
210
330
1A
100
AcDbEntity
  8
Edge.Cuts
  6
CONTINUOUS
100
AcDbLine
 10
71.6747759999999943
 20
-123.1625549999999976
 30
0
 11
71.6583959999999962
 21
-123.1116829999999993
 31
0
  0
LINE
  5
211
330
1A
100
AcDbEntity
  8
Edge.Cuts
  6
CONTINUOUS
100
AcDbLine
 10
71.6583959999999962
 20
-123.1116829999999993
 30
0
 11
71.6420179999999931
 21
-123.0605559999999912
 31
0
  0
LINE
  5
212
330
1A
100
AcDbEntity
  8
Edge.Cuts
  6
CONTINUOUS
100
AcDbLine
 10
71.6420179999999931
 20
-123.0605559999999912
 30
0
 11
71.6256419999999991
 21
-123.0091729999999899
 31
0
  0
LINE
  5
213
330
1A
100
AcDbEntity
  8
Edge.Cuts
  6
CONTINUOUS
100
AcDbLine
 10
71.6256419999999991
 20
-123.0091729999999899
 30
0
 11
71.6092680000000001
 21
-122.957532999999998
 31
0
  0
LINE
  5
214
330
1A
100
AcDbEntity
  8
Edge.Cuts
  6
CONTINUOUS
100
AcDbLine
 10
71.6092680000000001
 20
-122.957532999999998
 30
0
 11
71.5928969999999936
 21
-122.9056360000000012
 31
0
  0
LINE
  5
215
330
1A
100
AcDbEntity
  8
Edge.Cuts
  6
CONTINUOUS
100
AcDbLine
 10
71.5928969999999936
 20
-122.9056360000000012
 30
0
 11
71.5765279999999962
 21
-122.8534799999999905
 31
0
  0
LINE
  5
216
330
1A
100
AcDbEntity
  8
Edge.Cuts
  6
CONTINUOUS
100
AcDbLine
 10
71.5765279999999962
 20
-122.8534799999999905
 30
0
 11
71.5601609999999937
 21
-122.8010659999999916
 31
0
  0
LINE
  5
217
330
1A
100
AcDbEntity
  8
Edge.Cuts
  6
CONTINUOUS
100
AcDbLine
 10
71.5601609999999937
 20
-122.8010659999999916
 30
0
 11
71.5437979999999953
 21
-122.748390999999998
 31
0
  0
LINE
  5
218
330
1A
100
AcDbEntity
  8
Edge.Cuts
  6
CONTINUOUS
100
AcDbLine
 10
71.5437979999999953
 20
-122.748390999999998
 30
0
 11
71.5274359999999945
 21
-122.695455999999993
 31
0
  0
LINE
  5
219
330
1A
100
AcDbEntity
  8
Edge.Cuts
  6
CONTINUOUS
100
AcDbLine
 10
71.5274359999999945
 20
-122.695455999999993
 30
0
 11
71.5110779999999977
 21
-122.6422589999999957
 31
0
  0
LINE
  5
21A
330
1A
100
AcDbEntity
  8
Edge.Cuts
  6
CONTINUOUS
100
AcDbLine
 10
71.5110779999999977
 20
-122.6422589999999957
 30
0
 11
71.4947229999999934
 21
-122.588799999999992
 31
0
  0
LINE
  5
21B
330
1A
100
AcDbEntity
  8
Edge.Cuts
  6
CONTINUOUS
100
AcDbLine
 10
71.4947229999999934
 20
-122.588799999999992
 30
0
 11
71.4783709999999957
 21
-122.5350770000000011
 31
0
  0
LINE
  5
21C
330
1A
100
AcDbEntity
  8
Edge.Cuts
  6
CONTINUOUS
100
AcDbLine
 10
71.4783709999999957
 20
-122.5350770000000011
 30
0
 11
71.4620219999999904
 21
-122.4810909999999922
 31
0
  0
LINE
  5
21D
330
1A
100
AcDbEntity
  8
Edge.Cuts
  6
CONTINUOUS
100
AcDbLine
 10
71.4620219999999904
 20
-122.4810909999999922
 30
0
 11
71.4456770000000034
 21
-122.4268390000000011
 31
0
  0
LINE
  5
21E
330
1A
100
AcDbEntity
  8
Edge.Cuts
  6
CONTINUOUS
100
AcDbLine
 10
71.4456770000000034
 20
-122.4268390000000011
 30
0
 11
71.4293349999999947
 21
-122.3723209999999995
 31
0
  0
LINE
  5
21F
330
1A
100
AcDbEntity
  8
Edge.Cuts
  6
CONTINUOUS
100
AcDbLine
 10
71.4293349999999947
 20
-122.3723209999999995
 30
0
 11
71.4129959999999926
 21
-122.3175370000000015
 31
0
  0
LINE
  5
220
330
1A
100
AcDbEntity
  8
Edge.Cuts
  6
CONTINUOUS
100
AcDbLine
 10
71.4129959999999926
 20
-122.3175370000000015
 30
0
 11
71.3966609999999946
 21
-122.2624849999999981
 31
0
  0
LINE
  5
221
330
1A
100
AcDbEntity
  8
Edge.Cuts
  6
CONTINUOUS
100
AcDbLine
 10
71.3966609999999946
 20
-122.2624849999999981
 30
0
 11
71.3803309999999982
 21
-122.2071649999999892
 31
0
  0
LINE
  5
222
330
1A
100
AcDbEntity
  8
Edge.Cuts
  6
CONTINUOUS
100
AcDbLine
 10
71.3803309999999982
 20
-122.2071649999999892
 30
0
 11
71.3640039999999942
 21
-122.1515759999999915
 31
0
  0
LINE
  5
223
330
1A
100
AcDbEntity
  8
Edge.Cuts
  6
CONTINUOUS
100
AcDbLine
 10
71.3640039999999942
 20
-122.1515759999999915
 30
0
 11
71.3476809999999944
 21
-122.0957159999999959
 31
0
  0
LINE
  5
224
330
1A
100
AcDbEntity
  8
Edge.Cuts
  6
CONTINUOUS
100
AcDbLine
 10
71.3476809999999944
 20
-122.0957159999999959
 30
0
 11
71.3313619999999986
 21
-122.0395859999999999
 31
0
  0
LINE
  5
225
330
1A
100
AcDbEntity
  8
Edge.Cuts
  6
CONTINUOUS
100
AcDbLine
 10
71.3313619999999986
 20
-122.0395859999999999
 30
0
 11
71.3150479999999902
 21
-121.9831839999999943
 31
0
  0
LINE
  5
226
330
1A
100
AcDbEntity
  8
Edge.Cuts
  6
CONTINUOUS
100
AcDbLine
 10
71.3150479999999902
 20
-121.9831839999999943
 30
0
 11
71.2987380000000002
 21
-121.9265089999999958
 31
0
  0
LINE
  5
227
330
1A
100
AcDbEntity
  8
Edge.Cuts
  6
CONTINUOUS
100
AcDbLine
 10
71.2987380000000002
 20
-121.9265089999999958
 30
0
 11
71.282432
 21
-121.8695609999999903
 31
0
  0
LINE
  5
228
330
1A
100
AcDbEntity
  8
Edge.Cuts
  6
CONTINUOUS
100
AcDbLine
 10
71.282432
 20
-121.8695609999999903
 30
0
 11
71.2661310000000014
 21
-121.8123389999999944
 31
0
  0
LINE
  5
229
330
1A
100
AcDbEntity
  8
Edge.Cuts
  6
CONTINUOUS
100
AcDbLine
 10
71.2661310000000014
 20
-121.8123389999999944
 30
0
 11
71.2498349999999903
 21
-121.754840999999999
 31
0
  0
LINE
  5
22A
330
1A
100
AcDbEntity
  8
Edge.Cuts
  6
CONTINUOUS
100
AcDbLine
 10
71.2498349999999903
 20
-121.754840999999999
 30
0
 11
71.2335439999999949
 21
-121.6970669999999899
 31
0
  0
LINE
  5
22B
330
1A
100
AcDbEntity
  8
Edge.Cuts
  6
CONTINUOUS
100
AcDbLine
 10
71.2335439999999949
 20
-121.6970669999999899
 30
0
 11
71.2172589999999985
 21
-121.6390169999999955
 31
0
  0
LINE
  5
22C
330
1A
100
AcDbEntity
  8
Edge.Cuts
  6
CONTINUOUS
100
AcDbLine
 10
71.2172589999999985
 20
-121.6390169999999955
 30
0
 11
71.2009779999999921
 21
-121.5806889999999925
 31
0
  0
LINE
  5
22D
330
1A
100
AcDbEntity
  8
Edge.Cuts
  6
CONTINUOUS
100
AcDbLine
 10
71.2009779999999921
 20
-121.5806889999999925
 30
0
 11
71.1847020000000015
 21
-121.5220819999999975
 31
0
  0
LINE
  5
22E
330
1A
100
AcDbEntity
  8
Edge.Cuts
  6
CONTINUOUS
100
AcDbLine
 10
71.1847020000000015
 20
-121.5220819999999975
 30
0
 11
71.1684319999999957
 21
-121.4631959999999964
 31
0
  0
LINE
  5
22F
330
1A
100
AcDbEntity
  8
Edge.Cuts
  6
CONTINUOUS
100
AcDbLine
 10
71.1684319999999957
 20
-121.4631959999999964
 30
0
 11
71.1521680000000032
 21
-121.4040289999999942
 31
0
  0
LINE
  5
230
330
1A
100
AcDbEntity
  8
Edge.Cuts
  6
CONTINUOUS
100
AcDbLine
 10
71.1521680000000032
 20
-121.4040289999999942
 30
0
 11
71.1359089999999981
 21
-121.3445809999999909
 31
0
  0
LINE
  5
231
330
1A
100
AcDbEntity
  8
Edge.Cuts
  6
CONTINUOUS
100
AcDbLine
 10
71.1359089999999981
 20
-121.3445809999999909
 30
0
 11
71.119655999999992
 21
-121.2848520000000008
 31
0
  0
LINE
  5
232
330
1A
100
AcDbEntity
  8
Edge.Cuts
  6
CONTINUOUS
100
AcDbLine
 10
71.119655999999992
 20
-121.2848520000000008
 30
0
 11
71.1034089999999992
 21
-121.2248389999999887
 31
0
  0
LINE
  5
233
330
1A
100
AcDbEntity
  8
Edge.Cuts
  6
CONTINUOUS
100
AcDbLine
 10
71.1034089999999992
 20
-121.2248389999999887
 30
0
 11
71.0871679999999913
 21
-121.1645429999999948
 31
0
  0
LINE
  5
234
330
1A
100
AcDbEntity
  8
Edge.Cuts
  6
CONTINUOUS
100
AcDbLine
 10
71.0871679999999913
 20
-121.1645429999999948
 30
0
 11
71.0709329999999966
 21
-121.1039619999999957
 31
0
  0
LINE
  5
235
330
1A
100
AcDbEntity
  8
Edge.Cuts
  6
CONTINUOUS
100
AcDbLine
 10
71.0709329999999966
 20
-121.1039619999999957
 30
0
 11
71.0547049999999984
 21
-121.0430949999999939
 31
0
  0
LINE
  5
236
330
1A
100
AcDbEntity
  8
Edge.Cuts
  6
CONTINUOUS
100
AcDbLine
 10
71.0547049999999984
 20
-121.0430949999999939
 30
0
 11
71.0384829999999994
 21
-120.9819430000000011
 31
0
  0
LINE
  5
237
330
1A
100
AcDbEntity
  8
Edge.Cuts
  6
CONTINUOUS
100
AcDbLine
 10
71.0384829999999994
 20
-120.9819430000000011
 30
0
 11
71.0222669999999994
 21
-120.9205029999999965
 31
0
  0
LINE
  5
238
330
1A
100
AcDbEntity
  8
Edge.Cuts
  6
CONTINUOUS
100
AcDbLine
 10
71.0222669999999994
 20
-120.9205029999999965
 30
0
 11
71.0060579999999959
 21
-120.8587749999999943
 31
0
  0
LINE
  5
239
330
1A
100
AcDbEntity
  8
Edge.Cuts
  6
CONTINUOUS
100
AcDbLine
 10
71.0060579999999959
 20
-120.8587749999999943
 30
0
 11
70.9898570000000007
 21
-120.796757999999997
 31
0
  0
LINE
  5
23A
330
1A
100
AcDbEntity
  8
Edge.Cuts
  6
CONTINUOUS
100
AcDbLine
 10
70.9898570000000007
 20
-120.796757999999997
 30
0
 11
70.9736619999999903
 21
-120.7344509999999929
 31
0
  0
LINE
  5
23B
330
1A
100
AcDbEntity
  8
Edge.Cuts
  6
CONTINUOUS
100
AcDbLine
 10
70.9736619999999903
 20
-120.7344509999999929
 30
0
 11
70.9574739999999906
 21
-120.6718539999999962
 31
0
  0
LINE
  5
23C
330
1A
100
AcDbEntity
  8
Edge.Cuts
  6
CONTINUOUS
100
AcDbLine
 10
70.9574739999999906
 20
-120.6718539999999962
 30
0
 11
70.9412930000000017
 21
-120.6089649999999978
 31
0
  0
LINE
  5
23D
330
1A
100
AcDbEntity
  8
Edge.Cuts
  6
CONTINUOUS
100
AcDbLine
 10
70.9412930000000017
 20
-120.6089649999999978
 30
0
 11
70.9251199999999926
 21
-120.5457839999999976
 31
0
  0
LINE
  5
23E
330
1A
100
AcDbEntity
  8
Edge.Cuts
  6
CONTINUOUS
100
AcDbLine
 10
70.9251199999999926
 20
-120.5457839999999976
 30
0
 11
70.9089549999999917
 21
-120.4823099999999982
 31
0
  0
LINE
  5
23F
330
1A
100
AcDbEntity
  8
Edge.Cuts
  6
CONTINUOUS
100
AcDbLine
 10
70.9089549999999917
 20
-120.4823099999999982
 30
0
 11
70.8927970000000016
 21
-120.4185409999999905
 31
0
  0
LINE
  5
240
330
1A
100
AcDbEntity
  8
Edge.Cuts
  6
CONTINUOUS
100
AcDbLine
 10
70.8927970000000016
 20
-120.4185409999999905
 30
0
 11
70.8766459999999938
 21
-120.3544780000000003
 31
0
  0
LINE
  5
241
330
1A
100
AcDbEntity
  8
Edge.Cuts
  6
CONTINUOUS
100
AcDbLine
 10
70.8766459999999938
 20
-120.3544780000000003
 30
0
 11
70.8605039999999917
 21
-120.2901179999999925
 31
0
  0
LINE
  5
242
330
1A
100
AcDbEntity
  8
Edge.Cuts
  6
CONTINUOUS
100
AcDbLine
 10
70.8605039999999917
 20
-120.2901179999999925
 30
0
 11
70.8443699999999978
 21
-120.2254619999999932
 31
0
  0
LINE
  5
243
330
1A
100
AcDbEntity
  8
Edge.Cuts
  6
CONTINUOUS
100
AcDbLine
 10
70.8443699999999978
 20
-120.2254619999999932
 30
0
 11
70.828243999999998
 21
-120.1605089999999905
 31
0
  0
LINE
  5
244
330
1A
100
AcDbEntity
  8
Edge.Cuts
  6
CONTINUOUS
100
AcDbLine
 10
70.828243999999998
 20
-120.1605089999999905
 30
0
 11
70.8121259999999921
 21
-120.095255999999992
 31
0
  0
LINE
  5
245
330
1A
100
AcDbEntity
  8
Edge.Cuts
  6
CONTINUOUS
100
AcDbLine
 10
70.8121259999999921
 20
-120.095255999999992
 30
0
 11
70.796016999999992
 21
-120.0297049999999928
 31
0
  0
LINE
  5
246
330
1A
100
AcDbEntity
  8
Edge.Cuts
  6
CONTINUOUS
100
AcDbLine
 10
70.796016999999992
 20
-120.0297049999999928
 30
0
 11
70.7799160000000001
 21
-119.9638530000000003
 31
0
  0
LINE
  5
247
330
1A
100
AcDbEntity
  8
Edge.Cuts
  6
CONTINUOUS
100
AcDbLine
 10
70.7799160000000001
 20
-119.9638530000000003
 30
0
 11
70.7638239999999996
 21
-119.8977000000000004
 31
0
  0
LINE
  5
248
330
1A
100
AcDbEntity
  8
Edge.Cuts
  6
CONTINUOUS
100
AcDbLine
 10
70.7638239999999996
 20
-119.8977000000000004
 30
0
 11
70.7477409999999907
 21
-119.8312449999999956
 31
0
  0
LINE
  5
249
330
1A
100
AcDbEntity
  8
Edge.Cuts
  6
CONTINUOUS
100
AcDbLine
 10
70.7477409999999907
 20
-119.8312449999999956
 30
0
 11
70.7316670000000016
 21
-119.7644880000000001
 31
0
  0
LINE
  5
24A
330
1A
100
AcDbEntity
  8
Edge.Cuts
  6
CONTINUOUS
100
AcDbLine
 10
70.7316670000000016
 20
-119.7644880000000001
 30
0
 11
70.7156019999999899
 21
-119.697425999999993
 31
0
  0
LINE
  5
24B
330
1A
100
AcDbEntity
  8
Edge.Cuts
  6
CONTINUOUS
100
AcDbLine
 10
70.7156019999999899
 20
-119.697425999999993
 30
0
 11
70.6995469999999955
 21
-119.6300600000000003
 31
0
  0
LINE
  5
24C
330
1A
100
AcDbEntity
  8
Edge.Cuts
  6
CONTINUOUS
100
AcDbLine
 10
70.6995469999999955
 20
-119.6300600000000003
 30
0
 11
70.6834999999999951
 21
-119.562388999999996
 31
0
  0
LINE
  5
24D
330
1A
100
AcDbEntity
  8
Edge.Cuts
  6
CONTINUOUS
100
AcDbLine
 10
70.6834999999999951
 20
-119.562388999999996
 30
0
 11
70.6674639999999954
 21
-119.4944109999999995
 31
0
  0
LINE
  5
24E
330
1A
100
AcDbEntity
  8
Edge.Cuts
  6
CONTINUOUS
100
AcDbLine
 10
70.6674639999999954
 20
-119.4944109999999995
 30
0
 11
70.6514370000000014
 21
-119.4261259999999965
 31
0
  0
LINE
  5
24F
330
1A
100
AcDbEntity
  8
Edge.Cuts
  6
CONTINUOUS
100
AcDbLine
 10
70.6514370000000014
 20
-119.4261259999999965
 30
0
 11
70.6354199999999963
 21
-119.3575329999999894
 31
0
  0
LINE
  5
250
330
1A
100
AcDbEntity
  8
Edge.Cuts
  6
CONTINUOUS
100
AcDbLine
 10
70.6354199999999963
 20
-119.3575329999999894
 30
0
 11
70.6194129999999944
 21
-119.2886309999999952
 31
0
  0
LINE
  5
251
330
1A
100
AcDbEntity
  8
Edge.Cuts
  6
CONTINUOUS
100
AcDbLine
 10
70.6194129999999944
 20
-119.2886309999999952
 30
0
 11
70.6034159999999957
 21
-119.2194189999999878
 31
0
  0
LINE
  5
252
330
1A
100
AcDbEntity
  8
Edge.Cuts
  6
CONTINUOUS
100
AcDbLine
 10
70.6034159999999957
 20
-119.2194189999999878
 30
0
 11
70.5874290000000002
 21
-119.1498959999999983
 31
0
  0
LINE
  5
253
330
1A
100
AcDbEntity
  8
Edge.Cuts
  6
CONTINUOUS
100
AcDbLine
 10
70.5874290000000002
 20
-119.1498959999999983
 30
0
 11
70.5714529999999911
 21
-119.0800619999999981
 31
0
  0
LINE
  5
254
330
1A
100
AcDbEntity
  8
Edge.Cuts
  6
CONTINUOUS
100
AcDbLine
 10
70.5714529999999911
 20
-119.0800619999999981
 30
0
 11
70.5554879999999969
 21
-119.0099149999999923
 31
0
  0
LINE
  5
255
330
1A
100
AcDbEntity
  8
Edge.Cuts
  6
CONTINUOUS
100
AcDbLine
 10
70.5554879999999969
 20
-119.0099149999999923
 30
0
 11
70.5395329999999916
 21
-118.9394549999999953
 31
0
  0
LINE
  5
256
330
1A
100
AcDbEntity
  8
Edge.Cuts
  6
CONTINUOUS
100
AcDbLine
 10
70.5395329999999916
 20
-118.9394549999999953
 30
0
 11
70.5235890000000012
 21
-118.8686809999999952
 31
0
  0
LINE
  5
257
330
1A
100
AcDbEntity
  8
Edge.Cuts
  6
CONTINUOUS
100
AcDbLine
 10
70.5235890000000012
 20
-118.8686809999999952
 30
0
 11
70.5076559999999972
 21
-118.7975909999999971
 31
0
  0
LINE
  5
258
330
1A
100
AcDbEntity
  8
Edge.Cuts
  6
CONTINUOUS
100
AcDbLine
 10
70.5076559999999972
 20
-118.7975909999999971
 30
0
 11
70.4917339999999939
 21
-118.7261859999999984
 31
0
  0
LINE
  5
259
330
1A
100
AcDbEntity
  8
Edge.Cuts
  6
CONTINUOUS
100
AcDbLine
 10
70.4917339999999939
 20
-118.7261859999999984
 30
0
 11
70.4758229999999912
 21
-118.6544629999999927
 31
0
  0
LINE
  5
25A
330
1A
100
AcDbEntity
  8
Edge.Cuts
  6
CONTINUOUS
100
AcDbLine
 10
70.4758229999999912
 20
-118.6544629999999927
 30
0
 11
70.4599240000000009
 21
-118.5824229999999915
 31
0
  0
LINE
  5
25B
330
1A
100
AcDbEntity
  8
Edge.Cuts
  6
CONTINUOUS
100
AcDbLine
 10
70.4599240000000009
 20
-118.5824229999999915
 30
0
 11
70.444035999999997
 21
-118.5100639999999999
 31
0
  0
LINE
  5
25C
330
1A
100
AcDbEntity
  8
Edge.Cuts
  6
CONTINUOUS
100
AcDbLine
 10
70.444035999999997
 20
-118.5100639999999999
 30
0
 11
70.4281599999999912
 21
-118.4373849999999919
 31
0
  0
LINE
  5
25D
330
1A
100
AcDbEntity
  8
Edge.Cuts
  6
CONTINUOUS
100
AcDbLine
 10
70.4281599999999912
 20
-118.4373849999999919
 30
0
 11
70.4122969999999953
 21
-118.3643859999999961
 31
0
  0
LINE
  5
25E
330
1A
100
AcDbEntity
  8
Edge.Cuts
  6
CONTINUOUS
100
AcDbLine
 10
70.4122969999999953
 20
-118.3643859999999961
 30
0
 11
70.3964449999999999
 21
-118.2910660000000007
 31
0
  0
LINE
  5
25F
330
1A
100
AcDbEntity
  8
Edge.Cuts
  6
CONTINUOUS
100
AcDbLine
 10
70.3964449999999999
 20
-118.2910660000000007
 30
0
 11
70.3806050000000027
 21
-118.2174239999999941
 31
0
  0
LINE
  5
260
330
1A
100
AcDbEntity
  8
Edge.Cuts
  6
CONTINUOUS
100
AcDbLine
 10
70.3806050000000027
 20
-118.2174239999999941
 30
0
 11
70.3647770000000037
 21
-118.1434579999999954
 31
0
  0
LINE
  5
261
330
1A
100
AcDbEntity
  8
Edge.Cuts
  6
CONTINUOUS
100
AcDbLine
 10
70.3647770000000037
 20
-118.1434579999999954
 30
0
 11
70.3489629999999977
 21
-118.069168999999988
 31
0
  0
LINE
  5
262
330
1A
100
AcDbEntity
  8
Edge.Cuts
  6
CONTINUOUS
100
AcDbLine
 10
70.3489629999999977
 20
-118.069168999999988
 30
0
 11
70.3331599999999924
 21
-117.9945549999999912
 31
0
  0
LINE
  5
263
330
1A
100
AcDbEntity
  8
Edge.Cuts
  6
CONTINUOUS
100
AcDbLine
 10
70.3331599999999924
 20
-117.9945549999999912
 30
0
 11
70.3173709999999943
 21
-117.9196149999999932
 31
0
  0
LINE
  5
264
330
1A
100
AcDbEntity
  8
Edge.Cuts
  6
CONTINUOUS
100
AcDbLine
 10
70.3173709999999943
 20
-117.9196149999999932
 30
0
 11
70.3015939999999944
 21
-117.8443479999999965
 31
0
  0
LINE
  5
265
330
1A
100
AcDbEntity
  8
Edge.Cuts
  6
CONTINUOUS
100
AcDbLine
 10
70.3015939999999944
 20
-117.8443479999999965
 30
0
 11
70.2858310000000017
 21
-117.7687540000000013
 31
0
  0
LINE
  5
266
330
1A
100
AcDbEntity
  8
Edge.Cuts
  6
CONTINUOUS
100
AcDbLine
 10
70.2858310000000017
 20
-117.7687540000000013
 30
0
 11
70.270079999999993
 21
-117.6928309999999982
 31
0
  0
LINE
  5
267
330
1A
100
AcDbEntity
  8
Edge.Cuts
  6
CONTINUOUS
100
AcDbLine
 10
70.270079999999993
 20
-117.6928309999999982
 30
0
 11
70.2543429999999915
 21
-117.616579999999999
 31
0
  0
LINE
  5
268
330
1A
100
AcDbEntity
  8
Edge.Cuts
  6
CONTINUOUS
100
AcDbLine
 10
70.2543429999999915
 20
-117.616579999999999
 30
0
 11
70.2386199999999974
 21
-117.5399979999999971
 31
0
  0
LINE
  5
269
330
1A
100
AcDbEntity
  8
Edge.Cuts
  6
CONTINUOUS
100
AcDbLine
 10
70.2386199999999974
 20
-117.5399979999999971
 30
0
 11
70.2229099999999988
 21
-117.4630849999999924
 31
0
  0
LINE
  5
26A
330
1A
100
AcDbEntity
  8
Edge.Cuts
  6
CONTINUOUS
100
AcDbLine
 10
70.2229099999999988
 20
-117.4630849999999924
 30
0
 11
70.2072139999999933
 21
-117.3858400000000017
 31
0
  0
LINE
  5
26B
330
1A
100
AcDbEntity
  8
Edge.Cuts
  6
CONTINUOUS
100
AcDbLine
 10
70.2072139999999933
 20
-117.3858400000000017
 30
0
 11
70.1915329999999926
 21
-117.3082619999999991
 31
0
  0
LINE
  5
26C
330
1A
100
AcDbEntity
  8
Edge.Cuts
  6
CONTINUOUS
100
AcDbLine
 10
70.1915329999999926
 20
-117.3082619999999991
 30
0
 11
70.1758650000000017
 21
-117.2303509999999989
 31
0
  0
LINE
  5
26D
330
1A
100
AcDbEntity
  8
Edge.Cuts
  6
CONTINUOUS
100
AcDbLine
 10
70.1758650000000017
 20
-117.2303509999999989
 30
0
 11
70.1602120000000014
 21
-117.1521049999999917
 31
0
  0
LINE
  5
26E
330
1A
100
AcDbEntity
  8
Edge.Cuts
  6
CONTINUOUS
100
AcDbLine
 10
70.1602120000000014
 20
-117.1521049999999917
 30
0
 11
70.1445729999999941
 21
-117.0735239999999919
 31
0
  0
LINE
  5
26F
330
1A
100
AcDbEntity
  8
Edge.Cuts
  6
CONTINUOUS
100
AcDbLine
 10
70.1445729999999941
 20
-117.0735239999999919
 30
0
 11
70.1289479999999941
 21
-116.9946059999999903
 31
0
  0
LINE
  5
270
330
1A
100
AcDbEntity
  8
Edge.Cuts
  6
CONTINUOUS
100
AcDbLine
 10
70.1289479999999941
 20
-116.9946059999999903
 30
0
 11
70.1133389999999963
 21
-116.9153510000000011
 31
0
  0
LINE
  5
271
330
1A
100
AcDbEntity
  8
Edge.Cuts
  6
CONTINUOUS
100
AcDbLine
 10
70.1133389999999963
 20
-116.9153510000000011
 30
0
 11
70.0977439999999916
 21
-116.8357579999999984
 31
0
  0
LINE
  5
272
330
1A
100
AcDbEntity
  8
Edge.Cuts
  6
CONTINUOUS
100
AcDbLine
 10
70.0977439999999916
 20
-116.8357579999999984
 30
0
 11
70.0821650000000034
 21
-116.755825999999999
 31
0
  0
LINE
  5
273
330
1A
100
AcDbEntity
  8
Edge.Cuts
  6
CONTINUOUS
100
AcDbLine
 10
70.0821650000000034
 20
-116.755825999999999
 30
0
 11
70.066599999999994
 21
-116.6755539999999911
 31
0
  0
LINE
  5
274
330
1A
100
AcDbEntity
  8
Edge.Cuts
  6
CONTINUOUS
100
AcDbLine
 10
70.066599999999994
 20
-116.6755539999999911
 30
0
 11
70.0510519999999985
 21
-116.5949409999999915
 31
0
  0
LINE
  5
275
330
1A
100
AcDbEntity
  8
Edge.Cuts
  6
CONTINUOUS
100
AcDbLine
 10
70.0510519999999985
 20
-116.5949409999999915
 30
0
 11
70.0355179999999962
 21
-116.5139870000000002
 31
0
  0
LINE
  5
276
330
1A
100
AcDbEntity
  8
Edge.Cuts
  6
CONTINUOUS
100
AcDbLine
 10
70.0355179999999962
 20
-116.5139870000000002
 30
0
 11
70.0200009999999935
 21
-116.4326899999999938
 31
0
  0
LINE
  5
277
330
1A
100
AcDbEntity
  8
Edge.Cuts
  6
CONTINUOUS
100
AcDbLine
 10
70.0200009999999935
 20
-116.4326899999999938
 30
0
 11
70.0044989999999956
 21
-116.3510500000000008
 31
0
  0
LINE
  5
278
330
1A
100
AcDbEntity
  8
Edge.Cuts
  6
CONTINUOUS
100
AcDbLine
 10
70.0044989999999956
 20
-116.3510500000000008
 30
0
 11
69.9890129999999999
 21
-116.2690649999999977
 31
0
  0
LINE
  5
279
330
1A
100
AcDbEntity
  8
Edge.Cuts
  6
CONTINUOUS
100
AcDbLine
 10
69.9890129999999999
 20
-116.2690649999999977
 30
0
 11
69.9735439999999898
 21
-116.1867359999999962
 31
0
  0
LINE
  5
27A
330
1A
100
AcDbEntity
  8
Edge.Cuts
  6
CONTINUOUS
100
AcDbLine
 10
69.9735439999999898
 20
-116.1867359999999962
 30
0
 11
69.958090999999996
 21
-116.1040599999999898
 31
0
  0
LINE
  5
27B
330
1A
100
AcDbEntity
  8
Edge.Cuts
  6
CONTINUOUS
100
AcDbLine
 10
69.958090999999996
 20
-116.1040599999999898
 30
0
 11
69.9426539999999903
 21
-116.0210369999999926
 31
0
  0
LINE
  5
27C
330
1A
100
AcDbEntity
  8
Edge.Cuts
  6
CONTINUOUS
100
AcDbLine
 10
69.9426539999999903
 20
-116.0210369999999926
 30
0
 11
69.9272339999999986
 21
-115.937665999999993
 31
0
  0
LINE
  5
27D
330
1A
100
AcDbEntity
  8
Edge.Cuts
  6
CONTINUOUS
100
AcDbLine
 10
69.9272339999999986
 20
-115.937665999999993
 30
0
 11
69.9118309999999923
 21
-115.8539469999999909
 31
0
  0
LINE
  5
27E
330
1A
100
AcDbEntity
  8
Edge.Cuts
  6
CONTINUOUS
100
AcDbLine
 10
69.9118309999999923
 20
-115.8539469999999909
 30
0
 11
69.8964449999999999
 21
-115.7698779999999914
 31
0
  0
LINE
  5
27F
330
1A
100
AcDbEntity
  8
Edge.Cuts
  6
CONTINUOUS
100
AcDbLine
 10
69.8964449999999999
 20
-115.7698779999999914
 30
0
 11
69.8810759999999931
 21
-115.6854589999999945
 31
0
  0
LINE
  5
280
330
1A
100
AcDbEntity
  8
Edge.Cuts
  6
CONTINUOUS
100
AcDbLine
 10
69.8810759999999931
 20
-115.6854589999999945
 30
0
 11
69.8657240000000002
 21
-115.600687999999991
 31
0
  0
LINE
  5
281
330
1A
100
AcDbEntity
  8
Edge.Cuts
  6
CONTINUOUS
100
AcDbLine
 10
69.8657240000000002
 20
-115.600687999999991
 30
0
 11
69.8503899999999902
 21
-115.5155649999999952
 31
0
  0
LINE
  5
282
330
1A
100
AcDbEntity
  8
Edge.Cuts
  6
CONTINUOUS
100
AcDbLine
 10
69.8503899999999902
 20
-115.5155649999999952
 30
0
 11
69.8350739999999917
 21
-115.4300889999999953
 31
0
  0
LINE
  5
283
330
1A
100
AcDbEntity
  8
Edge.Cuts
  6
CONTINUOUS
100
AcDbLine
 10
69.8350739999999917
 20
-115.4300889999999953
 30
0
 11
69.8197749999999928
 21
-115.3442589999999939
 31
0
  0
LINE
  5
284
330
1A
100
AcDbEntity
  8
Edge.Cuts
  6
CONTINUOUS
100
AcDbLine
 10
69.8197749999999928
 20
-115.3442589999999939
 30
0
 11
69.8044950000000028
 21
-115.2580739999999935
 31
0
  0
LINE
  5
285
330
1A
100
AcDbEntity
  8
Edge.Cuts
  6
CONTINUOUS
100
AcDbLine
 10
69.8044950000000028
 20
-115.2580739999999935
 30
0
 11
69.7892319999999984
 21
-115.1715339999999941
 31
0
  0
LINE
  5
286
330
1A
100
AcDbEntity
  8
Edge.Cuts
  6
CONTINUOUS
100
AcDbLine
 10
69.7892319999999984
 20
-115.1715339999999941
 30
0
 11
69.7739880000000028
 21
-115.0846359999999891
 31
0
  0
LINE
  5
287
330
1A
100
AcDbEntity
  8
Edge.Cuts
  6
CONTINUOUS
100
AcDbLine
 10
69.7739880000000028
 20
-115.0846359999999891
 30
0
 11
69.7587619999999902
 21
-114.9973820000000018
 31
0
  0
LINE
  5
288
330
1A
100
AcDbEntity
  8
Edge.Cuts
  6
CONTINUOUS
100
AcDbLine
 10
69.7587619999999902
 20
-114.9973820000000018
 30
0
 11
69.7435550000000006
 21
-114.9097679999999997
 31
0
  0
LINE
  5
289
330
1A
100
AcDbEntity
  8
Edge.Cuts
  6
CONTINUOUS
100
AcDbLine
 10
69.7435550000000006
 20
-114.9097679999999997
 30
0
 11
69.7283669999999915
 21
-114.821795999999992
 31
0
  0
LINE
  5
28A
330
1A
100
AcDbEntity
  8
Edge.Cuts
  6
CONTINUOUS
100
AcDbLine
 10
69.7283669999999915
 20
-114.821795999999992
 30
0
 11
69.7131979999999913
 21
-114.7334630000000004
 31
0
  0
LINE
  5
28B
330
1A
100
AcDbEntity
  8
Edge.Cuts
  6
CONTINUOUS
100
AcDbLine
 10
69.7131979999999913
 20
-114.7334630000000004
 30
0
 11
69.698048
 21
-114.6447699999999941
 31
0
  0
LINE
  5
28C
330
1A
100
AcDbEntity
  8
Edge.Cuts
  6
CONTINUOUS
100
AcDbLine
 10
69.698048
 20
-114.6447699999999941
 30
0
 11
69.6829170000000033
 21
-114.5557139999999947
 31
0
  0
LINE
  5
28D
330
1A
100
AcDbEntity
  8
Edge.Cuts
  6
CONTINUOUS
100
AcDbLine
 10
69.6829170000000033
 20
-114.5557139999999947
 30
0
 11
69.6678059999999988
 21
-114.4662959999999998
 31
0
  0
LINE
  5
28E
330
1A
100
AcDbEntity
  8
Edge.Cuts
  6
CONTINUOUS
100
AcDbLine
 10
69.6678059999999988
 20
-114.4662959999999998
 30
0
 11
69.6527140000000031
 21
-114.3765140000000002
 31
0
  0
LINE
  5
28F
330
1A
100
AcDbEntity
  8
Edge.Cuts
  6
CONTINUOUS
100
AcDbLine
 10
69.6527140000000031
 20
-114.3765140000000002
 30
0
 11
69.6376419999999996
 21
-114.286367999999996
 31
0
  0
LINE
  5
290
330
1A
100
AcDbEntity
  8
Edge.Cuts
  6
CONTINUOUS
100
AcDbLine
 10
69.6376419999999996
 20
-114.286367999999996
 30
0
 11
69.6225909999999999
 21
-114.195855999999992
 31
0
  0
LINE
  5
291
330
1A
100
AcDbEntity
  8
Edge.Cuts
  6
CONTINUOUS
100
AcDbLine
 10
69.6225909999999999
 20
-114.195855999999992
 30
0
 11
69.6075589999999949
 21
-114.1049779999999885
 31
0
  0
LINE
  5
292
330
1A
100
AcDbEntity
  8
Edge.Cuts
  6
CONTINUOUS
100
AcDbLine
 10
69.6075589999999949
 20
-114.1049779999999885
 30
0
 11
69.5925479999999936
 21
-114.0137329999999878
 31
0
  0
LINE
  5
293
330
1A
100
AcDbEntity
  8
Edge.Cuts
  6
CONTINUOUS
100
AcDbLine
 10
69.5925479999999936
 20
-114.0137329999999878
 30
0
 11
69.5775569999999988
 21
-113.9221199999999925
 31
0
  0
LINE
  5
294
330
1A
100
AcDbEntity
  8
Edge.Cuts
  6
CONTINUOUS
100
AcDbLine
 10
69.5775569999999988
 20
-113.9221199999999925
 30
0
 11
69.5625869999999935
 21
-113.8301379999999909
 31
0
  0
LINE
  5
295
330
1A
100
AcDbEntity
  8
Edge.Cuts
  6
CONTINUOUS
100
AcDbLine
 10
69.5625869999999935
 20
-113.8301379999999909
 30
0
 11
69.5476369999999946
 21
-113.7377859999999998
 31
0
  0
LINE
  5
296
330
1A
100
AcDbEntity
  8
Edge.Cuts
  6
CONTINUOUS
100
AcDbLine
 10
69.5476369999999946
 20
-113.7377859999999998
 30
0
 11
69.532708999999997
 21
-113.6450639999999908
 31
0
  0
LINE
  5
297
330
1A
100
AcDbEntity
  8
Edge.Cuts
  6
CONTINUOUS
100
AcDbLine
 10
69.532708999999997
 20
-113.6450639999999908
 30
0
 11
69.5178020000000032
 21
-113.5519699999999972
 31
0
  0
LINE
  5
298
330
1A
100
AcDbEntity
  8
Edge.Cuts
  6
CONTINUOUS
100
AcDbLine
 10
69.5178020000000032
 20
-113.5519699999999972
 30
0
 11
69.5029169999999965
 21
-113.4585039999999907
 31
0
  0
LINE
  5
299
330
1A
100
AcDbEntity
  8
Edge.Cuts
  6
CONTINUOUS
100
AcDbLine
 10
69.5029169999999965
 20
-113.4585039999999907
 30
0
 11
69.4880519999999962
 21
-113.364664999999988
 31
0
  0
LINE
  5
29A
330
1A
100
AcDbEntity
  8
Edge.Cuts
  6
CONTINUOUS
100
AcDbLine
 10
69.4880519999999962
 20
-113.364664999999988
 30
0
 11
69.4732099999999946
 21
-113.2704509999999942
 31
0
  0
LINE
  5
29B
330
1A
100
AcDbEntity
  8
Edge.Cuts
  6
CONTINUOUS
100
AcDbLine
 10
69.4732099999999946
 20
-113.2704509999999942
 30
0
 11
69.4583889999999968
 21
-113.1758629999999926
 31
0
  0
LINE
  5
29C
330
1A
100
AcDbEntity
  8
Edge.Cuts
  6
CONTINUOUS
100
AcDbLine
 10
69.4583889999999968
 20
-113.1758629999999926
 30
0
 11
69.4435909999999978
 21
-113.0808989999999881
 31
0
  0
LINE
  5
29D
330
1A
100
AcDbEntity
  8
Edge.Cuts
  6
CONTINUOUS
100
AcDbLine
 10
69.4435909999999978
 20
-113.0808989999999881
 30
0
 11
69.4288150000000002
 21
-112.9855579999999975
 31
0
  0
LINE
  5
29E
330
1A
100
AcDbEntity
  8
Edge.Cuts
  6
CONTINUOUS
100
AcDbLine
 10
69.4288150000000002
 20
-112.9855579999999975
 30
0
 11
69.4140610000000038
 21
-112.8898399999999924
 31
0
  0
LINE
  5
29F
330
1A
100
AcDbEntity
  8
Edge.Cuts
  6
CONTINUOUS
100
AcDbLine
 10
69.4140610000000038
 20
-112.8898399999999924
 30
0
 11
69.399329999999992
 21
-112.7937439999999896
 31
0
  0
LINE
  5
2A0
330
1A
100
AcDbEntity
  8
Edge.Cuts
  6
CONTINUOUS
100
AcDbLine
 10
69.399329999999992
 20
-112.7937439999999896
 30
0
 11
69.3846209999999957
 21
-112.697267999999994
 31
0
  0
LINE
  5
2A1
330
1A
100
AcDbEntity
  8
Edge.Cuts
  6
CONTINUOUS
100
AcDbLine
 10
69.3846209999999957
 20
-112.697267999999994
 30
0
 11
69.3699359999999956
 21
-112.6004119999999915
 31
0
  0
LINE
  5
2A2
330
1A
100
AcDbEntity
  8
Edge.Cuts
  6
CONTINUOUS
100
AcDbLine
 10
69.3699359999999956
 20
-112.6004119999999915
 30
0
 11
69.3552739999999943
 21
-112.5031749999999988
 31
0
  0
LINE
  5
2A3
330
1A
100
AcDbEntity
  8
Edge.Cuts
  6
CONTINUOUS
100
AcDbLine
 10
69.3552739999999943
 20
-112.5031749999999988
 30
0
 11
69.3406349999999918
 21
-112.4055570000000017
 31
0
  0
LINE
  5
2A4
330
1A
100
AcDbEntity
  8
Edge.Cuts
  6
CONTINUOUS
100
AcDbLine
 10
69.3406349999999918
 20
-112.4055570000000017
 30
0
 11
69.3260190000000023
 21
-112.3075559999999911
 31
0
  0
LINE
  5
2A5
330
1A
100
AcDbEntity
  8
Edge.Cuts
  6
CONTINUOUS
100
AcDbLine
 10
69.3260190000000023
 20
-112.3075559999999911
 30
0
 11
69.3114269999999948
 21
-112.2091709999999978
 31
0
  0
LINE
  5
2A6
330
1A
100
AcDbEntity
  8
Edge.Cuts
  6
CONTINUOUS
100
AcDbLine
 10
69.3114269999999948
 20
-112.2091709999999978
 30
0
 11
69.2968589999999978
 21
-112.1104019999999934
 31
0
  0
LINE
  5
2A7
330
1A
100
AcDbEntity
  8
Edge.Cuts
  6
CONTINUOUS
100
AcDbLine
 10
69.2968589999999978
 20
-112.1104019999999934
 30
0
 11
69.282314999999997
 21
-112.0112479999999948
 31
0
  0
LINE
  5
2A8
330
1A
100
AcDbEntity
  8
Edge.Cuts
  6
CONTINUOUS
100
AcDbLine
 10
69.282314999999997
 20
-112.0112479999999948
 30
0
 11
69.2677949999999925
 21
-111.9117079999999902
 31
0
  0
LINE
  5
2A9
330
1A
100
AcDbEntity
  8
Edge.Cuts
  6
CONTINUOUS
100
AcDbLine
 10
69.2677949999999925
 20
-111.9117079999999902
 30
0
 11
69.2532999999999959
 21
-111.8117809999999963
 31
0
  0
LINE
  5
2AA
330
1A
100
AcDbEntity
  8
Edge.Cuts
  6
CONTINUOUS
100
AcDbLine
 10
69.2532999999999959
 20
-111.8117809999999963
 30
0
 11
69.2388289999999955
 21
-111.711466999999999
 31
0
  0
LINE
  5
2AB
330
1A
100
AcDbEntity
  8
Edge.Cuts
  6
CONTINUOUS
100
AcDbLine
 10
69.2388289999999955
 20
-111.711466999999999
 30
0
 11
69.2243830000000031
 21
-111.610763999999989
 31
0
  0
LINE
  5
2AC
330
1A
100
AcDbEntity
  8
Edge.Cuts
  6
CONTINUOUS
100
AcDbLine
 10
69.2243830000000031
 20
-111.610763999999989
 30
0
 11
69.2099609999999927
 21
-111.5096709999999973
 31
0
  0
LINE
  5
2AD
330
1A
100
AcDbEntity
  8
Edge.Cuts
  6
CONTINUOUS
100
AcDbLine
 10
69.2099609999999927
 20
-111.5096709999999973
 30
0
 11
69.195565000000002
 21
-111.408188999999993
 31
0
  0
LINE
  5
2AE
330
1A
100
AcDbEntity
  8
Edge.Cuts
  6
CONTINUOUS
100
AcDbLine
 10
69.195565000000002
 20
-111.408188999999993
 30
0
 11
69.1811939999999908
 21
-111.3063149999999979
 31
0
  0
LINE
  5
2AF
330
1A
100
AcDbEntity
  8
Edge.Cuts
  6
CONTINUOUS
100
AcDbLine
 10
69.1811939999999908
 20
-111.3063149999999979
 30
0
 11
69.1668489999999991
 21
-111.2040489999999977
 31
0
  0
LINE
  5
2B0
330
1A
100
AcDbEntity
  8
Edge.Cuts
  6
CONTINUOUS
100
AcDbLine
 10
69.1668489999999991
 20
-111.2040489999999977
 30
0
 11
69.1525290000000012
 21
-111.1013909999999925
 31
0
  0
LINE
  5
2B1
330
1A
100
AcDbEntity
  8
Edge.Cuts
  6
CONTINUOUS
100
AcDbLine
 10
69.1525290000000012
 20
-111.1013909999999925
 30
0
 11
69.1382349999999946
 21
-110.9983390000000014
 31
0
  0
LINE
  5
2B2
330
1A
100
AcDbEntity
  8
Edge.Cuts
  6
CONTINUOUS
100
AcDbLine
 10
69.1382349999999946
 20
-110.9983390000000014
 30
0
 11
69.1239679999999908
 21
-110.8948929999999962
 31
0
  0
LINE
  5
2B3
330
1A
100
AcDbEntity
  8
Edge.Cuts
  6
CONTINUOUS
100
AcDbLine
 10
69.1239679999999908
 20
-110.8948929999999962
 30
0
 11
69.1097259999999949
 21
-110.791050999999996
 31
0
  0
LINE
  5
2B4
330
1A
100
AcDbEntity
  8
Edge.Cuts
  6
CONTINUOUS
100
AcDbLine
 10
69.1097259999999949
 20
-110.791050999999996
 30
0
 11
69.0955110000000019
 21
-110.6868139999999983
 31
0
  0
LINE
  5
2B5
330
1A
100
AcDbEntity
  8
Edge.Cuts
  6
CONTINUOUS
100
AcDbLine
 10
69.0955110000000019
 20
-110.6868139999999983
 30
0
 11
69.0813220000000001
 21
-110.5821789999999964
 31
0
  0
LINE
  5
2B6
330
1A
100
AcDbEntity
  8
Edge.Cuts
  6
CONTINUOUS
100
AcDbLine
 10
69.0813220000000001
 20
-110.5821789999999964
 30
0
 11
69.0671600000000012
 21
-110.477146999999988
 31
0
  0
LINE
  5
2B7
330
1A
100
AcDbEntity
  8
Edge.Cuts
  6
CONTINUOUS
100
AcDbLine
 10
69.0671600000000012
 20
-110.477146999999988
 30
0
 11
69.053024999999991
 21
-110.3717169999999896
 31
0
  0
LINE
  5
2B8
330
1A
100
AcDbEntity
  8
Edge.Cuts
  6
CONTINUOUS
100
AcDbLine
 10
69.053024999999991
 20
-110.3717169999999896
 30
0
 11
69.0389169999999979
 21
-110.2658869999999922
 31
0
  0
LINE
  5
2B9
330
1A
100
AcDbEntity
  8
Edge.Cuts
  6
CONTINUOUS
100
AcDbLine
 10
69.0389169999999979
 20
-110.2658869999999922
 30
0
 11
69.0248369999999909
 21
-110.1596569999999957
 31
0
  0
LINE
  5
2BA
330
1A
100
AcDbEntity
  8
Edge.Cuts
  6
CONTINUOUS
100
AcDbLine
 10
69.0248369999999909
 20
-110.1596569999999957
 30
0
 11
69.010784000000001
 21
-110.0530270000000002
 31
0
  0
LINE
  5
2BB
330
1A
100
AcDbEntity
  8
Edge.Cuts
  6
CONTINUOUS
100
AcDbLine
 10
69.010784000000001
 20
-110.0530270000000002
 30
0
 11
68.9967589999999973
 21
-109.9459939999999989
 31
0
  0
LINE
  5
2BC
330
1A
100
AcDbEntity
  8
Edge.Cuts
  6
CONTINUOUS
100
AcDbLine
 10
68.9967589999999973
 20
-109.9459939999999989
 30
0
 11
68.9827609999999964
 21
-109.8385589999999894
 31
0
  0
LINE
  5
2BD
330
1A
100
AcDbEntity
  8
Edge.Cuts
  6
CONTINUOUS
100
AcDbLine
 10
68.9827609999999964
 20
-109.8385589999999894
 30
0
 11
68.9687919999999934
 21
-109.7307209999999884
 31
0
  0
LINE
  5
2BE
330
1A
100
AcDbEntity
  8
Edge.Cuts
  6
CONTINUOUS
100
AcDbLine
 10
68.9687919999999934
 20
-109.7307209999999884
 30
0
 11
68.9548509999999908
 21
-109.622478000000001
 31
0
  0
LINE
  5
2BF
330
1A
100
AcDbEntity
  8
Edge.Cuts
  6
CONTINUOUS
100
AcDbLine
 10
68.9548509999999908
 20
-109.622478000000001
 30
0
 11
68.9409390000000002
 21
-109.5138309999999962
 31
0
  0
LINE
  5
2C0
330
1A
100
AcDbEntity
  8
Edge.Cuts
  6
CONTINUOUS
100
AcDbLine
 10
68.9409390000000002
 20
-109.5138309999999962
 30
0
 11
68.9270549999999957
 21
-109.4047769999999957
 31
0
  0
LINE
  5
2C1
330
1A
100
AcDbEntity
  8
Edge.Cuts
  6
CONTINUOUS
100
AcDbLine
 10
68.9270549999999957
 20
-109.4047769999999957
 30
0
 11
68.9132000000000033
 21
-109.2953179999999946
 31
0
  0
LINE
  5
2C2
330
1A
100
AcDbEntity
  8
Edge.Cuts
  6
CONTINUOUS
100
AcDbLine
 10
68.9132000000000033
 20
-109.2953179999999946
 30
0
 11
68.8993739999999946
 21
-109.1854499999999888
 31
0
  0
LINE
  5
2C3
330
1A
100
AcDbEntity
  8
Edge.Cuts
  6
CONTINUOUS
100
AcDbLine
 10
68.8993739999999946
 20
-109.1854499999999888
 30
0
 11
68.8855769999999978
 21
-109.0751750000000015
 31
0
  0
LINE
  5
2C4
330
1A
100
AcDbEntity
  8
Edge.Cuts
  6
CONTINUOUS
100
AcDbLine
 10
68.8855769999999978
 20
-109.0751750000000015
 30
0
 11
68.8718099999999964
 21
-108.9644909999999953
 31
0
  0
LINE
  5
2C5
330
1A
100
AcDbEntity
  8
Edge.Cuts
  6
CONTINUOUS
100
AcDbLine
 10
68.8718099999999964
 20
-108.9644909999999953
 30
0
 11
68.8580719999999928
 21
-108.8533970000000011
 31
0
  0
LINE
  5
2C6
330
1A
100
AcDbEntity
  8
Edge.Cuts
  6
CONTINUOUS
100
AcDbLine
 10
68.8580719999999928
 20
-108.8533970000000011
 30
0
 11
68.8443639999999988
 21
-108.7418929999999904
 31
0
  0
LINE
  5
2C7
330
1A
100
AcDbEntity
  8
Edge.Cuts
  6
CONTINUOUS
100
AcDbLine
 10
68.8443639999999988
 20
-108.7418929999999904
 30
0
 11
68.830686
 21
-108.6299769999999967
 31
0
  0
LINE
  5
2C8
330
1A
100
AcDbEntity
  8
Edge.Cuts
  6
CONTINUOUS
100
AcDbLine
 10
68.830686
 20
-108.6299769999999967
 30
0
 11
68.8170379999999966
 21
-108.5176499999999891
 31
0
  0
LINE
  5
2C9
330
1A
100
AcDbEntity
  8
Edge.Cuts
  6
CONTINUOUS
100
AcDbLine
 10
68.8170379999999966
 20
-108.5176499999999891
 30
0
 11
68.8034210000000002
 21
-108.4049089999999893
 31
0
  0
LINE
  5
2CA
330
1A
100
AcDbEntity
  8
Edge.Cuts
  6
CONTINUOUS
100
AcDbLine
 10
68.8034210000000002
 20
-108.4049089999999893
 30
0
 11
68.789833999999999
 21
-108.2917549999999949
 31
0
  0
LINE
  5
2CB
330
1A
100
AcDbEntity
  8
Edge.Cuts
  6
CONTINUOUS
100
AcDbLine
 10
68.789833999999999
 20
-108.2917549999999949
 30
0
 11
68.7762779999999907
 21
-108.1781869999999941
 31
0
  0
LINE
  5
2CC
330
1A
100
AcDbEntity
  8
Edge.Cuts
  6
CONTINUOUS
100
AcDbLine
 10
68.7762779999999907
 20
-108.1781869999999941
 30
0
 11
68.7627530000000036
 21
-108.0642039999999895
 31
0
  0
LINE
  5
2CD
330
1A
100
AcDbEntity
  8
Edge.Cuts
  6
CONTINUOUS
100
AcDbLine
 10
68.7627530000000036
 20
-108.0642039999999895
 30
0
 11
68.749258999999995
 21
-107.9498040000000003
 31
0
  0
LINE
  5
2CE
330
1A
100
AcDbEntity
  8
Edge.Cuts
  6
CONTINUOUS
100
AcDbLine
 10
68.749258999999995
 20
-107.9498040000000003
 30
0
 11
68.7357959999999935
 21
-107.8349879999999956
 31
0
  0
LINE
  5
2CF
330
1A
100
AcDbEntity
  8
Edge.Cuts
  6
CONTINUOUS
100
AcDbLine
 10
68.7357959999999935
 20
-107.8349879999999956
 30
0
 11
68.7223649999999964
 21
-107.7197549999999922
 31
0
  0
LINE
  5
2D0
330
1A
100
AcDbEntity
  8
Edge.Cuts
  6
CONTINUOUS
100
AcDbLine
 10
68.7223649999999964
 20
-107.7197549999999922
 30
0
 11
68.7089660000000038
 21
-107.6041039999999924
 31
0
  0
LINE
  5
2D1
330
1A
100
AcDbEntity
  8
Edge.Cuts
  6
CONTINUOUS
100
AcDbLine
 10
68.7089660000000038
 20
-107.6041039999999924
 30
0
 11
68.6955990000000014
 21
-107.488033999999999
 31
0
  0
LINE
  5
2D2
330
1A
100
AcDbEntity
  8
Edge.Cuts
  6
CONTINUOUS
100
AcDbLine
 10
68.6955990000000014
 20
-107.488033999999999
 30
0
 11
68.6822629999999918
 21
-107.3715440000000001
 31
0
  0
LINE
  5
2D3
330
1A
100
AcDbEntity
  8
Edge.Cuts
  6
CONTINUOUS
100
AcDbLine
 10
68.6822629999999918
 20
-107.3715440000000001
 30
0
 11
68.6689609999999959
 21
-107.2546339999999958
 31
0
  0
LINE
  5
2D4
330
1A
100
AcDbEntity
  8
Edge.Cuts
  6
CONTINUOUS
100
AcDbLine
 10
68.6689609999999959
 20
-107.2546339999999958
 30
0
 11
68.6556899999999928
 21
-107.1373019999999912
 31
0
  0
LINE
  5
2D5
330
1A
100
AcDbEntity
  8
Edge.Cuts
  6
CONTINUOUS
100
AcDbLine
 10
68.6556899999999928
 20
-107.1373019999999912
 30
0
 11
68.6424530000000033
 21
-107.0195489999999978
 31
0
  0
LINE
  5
2D6
330
1A
100
AcDbEntity
  8
Edge.Cuts
  6
CONTINUOUS
100
AcDbLine
 10
68.6424530000000033
 20
-107.0195489999999978
 30
0
 11
68.6292479999999898
 21
-106.9013729999999924
 31
0
  0
LINE
  5
2D7
330
1A
100
AcDbEntity
  8
Edge.Cuts
  6
CONTINUOUS
100
AcDbLine
 10
68.6292479999999898
 20
-106.9013729999999924
 30
0
 11
68.61607699999999
 21
-106.7827739999999892
 31
0
  0
LINE
  5
2D8
330
1A
100
AcDbEntity
  8
Edge.Cuts
  6
CONTINUOUS
100
AcDbLine
 10
68.61607699999999
 20
-106.7827739999999892
 30
0
 11
68.6029389999999921
 21
-106.6637519999999881
 31
0
  0
LINE
  5
2D9
330
1A
100
AcDbEntity
  8
Edge.Cuts
  6
CONTINUOUS
100
AcDbLine
 10
68.6029389999999921
 20
-106.6637519999999881
 30
0
 11
68.5898339999999962
 21
-106.5443039999999968
 31
0
  0
LINE
  5
2DA
330
1A
100
AcDbEntity
  8
Edge.Cuts
  6
CONTINUOUS
100
AcDbLine
 10
68.5898339999999962
 20
-106.5443039999999968
 30
0
 11
68.5767639999999972
 21
-106.4244309999999984
 31
0
  0
LINE
  5
2DB
330
1A
100
AcDbEntity
  8
Edge.Cuts
  6
CONTINUOUS
100
AcDbLine
 10
68.5767639999999972
 20
-106.4244309999999984
 30
0
 11
68.5637270000000001
 21
-106.3041319999999956
 31
0
  0
LINE
  5
2DC
330
1A
100
AcDbEntity
  8
Edge.Cuts
  6
CONTINUOUS
100
AcDbLine
 10
68.5637270000000001
 20
-106.3041319999999956
 30
0
 11
68.5507240000000024
 21
-106.1834059999999909
 31
0
  0
LINE
  5
2DD
330
1A
100
AcDbEntity
  8
Edge.Cuts
  6
CONTINUOUS
100
AcDbLine
 10
68.5507240000000024
 20
-106.1834059999999909
 30
0
 11
68.5377560000000017
 21
-106.0622520000000009
 31
0
  0
LINE
  5
2DE
330
1A
100
AcDbEntity
  8
Edge.Cuts
  6
CONTINUOUS
100
AcDbLine
 10
68.5377560000000017
 20
-106.0622520000000009
 30
0
 11
68.5248220000000003
 21
-105.9406699999999972
 31
0
  0
LINE
  5
2DF
330
1A
100
AcDbEntity
  8
Edge.Cuts
  6
CONTINUOUS
100
AcDbLine
 10
68.5248220000000003
 20
-105.9406699999999972
 30
0
 11
68.5119229999999959
 21
-105.8186589999999967
 31
0
  0
LINE
  5
2E0
330
1A
100
AcDbEntity
  8
Edge.Cuts
  6
CONTINUOUS
100
AcDbLine
 10
68.5119229999999959
 20
-105.8186589999999967
 30
0
 11
68.4990590000000026
 21
-105.6962189999999993
 31
0
  0
LINE
  5
2E1
330
1A
100
AcDbEntity
  8
Edge.Cuts
  6
CONTINUOUS
100
AcDbLine
 10
68.4990590000000026
 20
-105.6962189999999993
 30
0
 11
68.4862299999999919
 21
-105.5733489999999932
 31
0
  0
LINE
  5
2E2
330
1A
100
AcDbEntity
  8
Edge.Cuts
  6
CONTINUOUS
100
AcDbLine
 10
68.4862299999999919
 20
-105.5733489999999932
 30
0
 11
68.4734369999999899
 21
-105.4500469999999979
 31
0
  0
LINE
  5
2E3
330
1A
100
AcDbEntity
  8
Edge.Cuts
  6
CONTINUOUS
100
AcDbLine
 10
68.4734369999999899
 20
-105.4500469999999979
 30
0
 11
68.460678999999999
 21
-105.3263139999999964
 31
0
  0
LINE
  5
2E4
330
1A
100
AcDbEntity
  8
Edge.Cuts
  6
CONTINUOUS
100
AcDbLine
 10
68.460678999999999
 20
-105.3263139999999964
 30
0
 11
68.4479559999999907
 21
-105.202147999999994
 31
0
  0
LINE
  5
2E5
330
1A
100
AcDbEntity
  8
Edge.Cuts
  6
CONTINUOUS
100
AcDbLine
 10
68.4479559999999907
 20
-105.202147999999994
 30
0
 11
68.4352700000000027
 21
-105.0775500000000022
 31
0
  0
LINE
  5
2E6
330
1A
100
AcDbEntity
  8
Edge.Cuts
  6
CONTINUOUS
100
AcDbLine
 10
68.4352700000000027
 20
-105.0775500000000022
 30
0
 11
68.4226199999999949
 21
-104.9525170000000003
 31
0
  0
LINE
  5
2E7
330
1A
100
AcDbEntity
  8
Edge.Cuts
  6
CONTINUOUS
100
AcDbLine
 10
68.4226199999999949
 20
-104.9525170000000003
 30
0
 11
68.4100069999999931
 21
-104.8270509999999973
 31
0
  0
LINE
  5
2E8
330
1A
100
AcDbEntity
  8
Edge.Cuts
  6
CONTINUOUS
100
AcDbLine
 10
68.4100069999999931
 20
-104.8270509999999973
 30
0
 11
68.3974299999999999
 21
-104.7011490000000009
 31
0
  0
LINE
  5
2E9
330
1A
100
AcDbEntity
  8
Edge.Cuts
  6
CONTINUOUS
100
AcDbLine
 10
68.3974299999999999
 20
-104.7011490000000009
 30
0
 11
68.3848899999999986
 21
-104.5748119999999943
 31
0
  0
LINE
  5
2EA
330
1A
100
AcDbEntity
  8
Edge.Cuts
  6
CONTINUOUS
100
AcDbLine
 10
68.3848899999999986
 20
-104.5748119999999943
 30
0
 11
68.3723870000000034
 21
-104.4480389999999943
 31
0
  0
LINE
  5
2EB
330
1A
100
AcDbEntity
  8
Edge.Cuts
  6
CONTINUOUS
100
AcDbLine
 10
68.3723870000000034
 20
-104.4480389999999943
 30
0
 11
68.3599209999999999
 21
-104.3208289999999892
 31
0
  0
LINE
  5
2EC
330
1A
100
AcDbEntity
  8
Edge.Cuts
  6
CONTINUOUS
100
AcDbLine
 10
68.3599209999999999
 20
-104.3208289999999892
 30
0
 11
68.3474920000000026
 21
-104.1931819999999931
 31
0
  0
LINE
  5
2ED
330
1A
100
AcDbEntity
  8
Edge.Cuts
  6
CONTINUOUS
100
AcDbLine
 10
68.3474920000000026
 20
-104.1931819999999931
 30
0
 11
68.335101999999992
 21
-104.0650959999999969
 31
0
  0
LINE
  5
2EE
330
1A
100
AcDbEntity
  8
Edge.Cuts
  6
CONTINUOUS
100
AcDbLine
 10
68.335101999999992
 20
-104.0650959999999969
 30
0
 11
68.3227490000000017
 21
-103.9365719999999982
 31
0
  0
LINE
  5
2EF
330
1A
100
AcDbEntity
  8
Edge.Cuts
  6
CONTINUOUS
100
AcDbLine
 10
68.3227490000000017
 20
-103.9365719999999982
 30
0
 11
68.3104340000000008
 21
-103.8076080000000019
 31
0
  0
LINE
  5
2F0
330
1A
100
AcDbEntity
  8
Edge.Cuts
  6
CONTINUOUS
100
AcDbLine
 10
68.3104340000000008
 20
-103.8076080000000019
 30
0
 11
68.2981570000000033
 21
-103.6782049999999913
 31
0
  0
LINE
  5
2F1
330
1A
100
AcDbEntity
  8
Edge.Cuts
  6
CONTINUOUS
100
AcDbLine
 10
68.2981570000000033
 20
-103.6782049999999913
 30
0
 11
68.2859189999999927
 21
-103.5483600000000024
 31
0
  0
LINE
  5
2F2
330
1A
100
AcDbEntity
  8
Edge.Cuts
  6
CONTINUOUS
100
AcDbLine
 10
68.2859189999999927
 20
-103.5483600000000024
 30
0
 11
68.2737199999999973
 21
-103.4180750000000018
 31
0
  0
LINE
  5
2F3
330
1A
100
AcDbEntity
  8
Edge.Cuts
  6
CONTINUOUS
100
AcDbLine
 10
68.2737199999999973
 20
-103.4180750000000018
 30
0
 11
68.2615600000000029
 21
-103.2873479999999944
 31
0
  0
LINE
  5
2F4
330
1A
100
AcDbEntity
  8
Edge.Cuts
  6
CONTINUOUS
100
AcDbLine
 10
68.2615600000000029
 20
-103.2873479999999944
 30
0
 11
68.2494379999999978
 21
-103.1561789999999945
 31
0
  0
LINE
  5
2F5
330
1A
100
AcDbEntity
  8
Edge.Cuts
  6
CONTINUOUS
100
AcDbLine
 10
68.2494379999999978
 20
-103.1561789999999945
 30
0
 11
68.2373559999999912
 21
-103.0245669999999905
 31
0
  0
LINE
  5
2F6
330
1A
100
AcDbEntity
  8
Edge.Cuts
  6
CONTINUOUS
100
AcDbLine
 10
68.2373559999999912
 20
-103.0245669999999905
 30
0
 11
68.2253139999999973
 21
-102.8925119999999964
 31
0
  0
LINE
  5
2F7
330
1A
100
AcDbEntity
  8
Edge.Cuts
  6
CONTINUOUS
100
AcDbLine
 10
68.2253139999999973
 20
-102.8925119999999964
 30
0
 11
68.2133109999999903
 21
-102.760011999999989
 31
0
  0
LINE
  5
2F8
330
1A
100
AcDbEntity
  8
Edge.Cuts
  6
CONTINUOUS
100
AcDbLine
 10
68.2133109999999903
 20
-102.760011999999989
 30
0
 11
68.2013489999999933
 21
-102.6270679999999942
 31
0
  0
LINE
  5
2F9
330
1A
100
AcDbEntity
  8
Edge.Cuts
  6
CONTINUOUS
100
AcDbLine
 10
68.2013489999999933
 20
-102.6270679999999942
 30
0
 11
68.1894259999999974
 21
-102.4936790000000002
 31
0
  0
LINE
  5
2FA
330
1A
100
AcDbEntity
  8
Edge.Cuts
  6
CONTINUOUS
100
AcDbLine
 10
68.1894259999999974
 20
-102.4936790000000002
 30
0
 11
68.1775439999999975
 21
-102.3598449999999929
 31
0
  0
LINE
  5
2FB
330
1A
100
AcDbEntity
  8
Edge.Cuts
  6
CONTINUOUS
100
AcDbLine
 10
68.1775439999999975
 20
-102.3598449999999929
 30
0
 11
68.1657029999999935
 21
-102.2255639999999914
 31
0
  0
LINE
  5
2FC
330
1A
100
AcDbEntity
  8
Edge.Cuts
  6
CONTINUOUS
100
AcDbLine
 10
68.1657029999999935
 20
-102.2255639999999914
 30
0
 11
68.1539020000000022
 21
-102.0908369999999934
 31
0
  0
LINE
  5
2FD
330
1A
100
AcDbEntity
  8
Edge.Cuts
  6
CONTINUOUS
100
AcDbLine
 10
68.1539020000000022
 20
-102.0908369999999934
 30
0
 11
68.1421429999999901
 21
-101.9556619999999896
 31
0
  0
LINE
  5
2FE
330
1A
100
AcDbEntity
  8
Edge.Cuts
  6
CONTINUOUS
100
AcDbLine
 10
68.1421429999999901
 20
-101.9556619999999896
 30
0
 11
68.1304250000000025
 21
-101.8200399999999917
 31
0
  0
LINE
  5
2FF
330
1A
100
AcDbEntity
  8
Edge.Cuts
  6
CONTINUOUS
100
AcDbLine
 10
68.1304250000000025
 20
-101.8200399999999917
 30
0
 11
68.1187479999999965
 21
-101.6839689999999905
 31
0
  0
LINE
  5
300
330
1A
100
AcDbEntity
  8
Edge.Cuts
  6
CONTINUOUS
100
AcDbLine
 10
68.1187479999999965
 20
-101.6839689999999905
 30
0
 11
68.1071129999999982
 21
-101.5474499999999978
 31
0
  0
LINE
  5
301
330
1A
100
AcDbEntity
  8
Edge.Cuts
  6
CONTINUOUS
100
AcDbLine
 10
68.1071129999999982
 20
-101.5474499999999978
 30
0
 11
68.0955199999999934
 21
-101.4104820000000018
 31
0
  0
LINE
  5
302
330
1A
100
AcDbEntity
  8
Edge.Cuts
  6
CONTINUOUS
100
AcDbLine
 10
68.0955199999999934
 20
-101.4104820000000018
 30
0
 11
68.0839689999999962
 21
-101.2730639999999909
 31
0
  0
LINE
  5
303
330
1A
100
AcDbEntity
  8
Edge.Cuts
  6
CONTINUOUS
100
AcDbLine
 10
68.0839689999999962
 20
-101.2730639999999909
 30
0
 11
68.0724599999999924
 21
-101.1351959999999934
 31
0
  0
LINE
  5
304
330
1A
100
AcDbEntity
  8
Edge.Cuts
  6
CONTINUOUS
100
AcDbLine
 10
68.0724599999999924
 20
-101.1351959999999934
 30
0
 11
68.0609939999999938
 21
-100.9968769999999978
 31
0
  0
LINE
  5
305
330
1A
100
AcDbEntity
  8
Edge.Cuts
  6
CONTINUOUS
100
AcDbLine
 10
68.0609939999999938
 20
-100.9968769999999978
 30
0
 11
68.0495710000000003
 21
-100.8581069999999897
 31
0
  0
LINE
  5
306
330
1A
100
AcDbEntity
  8
Edge.Cuts
  6
CONTINUOUS
100
AcDbLine
 10
68.0495710000000003
 20
-100.8581069999999897
 30
0
 11
68.0381909999999976
 21
-100.7188859999999977
 31
0
  0
LINE
  5
307
330
1A
100
AcDbEntity
  8
Edge.Cuts
  6
CONTINUOUS
100
AcDbLine
 10
68.0381909999999976
 20
-100.7188859999999977
 30
0
 11
68.0268540000000002
 21
-100.5792129999999958
 31
0
  0
LINE
  5
308
330
1A
100
AcDbEntity
  8
Edge.Cuts
  6
CONTINUOUS
100
AcDbLine
 10
68.0268540000000002
 20
-100.5792129999999958
 30
0
 11
68.0155599999999936
 21
-100.4390879999999981
 31
0
  0
LINE
  5
309
330
1A
100
AcDbEntity
  8
Edge.Cuts
  6
CONTINUOUS
100
AcDbLine
 10
68.0155599999999936
 20
-100.4390879999999981
 30
0
 11
68.0043100000000038
 21
-100.2985099999999932
 31
0
  0
LINE
  5
30A
330
1A
100
AcDbEntity
  8
Edge.Cuts
  6
CONTINUOUS
100
AcDbLine
 10
68.0043100000000038
 20
-100.2985099999999932
 30
0
 11
67.9931040000000024
 21
-100.1574779999999976
 31
0
  0
LINE
  5
30B
330
1A
100
AcDbEntity
  8
Edge.Cuts
  6
CONTINUOUS
100
AcDbLine
 10
67.9931040000000024
 20
-100.1574779999999976
 30
0
 11
67.9819430000000011
 21
-100.0159929999999946
 31
0
  0
LINE
  5
30C
330
1A
100
AcDbEntity
  8
Edge.Cuts
  6
CONTINUOUS
100
AcDbLine
 10
67.9819430000000011
 20
-100.0159929999999946
 30
0
 11
67.9708249999999907
 21
-99.8740549999999985
 31
0
  0
LINE
  5
30D
330
1A
100
AcDbEntity
  8
Edge.Cuts
  6
CONTINUOUS
100
AcDbLine
 10
67.9708249999999907
 20
-99.8740549999999985
 30
0
 11
67.9597519999999946
 21
-99.7316610000000026
 31
0
  0
LINE
  5
30E
330
1A
100
AcDbEntity
  8
Edge.Cuts
  6
CONTINUOUS
100
AcDbLine
 10
67.9597519999999946
 20
-99.7316610000000026
 30
0
 11
67.9487239999999986
 21
-99.5888139999999993
 31
0
  0
LINE
  5
30F
330
1A
100
AcDbEntity
  8
Edge.Cuts
  6
CONTINUOUS
100
AcDbLine
 10
67.9487239999999986
 20
-99.5888139999999993
 30
0
 11
67.9377410000000026
 21
-99.4455109999999962
 31
0
  0
LINE
  5
310
330
1A
100
AcDbEntity
  8
Edge.Cuts
  6
CONTINUOUS
100
AcDbLine
 10
67.9377410000000026
 20
-99.4455109999999962
 30
0
 11
67.9268029999999925
 21
-99.3017519999999934
 31
0
  0
LINE
  5
311
330
1A
100
AcDbEntity
  8
Edge.Cuts
  6
CONTINUOUS
100
AcDbLine
 10
67.9268029999999925
 20
-99.3017519999999934
 30
0
 11
67.9159109999999941
 21
-99.1575380000000024
 31
0
  0
LINE
  5
312
330
1A
100
AcDbEntity
  8
Edge.Cuts
  6
CONTINUOUS
100
AcDbLine
 10
67.9159109999999941
 20
-99.1575380000000024
 30
0
 11
67.9050639999999959
 21
-99.0128679999999974
 31
0
  0
LINE
  5
313
330
1A
100
AcDbEntity
  8
Edge.Cuts
  6
CONTINUOUS
100
AcDbLine
 10
67.9050639999999959
 20
-99.0128679999999974
 30
0
 11
67.8942629999999951
 21
-98.8677419999999927
 31
0
  0
LINE
  5
314
330
1A
100
AcDbEntity
  8
Edge.Cuts
  6
CONTINUOUS
100
AcDbLine
 10
67.8942629999999951
 20
-98.8677419999999927
 30
0
 11
67.8835090000000037
 21
-98.7221579999999932
 31
0
  0
LINE
  5
315
330
1A
100
AcDbEntity
  8
Edge.Cuts
  6
CONTINUOUS
100
AcDbLine
 10
67.8835090000000037
 20
-98.7221579999999932
 30
0
 11
67.872799999999998
 21
-98.5761179999999939
 31
0
  0
LINE
  5
316
330
1A
100
AcDbEntity
  8
Edge.Cuts
  6
CONTINUOUS
100
AcDbLine
 10
67.872799999999998
 20
-98.5761179999999939
 30
0
 11
67.8621389999999991
 21
-98.4296199999999999
 31
0
  0
LINE
  5
317
330
1A
100
AcDbEntity
  8
Edge.Cuts
  6
CONTINUOUS
100
AcDbLine
 10
67.8621389999999991
 20
-98.4296199999999999
 30
0
 11
67.8515239999999977
 21
-98.2826649999999944
 31
0
  0
LINE
  5
318
330
1A
100
AcDbEntity
  8
Edge.Cuts
  6
CONTINUOUS
100
AcDbLine
 10
67.8515239999999977
 20
-98.2826649999999944
 30
0
 11
67.8409559999999914
 21
-98.1352519999999942
 31
0
  0
LINE
  5
319
330
1A
100
AcDbEntity
  8
Edge.Cuts
  6
CONTINUOUS
100
AcDbLine
 10
67.8409559999999914
 20
-98.1352519999999942
 30
0
 11
67.8304349999999943
 21
-97.9873809999999992
 31
0
  0
LINE
  5
31A
330
1A
100
AcDbEntity
  8
Edge.Cuts
  6
CONTINUOUS
100
AcDbLine
 10
67.8304349999999943
 20
-97.9873809999999992
 30
0
 11
67.8199620000000039
 21
-97.8390519999999952
 31
0
  0
LINE
  5
31B
330
1A
100
AcDbEntity
  8
Edge.Cuts
  6
CONTINUOUS
100
AcDbLine
 10
67.8199620000000039
 20
-97.8390519999999952
 30
0
 11
67.8095369999999917
 21
-97.6902639999999991
 31
0
  0
LINE
  5
31C
330
1A
100
AcDbEntity
  8
Edge.Cuts
  6
CONTINUOUS
100
AcDbLine
 10
67.8095369999999917
 20
-97.6902639999999991
 30
0
 11
67.7991590000000031
 21
-97.541017999999994
 31
0
  0
LINE
  5
31D
330
1A
100
AcDbEntity
  8
Edge.Cuts
  6
CONTINUOUS
100
AcDbLine
 10
67.7991590000000031
 20
-97.541017999999994
 30
0
 11
67.7888299999999902
 21
-97.3913119999999992
 31
0
  0
LINE
  5
31E
330
1A
100
AcDbEntity
  8
Edge.Cuts
  6
CONTINUOUS
100
AcDbLine
 10
67.7888299999999902
 20
-97.3913119999999992
 30
0
 11
67.7785489999999982
 21
-97.2411479999999955
 31
0
  0
LINE
  5
31F
330
1A
100
AcDbEntity
  8
Edge.Cuts
  6
CONTINUOUS
100
AcDbLine
 10
67.7785489999999982
 20
-97.2411479999999955
 30
0
 11
67.7683169999999961
 21
-97.090524000000002
 31
0
  0
LINE
  5
320
330
1A
100
AcDbEntity
  8
Edge.Cuts
  6
CONTINUOUS
100
AcDbLine
 10
67.7683169999999961
 20
-97.090524000000002
 30
0
 11
67.7581330000000008
 21
-96.9394399999999905
 31
0
  0
LINE
  5
321
330
1A
100
AcDbEntity
  8
Edge.Cuts
  6
CONTINUOUS
100
AcDbLine
 10
67.7581330000000008
 20
-96.9394399999999905
 30
0
 11
67.747998999999993
 21
-96.787897000000001
 31
0
  0
LINE
  5
322
330
1A
100
AcDbEntity
  8
Edge.Cuts
  6
CONTINUOUS
100
AcDbLine
 10
67.747998999999993
 20
-96.787897000000001
 30
0
 11
67.7379140000000035
 21
-96.6358939999999933
 31
0
  0
LINE
  5
323
330
1A
100
AcDbEntity
  8
Edge.Cuts
  6
CONTINUOUS
100
AcDbLine
 10
67.7379140000000035
 20
-96.6358939999999933
 30
0
 11
67.7278790000000015
 21
-96.4834319999999934
 31
0
  0
LINE
  5
324
330
1A
100
AcDbEntity
  8
Edge.Cuts
  6
CONTINUOUS
100
AcDbLine
 10
67.7278790000000015
 20
-96.4834319999999934
 30
0
 11
67.7178930000000037
 21
-96.3305089999999922
 31
0
  0
LINE
  5
325
330
1A
100
AcDbEntity
  8
Edge.Cuts
  6
CONTINUOUS
100
AcDbLine
 10
67.7178930000000037
 20
-96.3305089999999922
 30
0
 11
67.7079569999999933
 21
-96.1771269999999987
 31
0
  0
LINE
  5
326
330
1A
100
AcDbEntity
  8
Edge.Cuts
  6
CONTINUOUS
100
AcDbLine
 10
67.7079569999999933
 20
-96.1771269999999987
 30
0
 11
67.6980719999999963
 21
-96.0232839999999896
 31
0
  0
LINE
  5
327
330
1A
100
AcDbEntity
  8
Edge.Cuts
  6
CONTINUOUS
100
AcDbLine
 10
67.6980719999999963
 20
-96.0232839999999896
 30
0
 11
67.6882370000000009
 21
-95.8689809999999909
 31
0
  0
LINE
  5
328
330
1A
100
AcDbEntity
  8
Edge.Cuts
  6
CONTINUOUS
100
AcDbLine
 10
67.6882370000000009
 20
-95.8689809999999909
 30
0
 11
67.6784529999999904
 21
-95.7142169999999908
 31
0
  0
LINE
  5
329
330
1A
100
AcDbEntity
  8
Edge.Cuts
  6
CONTINUOUS
100
AcDbLine
 10
67.6784529999999904
 20
-95.7142169999999908
 30
0
 11
67.6687199999999933
 21
-95.5589939999999984
 31
0
  0
LINE
  5
32A
330
1A
100
AcDbEntity
  8
Edge.Cuts
  6
CONTINUOUS
100
AcDbLine
 10
67.6687199999999933
 20
-95.5589939999999984
 30
0
 11
67.6590379999999953
 21
-95.4033099999999905
 31
0
  0
LINE
  5
32B
330
1A
100
AcDbEntity
  8
Edge.Cuts
  6
CONTINUOUS
100
AcDbLine
 10
67.6590379999999953
 20
-95.4033099999999905
 30
0
 11
67.6494069999999965
 21
-95.2471659999999929
 31
0
  0
LINE
  5
32C
330
1A
100
AcDbEntity
  8
Edge.Cuts
  6
CONTINUOUS
100
AcDbLine
 10
67.6494069999999965
 20
-95.2471659999999929
 30
0
 11
67.6398279999999943
 21
-95.0905619999999914
 31
0
  0
LINE
  5
32D
330
1A
100
AcDbEntity
  8
Edge.Cuts
  6
CONTINUOUS
100
AcDbLine
 10
67.6398279999999943
 20
-95.0905619999999914
 30
0
 11
67.6303010000000029
 21
-94.9334970000000027
 31
0
  0
LINE
  5
32E
330
1A
100
AcDbEntity
  8
Edge.Cuts
  6
CONTINUOUS
100
AcDbLine
 10
67.6303010000000029
 20
-94.9334970000000027
 30
0
 11
67.6208259999999939
 21
-94.7759719999999959
 31
0
  0
LINE
  5
32F
330
1A
100
AcDbEntity
  8
Edge.Cuts
  6
CONTINUOUS
100
AcDbLine
 10
67.6208259999999939
 20
-94.7759719999999959
 30
0
 11
67.6114029999999957
 21
-94.6179879999999969
 31
0
  0
LINE
  5
330
330
1A
100
AcDbEntity
  8
Edge.Cuts
  6
CONTINUOUS
100
AcDbLine
 10
67.6114029999999957
 20
-94.6179879999999969
 30
0
 11
67.6020329999999916
 21
-94.4595429999999965
 31
0
  0
LINE
  5
331
330
1A
100
AcDbEntity
  8
Edge.Cuts
  6
CONTINUOUS
100
AcDbLine
 10
67.6020329999999916
 20
-94.4595429999999965
 30
0
 11
67.5927159999999958
 21
-94.3006379999999922
 31
0
  0
LINE
  5
332
330
1A
100
AcDbEntity
  8
Edge.Cuts
  6
CONTINUOUS
100
AcDbLine
 10
67.5927159999999958
 20
-94.3006379999999922
 30
0
 11
67.5834519999999941
 21
-94.1412739999999957
 31
0
  0
LINE
  5
333
330
1A
100
AcDbEntity
  8
Edge.Cuts
  6
CONTINUOUS
100
AcDbLine
 10
67.5834519999999941
 20
-94.1412739999999957
 30
0
 11
67.5742410000000007
 21
-93.9814489999999978
 31
0
  0
LINE
  5
334
330
1A
100
AcDbEntity
  8
Edge.Cuts
  6
CONTINUOUS
100
AcDbLine
 10
67.5742410000000007
 20
-93.9814489999999978
 30
0
 11
67.5650830000000013
 21
-93.821165999999991
 31
0
  0
LINE
  5
335
330
1A
100
AcDbEntity
  8
Edge.Cuts
  6
CONTINUOUS
100
AcDbLine
 10
67.5650830000000013
 20
-93.821165999999991
 30
0
 11
67.555979999999991
 21
-93.6604229999999944
 31
0
  0
LINE
  5
336
330
1A
100
AcDbEntity
  8
Edge.Cuts
  6
CONTINUOUS
100
AcDbLine
 10
67.555979999999991
 20
-93.6604229999999944
 30
0
 11
67.5469300000000032
 21
-93.4992209999999915
 31
0
  0
LINE
  5
337
330
1A
100
AcDbEntity
  8
Edge.Cuts
  6
CONTINUOUS
100
AcDbLine
 10
67.5469300000000032
 20
-93.4992209999999915
 30
0
 11
67.5379349999999903
 21
-93.3375599999999963
 31
0
  0
LINE
  5
338
330
1A
100
AcDbEntity
  8
Edge.Cuts
  6
CONTINUOUS
100
AcDbLine
 10
67.5379349999999903
 20
-93.3375599999999963
 30
0
 11
67.5289939999999973
 21
-93.1754409999999922
 31
0
  0
LINE
  5
339
330
1A
100
AcDbEntity
  8
Edge.Cuts
  6
CONTINUOUS
100
AcDbLine
 10
67.5289939999999973
 20
-93.1754409999999922
 30
0
 11
67.5201069999999959
 21
-93.0128629999999958
 31
0
  0
LINE
  5
33A
330
1A
100
AcDbEntity
  8
Edge.Cuts
  6
CONTINUOUS
100
AcDbLine
 10
67.5201069999999959
 20
-93.0128629999999958
 30
0
 11
67.5112759999999952
 21
-92.8498269999999906
 31
0
  0
LINE
  5
33B
330
1A
100
AcDbEntity
  8
Edge.Cuts
  6
CONTINUOUS
100
AcDbLine
 10
67.5112759999999952
 20
-92.8498269999999906
 30
0
 11
67.5024999999999977
 21
-92.6863329999999905
 31
0
  0
LINE
  5
33C
330
1A
100
AcDbEntity
  8
Edge.Cuts
  6
CONTINUOUS
100
AcDbLine
 10
67.5024999999999977
 20
-92.6863329999999905
 30
0
 11
67.4937790000000035
 21
-92.5223819999999932
 31
0
  0
LINE
  5
33D
330
1A
100
AcDbEntity
  8
Edge.Cuts
  6
CONTINUOUS
100
AcDbLine
 10
67.4937790000000035
 20
-92.5223819999999932
 30
0
 11
67.4851139999999958
 21
-92.3579739999999987
 31
0
  0
LINE
  5
33E
330
1A
100
AcDbEntity
  8
Edge.Cuts
  6
CONTINUOUS
100
AcDbLine
 10
67.4851139999999958
 20
-92.3579739999999987
 30
0
 11
67.4765050000000031
 21
-92.1931089999999926
 31
0
  0
LINE
  5
33F
330
1A
100
AcDbEntity
  8
Edge.Cuts
  6
CONTINUOUS
100
AcDbLine
 10
67.4765050000000031
 20
-92.1931089999999926
 30
0
 11
67.4679519999999968
 21
-92.027788000000001
 31
0
  0
LINE
  5
340
330
1A
100
AcDbEntity
  8
Edge.Cuts
  6
CONTINUOUS
100
AcDbLine
 10
67.4679519999999968
 20
-92.027788000000001
 30
0
 11
67.4594549999999913
 21
-91.8620109999999954
 31
0
  0
LINE
  5
341
330
1A
100
AcDbEntity
  8
Edge.Cuts
  6
CONTINUOUS
100
AcDbLine
 10
67.4594549999999913
 20
-91.8620109999999954
 30
0
 11
67.4510149999999982
 21
-91.6957790000000017
 31
0
  0
LINE
  5
342
330
1A
100
AcDbEntity
  8
Edge.Cuts
  6
CONTINUOUS
100
AcDbLine
 10
67.4510149999999982
 20
-91.6957790000000017
 30
0
 11
67.4426320000000032
 21
-91.5290919999999915
 31
0
  0
LINE
  5
343
330
1A
100
AcDbEntity
  8
Edge.Cuts
  6
CONTINUOUS
100
AcDbLine
 10
67.4426320000000032
 20
-91.5290919999999915
 30
0
 11
67.4343059999999923
 21
-91.3619499999999931
 31
0
  0
LINE
  5
344
330
1A
100
AcDbEntity
  8
Edge.Cuts
  6
CONTINUOUS
100
AcDbLine
 10
67.4343059999999923
 20
-91.3619499999999931
 30
0
 11
67.4260369999999938
 21
-91.1943539999999899
 31
0
  0
LINE
  5
345
330
1A
100
AcDbEntity
  8
Edge.Cuts
  6
CONTINUOUS
100
AcDbLine
 10
67.4260369999999938
 20
-91.1943539999999899
 30
0
 11
67.4178259999999909
 21
-91.0263049999999936
 31
0
  0
LINE
  5
346
330
1A
100
AcDbEntity
  8
Edge.Cuts
  6
CONTINUOUS
100
AcDbLine
 10
67.4178259999999909
 20
-91.0263049999999936
 30
0
 11
67.409672999999998
 21
-90.8578029999999899
 31
0
  0
LINE
  5
347
330
1A
100
AcDbEntity
  8
Edge.Cuts
  6
CONTINUOUS
100
AcDbLine
 10
67.409672999999998
 20
-90.8578029999999899
 30
0
 11
67.4015780000000007
 21
-90.6888489999999905
 31
0
  0
LINE
  5
348
330
1A
100
AcDbEntity
  8
Edge.Cuts
  6
CONTINUOUS
100
AcDbLine
 10
67.4015780000000007
 20
-90.6888489999999905
 30
0
 11
67.393540999999999
 21
-90.5194429999999954
 31
0
  0
LINE
  5
349
330
1A
100
AcDbEntity
  8
Edge.Cuts
  6
CONTINUOUS
100
AcDbLine
 10
67.393540999999999
 20
-90.5194429999999954
 30
0
 11
67.3855619999999931
 21
-90.3495869999999996
 31
0
  0
LINE
  5
34A
330
1A
100
AcDbEntity
  8
Edge.Cuts
  6
CONTINUOUS
100
AcDbLine
 10
67.3855619999999931
 20
-90.3495869999999996
 30
0
 11
67.377642999999992
 21
-90.1792799999999914
 31
0
  0
LINE
  5
34B
330
1A
100
AcDbEntity
  8
Edge.Cuts
  6
CONTINUOUS
100
AcDbLine
 10
67.377642999999992
 20
-90.1792799999999914
 30
0
 11
67.3697820000000007
 21
-90.0085229999999967
 31
0
  0
LINE
  5
34C
330
1A
100
AcDbEntity
  8
Edge.Cuts
  6
CONTINUOUS
100
AcDbLine
 10
67.3697820000000007
 20
-90.0085229999999967
 30
0
 11
67.3619810000000001
 21
-89.8373179999999962
 31
0
  0
LINE
  5
34D
330
1A
100
AcDbEntity
  8
Edge.Cuts
  6
CONTINUOUS
100
AcDbLine
 10
67.3619810000000001
 20
-89.8373179999999962
 30
0
 11
67.3542389999999926
 21
-89.66566499999999
 31
0
  0
LINE
  5
34E
330
1A
100
AcDbEntity
  8
Edge.Cuts
  6
CONTINUOUS
100
AcDbLine
 10
67.3542389999999926
 20
-89.66566499999999
 30
0
 11
67.34655699999999
 21
-89.4935649999999896
 31
0
  0
LINE
  5
34F
330
1A
100
AcDbEntity
  8
Edge.Cuts
  6
CONTINUOUS
100
AcDbLine
 10
67.34655699999999
 20
-89.4935649999999896
 30
0
 11
67.3389349999999922
 21
-89.3210189999999926
 31
0
  0
LINE
  5
350
330
1A
100
AcDbEntity
  8
Edge.Cuts
  6
CONTINUOUS
100
AcDbLine
 10
67.3389349999999922
 20
-89.3210189999999926
 30
0
 11
67.3313729999999993
 21
-89.148026999999999
 31
0
  0
LINE
  5
351
330
1A
100
AcDbEntity
  8
Edge.Cuts
  6
CONTINUOUS
100
AcDbLine
 10
67.3313729999999993
 20
-89.148026999999999
 30
0
 11
67.3238709999999969
 21
-88.9745899999999921
 31
0
  0
LINE
  5
352
330
1A
100
AcDbEntity
  8
Edge.Cuts
  6
CONTINUOUS
100
AcDbLine
 10
67.3238709999999969
 20
-88.9745899999999921
 30
0
 11
67.3164309999999944
 21
-88.8007099999999951
 31
0
  0
LINE
  5
353
330
1A
100
AcDbEntity
  8
Edge.Cuts
  6
CONTINUOUS
100
AcDbLine
 10
67.3164309999999944
 20
-88.8007099999999951
 30
0
 11
67.3090509999999966
 21
-88.626386999999994
 31
0
  0
LINE
  5
354
330
1A
100
AcDbEntity
  8
Edge.Cuts
  6
CONTINUOUS
100
AcDbLine
 10
67.3090509999999966
 20
-88.626386999999994
 30
0
 11
67.3017320000000012
 21
-88.4516229999999979
 31
0
  0
LINE
  5
355
330
1A
100
AcDbEntity
  8
Edge.Cuts
  6
CONTINUOUS
100
AcDbLine
 10
67.3017320000000012
 20
-88.4516229999999979
 30
0
 11
67.2944749999999914
 21
-88.2764179999999925
 31
0
  0
LINE
  5
356
330
1A
100
AcDbEntity
  8
Edge.Cuts
  6
CONTINUOUS
100
AcDbLine
 10
67.2944749999999914
 20
-88.2764179999999925
 30
0
 11
67.2872799999999955
 21
-88.1007740000000013
 31
0
  0
LINE
  5
357
330
1A
100
AcDbEntity
  8
Edge.Cuts
  6
CONTINUOUS
100
AcDbLine
 10
67.2872799999999955
 20
-88.1007740000000013
 30
0
 11
67.280146000000002
 21
-87.9246909999999957
 31
0
  0
LINE
  5
358
330
1A
100
AcDbEntity
  8
Edge.Cuts
  6
CONTINUOUS
100
AcDbLine
 10
67.280146000000002
 20
-87.9246909999999957
 30
0
 11
67.2730749999999915
 21
-87.7481719999999967
 31
0
  0
LINE
  5
359
330
1A
100
AcDbEntity
  8
Edge.Cuts
  6
CONTINUOUS
100
AcDbLine
 10
67.2730749999999915
 20
-87.7481719999999967
 30
0
 11
67.266065999999995
 21
-87.5712159999999926
 31
0
  0
LINE
  5
35A
330
1A
100
AcDbEntity
  8
Edge.Cuts
  6
CONTINUOUS
100
AcDbLine
 10
67.266065999999995
 20
-87.5712159999999926
 30
0
 11
67.2591199999999958
 21
-87.3938249999999925
 31
0
  0
LINE
  5
35B
330
1A
100
AcDbEntity
  8
Edge.Cuts
  6
CONTINUOUS
100
AcDbLine
 10
67.2591199999999958
 20
-87.3938249999999925
 30
0
 11
67.2522369999999938
 21
-87.2160020000000031
 31
0
  0
LINE
  5
35C
330
1A
100
AcDbEntity
  8
Edge.Cuts
  6
CONTINUOUS
100
AcDbLine
 10
67.2522369999999938
 20
-87.2160020000000031
 30
0
 11
67.2454170000000033
 21
-87.0377459999999985
 31
0
  0
LINE
  5
35D
330
1A
100
AcDbEntity
  8
Edge.Cuts
  6
CONTINUOUS
100
AcDbLine
 10
67.2454170000000033
 20
-87.0377459999999985
 30
0
 11
67.2386599999999959
 21
-86.859059000000002
 31
0
  0
LINE
  5
35E
330
1A
100
AcDbEntity
  8
Edge.Cuts
  6
CONTINUOUS
100
AcDbLine
 10
67.2386599999999959
 20
-86.859059000000002
 30
0
 11
67.2319669999999974
 21
-86.6799429999999944
 31
0
  0
LINE
  5
35F
330
1A
100
AcDbEntity
  8
Edge.Cuts
  6
CONTINUOUS
100
AcDbLine
 10
67.2319669999999974
 20
-86.6799429999999944
 30
0
 11
67.2253369999999961
 21
-86.5003990000000016
 31
0
  0
LINE
  5
360
330
1A
100
AcDbEntity
  8
Edge.Cuts
  6
CONTINUOUS
100
AcDbLine
 10
67.2253369999999961
 20
-86.5003990000000016
 30
0
 11
67.2187720000000013
 21
-86.3204279999999926
 31
0
  0
LINE
  5
361
330
1A
100
AcDbEntity
  8
Edge.Cuts
  6
CONTINUOUS
100
AcDbLine
 10
67.2187720000000013
 20
-86.3204279999999926
 30
0
 11
67.2122710000000012
 21
-86.1400330000000025
 31
0
  0
LINE
  5
362
330
1A
100
AcDbEntity
  8
Edge.Cuts
  6
CONTINUOUS
100
AcDbLine
 10
67.2122710000000012
 20
-86.1400330000000025
 30
0
 11
67.2058349999999933
 21
-85.9592150000000004
 31
0
  0
LINE
  5
363
330
1A
100
AcDbEntity
  8
Edge.Cuts
  6
CONTINUOUS
100
AcDbLine
 10
67.2058349999999933
 20
-85.9592150000000004
 30
0
 11
67.1994639999999919
 21
-85.7779749999999979
 31
0
  0
LINE
  5
364
330
1A
100
AcDbEntity
  8
Edge.Cuts
  6
CONTINUOUS
100
AcDbLine
 10
67.1994639999999919
 20
-85.7779749999999979
 30
0
 11
67.1931579999999968
 21
-85.5963149999999899
 31
0
  0
LINE
  5
365
330
1A
100
AcDbEntity
  8
Edge.Cuts
  6
CONTINUOUS
100
AcDbLine
 10
67.1931579999999968
 20
-85.5963149999999899
 30
0
 11
67.186916999999994
 21
-85.414237
 31
0
  0
LINE
  5
366
330
1A
100
AcDbEntity
  8
Edge.Cuts
  6
CONTINUOUS
100
AcDbLine
 10
67.186916999999994
 20
-85.414237
 30
0
 11
67.1807409999999976
 21
-85.2317429999999945
 31
0
  0
LINE
  5
367
330
1A
100
AcDbEntity
  8
Edge.Cuts
  6
CONTINUOUS
100
AcDbLine
 10
67.1807409999999976
 20
-85.2317429999999945
 30
0
 11
67.1746320000000026
 21
-85.0488339999999994
 31
0
  0
LINE
  5
368
330
1A
100
AcDbEntity
  8
Edge.Cuts
  6
CONTINUOUS
100
AcDbLine
 10
67.1746320000000026
 20
-85.0488339999999994
 30
0
 11
67.1685879999999997
 21
-84.8655129999999929
 31
0
  0
LINE
  5
369
330
1A
100
AcDbEntity
  8
Edge.Cuts
  6
CONTINUOUS
100
AcDbLine
 10
67.1685879999999997
 20
-84.8655129999999929
 30
0
 11
67.1626109999999983
 21
-84.6817810000000009
 31
0
  0
LINE
  5
36A
330
1A
100
AcDbEntity
  8
Edge.Cuts
  6
CONTINUOUS
100
AcDbLine
 10
67.1626109999999983
 20
-84.6817810000000009
 30
0
 11
67.1567000000000007
 21
-84.4976399999999899
 31
0
  0
LINE
  5
36B
330
1A
100
AcDbEntity
  8
Edge.Cuts
  6
CONTINUOUS
100
AcDbLine
 10
67.1567000000000007
 20
-84.4976399999999899
 30
0
 11
67.1508559999999903
 21
-84.313092999999995
 31
0
  0
LINE
  5
36C
330
1A
100
AcDbEntity
  8
Edge.Cuts
  6
CONTINUOUS
100
AcDbLine
 10
67.1508559999999903
 20
-84.313092999999995
 30
0
 11
67.1450789999999955
 21
-84.1281419999999969
 31
0
  0
LINE
  5
36D
330
1A
100
AcDbEntity
  8
Edge.Cuts
  6
CONTINUOUS
100
AcDbLine
 10
67.1450789999999955
 20
-84.1281419999999969
 30
0
 11
67.1393699999999995
 21
-83.9427879999999931
 31
0
  0
LINE
  5
36E
330
1A
100
AcDbEntity
  8
Edge.Cuts
  6
CONTINUOUS
100
AcDbLine
 10
67.1393699999999995
 20
-83.9427879999999931
 30
0
 11
67.1337279999999907
 21
-83.7570350000000019
 31
0
  0
LINE
  5
36F
330
1A
100
AcDbEntity
  8
Edge.Cuts
  6
CONTINUOUS
100
AcDbLine
 10
67.1337279999999907
 20
-83.7570350000000019
 30
0
 11
67.1281529999999975
 21
-83.5708839999999924
 31
0
  0
LINE
  5
370
330
1A
100
AcDbEntity
  8
Edge.Cuts
  6
CONTINUOUS
100
AcDbLine
 10
67.1281529999999975
 20
-83.5708839999999924
 30
0
 11
67.1226470000000006
 21
-83.3843379999999996
 31
0
  0
LINE
  5
371
330
1A
100
AcDbEntity
  8
Edge.Cuts
  6
CONTINUOUS
100
AcDbLine
 10
67.1226470000000006
 20
-83.3843379999999996
 30
0
 11
67.1172079999999909
 21
-83.1973989999999901
 31
0
  0
LINE
  5
372
330
1A
100
AcDbEntity
  8
Edge.Cuts
  6
CONTINUOUS
100
AcDbLine
 10
67.1172079999999909
 20
-83.1973989999999901
 30
0
 11
67.1118390000000034
 21
-83.0100699999999989
 31
0
  0
LINE
  5
373
330
1A
100
AcDbEntity
  8
Edge.Cuts
  6
CONTINUOUS
100
AcDbLine
 10
67.1118390000000034
 20
-83.0100699999999989
 30
0
 11
67.1065380000000005
 21
-82.8223529999999926
 31
0
  0
LINE
  5
374
330
1A
100
AcDbEntity
  8
Edge.Cuts
  6
CONTINUOUS
100
AcDbLine
 10
67.1065380000000005
 20
-82.8223529999999926
 30
0
 11
67.1013049999999964
 21
-82.6342509999999919
 31
0
  0
LINE
  5
375
330
1A
100
AcDbEntity
  8
Edge.Cuts
  6
CONTINUOUS
100
AcDbLine
 10
67.1013049999999964
 20
-82.6342509999999919
 30
0
 11
67.0961420000000004
 21
-82.4457680000000011
 31
0
  0
LINE
  5
376
330
1A
100
AcDbEntity
  8
Edge.Cuts
  6
CONTINUOUS
100
AcDbLine
 10
67.0961420000000004
 20
-82.4457680000000011
 30
0
 11
67.0910489999999982
 21
-82.2569050000000033
 31
0
  0
LINE
  5
377
330
1A
100
AcDbEntity
  8
Edge.Cuts
  6
CONTINUOUS
100
AcDbLine
 10
67.0910489999999982
 20
-82.2569050000000033
 30
0
 11
67.0860249999999922
 21
-82.067664999999991
 31
0
  0
LINE
  5
378
330
1A
100
AcDbEntity
  8
Edge.Cuts
  6
CONTINUOUS
100
AcDbLine
 10
67.0860249999999922
 20
-82.067664999999991
 30
0
 11
67.0810699999999969
 21
-81.8780519999999967
 31
0
  0
LINE
  5
379
330
1A
100
AcDbEntity
  8
Edge.Cuts
  6
CONTINUOUS
100
AcDbLine
 10
67.0810699999999969
 20
-81.8780519999999967
 30
0
 11
67.0761859999999928
 21
-81.6880689999999987
 31
0
  0
LINE
  5
37A
330
1A
100
AcDbEntity
  8
Edge.Cuts
  6
CONTINUOUS
100
AcDbLine
 10
67.0761859999999928
 20
-81.6880689999999987
 30
0
 11
67.0713729999999941
 21
-81.4977189999999894
 31
0
  0
LINE
  5
37B
330
1A
100
AcDbEntity
  8
Edge.Cuts
  6
CONTINUOUS
100
AcDbLine
 10
67.0713729999999941
 20
-81.4977189999999894
 30
0
 11
67.0666289999999918
 21
-81.3070039999999921
 31
0
  0
LINE
  5
37C
330
1A
100
AcDbEntity
  8
Edge.Cuts
  6
CONTINUOUS
100
AcDbLine
 10
67.0666289999999918
 20
-81.3070039999999921
 30
0
 11
67.0619569999999925
 21
-81.1159289999999942
 31
0
  0
LINE
  5
37D
330
1A
100
AcDbEntity
  8
Edge.Cuts
  6
CONTINUOUS
100
AcDbLine
 10
67.0619569999999925
 20
-81.1159289999999942
 30
0
 11
67.0573559999999986
 21
-80.9244970000000023
 31
0
  0
LINE
  5
37E
330
1A
100
AcDbEntity
  8
Edge.Cuts
  6
CONTINUOUS
100
AcDbLine
 10
67.0573559999999986
 20
-80.9244970000000023
 30
0
 11
67.0528249999999986
 21
-80.7327109999999948
 31
0
  0
LINE
  5
37F
330
1A
100
AcDbEntity
  8
Edge.Cuts
  6
CONTINUOUS
100
AcDbLine
 10
67.0528249999999986
 20
-80.7327109999999948
 30
0
 11
67.0483669999999989
 21
-80.5405749999999898
 31
0
  0
LINE
  5
380
330
1A
100
AcDbEntity
  8
Edge.Cuts
  6
CONTINUOUS
100
AcDbLine
 10
67.0483669999999989
 20
-80.5405749999999898
 30
0
 11
67.0439799999999906
 21
-80.3480919999999941
 31
0
  0
LINE
  5
381
330
1A
100
AcDbEntity
  8
Edge.Cuts
  6
CONTINUOUS
100
AcDbLine
 10
67.0439799999999906
 20
-80.3480919999999941
 30
0
 11
67.0396649999999994
 21
-80.1552669999999949
 31
0
  0
LINE
  5
382
330
1A
100
AcDbEntity
  8
Edge.Cuts
  6
CONTINUOUS
100
AcDbLine
 10
67.0396649999999994
 20
-80.1552669999999949
 30
0
 11
67.035421999999997
 21
-79.962102999999999
 31
0
  0
LINE
  5
383
330
1A
100
AcDbEntity
  8
Edge.Cuts
  6
CONTINUOUS
100
AcDbLine
 10
67.035421999999997
 20
-79.962102999999999
 30
0
 11
67.0312509999999975
 21
-79.7686049999999938
 31
0
  0
LINE
  5
384
330
1A
100
AcDbEntity
  8
Edge.Cuts
  6
CONTINUOUS
100
AcDbLine
 10
67.0312509999999975
 20
-79.7686049999999938
 30
0
 11
67.0271529999999984
 21
-79.574776
 31
0
  0
LINE
  5
385
330
1A
100
AcDbEntity
  8
Edge.Cuts
  6
CONTINUOUS
100
AcDbLine
 10
67.0271529999999984
 20
-79.574776
 30
0
 11
67.0231279999999998
 21
-79.3806209999999908
 31
0
  0
LINE
  5
386
330
1A
100
AcDbEntity
  8
Edge.Cuts
  6
CONTINUOUS
100
AcDbLine
 10
67.0231279999999998
 20
-79.3806209999999908
 30
0
 11
67.0191760000000016
 21
-79.1861439999999988
 31
0
  0
LINE
  5
387
330
1A
100
AcDbEntity
  8
Edge.Cuts
  6
CONTINUOUS
100
AcDbLine
 10
67.0191760000000016
 20
-79.1861439999999988
 30
0
 11
67.0152980000000014
 21
-78.9913489999999996
 31
0
  0
LINE
  5
388
330
1A
100
AcDbEntity
  8
Edge.Cuts
  6
CONTINUOUS
100
AcDbLine
 10
67.0152980000000014
 20
-78.9913489999999996
 30
0
 11
67.0114920000000041
 21
-78.7962419999999923
 31
0
  0
LINE
  5
389
330
1A
100
AcDbEntity
  8
Edge.Cuts
  6
CONTINUOUS
100
AcDbLine
 10
67.0114920000000041
 20
-78.7962419999999923
 30
0
 11
67.0077610000000021
 21
-78.6008259999999979
 31
0
  0
LINE
  5
38A
330
1A
100
AcDbEntity
  8
Edge.Cuts
  6
CONTINUOUS
100
AcDbLine
 10
67.0077610000000021
 20
-78.6008259999999979
 30
0
 11
67.0041030000000006
 21
-78.4051079999999985
 31
0
  0
LINE
  5
38B
330
1A
100
AcDbEntity
  8
Edge.Cuts
  6
CONTINUOUS
100
AcDbLine
 10
67.0041030000000006
 20
-78.4051079999999985
 30
0
 11
67.0005199999999945
 21
-78.2090910000000008
 31
0
  0
LINE
  5
38C
330
1A
100
AcDbEntity
  8
Edge.Cuts
  6
CONTINUOUS
100
AcDbLine
 10
67.0005199999999945
 20
-78.2090910000000008
 30
0
 11
66.9970100000000031
 21
-78.0127809999999897
 31
0
  0
LINE
  5
38D
330
1A
100
AcDbEntity
  8
Edge.Cuts
  6
CONTINUOUS
100
AcDbLine
 10
66.9970100000000031
 20
-78.0127809999999897
 30
0
 11
66.9935759999999902
 21
-77.8161839999999927
 31
0
  0
LINE
  5
38E
330
1A
100
AcDbEntity
  8
Edge.Cuts
  6
CONTINUOUS
100
AcDbLine
 10
66.9935759999999902
 20
-77.8161839999999927
 30
0
 11
66.9902160000000038
 21
-77.6193039999999996
 31
0
  0
LINE
  5
38F
330
1A
100
AcDbEntity
  8
Edge.Cuts
  6
CONTINUOUS
100
AcDbLine
 10
66.9902160000000038
 20
-77.6193039999999996
 30
0
 11
66.9869309999999984
 21
-77.4221469999999954
 31
0
  0
LINE
  5
390
330
1A
100
AcDbEntity
  8
Edge.Cuts
  6
CONTINUOUS
100
AcDbLine
 10
66.9869309999999984
 20
-77.4221469999999954
 30
0
 11
66.9837210000000027
 21
-77.2247189999999932
 31
0
  0
LINE
  5
391
330
1A
100
AcDbEntity
  8
Edge.Cuts
  6
CONTINUOUS
100
AcDbLine
 10
66.9837210000000027
 20
-77.2247189999999932
 30
0
 11
66.9805860000000024
 21
-77.0270259999999922
 31
0
  0
LINE
  5
392
330
1A
100
AcDbEntity
  8
Edge.Cuts
  6
CONTINUOUS
100
AcDbLine
 10
66.9805860000000024
 20
-77.0270259999999922
 30
0
 11
66.9775279999999924
 21
-76.8290750000000031
 31
0
  0
LINE
  5
393
330
1A
100
AcDbEntity
  8
Edge.Cuts
  6
CONTINUOUS
100
AcDbLine
 10
66.9775279999999924
 20
-76.8290750000000031
 30
0
 11
66.9745439999999945
 21
-76.6308700000000016
 31
0
  0
LINE
  5
394
330
1A
100
AcDbEntity
  8
Edge.Cuts
  6
CONTINUOUS
100
AcDbLine
 10
66.9745439999999945
 20
-76.6308700000000016
 30
0
 11
66.9716370000000012
 21
-76.4324189999999959
 31
0
  0
LINE
  5
395
330
1A
100
AcDbEntity
  8
Edge.Cuts
  6
CONTINUOUS
100
AcDbLine
 10
66.9716370000000012
 20
-76.4324189999999959
 30
0
 11
66.9688060000000007
 21
-76.2337279999999993
 31
0
  0
LINE
  5
396
330
1A
100
AcDbEntity
  8
Edge.Cuts
  6
CONTINUOUS
100
AcDbLine
 10
66.9688060000000007
 20
-76.2337279999999993
 30
0
 11
66.9660509999999931
 21
-76.0348039999999941
 31
0
  0
LINE
  5
397
330
1A
100
AcDbEntity
  8
Edge.Cuts
  6
CONTINUOUS
100
AcDbLine
 10
66.9660509999999931
 20
-76.0348039999999941
 30
0
 11
66.96337299999999
 21
-75.8356550000000027
 31
0
  0
LINE
  5
398
330
1A
100
AcDbEntity
  8
Edge.Cuts
  6
CONTINUOUS
100
AcDbLine
 10
66.96337299999999
 20
-75.8356550000000027
 30
0
 11
66.960770999999994
 21
-75.6362859999999984
 31
0
  0
LINE
  5
399
330
1A
100
AcDbEntity
  8
Edge.Cuts
  6
CONTINUOUS
100
AcDbLine
 10
66.960770999999994
 20
-75.6362859999999984
 30
0
 11
66.9582470000000001
 21
-75.4367060000000009
 31
0
  0
LINE
  5
39A
330
1A
100
AcDbEntity
  8
Edge.Cuts
  6
CONTINUOUS
100
AcDbLine
 10
66.9582470000000001
 20
-75.4367060000000009
 30
0
 11
66.955798999999999
 21
-75.2369229999999902
 31
0
  0
LINE
  5
39B
330
1A
100
AcDbEntity
  8
Edge.Cuts
  6
CONTINUOUS
100
AcDbLine
 10
66.955798999999999
 20
-75.2369229999999902
 30
0
 11
66.9534280000000024
 21
-75.0369429999999937
 31
0
  0
LINE
  5
39C
330
1A
100
AcDbEntity
  8
Edge.Cuts
  6
CONTINUOUS
100
AcDbLine
 10
66.9534280000000024
 20
-75.0369429999999937
 30
0
 11
66.9511349999999936
 21
-74.8367760000000004
 31
0
  0
LINE
  5
39D
330
1A
100
AcDbEntity
  8
Edge.Cuts
  6
CONTINUOUS
100
AcDbLine
 10
66.9511349999999936
 20
-74.8367760000000004
 30
0
 11
66.9489200000000011
 21
-74.6364289999999926
 31
0
  0
LINE
  5
39E
330
1A
100
AcDbEntity
  8
Edge.Cuts
  6
CONTINUOUS
100
AcDbLine
 10
66.9489200000000011
 20
-74.6364289999999926
 30
0
 11
66.9467819999999989
 21
-74.4359120000000019
 31
0
  0
LINE
  5
39F
330
1A
100
AcDbEntity
  8
Edge.Cuts
  6
CONTINUOUS
100
AcDbLine
 10
66.9467819999999989
 20
-74.4359120000000019
 30
0
 11
66.9447219999999987
 21
-74.2352319999999963
 31
0
  0
LINE
  5
3A0
330
1A
100
AcDbEntity
  8
Edge.Cuts
  6
CONTINUOUS
100
AcDbLine
 10
66.9447219999999987
 20
-74.2352319999999963
 30
0
 11
66.9427400000000006
 21
-74.0343989999999934
 31
0
  0
LINE
  5
3A1
330
1A
100
AcDbEntity
  8
Edge.Cuts
  6
CONTINUOUS
100
AcDbLine
 10
66.9427400000000006
 20
-74.0343989999999934
 30
0
 11
66.9408359999999902
 21
-73.8334229999999963
 31
0
  0
LINE
  5
3A2
330
1A
100
AcDbEntity
  8
Edge.Cuts
  6
CONTINUOUS
100
AcDbLine
 10
66.9408359999999902
 20
-73.8334229999999963
 30
0
 11
66.9390099999999961
 21
-73.6323129999999964
 31
0
  0
LINE
  5
3A3
330
1A
100
AcDbEntity
  8
Edge.Cuts
  6
CONTINUOUS
100
AcDbLine
 10
66.9390099999999961
 20
-73.6323129999999964
 30
0
 11
66.9372630000000015
 21
-73.4310789999999969
 31
0
  0
LINE
  5
3A4
330
1A
100
AcDbEntity
  8
Edge.Cuts
  6
CONTINUOUS
100
AcDbLine
 10
66.9372630000000015
 20
-73.4310789999999969
 30
0
 11
66.9355939999999947
 21
-73.2297319999999985
 31
0
  0
LINE
  5
3A5
330
1A
100
AcDbEntity
  8
Edge.Cuts
  6
CONTINUOUS
100
AcDbLine
 10
66.9355939999999947
 20
-73.2297319999999985
 30
0
 11
66.9340049999999991
 21
-73.0282809999999927
 31
0
  0
LINE
  5
3A6
330
1A
100
AcDbEntity
  8
Edge.Cuts
  6
CONTINUOUS
100
AcDbLine
 10
66.9340049999999991
 20
-73.0282809999999927
 30
0
 11
66.9324929999999938
 21
-72.8267390000000034
 31
0
  0
LINE
  5
3A7
330
1A
100
AcDbEntity
  8
Edge.Cuts
  6
CONTINUOUS
100
AcDbLine
 10
66.9324929999999938
 20
-72.8267390000000034
 30
0
 11
66.9310609999999997
 21
-72.6251159999999913
 31
0
  0
LINE
  5
3A8
330
1A
100
AcDbEntity
  8
Edge.Cuts
  6
CONTINUOUS
100
AcDbLine
 10
66.9310609999999997
 20
-72.6251159999999913
 30
0
 11
66.9297079999999909
 21
-72.4234239999999971
 31
0
  0
LINE
  5
3A9
330
1A
100
AcDbEntity
  8
Edge.Cuts
  6
CONTINUOUS
100
AcDbLine
 10
66.9297079999999909
 20
-72.4234239999999971
 30
0
 11
66.9284339999999958
 21
-72.2216749999999905
 31
0
  0
LINE
  5
3AA
330
1A
100
AcDbEntity
  8
Edge.Cuts
  6
CONTINUOUS
100
AcDbLine
 10
66.9284339999999958
 20
-72.2216749999999905
 30
0
 11
66.9272390000000001
 21
-72.019880999999998
 31
0
  0
LINE
  5
3AB
330
1A
100
AcDbEntity
  8
Edge.Cuts
  6
CONTINUOUS
100
AcDbLine
 10
66.9272390000000001
 20
-72.019880999999998
 30
0
 11
66.9261240000000015
 21
-71.8180559999999986
 31
0
  0
LINE
  5
3AC
330
1A
100
AcDbEntity
  8
Edge.Cuts
  6
CONTINUOUS
100
AcDbLine
 10
66.9261240000000015
 20
-71.8180559999999986
 30
0
 11
66.9250869999999907
 21
-71.6162119999999902
 31
0
  0
LINE
  5
3AD
330
1A
100
AcDbEntity
  8
Edge.Cuts
  6
CONTINUOUS
100
AcDbLine
 10
66.9250869999999907
 20
-71.6162119999999902
 30
0
 11
66.9241310000000027
 21
-71.414363999999992
 31
0
  0
LINE
  5
3AE
330
1A
100
AcDbEntity
  8
Edge.Cuts
  6
CONTINUOUS
100
AcDbLine
 10
66.9241310000000027
 20
-71.414363999999992
 30
0
 11
66.9232530000000025
 21
-71.2125259999999969
 31
0
  0
LINE
  5
3AF
330
1A
100
AcDbEntity
  8
Edge.Cuts
  6
CONTINUOUS
100
AcDbLine
 10
66.9232530000000025
 20
-71.2125259999999969
 30
0
 11
66.9224559999999968
 21
-71.0107119999999981
 31
0
  0
LINE
  5
3B0
330
1A
100
AcDbEntity
  8
Edge.Cuts
  6
CONTINUOUS
100
AcDbLine
 10
66.9224559999999968
 20
-71.0107119999999981
 30
0
 11
66.9217369999999931
 21
-70.8089379999999977
 31
0
  0
LINE
  5
3B1
330
1A
100
AcDbEntity
  8
Edge.Cuts
  6
CONTINUOUS
100
AcDbLine
 10
66.9217369999999931
 20
-70.8089379999999977
 30
0
 11
66.9210989999999981
 21
-70.6072199999999981
 31
0
  0
LINE
  5
3B2
330
1A
100
AcDbEntity
  8
Edge.Cuts
  6
CONTINUOUS
100
AcDbLine
 10
66.9210989999999981
 20
-70.6072199999999981
 30
0
 11
66.9205400000000026
 21
-70.4055740000000014
 31
0
  0
LINE
  5
3B3
330
1A
100
AcDbEntity
  8
Edge.Cuts
  6
CONTINUOUS
100
AcDbLine
 10
66.9205400000000026
 20
-70.4055740000000014
 30
0
 11
66.920061000000004
 21
-70.2040159999999958
 31
0
  0
LINE
  5
3B4
330
1A
100
AcDbEntity
  8
Edge.Cuts
  6
CONTINUOUS
100
AcDbLine
 10
66.920061000000004
 20
-70.2040159999999958
 30
0
 11
66.9196609999999907
 21
-70.0025649999999899
 31
0
  0
LINE
  5
3B5
330
1A
100
AcDbEntity
  8
Edge.Cuts
  6
CONTINUOUS
100
AcDbLine
 10
66.9196609999999907
 20
-70.0025649999999899
 30
0
 11
66.9193410000000029
 21
-69.8012389999999954
 31
0
  0
LINE
  5
3B6
330
1A
100
AcDbEntity
  8
Edge.Cuts
  6
CONTINUOUS
100
AcDbLine
 10
66.9193410000000029
 20
-69.8012389999999954
 30
0
 11
66.9191009999999977
 21
-69.600055999999995
 31
0
  0
LINE
  5
3B7
330
1A
100
AcDbEntity
  8
Edge.Cuts
  6
CONTINUOUS
100
AcDbLine
 10
66.9191009999999977
 20
-69.600055999999995
 30
0
 11
66.9189399999999921
 21
-69.3990379999999902
 31
0
  0
LINE
  5
3B8
330
1A
100
AcDbEntity
  8
Edge.Cuts
  6
CONTINUOUS
100
AcDbLine
 10
66.9189399999999921
 20
-69.3990379999999902
 30
0
 11
66.9188589999999976
 21
-69.1982029999999924
 31
0
  0
LINE
  5
3B9
330
1A
100
AcDbEntity
  8
Edge.Cuts
  6
CONTINUOUS
100
AcDbLine
 10
66.9188589999999976
 20
-69.1982029999999924
 30
0
 11
66.9188570000000027
 21
-68.9975730000000027
 31
0
  0
LINE
  5
3BA
330
1A
100
AcDbEntity
  8
Edge.Cuts
  6
CONTINUOUS
100
AcDbLine
 10
66.9188570000000027
 20
-68.9975730000000027
 30
0
 11
66.918933999999993
 21
-68.7971709999999916
 31
0
  0
LINE
  5
3BB
330
1A
100
AcDbEntity
  8
Edge.Cuts
  6
CONTINUOUS
100
AcDbLine
 10
66.918933999999993
 20
-68.7971709999999916
 30
0
 11
66.9190909999999946
 21
-68.5970190000000031
 31
0
  0
LINE
  5
3BC
330
1A
100
AcDbEntity
  8
Edge.Cuts
  6
CONTINUOUS
100
AcDbLine
 10
66.9190909999999946
 20
-68.5970190000000031
 30
0
 11
66.9193259999999981
 21
-68.3971409999999906
 31
0
  0
LINE
  5
3BD
330
1A
100
AcDbEntity
  8
Edge.Cuts
  6
CONTINUOUS
100
AcDbLine
 10
66.9193259999999981
 20
-68.3971409999999906
 30
0
 11
66.9196409999999986
 21
-68.1975639999999999
 31
0
  0
LINE
  5
3BE
330
1A
100
AcDbEntity
  8
Edge.Cuts
  6
CONTINUOUS
100
AcDbLine
 10
66.9196409999999986
 20
-68.1975639999999999
 30
0
 11
66.9200340000000011
 21
-67.9983110000000011
 31
0
  0
LINE
  5
3BF
330
1A
100
AcDbEntity
  8
Edge.Cuts
  6
CONTINUOUS
100
AcDbLine
 10
66.9200340000000011
 20
-67.9983110000000011
 30
0
 11
66.9205060000000032
 21
-67.7994120000000038
 31
0
  0
LINE
  5
3C0
330
1A
100
AcDbEntity
  8
Edge.Cuts
  6
CONTINUOUS
100
AcDbLine
 10
66.9205060000000032
 20
-67.7994120000000038
 30
0
 11
66.921055999999993
 21
-67.6008939999999967
 31
0
  0
LINE
  5
3C1
330
1A
100
AcDbEntity
  8
Edge.Cuts
  6
CONTINUOUS
100
AcDbLine
 10
66.921055999999993
 20
-67.6008939999999967
 30
0
 11
66.9216839999999991
 21
-67.4027870000000036
 31
0
  0
LINE
  5
3C2
330
1A
100
AcDbEntity
  8
Edge.Cuts
  6
CONTINUOUS
100
AcDbLine
 10
66.9216839999999991
 20
-67.4027870000000036
 30
0
 11
66.9223889999999955
 21
-67.2051220000000029
 31
0
  0
LINE
  5
3C3
330
1A
100
AcDbEntity
  8
Edge.Cuts
  6
CONTINUOUS
100
AcDbLine
 10
66.9223889999999955
 20
-67.2051220000000029
 30
0
 11
66.9231719999999939
 21
-67.0079319999999967
 31
0
  0
LINE
  5
3C4
330
1A
100
AcDbEntity
  8
Edge.Cuts
  6
CONTINUOUS
100
AcDbLine
 10
66.9231719999999939
 20
-67.0079319999999967
 30
0
 11
66.9240329999999943
 21
-66.8112509999999986
 31
0
  0
LINE
  5
3C5
330
1A
100
AcDbEntity
  8
Edge.Cuts
  6
CONTINUOUS
100
AcDbLine
 10
66.9240329999999943
 20
-66.8112509999999986
 30
0
 11
66.9249700000000018
 21
-66.615115000000003
 31
0
  0
LINE
  5
3C6
330
1A
100
AcDbEntity
  8
Edge.Cuts
  6
CONTINUOUS
100
AcDbLine
 10
66.9249700000000018
 20
-66.615115000000003
 30
0
 11
66.9259830000000022
 21
-66.4195610000000016
 31
0
  0
LINE
  5
3C7
330
1A
100
AcDbEntity
  8
Edge.Cuts
  6
CONTINUOUS
100
AcDbLine
 10
66.9259830000000022
 20
-66.4195610000000016
 30
0
 11
66.9270719999999955
 21
-66.2246299999999906
 31
0
  0
LINE
  5
3C8
330
1A
100
AcDbEntity
  8
Edge.Cuts
  6
CONTINUOUS
100
AcDbLine
 10
66.9270719999999955
 20
-66.2246299999999906
 30
0
 11
66.9282359999999983
 21
-66.0303629999999941
 31
0
  0
LINE
  5
3C9
330
1A
100
AcDbEntity
  8
Edge.Cuts
  6
CONTINUOUS
100
AcDbLine
 10
66.9282359999999983
 20
-66.0303629999999941
 30
0
 11
66.9294749999999965
 21
-65.8368040000000008
 31
0
  0
LINE
  5
3CA
330
1A
100
AcDbEntity
  8
Edge.Cuts
  6
CONTINUOUS
100
AcDbLine
 10
66.9294749999999965
 20
-65.8368040000000008
 30
0
 11
66.9307879999999926
 21
-65.6439989999999938
 31
0
  0
LINE
  5
3CB
330
1A
100
AcDbEntity
  8
Edge.Cuts
  6
CONTINUOUS
100
AcDbLine
 10
66.9307879999999926
 20
-65.6439989999999938
 30
0
 11
66.9321750000000009
 21
-65.4519980000000032
 31
0
  0
LINE
  5
3CC
330
1A
100
AcDbEntity
  8
Edge.Cuts
  6
CONTINUOUS
100
AcDbLine
 10
66.9321750000000009
 20
-65.4519980000000032
 30
0
 11
66.9336339999999979
 21
-65.2608529999999973
 31
0
  0
LINE
  5
3CD
330
1A
100
AcDbEntity
  8
Edge.Cuts
  6
CONTINUOUS
100
AcDbLine
 10
66.9336339999999979
 20
-65.2608529999999973
 30
0
 11
66.9351649999999978
 21
-65.0706179999999961
 31
0
  0
LINE
  5
3CE
330
1A
100
AcDbEntity
  8
Edge.Cuts
  6
CONTINUOUS
100
AcDbLine
 10
66.9351649999999978
 20
-65.0706179999999961
 30
0
 11
66.9367670000000032
 21
-64.8813529999999901
 31
0
  0
LINE
  5
3CF
330
1A
100
AcDbEntity
  8
Edge.Cuts
  6
CONTINUOUS
100
AcDbLine
 10
66.9367670000000032
 20
-64.8813529999999901
 30
0
 11
66.9384390000000025
 21
-64.6931189999999958
 31
0
  0
LINE
  5
3D0
330
1A
100
AcDbEntity
  8
Edge.Cuts
  6
CONTINUOUS
100
AcDbLine
 10
66.9384390000000025
 20
-64.6931189999999958
 30
0
 11
66.940179999999998
 21
-64.5059830000000005
 31
0
  0
LINE
  5
3D1
330
1A
100
AcDbEntity
  8
Edge.Cuts
  6
CONTINUOUS
100
AcDbLine
 10
66.940179999999998
 20
-64.5059830000000005
 30
0
 11
66.9419879999999949
 21
-64.3200159999999954
 31
0
  0
LINE
  5
3D2
330
1A
100
AcDbEntity
  8
Edge.Cuts
  6
CONTINUOUS
100
AcDbLine
 10
66.9419879999999949
 20
-64.3200159999999954
 30
0
 11
66.9438629999999932
 21
-64.1352940000000018
 31
0
  0
LINE
  5
3D3
330
1A
100
AcDbEntity
  8
Edge.Cuts
  6
CONTINUOUS
100
AcDbLine
 10
66.9438629999999932
 20
-64.1352940000000018
 30
0
 11
66.9458039999999954
 21
-63.9518979999999999
 31
0
  0
LINE
  5
3D4
330
1A
100
AcDbEntity
  8
Edge.Cuts
  6
CONTINUOUS
100
AcDbLine
 10
66.9458039999999954
 20
-63.9518979999999999
 30
0
 11
66.9478069999999974
 21
-63.769917999999997
 31
0
  0
LINE
  5
3D5
330
1A
100
AcDbEntity
  8
Edge.Cuts
  6
CONTINUOUS
100
AcDbLine
 10
66.9478069999999974
 20
-63.769917999999997
 30
0
 11
66.9498719999999992
 21
-63.5894459999999953
 31
0
  0
LINE
  5
3D6
330
1A
100
AcDbEntity
  8
Edge.Cuts
  6
CONTINUOUS
100
AcDbLine
 10
66.9498719999999992
 20
-63.5894459999999953
 30
0
 11
66.9519969999999915
 21
-63.410585999999995
 31
0
  0
LINE
  5
3D7
330
1A
100
AcDbEntity
  8
Edge.Cuts
  6
CONTINUOUS
100
AcDbLine
 10
66.9519969999999915
 20
-63.410585999999995
 30
0
 11
66.9541799999999938
 21
-63.2334499999999977
 31
0
  0
LINE
  5
3D8
330
1A
100
AcDbEntity
  8
Edge.Cuts
  6
CONTINUOUS
100
AcDbLine
 10
66.9541799999999938
 20
-63.2334499999999977
 30
0
 11
66.9564179999999993
 21
-63.0581589999999963
 31
0
  0
LINE
  5
3D9
330
1A
100
AcDbEntity
  8
Edge.Cuts
  6
CONTINUOUS
100
AcDbLine
 10
66.9564179999999993
 20
-63.0581589999999963
 30
0
 11
66.9587089999999989
 21
-62.8848470000000006
 31
0
  0
LINE
  5
3DA
330
1A
100
AcDbEntity
  8
Edge.Cuts
  6
CONTINUOUS
100
AcDbLine
 10
66.9587089999999989
 20
-62.8848470000000006
 30
0
 11
66.9610500000000002
 21
-62.7136599999999973
 31
0
  0
LINE
  5
3DB
330
1A
100
AcDbEntity
  8
Edge.Cuts
  6
CONTINUOUS
100
AcDbLine
 10
66.9610500000000002
 20
-62.7136599999999973
 30
0
 11
66.963436999999999
 21
-62.5447609999999941
 31
0
  0
LINE
  5
3DC
330
1A
100
AcDbEntity
  8
Edge.Cuts
  6
CONTINUOUS
100
AcDbLine
 10
66.963436999999999
 20
-62.5447609999999941
 30
0
 11
66.9658670000000029
 21
-62.3783299999999983
 31
0
  0
LINE
  5
3DD
330
1A
100
AcDbEntity
  8
Edge.Cuts
  6
CONTINUOUS
100
AcDbLine
 10
66.9658670000000029
 20
-62.3783299999999983
 30
0
 11
66.9683349999999962
 21
-62.2145699999999948
 31
0
  0
LINE
  5
3DE
330
1A
100
AcDbEntity
  8
Edge.Cuts
  6
CONTINUOUS
100
AcDbLine
 10
66.9683349999999962
 20
-62.2145699999999948
 30
0
 11
66.9708359999999914
 21
-62.0537089999999978
 31
0
  0
LINE
  5
3DF
330
1A
100
AcDbEntity
  8
Edge.Cuts
  6
CONTINUOUS
100
AcDbLine
 10
66.9708359999999914
 20
-62.0537089999999978
 30
0
 11
66.9733659999999986
 21
-61.8960069999999973
 31
0
  0
LINE
  5
3E0
330
1A
100
AcDbEntity
  8
Edge.Cuts
  6
CONTINUOUS
100
AcDbLine
 10
66.9733659999999986
 20
-61.8960069999999973
 30
0
 11
66.975915999999998
 21
-61.7417619999999943
 31
0
  0
LINE
  5
3E1
330
1A
100
AcDbEntity
  8
Edge.Cuts
  6
CONTINUOUS
100
AcDbLine
 10
66.975915999999998
 20
-61.7417619999999943
 30
0
 11
66.9784799999999905
 21
-61.5913229999999956
 31
0
  0
LINE
  5
3E2
330
1A
100
AcDbEntity
  8
Edge.Cuts
  6
CONTINUOUS
100
AcDbLine
 10
66.9784799999999905
 20
-61.5913229999999956
 30
0
 11
66.9810489999999987
 21
-61.4450999999999965
 31
0
  0
LINE
  5
3E3
330
1A
100
AcDbEntity
  8
Edge.Cuts
  6
CONTINUOUS
100
AcDbLine
 10
66.9810489999999987
 20
-61.4450999999999965
 30
0
 11
66.9836099999999988
 21
-61.3035849999999982
 31
0
  0
LINE
  5
3E4
330
1A
100
AcDbEntity
  8
Edge.Cuts
  6
CONTINUOUS
100
AcDbLine
 10
66.9836099999999988
 20
-61.3035849999999982
 30
0
 11
66.9861489999999975
 21
-61.1673809999999989
 31
0
  0
LINE
  5
3E5
330
1A
100
AcDbEntity
  8
Edge.Cuts
  6
CONTINUOUS
100
AcDbLine
 10
66.9861489999999975
 20
-61.1673809999999989
 30
0
 11
66.9886499999999927
 21
-61.0372470000000007
 31
0
  0
LINE
  5
3E6
330
1A
100
AcDbEntity
  8
Edge.Cuts
  6
CONTINUOUS
100
AcDbLine
 10
66.9886499999999927
 20
-61.0372470000000007
 30
0
 11
66.9910879999999906
 21
-60.9141720000000007
 31
0
  0
LINE
  5
3E7
330
1A
100
AcDbEntity
  8
Edge.Cuts
  6
CONTINUOUS
100
AcDbLine
 10
66.9910879999999906
 20
-60.9141720000000007
 30
0
 11
66.9934300000000036
 21
-60.7995049999999964
 31
0
  0
LINE
  5
3E8
330
1A
100
AcDbEntity
  8
Edge.Cuts
  6
CONTINUOUS
100
AcDbLine
 10
66.9934300000000036
 20
-60.7995049999999964
 30
0
 11
66.9956299999999914
 21
-60.6952129999999954
 31
0
  0
LINE
  5
3E9
330
1A
100
AcDbEntity
  8
Edge.Cuts
  6
CONTINUOUS
100
AcDbLine
 10
66.9956299999999914
 20
-60.6952129999999954
 30
0
 11
66.9976099999999946
 21
-60.6044759999999982
 31
0
  0
LINE
  5
3EA
330
1A
100
AcDbEntity
  8
Edge.Cuts
  6
CONTINUOUS
100
AcDbLine
 10
66.9976099999999946
 20
-60.6044759999999982
 30
0
 11
66.9992149999999924
 21
-60.5334529999999944
 31
0
  0
LINE
  5
3EB
330
1A
100
AcDbEntity
  8
Edge.Cuts
  6
CONTINUOUS
100
AcDbLine
 10
66.9992149999999924
 20
-60.5334529999999944
 30
0
 11
67.
 21
-60.5
 31
0
  0
ARC
  5
3EC
330
1A
100
AcDbEntity
  8
Edge.Cuts
100
AcDbCircle
 10
76.
 20
-129.5999999999999943
 30
0
 40
0.608276253029822
100
AcDbArc
 50
-171.86992429
 51
-80.53767779
  0
LINE
  5
3ED
330
1A
100
AcDbEntity
  8
Edge.Cuts
  6
CONTINUOUS
100
AcDbLine
 10
89.2000000000000028
 20
-27.400264
 30
0
 11
89.1554849999999988
 21
-27.4430160000000001
 31
0
  0
LINE
  5
3EE
330
1A
100
AcDbEntity
  8
Edge.Cuts
  6
CONTINUOUS
100
AcDbLine
 10
89.1554849999999988
 20
-27.4430160000000001
 30
0
 11
89.1110019999999992
 21
-27.4858499999999992
 31
0
  0
LINE
  5
3EF
330
1A
100
AcDbEntity
  8
Edge.Cuts
  6
CONTINUOUS
100
AcDbLine
 10
89.1110019999999992
 20
-27.4858499999999992
 30
0
 11
89.0665499999999923
 21
-27.5287629999999979
 31
0
  0
LINE
  5
3F0
330
1A
100
AcDbEntity
  8
Edge.Cuts
  6
CONTINUOUS
100
AcDbLine
 10
89.0665499999999923
 20
-27.5287629999999979
 30
0
 11
89.0221289999999925
 21
-27.5717579999999991
 31
0
  0
LINE
  5
3F1
330
1A
100
AcDbEntity
  8
Edge.Cuts
  6
CONTINUOUS
100
AcDbLine
 10
89.0221289999999925
 20
-27.5717579999999991
 30
0
 11
88.9777399999999972
 21
-27.6148329999999973
 31
0
  0
LINE
  5
3F2
330
1A
100
AcDbEntity
  8
Edge.Cuts
  6
CONTINUOUS
100
AcDbLine
 10
88.9777399999999972
 20
-27.6148329999999973
 30
0
 11
88.9333819999999946
 21
-27.6579899999999981
 31
0
  0
LINE
  5
3F3
330
1A
100
AcDbEntity
  8
Edge.Cuts
  6
CONTINUOUS
100
AcDbLine
 10
88.9333819999999946
 20
-27.6579899999999981
 30
0
 11
88.8890559999999965
 21
-27.7012280000000004
 31
0
  0
LINE
  5
3F4
330
1A
100
AcDbEntity
  8
Edge.Cuts
  6
CONTINUOUS
100
AcDbLine
 10
88.8890559999999965
 20
-27.7012280000000004
 30
0
 11
88.8447609999999912
 21
-27.7445459999999997
 31
0
  0
LINE
  5
3F5
330
1A
100
AcDbEntity
  8
Edge.Cuts
  6
CONTINUOUS
100
AcDbLine
 10
88.8447609999999912
 20
-27.7445459999999997
 30
0
 11
88.8004959999999954
 21
-27.787945999999998
 31
0
  0
LINE
  5
3F6
330
1A
100
AcDbEntity
  8
Edge.Cuts
  6
CONTINUOUS
100
AcDbLine
 10
88.8004959999999954
 20
-27.787945999999998
 30
0
 11
88.7562640000000016
 21
-27.8314279999999989
 31
0
  0
LINE
  5
3F7
330
1A
100
AcDbEntity
  8
Edge.Cuts
  6
CONTINUOUS
100
AcDbLine
 10
88.7562640000000016
 20
-27.8314279999999989
 30
0
 11
88.7120620000000031
 21
-27.8749909999999979
 31
0
  0
LINE
  5
3F8
330
1A
100
AcDbEntity
  8
Edge.Cuts
  6
CONTINUOUS
100
AcDbLine
 10
88.7120620000000031
 20
-27.8749909999999979
 30
0
 11
88.6678909999999973
 21
-27.9186359999999993
 31
0
  0
LINE
  5
3F9
330
1A
100
AcDbEntity
  8
Edge.Cuts
  6
CONTINUOUS
100
AcDbLine
 10
88.6678909999999973
 20
-27.9186359999999993
 30
0
 11
88.6237509999999986
 21
-27.9623619999999988
 31
0
  0
LINE
  5
3FA
330
1A
100
AcDbEntity
  8
Edge.Cuts
  6
CONTINUOUS
100
AcDbLine
 10
88.6237509999999986
 20
-27.9623619999999988
 30
0
 11
88.5796429999999901
 21
-28.0061699999999973
 31
0
  0
LINE
  5
3FB
330
1A
100
AcDbEntity
  8
Edge.Cuts
  6
CONTINUOUS
100
AcDbLine
 10
88.5796429999999901
 20
-28.0061699999999973
 30
0
 11
88.5355649999999912
 21
-28.0500599999999984
 31
0
  0
LINE
  5
3FC
330
1A
100
AcDbEntity
  8
Edge.Cuts
  6
CONTINUOUS
100
AcDbLine
 10
88.5355649999999912
 20
-28.0500599999999984
 30
0
 11
88.4915179999999992
 21
-28.0940319999999986
 31
0
  0
LINE
  5
3FD
330
1A
100
AcDbEntity
  8
Edge.Cuts
  6
CONTINUOUS
100
AcDbLine
 10
88.4915179999999992
 20
-28.0940319999999986
 30
0
 11
88.4475020000000001
 21
-28.1380869999999987
 31
0
  0
LINE
  5
3FE
330
1A
100
AcDbEntity
  8
Edge.Cuts
  6
CONTINUOUS
100
AcDbLine
 10
88.4475020000000001
 20
-28.1380869999999987
 30
0
 11
88.4035169999999937
 21
-28.1822230000000005
 31
0
  0
LINE
  5
3FF
330
1A
100
AcDbEntity
  8
Edge.Cuts
  6
CONTINUOUS
100
AcDbLine
 10
88.4035169999999937
 20
-28.1822230000000005
 30
0
 11
88.3595629999999943
 21
-28.2264419999999987
 31
0
  0
LINE
  5
400
330
1A
100
AcDbEntity
  8
Edge.Cuts
  6
CONTINUOUS
100
AcDbLine
 10
88.3595629999999943
 20
-28.2264419999999987
 30
0
 11
88.3156389999999902
 21
-28.2707429999999995
 31
0
  0
LINE
  5
401
330
1A
100
AcDbEntity
  8
Edge.Cuts
  6
CONTINUOUS
100
AcDbLine
 10
88.3156389999999902
 20
-28.2707429999999995
 30
0
 11
88.2717459999999932
 21
-28.3151270000000004
 31
0
  0
LINE
  5
402
330
1A
100
AcDbEntity
  8
Edge.Cuts
  6
CONTINUOUS
100
AcDbLine
 10
88.2717459999999932
 20
-28.3151270000000004
 30
0
 11
88.2278840000000031
 21
-28.3595939999999977
 31
0
  0
LINE
  5
403
330
1A
100
AcDbEntity
  8
Edge.Cuts
  6
CONTINUOUS
100
AcDbLine
 10
88.2278840000000031
 20
-28.3595939999999977
 30
0
 11
88.1840519999999941
 21
-28.4041429999999977
 31
0
  0
LINE
  5
404
330
1A
100
AcDbEntity
  8
Edge.Cuts
  6
CONTINUOUS
100
AcDbLine
 10
88.1840519999999941
 20
-28.4041429999999977
 30
0
 11
88.1402509999999921
 21
-28.4487749999999977
 31
0
  0
LINE
  5
405
330
1A
100
AcDbEntity
  8
Edge.Cuts
  6
CONTINUOUS
100
AcDbLine
 10
88.1402509999999921
 20
-28.4487749999999977
 30
0
 11
88.0964809999999972
 21
-28.4934909999999988
 31
0
  0
LINE
  5
406
330
1A
100
AcDbEntity
  8
Edge.Cuts
  6
CONTINUOUS
100
AcDbLine
 10
88.0964809999999972
 20
-28.4934909999999988
 30
0
 11
88.0527409999999975
 21
-28.5382889999999989
 31
0
  0
LINE
  5
407
330
1A
100
AcDbEntity
  8
Edge.Cuts
  6
CONTINUOUS
100
AcDbLine
 10
88.0527409999999975
 20
-28.5382889999999989
 30
0
 11
88.0090309999999931
 21
-28.5831710000000001
 31
0
  0
LINE
  5
408
330
1A
100
AcDbEntity
  8
Edge.Cuts
  6
CONTINUOUS
100
AcDbLine
 10
88.0090309999999931
 20
-28.5831710000000001
 30
0
 11
87.9653519999999958
 21
-28.6281359999999978
 31
0
  0
LINE
  5
409
330
1A
100
AcDbEntity
  8
Edge.Cuts
  6
CONTINUOUS
100
AcDbLine
 10
87.9653519999999958
 20
-28.6281359999999978
 30
0
 11
87.9217039999999912
 21
-28.6731839999999991
 31
0
  0
LINE
  5
40A
330
1A
100
AcDbEntity
  8
Edge.Cuts
  6
CONTINUOUS
100
AcDbLine
 10
87.9217039999999912
 20
-28.6731839999999991
 30
0
 11
87.8780849999999987
 21
-28.718315999999998
 31
0
  0
LINE
  5
40B
330
1A
100
AcDbEntity
  8
Edge.Cuts
  6
CONTINUOUS
100
AcDbLine
 10
87.8780849999999987
 20
-28.718315999999998
 30
0
 11
87.8344969999999989
 21
-28.7635319999999979
 31
0
  0
LINE
  5
40C
330
1A
100
AcDbEntity
  8
Edge.Cuts
  6
CONTINUOUS
100
AcDbLine
 10
87.8344969999999989
 20
-28.7635319999999979
 30
0
 11
87.790939999999992
 21
-28.8088309999999979
 31
0
  0
LINE
  5
40D
330
1A
100
AcDbEntity
  8
Edge.Cuts
  6
CONTINUOUS
100
AcDbLine
 10
87.790939999999992
 20
-28.8088309999999979
 30
0
 11
87.7474119999999971
 21
-28.8542139999999989
 31
0
  0
LINE
  5
40E
330
1A
100
AcDbEntity
  8
Edge.Cuts
  6
CONTINUOUS
100
AcDbLine
 10
87.7474119999999971
 20
-28.8542139999999989
 30
0
 11
87.703914999999995
 21
-28.8996819999999985
 31
0
  0
LINE
  5
40F
330
1A
100
AcDbEntity
  8
Edge.Cuts
  6
CONTINUOUS
100
AcDbLine
 10
87.703914999999995
 20
-28.8996819999999985
 30
0
 11
87.6604469999999907
 21
-28.9452329999999982
 31
0
  0
LINE
  5
410
330
1A
100
AcDbEntity
  8
Edge.Cuts
  6
CONTINUOUS
100
AcDbLine
 10
87.6604469999999907
 20
-28.9452329999999982
 30
0
 11
87.6170099999999934
 21
-28.990869
 31
0
  0
LINE
  5
411
330
1A
100
AcDbEntity
  8
Edge.Cuts
  6
CONTINUOUS
100
AcDbLine
 10
87.6170099999999934
 20
-28.990869
 30
0
 11
87.5736029999999914
 21
-29.0365889999999993
 31
0
  0
LINE
  5
412
330
1A
100
AcDbEntity
  8
Edge.Cuts
  6
CONTINUOUS
100
AcDbLine
 10
87.5736029999999914
 20
-29.0365889999999993
 30
0
 11
87.530225999999999
 21
-29.0823939999999972
 31
0
  0
LINE
  5
413
330
1A
100
AcDbEntity
  8
Edge.Cuts
  6
CONTINUOUS
100
AcDbLine
 10
87.530225999999999
 20
-29.0823939999999972
 30
0
 11
87.4868779999999902
 21
-29.1282839999999972
 31
0
  0
LINE
  5
414
330
1A
100
AcDbEntity
  8
Edge.Cuts
  6
CONTINUOUS
100
AcDbLine
 10
87.4868779999999902
 20
-29.1282839999999972
 30
0
 11
87.4435610000000025
 21
-29.1742579999999982
 31
0
  0
LINE
  5
415
330
1A
100
AcDbEntity
  8
Edge.Cuts
  6
CONTINUOUS
100
AcDbLine
 10
87.4435610000000025
 20
-29.1742579999999982
 30
0
 11
87.400273999999996
 21
-29.2203169999999979
 31
0
  0
LINE
  5
416
330
1A
100
AcDbEntity
  8
Edge.Cuts
  6
CONTINUOUS
100
AcDbLine
 10
87.400273999999996
 20
-29.2203169999999979
 30
0
 11
87.3570160000000016
 21
-29.2664609999999996
 31
0
  0
LINE
  5
417
330
1A
100
AcDbEntity
  8
Edge.Cuts
  6
CONTINUOUS
100
AcDbLine
 10
87.3570160000000016
 20
-29.2664609999999996
 30
0
 11
87.3137880000000024
 21
-29.3126899999999999
 31
0
  0
LINE
  5
418
330
1A
100
AcDbEntity
  8
Edge.Cuts
  6
CONTINUOUS
100
AcDbLine
 10
87.3137880000000024
 20
-29.3126899999999999
 30
0
 11
87.2705899999999986
 21
-29.3590039999999988
 31
0
  0
LINE
  5
419
330
1A
100
AcDbEntity
  8
Edge.Cuts
  6
CONTINUOUS
100
AcDbLine
 10
87.2705899999999986
 20
-29.3590039999999988
 30
0
 11
87.22742199999999
 21
-29.4054039999999972
 31
0
  0
LINE
  5
41A
330
1A
100
AcDbEntity
  8
Edge.Cuts
  6
CONTINUOUS
100
AcDbLine
 10
87.22742199999999
 20
-29.4054039999999972
 30
0
 11
87.1842829999999935
 21
-29.4518889999999978
 31
0
  0
LINE
  5
41B
330
1A
100
AcDbEntity
  8
Edge.Cuts
  6
CONTINUOUS
100
AcDbLine
 10
87.1842829999999935
 20
-29.4518889999999978
 30
0
 11
87.1411739999999924
 21
-29.4984599999999979
 31
0
  0
LINE
  5
41C
330
1A
100
AcDbEntity
  8
Edge.Cuts
  6
CONTINUOUS
100
AcDbLine
 10
87.1411739999999924
 20
-29.4984599999999979
 30
0
 11
87.098093999999989
 21
-29.5451160000000002
 31
0
  0
LINE
  5
41D
330
1A
100
AcDbEntity
  8
Edge.Cuts
  6
CONTINUOUS
100
AcDbLine
 10
87.098093999999989
 20
-29.5451160000000002
 30
0
 11
87.0550439999999952
 21
-29.5918589999999995
 31
0
  0
LINE
  5
41E
330
1A
100
AcDbEntity
  8
Edge.Cuts
  6
CONTINUOUS
100
AcDbLine
 10
87.0550439999999952
 20
-29.5918589999999995
 30
0
 11
87.0120229999999992
 21
-29.6386869999999973
 31
0
  0
LINE
  5
41F
330
1A
100
AcDbEntity
  8
Edge.Cuts
  6
CONTINUOUS
100
AcDbLine
 10
87.0120229999999992
 20
-29.6386869999999973
 30
0
 11
86.9690319999999986
 21
-29.6856009999999984
 31
0
  0
LINE
  5
420
330
1A
100
AcDbEntity
  8
Edge.Cuts
  6
CONTINUOUS
100
AcDbLine
 10
86.9690319999999986
 20
-29.6856009999999984
 30
0
 11
86.9260699999999957
 21
-29.732602
 31
0
  0
LINE
  5
421
330
1A
100
AcDbEntity
  8
Edge.Cuts
  6
CONTINUOUS
100
AcDbLine
 10
86.9260699999999957
 20
-29.732602
 30
0
 11
86.8831380000000024
 21
-29.7796889999999976
 31
0
  0
LINE
  5
422
330
1A
100
AcDbEntity
  8
Edge.Cuts
  6
CONTINUOUS
100
AcDbLine
 10
86.8831380000000024
 20
-29.7796889999999976
 30
0
 11
86.8402349999999927
 21
-29.8268629999999995
 31
0
  0
LINE
  5
423
330
1A
100
AcDbEntity
  8
Edge.Cuts
  6
CONTINUOUS
100
AcDbLine
 10
86.8402349999999927
 20
-29.8268629999999995
 30
0
 11
86.7973609999999951
 21
-29.8741239999999983
 31
0
  0
LINE
  5
424
330
1A
100
AcDbEntity
  8
Edge.Cuts
  6
CONTINUOUS
100
AcDbLine
 10
86.7973609999999951
 20
-29.8741239999999983
 30
0
 11
86.7545159999999953
 21
-29.9214710000000004
 31
0
  0
LINE
  5
425
330
1A
100
AcDbEntity
  8
Edge.Cuts
  6
CONTINUOUS
100
AcDbLine
 10
86.7545159999999953
 20
-29.9214710000000004
 30
0
 11
86.7116999999999933
 21
-29.9689049999999995
 31
0
  0
LINE
  5
426
330
1A
100
AcDbEntity
  8
Edge.Cuts
  6
CONTINUOUS
100
AcDbLine
 10
86.7116999999999933
 20
-29.9689049999999995
 30
0
 11
86.6689140000000009
 21
-30.0164259999999992
 31
0
  0
LINE
  5
427
330
1A
100
AcDbEntity
  8
Edge.Cuts
  6
CONTINUOUS
100
AcDbLine
 10
86.6689140000000009
 20
-30.0164259999999992
 30
0
 11
86.6261559999999946
 21
-30.0640339999999995
 31
0
  0
LINE
  5
428
330
1A
100
AcDbEntity
  8
Edge.Cuts
  6
CONTINUOUS
100
AcDbLine
 10
86.6261559999999946
 20
-30.0640339999999995
 30
0
 11
86.5834279999999978
 21
-30.1117299999999979
 31
0
  0
LINE
  5
429
330
1A
100
AcDbEntity
  8
Edge.Cuts
  6
CONTINUOUS
100
AcDbLine
 10
86.5834279999999978
 20
-30.1117299999999979
 30
0
 11
86.5407280000000014
 21
-30.1595129999999969
 31
0
  0
LINE
  5
42A
330
1A
100
AcDbEntity
  8
Edge.Cuts
  6
CONTINUOUS
100
AcDbLine
 10
86.5407280000000014
 20
-30.1595129999999969
 30
0
 11
86.4980580000000003
 21
-30.2073839999999976
 31
0
  0
LINE
  5
42B
330
1A
100
AcDbEntity
  8
Edge.Cuts
  6
CONTINUOUS
100
AcDbLine
 10
86.4980580000000003
 20
-30.2073839999999976
 30
0
 11
86.4554159999999996
 21
-30.2553419999999988
 31
0
  0
LINE
  5
42C
330
1A
100
AcDbEntity
  8
Edge.Cuts
  6
CONTINUOUS
100
AcDbLine
 10
86.4554159999999996
 20
-30.2553419999999988
 30
0
 11
86.4128029999999967
 21
-30.3033879999999982
 31
0
  0
LINE
  5
42D
330
1A
100
AcDbEntity
  8
Edge.Cuts
  6
CONTINUOUS
100
AcDbLine
 10
86.4128029999999967
 20
-30.3033879999999982
 30
0
 11
86.3702189999999916
 21
-30.3515230000000003
 31
0
  0
LINE
  5
42E
330
1A
100
AcDbEntity
  8
Edge.Cuts
  6
CONTINUOUS
100
AcDbLine
 10
86.3702189999999916
 20
-30.3515230000000003
 30
0
 11
86.3276639999999986
 21
-30.3997449999999994
 31
0
  0
LINE
  5
42F
330
1A
100
AcDbEntity
  8
Edge.Cuts
  6
CONTINUOUS
100
AcDbLine
 10
86.3276639999999986
 20
-30.3997449999999994
 30
0
 11
86.2851369999999918
 21
-30.4480559999999976
 31
0
  0
LINE
  5
430
330
1A
100
AcDbEntity
  8
Edge.Cuts
  6
CONTINUOUS
100
AcDbLine
 10
86.2851369999999918
 20
-30.4480559999999976
 30
0
 11
86.2426389999999969
 21
-30.4964549999999974
 31
0
  0
LINE
  5
431
330
1A
100
AcDbEntity
  8
Edge.Cuts
  6
CONTINUOUS
100
AcDbLine
 10
86.2426389999999969
 20
-30.4964549999999974
 30
0
 11
86.2001690000000025
 21
-30.544943
 31
0
  0
LINE
  5
432
330
1A
100
AcDbEntity
  8
Edge.Cuts
  6
CONTINUOUS
100
AcDbLine
 10
86.2001690000000025
 20
-30.544943
 30
0
 11
86.1577279999999917
 21
-30.593519999999998
 31
0
  0
LINE
  5
433
330
1A
100
AcDbEntity
  8
Edge.Cuts
  6
CONTINUOUS
100
AcDbLine
 10
86.1577279999999917
 20
-30.593519999999998
 30
0
 11
86.1153159999999929
 21
-30.6421849999999978
 31
0
  0
LINE
  5
434
330
1A
100
AcDbEntity
  8
Edge.Cuts
  6
CONTINUOUS
100
AcDbLine
 10
86.1153159999999929
 20
-30.6421849999999978
 30
0
 11
86.0729319999999944
 21
-30.6909399999999977
 31
0
  0
LINE
  5
435
330
1A
100
AcDbEntity
  8
Edge.Cuts
  6
CONTINUOUS
100
AcDbLine
 10
86.0729319999999944
 20
-30.6909399999999977
 30
0
 11
86.0305759999999964
 21
-30.7397840000000002
 31
0
  0
LINE
  5
436
330
1A
100
AcDbEntity
  8
Edge.Cuts
  6
CONTINUOUS
100
AcDbLine
 10
86.0305759999999964
 20
-30.7397840000000002
 30
0
 11
85.9882489999999962
 21
-30.7887169999999983
 31
0
  0
LINE
  5
437
330
1A
100
AcDbEntity
  8
Edge.Cuts
  6
CONTINUOUS
100
AcDbLine
 10
85.9882489999999962
 20
-30.7887169999999983
 30
0
 11
85.9459499999999963
 21
-30.8377389999999991
 31
0
  0
LINE
  5
438
330
1A
100
AcDbEntity
  8
Edge.Cuts
  6
CONTINUOUS
100
AcDbLine
 10
85.9459499999999963
 20
-30.8377389999999991
 30
0
 11
85.9036789999999968
 21
-30.8868519999999975
 31
0
  0
LINE
  5
439
330
1A
100
AcDbEntity
  8
Edge.Cuts
  6
CONTINUOUS
100
AcDbLine
 10
85.9036789999999968
 20
-30.8868519999999975
 30
0
 11
85.8614359999999976
 21
-30.9360539999999986
 31
0
  0
LINE
  5
43A
330
1A
100
AcDbEntity
  8
Edge.Cuts
  6
CONTINUOUS
100
AcDbLine
 10
85.8614359999999976
 20
-30.9360539999999986
 30
0
 11
85.8192219999999963
 21
-30.9853449999999988
 31
0
  0
LINE
  5
43B
330
1A
100
AcDbEntity
  8
Edge.Cuts
  6
CONTINUOUS
100
AcDbLine
 10
85.8192219999999963
 20
-30.9853449999999988
 30
0
 11
85.7770349999999979
 21
-31.0347279999999976
 31
0
  0
LINE
  5
43C
330
1A
100
AcDbEntity
  8
Edge.Cuts
  6
CONTINUOUS
100
AcDbLine
 10
85.7770349999999979
 20
-31.0347279999999976
 30
0
 11
85.7348769999999973
 21
-31.0841999999999992
 31
0
  0
LINE
  5
43D
330
1A
100
AcDbEntity
  8
Edge.Cuts
  6
CONTINUOUS
100
AcDbLine
 10
85.7348769999999973
 20
-31.0841999999999992
 30
0
 11
85.6927459999999996
 21
-31.1337629999999983
 31
0
  0
LINE
  5
43E
330
1A
100
AcDbEntity
  8
Edge.Cuts
  6
CONTINUOUS
100
AcDbLine
 10
85.6927459999999996
 20
-31.1337629999999983
 30
0
 11
85.6506439999999998
 21
-31.1834159999999976
 31
0
  0
LINE
  5
43F
330
1A
100
AcDbEntity
  8
Edge.Cuts
  6
CONTINUOUS
100
AcDbLine
 10
85.6506439999999998
 20
-31.1834159999999976
 30
0
 11
85.6085690000000028
 21
-31.233159999999998
 31
0
  0
LINE
  5
440
330
1A
100
AcDbEntity
  8
Edge.Cuts
  6
CONTINUOUS
100
AcDbLine
 10
85.6085690000000028
 20
-31.233159999999998
 30
0
 11
85.566521999999992
 21
-31.2829949999999997
 31
0
  0
LINE
  5
441
330
1A
100
AcDbEntity
  8
Edge.Cuts
  6
CONTINUOUS
100
AcDbLine
 10
85.566521999999992
 20
-31.2829949999999997
 30
0
 11
85.5245029999999957
 21
-31.3329209999999989
 31
0
  0
LINE
  5
442
330
1A
100
AcDbEntity
  8
Edge.Cuts
  6
CONTINUOUS
100
AcDbLine
 10
85.5245029999999957
 20
-31.3329209999999989
 30
0
 11
85.4825119999999998
 21
-31.3829379999999993
 31
0
  0
LINE
  5
443
330
1A
100
AcDbEntity
  8
Edge.Cuts
  6
CONTINUOUS
100
AcDbLine
 10
85.4825119999999998
 20
-31.3829379999999993
 30
0
 11
85.4405479999999926
 21
-31.4330459999999974
 31
0
  0
LINE
  5
444
330
1A
100
AcDbEntity
  8
Edge.Cuts
  6
CONTINUOUS
100
AcDbLine
 10
85.4405479999999926
 20
-31.4330459999999974
 30
0
 11
85.398612
 21
-31.4832459999999976
 31
0
  0
LINE
  5
445
330
1A
100
AcDbEntity
  8
Edge.Cuts
  6
CONTINUOUS
100
AcDbLine
 10
85.398612
 20
-31.4832459999999976
 30
0
 11
85.356702999999996
 21
-31.5335380000000001
 31
0
  0
LINE
  5
446
330
1A
100
AcDbEntity
  8
Edge.Cuts
  6
CONTINUOUS
100
AcDbLine
 10
85.356702999999996
 20
-31.5335380000000001
 30
0
 11
85.3148219999999924
 21
-31.5839219999999976
 31
0
  0
LINE
  5
447
330
1A
100
AcDbEntity
  8
Edge.Cuts
  6
CONTINUOUS
100
AcDbLine
 10
85.3148219999999924
 20
-31.5839219999999976
 30
0
 11
85.2729689999999891
 21
-31.6343979999999974
 31
0
  0
LINE
  5
448
330
1A
100
AcDbEntity
  8
Edge.Cuts
  6
CONTINUOUS
100
AcDbLine
 10
85.2729689999999891
 20
-31.6343979999999974
 30
0
 11
85.2311419999999913
 21
-31.6849659999999993
 31
0
  0
LINE
  5
449
330
1A
100
AcDbEntity
  8
Edge.Cuts
  6
CONTINUOUS
100
AcDbLine
 10
85.2311419999999913
 20
-31.6849659999999993
 30
0
 11
85.1893429999999938
 21
-31.7356259999999999
 31
0
  0
LINE
  5
44A
330
1A
100
AcDbEntity
  8
Edge.Cuts
  6
CONTINUOUS
100
AcDbLine
 10
85.1893429999999938
 20
-31.7356259999999999
 30
0
 11
85.1475709999999992
 21
-31.7863790000000002
 31
0
  0
LINE
  5
44B
330
1A
100
AcDbEntity
  8
Edge.Cuts
  6
CONTINUOUS
100
AcDbLine
 10
85.1475709999999992
 20
-31.7863790000000002
 30
0
 11
85.1058269999999908
 21
-31.8372239999999991
 31
0
  0
LINE
  5
44C
330
1A
100
AcDbEntity
  8
Edge.Cuts
  6
CONTINUOUS
100
AcDbLine
 10
85.1058269999999908
 20
-31.8372239999999991
 30
0
 11
85.064109000000002
 21
-31.8881629999999987
 31
0
  0
LINE
  5
44D
330
1A
100
AcDbEntity
  8
Edge.Cuts
  6
CONTINUOUS
100
AcDbLine
 10
85.064109000000002
 20
-31.8881629999999987
 30
0
 11
85.0224189999999993
 21
-31.939193999999997
 31
0
  0
LINE
  5
44E
330
1A
100
AcDbEntity
  8
Edge.Cuts
  6
CONTINUOUS
100
AcDbLine
 10
85.0224189999999993
 20
-31.939193999999997
 30
0
 11
84.9807559999999995
 21
-31.9903189999999995
 31
0
  0
LINE
  5
44F
330
1A
100
AcDbEntity
  8
Edge.Cuts
  6
CONTINUOUS
100
AcDbLine
 10
84.9807559999999995
 20
-31.9903189999999995
 30
0
 11
84.9391189999999909
 21
-32.0415369999999982
 31
0
  0
LINE
  5
450
330
1A
100
AcDbEntity
  8
Edge.Cuts
  6
CONTINUOUS
100
AcDbLine
 10
84.9391189999999909
 20
-32.0415369999999982
 30
0
 11
84.8975099999999969
 21
-32.0928490000000011
 31
0
  0
LINE
  5
451
330
1A
100
AcDbEntity
  8
Edge.Cuts
  6
CONTINUOUS
100
AcDbLine
 10
84.8975099999999969
 20
-32.0928490000000011
 30
0
 11
84.8559269999999941
 21
-32.1442550000000011
 31
0
  0
LINE
  5
452
330
1A
100
AcDbEntity
  8
Edge.Cuts
  6
CONTINUOUS
100
AcDbLine
 10
84.8559269999999941
 20
-32.1442550000000011
 30
0
 11
84.8143719999999917
 21
-32.1957549999999983
 31
0
  0
LINE
  5
453
330
1A
100
AcDbEntity
  8
Edge.Cuts
  6
CONTINUOUS
100
AcDbLine
 10
84.8143719999999917
 20
-32.1957549999999983
 30
0
 11
84.7728429999999946
 21
-32.2473479999999952
 31
0
  0
LINE
  5
454
330
1A
100
AcDbEntity
  8
Edge.Cuts
  6
CONTINUOUS
100
AcDbLine
 10
84.7728429999999946
 20
-32.2473479999999952
 30
0
 11
84.731340000000003
 21
-32.2990369999999984
 31
0
  0
LINE
  5
455
330
1A
100
AcDbEntity
  8
Edge.Cuts
  6
CONTINUOUS
100
AcDbLine
 10
84.731340000000003
 20
-32.2990369999999984
 30
0
 11
84.689864
 21
-32.3508190000000013
 31
0
  0
LINE
  5
456
330
1A
100
AcDbEntity
  8
Edge.Cuts
  6
CONTINUOUS
100
AcDbLine
 10
84.689864
 20
-32.3508190000000013
 30
0
 11
84.648415
 21
-32.4026969999999963
 31
0
  0
LINE
  5
457
330
1A
100
AcDbEntity
  8
Edge.Cuts
  6
CONTINUOUS
100
AcDbLine
 10
84.648415
 20
-32.4026969999999963
 30
0
 11
84.6069919999999911
 21
-32.4546689999999955
 31
0
  0
LINE
  5
458
330
1A
100
AcDbEntity
  8
Edge.Cuts
  6
CONTINUOUS
100
AcDbLine
 10
84.6069919999999911
 20
-32.4546689999999955
 30
0
 11
84.5655959999999993
 21
-32.5067359999999965
 31
0
  0
LINE
  5
459
330
1A
100
AcDbEntity
  8
Edge.Cuts
  6
CONTINUOUS
100
AcDbLine
 10
84.5655959999999993
 20
-32.5067359999999965
 30
0
 11
84.5242259999999987
 21
-32.5588989999999967
 31
0
  0
LINE
  5
45A
330
1A
100
AcDbEntity
  8
Edge.Cuts
  6
CONTINUOUS
100
AcDbLine
 10
84.5242259999999987
 20
-32.5588989999999967
 30
0
 11
84.4828819999999894
 21
-32.6111569999999986
 31
0
  0
LINE
  5
45B
330
1A
100
AcDbEntity
  8
Edge.Cuts
  6
CONTINUOUS
100
AcDbLine
 10
84.4828819999999894
 20
-32.6111569999999986
 30
0
 11
84.4415639999999996
 21
-32.6635109999999997
 31
0
  0
LINE
  5
45C
330
1A
100
AcDbEntity
  8
Edge.Cuts
  6
CONTINUOUS
100
AcDbLine
 10
84.4415639999999996
 20
-32.6635109999999997
 30
0
 11
84.4002729999999985
 21
-32.7159610000000001
 31
0
  0
LINE
  5
45D
330
1A
100
AcDbEntity
  8
Edge.Cuts
  6
CONTINUOUS
100
AcDbLine
 10
84.4002729999999985
 20
-32.7159610000000001
 30
0
 11
84.3590069999999912
 21
-32.7685069999999996
 31
0
  0
LINE
  5
45E
330
1A
100
AcDbEntity
  8
Edge.Cuts
  6
CONTINUOUS
100
AcDbLine
 10
84.3590069999999912
 20
-32.7685069999999996
 30
0
 11
84.3177680000000009
 21
-32.8211489999999984
 31
0
  0
LINE
  5
45F
330
1A
100
AcDbEntity
  8
Edge.Cuts
  6
CONTINUOUS
100
AcDbLine
 10
84.3177680000000009
 20
-32.8211489999999984
 30
0
 11
84.2765539999999902
 21
-32.8738880000000009
 31
0
  0
LINE
  5
460
330
1A
100
AcDbEntity
  8
Edge.Cuts
  6
CONTINUOUS
100
AcDbLine
 10
84.2765539999999902
 20
-32.8738880000000009
 30
0
 11
84.2353669999999966
 21
-32.9267229999999955
 31
0
  0
LINE
  5
461
330
1A
100
AcDbEntity
  8
Edge.Cuts
  6
CONTINUOUS
100
AcDbLine
 10
84.2353669999999966
 20
-32.9267229999999955
 30
0
 11
84.1942049999999966
 21
-32.9796550000000011
 31
0
  0
LINE
  5
462
330
1A
100
AcDbEntity
  8
Edge.Cuts
  6
CONTINUOUS
100
AcDbLine
 10
84.1942049999999966
 20
-32.9796550000000011
 30
0
 11
84.1530690000000021
 21
-33.0326850000000007
 31
0
  0
LINE
  5
463
330
1A
100
AcDbEntity
  8
Edge.Cuts
  6
CONTINUOUS
100
AcDbLine
 10
84.1530690000000021
 20
-33.0326850000000007
 30
0
 11
84.1119589999999988
 21
-33.0858109999999996
 31
0
  0
LINE
  5
464
330
1A
100
AcDbEntity
  8
Edge.Cuts
  6
CONTINUOUS
100
AcDbLine
 10
84.1119589999999988
 20
-33.0858109999999996
 30
0
 11
84.0708739999999892
 21
-33.1390359999999973
 31
0
  0
LINE
  5
465
330
1A
100
AcDbEntity
  8
Edge.Cuts
  6
CONTINUOUS
100
AcDbLine
 10
84.0708739999999892
 20
-33.1390359999999973
 30
0
 11
84.0298140000000018
 21
-33.1923579999999987
 31
0
  0
LINE
  5
466
330
1A
100
AcDbEntity
  8
Edge.Cuts
  6
CONTINUOUS
100
AcDbLine
 10
84.0298140000000018
 20
-33.1923579999999987
 30
0
 11
83.988781000000003
 21
-33.2457780000000014
 31
0
  0
LINE
  5
467
330
1A
100
AcDbEntity
  8
Edge.Cuts
  6
CONTINUOUS
100
AcDbLine
 10
83.988781000000003
 20
-33.2457780000000014
 30
0
 11
83.9477720000000005
 21
-33.2992959999999982
 31
0
  0
LINE
  5
468
330
1A
100
AcDbEntity
  8
Edge.Cuts
  6
CONTINUOUS
100
AcDbLine
 10
83.9477720000000005
 20
-33.2992959999999982
 30
0
 11
83.9067889999999892
 21
-33.3529119999999963
 31
0
  0
LINE
  5
469
330
1A
100
AcDbEntity
  8
Edge.Cuts
  6
CONTINUOUS
100
AcDbLine
 10
83.9067889999999892
 20
-33.3529119999999963
 30
0
 11
83.865831
 21
-33.4066270000000003
 31
0
  0
LINE
  5
46A
330
1A
100
AcDbEntity
  8
Edge.Cuts
  6
CONTINUOUS
100
AcDbLine
 10
83.865831
 20
-33.4066270000000003
 30
0
 11
83.8248979999999904
 21
-33.4604409999999959
 31
0
  0
LINE
  5
46B
330
1A
100
AcDbEntity
  8
Edge.Cuts
  6
CONTINUOUS
100
AcDbLine
 10
83.8248979999999904
 20
-33.4604409999999959
 30
0
 11
83.7839900000000029
 21
-33.5143539999999973
 31
0
  0
LINE
  5
46C
330
1A
100
AcDbEntity
  8
Edge.Cuts
  6
CONTINUOUS
100
AcDbLine
 10
83.7839900000000029
 20
-33.5143539999999973
 30
0
 11
83.7431079999999923
 21
-33.5683659999999975
 31
0
  0
LINE
  5
46D
330
1A
100
AcDbEntity
  8
Edge.Cuts
  6
CONTINUOUS
100
AcDbLine
 10
83.7431079999999923
 20
-33.5683659999999975
 30
0
 11
83.7022499999999923
 21
-33.622478000000001
 31
0
  0
LINE
  5
46E
330
1A
100
AcDbEntity
  8
Edge.Cuts
  6
CONTINUOUS
100
AcDbLine
 10
83.7022499999999923
 20
-33.622478000000001
 30
0
 11
83.6614170000000001
 21
-33.6766889999999961
 31
0
  0
LINE
  5
46F
330
1A
100
AcDbEntity
  8
Edge.Cuts
  6
CONTINUOUS
100
AcDbLine
 10
83.6614170000000001
 20
-33.6766889999999961
 30
0
 11
83.6206090000000017
 21
-33.7310009999999991
 31
0
  0
LINE
  5
470
330
1A
100
AcDbEntity
  8
Edge.Cuts
  6
CONTINUOUS
100
AcDbLine
 10
83.6206090000000017
 20
-33.7310009999999991
 30
0
 11
83.5798249999999996
 21
-33.7854120000000009
 31
0
  0
LINE
  5
471
330
1A
100
AcDbEntity
  8
Edge.Cuts
  6
CONTINUOUS
100
AcDbLine
 10
83.5798249999999996
 20
-33.7854120000000009
 30
0
 11
83.5390659999999912
 21
-33.8399239999999963
 31
0
  0
LINE
  5
472
330
1A
100
AcDbEntity
  8
Edge.Cuts
  6
CONTINUOUS
100
AcDbLine
 10
83.5390659999999912
 20
-33.8399239999999963
 30
0
 11
83.4983319999999907
 21
-33.8945369999999997
 31
0
  0
LINE
  5
473
330
1A
100
AcDbEntity
  8
Edge.Cuts
  6
CONTINUOUS
100
AcDbLine
 10
83.4983319999999907
 20
-33.8945369999999997
 30
0
 11
83.4576220000000006
 21
-33.9492509999999967
 31
0
  0
LINE
  5
474
330
1A
100
AcDbEntity
  8
Edge.Cuts
  6
CONTINUOUS
100
AcDbLine
 10
83.4576220000000006
 20
-33.9492509999999967
 30
0
 11
83.4169359999999926
 21
-34.0040660000000017
 31
0
  0
LINE
  5
475
330
1A
100
AcDbEntity
  8
Edge.Cuts
  6
CONTINUOUS
100
AcDbLine
 10
83.4169359999999926
 20
-34.0040660000000017
 30
0
 11
83.3762739999999951
 21
-34.0589820000000003
 31
0
  0
LINE
  5
476
330
1A
100
AcDbEntity
  8
Edge.Cuts
  6
CONTINUOUS
100
AcDbLine
 10
83.3762739999999951
 20
-34.0589820000000003
 30
0
 11
83.3356369999999913
 21
-34.1139999999999972
 31
0
  0
LINE
  5
477
330
1A
100
AcDbEntity
  8
Edge.Cuts
  6
CONTINUOUS
100
AcDbLine
 10
83.3356369999999913
 20
-34.1139999999999972
 30
0
 11
83.295023999999998
 21
-34.1691199999999995
 31
0
  0
LINE
  5
478
330
1A
100
AcDbEntity
  8
Edge.Cuts
  6
CONTINUOUS
100
AcDbLine
 10
83.295023999999998
 20
-34.1691199999999995
 30
0
 11
83.2544350000000009
 21
-34.224342
 31
0
  0
LINE
  5
479
330
1A
100
AcDbEntity
  8
Edge.Cuts
  6
CONTINUOUS
100
AcDbLine
 10
83.2544350000000009
 20
-34.224342
 30
0
 11
83.2138690000000025
 21
-34.2796659999999989
 31
0
  0
LINE
  5
47A
330
1A
100
AcDbEntity
  8
Edge.Cuts
  6
CONTINUOUS
100
AcDbLine
 10
83.2138690000000025
 20
-34.2796659999999989
 30
0
 11
83.1733279999999979
 21
-34.3350930000000005
 31
0
  0
LINE
  5
47B
330
1A
100
AcDbEntity
  8
Edge.Cuts
  6
CONTINUOUS
100
AcDbLine
 10
83.1733279999999979
 20
-34.3350930000000005
 30
0
 11
83.1328099999999921
 21
-34.3906229999999979
 31
0
  0
LINE
  5
47C
330
1A
100
AcDbEntity
  8
Edge.Cuts
  6
CONTINUOUS
100
AcDbLine
 10
83.1328099999999921
 20
-34.3906229999999979
 30
0
 11
83.0923159999999967
 21
-34.4462559999999982
 31
0
  0
LINE
  5
47D
330
1A
100
AcDbEntity
  8
Edge.Cuts
  6
CONTINUOUS
100
AcDbLine
 10
83.0923159999999967
 20
-34.4462559999999982
 30
0
 11
83.0518459999999976
 21
-34.5019929999999988
 31
0
  0
LINE
  5
47E
330
1A
100
AcDbEntity
  8
Edge.Cuts
  6
CONTINUOUS
100
AcDbLine
 10
83.0518459999999976
 20
-34.5019929999999988
 30
0
 11
83.0113979999999998
 21
-34.5578329999999951
 31
0
  0
LINE
  5
47F
330
1A
100
AcDbEntity
  8
Edge.Cuts
  6
CONTINUOUS
100
AcDbLine
 10
83.0113979999999998
 20
-34.5578329999999951
 30
0
 11
82.9709749999999957
 21
-34.6137769999999989
 31
0
  0
LINE
  5
480
330
1A
100
AcDbEntity
  8
Edge.Cuts
  6
CONTINUOUS
100
AcDbLine
 10
82.9709749999999957
 20
-34.6137769999999989
 30
0
 11
82.9305739999999929
 21
-34.6698260000000005
 31
0
  0
LINE
  5
481
330
1A
100
AcDbEntity
  8
Edge.Cuts
  6
CONTINUOUS
100
AcDbLine
 10
82.9305739999999929
 20
-34.6698260000000005
 30
0
 11
82.8901970000000006
 21
-34.7259789999999953
 31
0
  0
LINE
  5
482
330
1A
100
AcDbEntity
  8
Edge.Cuts
  6
CONTINUOUS
100
AcDbLine
 10
82.8901970000000006
 20
-34.7259789999999953
 30
0
 11
82.8498419999999953
 21
-34.782236999999995
 31
0
  0
LINE
  5
483
330
1A
100
AcDbEntity
  8
Edge.Cuts
  6
CONTINUOUS
100
AcDbLine
 10
82.8498419999999953
 20
-34.782236999999995
 30
0
 11
82.8095110000000005
 21
-34.8385999999999996
 31
0
  0
LINE
  5
484
330
1A
100
AcDbEntity
  8
Edge.Cuts
  6
CONTINUOUS
100
AcDbLine
 10
82.8095110000000005
 20
-34.8385999999999996
 30
0
 11
82.7692029999999903
 21
-34.895068000000002
 31
0
  0
LINE
  5
485
330
1A
100
AcDbEntity
  8
Edge.Cuts
  6
CONTINUOUS
100
AcDbLine
 10
82.7692029999999903
 20
-34.895068000000002
 30
0
 11
82.7289169999999956
 21
-34.9516419999999997
 31
0
  0
LINE
  5
486
330
1A
100
AcDbEntity
  8
Edge.Cuts
  6
CONTINUOUS
100
AcDbLine
 10
82.7289169999999956
 20
-34.9516419999999997
 30
0
 11
82.6886539999999997
 21
-35.0083219999999997
 31
0
  0
LINE
  5
487
330
1A
100
AcDbEntity
  8
Edge.Cuts
  6
CONTINUOUS
100
AcDbLine
 10
82.6886539999999997
 20
-35.0083219999999997
 30
0
 11
82.6484129999999908
 21
-35.0651089999999996
 31
0
  0
LINE
  5
488
330
1A
100
AcDbEntity
  8
Edge.Cuts
  6
CONTINUOUS
100
AcDbLine
 10
82.6484129999999908
 20
-35.0651089999999996
 30
0
 11
82.6081949999999949
 21
-35.1220020000000019
 31
0
  0
LINE
  5
489
330
1A
100
AcDbEntity
  8
Edge.Cuts
  6
CONTINUOUS
100
AcDbLine
 10
82.6081949999999949
 20
-35.1220020000000019
 30
0
 11
82.5679990000000004
 21
-35.1790009999999995
 31
0
  0
LINE
  5
48A
330
1A
100
AcDbEntity
  8
Edge.Cuts
  6
CONTINUOUS
100
AcDbLine
 10
82.5679990000000004
 20
-35.1790009999999995
 30
0
 11
82.5278259999999904
 21
-35.2361080000000015
 31
0
  0
LINE
  5
48B
330
1A
100
AcDbEntity
  8
Edge.Cuts
  6
CONTINUOUS
100
AcDbLine
 10
82.5278259999999904
 20
-35.2361080000000015
 30
0
 11
82.4876739999999984
 21
-35.2933219999999963
 31
0
  0
LINE
  5
48C
330
1A
100
AcDbEntity
  8
Edge.Cuts
  6
CONTINUOUS
100
AcDbLine
 10
82.4876739999999984
 20
-35.2933219999999963
 30
0
 11
82.447544999999991
 21
-35.3506439999999955
 31
0
  0
LINE
  5
48D
330
1A
100
AcDbEntity
  8
Edge.Cuts
  6
CONTINUOUS
100
AcDbLine
 10
82.447544999999991
 20
-35.3506439999999955
 30
0
 11
82.4074370000000016
 21
-35.4080739999999992
 31
0
  0
LINE
  5
48E
330
1A
100
AcDbEntity
  8
Edge.Cuts
  6
CONTINUOUS
100
AcDbLine
 10
82.4074370000000016
 20
-35.4080739999999992
 30
0
 11
82.3673509999999993
 21
-35.4656129999999976
 31
0
  0
LINE
  5
48F
330
1A
100
AcDbEntity
  8
Edge.Cuts
  6
CONTINUOUS
100
AcDbLine
 10
82.3673509999999993
 20
-35.4656129999999976
 30
0
 11
82.3272869999999983
 21
-35.5232600000000005
 31
0
  0
LINE
  5
490
330
1A
100
AcDbEntity
  8
Edge.Cuts
  6
CONTINUOUS
100
AcDbLine
 10
82.3272869999999983
 20
-35.5232600000000005
 30
0
 11
82.2872449999999986
 21
-35.5810159999999982
 31
0
  0
LINE
  5
491
330
1A
100
AcDbEntity
  8
Edge.Cuts
  6
CONTINUOUS
100
AcDbLine
 10
82.2872449999999986
 20
-35.5810159999999982
 30
0
 11
82.2472240000000028
 21
-35.6388819999999953
 31
0
  0
LINE
  5
492
330
1A
100
AcDbEntity
  8
Edge.Cuts
  6
CONTINUOUS
100
AcDbLine
 10
82.2472240000000028
 20
-35.6388819999999953
 30
0
 11
82.2072239999999965
 21
-35.6968570000000014
 31
0
  0
LINE
  5
493
330
1A
100
AcDbEntity
  8
Edge.Cuts
  6
CONTINUOUS
100
AcDbLine
 10
82.2072239999999965
 20
-35.6968570000000014
 30
0
 11
82.1672449999999941
 21
-35.7549419999999998
 31
0
  0
LINE
  5
494
330
1A
100
AcDbEntity
  8
Edge.Cuts
  6
CONTINUOUS
100
AcDbLine
 10
82.1672449999999941
 20
-35.7549419999999998
 30
0
 11
82.1272869999999955
 21
-35.813137999999995
 31
0
  0
LINE
  5
495
330
1A
100
AcDbEntity
  8
Edge.Cuts
  6
CONTINUOUS
100
AcDbLine
 10
82.1272869999999955
 20
-35.813137999999995
 30
0
 11
82.0873509999999982
 21
-35.8714439999999968
 31
0
  0
LINE
  5
496
330
1A
100
AcDbEntity
  8
Edge.Cuts
  6
CONTINUOUS
100
AcDbLine
 10
82.0873509999999982
 20
-35.8714439999999968
 30
0
 11
82.047434999999993
 21
-35.9298609999999954
 31
0
  0
LINE
  5
497
330
1A
100
AcDbEntity
  8
Edge.Cuts
  6
CONTINUOUS
100
AcDbLine
 10
82.047434999999993
 20
-35.9298609999999954
 30
0
 11
82.0075389999999942
 21
-35.9883899999999954
 31
0
  0
LINE
  5
498
330
1A
100
AcDbEntity
  8
Edge.Cuts
  6
CONTINUOUS
100
AcDbLine
 10
82.0075389999999942
 20
-35.9883899999999954
 30
0
 11
81.9676649999999967
 21
-36.0470309999999969
 31
0
  0
LINE
  5
499
330
1A
100
AcDbEntity
  8
Edge.Cuts
  6
CONTINUOUS
100
AcDbLine
 10
81.9676649999999967
 20
-36.0470309999999969
 30
0
 11
81.9278099999999938
 21
-36.1057829999999953
 31
0
  0
LINE
  5
49A
330
1A
100
AcDbEntity
  8
Edge.Cuts
  6
CONTINUOUS
100
AcDbLine
 10
81.9278099999999938
 20
-36.1057829999999953
 30
0
 11
81.8879759999999948
 21
-36.1646479999999997
 31
0
  0
LINE
  5
49B
330
1A
100
AcDbEntity
  8
Edge.Cuts
  6
CONTINUOUS
100
AcDbLine
 10
81.8879759999999948
 20
-36.1646479999999997
 30
0
 11
81.8481620000000021
 21
-36.2236259999999959
 31
0
  0
LINE
  5
49C
330
1A
100
AcDbEntity
  8
Edge.Cuts
  6
CONTINUOUS
100
AcDbLine
 10
81.8481620000000021
 20
-36.2236259999999959
 30
0
 11
81.8083680000000015
 21
-36.2827169999999981
 31
0
  0
LINE
  5
49D
330
1A
100
AcDbEntity
  8
Edge.Cuts
  6
CONTINUOUS
100
AcDbLine
 10
81.8083680000000015
 20
-36.2827169999999981
 30
0
 11
81.7685939999999931
 21
-36.3419209999999993
 31
0
  0
LINE
  5
49E
330
1A
100
AcDbEntity
  8
Edge.Cuts
  6
CONTINUOUS
100
AcDbLine
 10
81.7685939999999931
 20
-36.3419209999999993
 30
0
 11
81.7288399999999911
 21
-36.4012400000000014
 31
0
  0
LINE
  5
49F
330
1A
100
AcDbEntity
  8
Edge.Cuts
  6
CONTINUOUS
100
AcDbLine
 10
81.7288399999999911
 20
-36.4012400000000014
 30
0
 11
81.6891049999999979
 21
-36.4606729999999999
 31
0
  0
LINE
  5
4A0
330
1A
100
AcDbEntity
  8
Edge.Cuts
  6
CONTINUOUS
100
AcDbLine
 10
81.6891049999999979
 20
-36.4606729999999999
 30
0
 11
81.6493899999999968
 21
-36.5202199999999948
 31
0
  0
LINE
  5
4A1
330
1A
100
AcDbEntity
  8
Edge.Cuts
  6
CONTINUOUS
100
AcDbLine
 10
81.6493899999999968
 20
-36.5202199999999948
 30
0
 11
81.6096939999999904
 21
-36.5798829999999953
 31
0
  0
LINE
  5
4A2
330
1A
100
AcDbEntity
  8
Edge.Cuts
  6
CONTINUOUS
100
AcDbLine
 10
81.6096939999999904
 20
-36.5798829999999953
 30
0
 11
81.5700169999999929
 21
-36.6396609999999967
 31
0
  0
LINE
  5
4A3
330
1A
100
AcDbEntity
  8
Edge.Cuts
  6
CONTINUOUS
100
AcDbLine
 10
81.5700169999999929
 20
-36.6396609999999967
 30
0
 11
81.53035899999999
 21
-36.6995549999999966
 31
0
  0
LINE
  5
4A4
330
1A
100
AcDbEntity
  8
Edge.Cuts
  6
CONTINUOUS
100
AcDbLine
 10
81.53035899999999
 20
-36.6995549999999966
 30
0
 11
81.490719999999996
 21
-36.7595649999999949
 31
0
  0
LINE
  5
4A5
330
1A
100
AcDbEntity
  8
Edge.Cuts
  6
CONTINUOUS
100
AcDbLine
 10
81.490719999999996
 20
-36.7595649999999949
 30
0
 11
81.4510989999999993
 21
-36.8196919999999963
 31
0
  0
LINE
  5
4A6
330
1A
100
AcDbEntity
  8
Edge.Cuts
  6
CONTINUOUS
100
AcDbLine
 10
81.4510989999999993
 20
-36.8196919999999963
 30
0
 11
81.4114969999999971
 21
-36.8799369999999982
 31
0
  0
LINE
  5
4A7
330
1A
100
AcDbEntity
  8
Edge.Cuts
  6
CONTINUOUS
100
AcDbLine
 10
81.4114969999999971
 20
-36.8799369999999982
 30
0
 11
81.3719129999999922
 21
-36.9402979999999985
 31
0
  0
LINE
  5
4A8
330
1A
100
AcDbEntity
  8
Edge.Cuts
  6
CONTINUOUS
100
AcDbLine
 10
81.3719129999999922
 20
-36.9402979999999985
 30
0
 11
81.3323479999999961
 21
-37.0007779999999968
 31
0
  0
LINE
  5
4A9
330
1A
100
AcDbEntity
  8
Edge.Cuts
  6
CONTINUOUS
100
AcDbLine
 10
81.3323479999999961
 20
-37.0007779999999968
 30
0
 11
81.2927999999999997
 21
-37.0613759999999957
 31
0
  0
LINE
  5
4AA
330
1A
100
AcDbEntity
  8
Edge.Cuts
  6
CONTINUOUS
100
AcDbLine
 10
81.2927999999999997
 20
-37.0613759999999957
 30
0
 11
81.2532700000000006
 21
-37.1220929999999996
 31
0
  0
LINE
  5
4AB
330
1A
100
AcDbEntity
  8
Edge.Cuts
  6
CONTINUOUS
100
AcDbLine
 10
81.2532700000000006
 20
-37.1220929999999996
 30
0
 11
81.2137579999999986
 21
-37.1829299999999989
 31
0
  0
LINE
  5
4AC
330
1A
100
AcDbEntity
  8
Edge.Cuts
  6
CONTINUOUS
100
AcDbLine
 10
81.2137579999999986
 20
-37.1829299999999989
 30
0
 11
81.1742639999999938
 21
-37.2438859999999963
 31
0
  0
LINE
  5
4AD
330
1A
100
AcDbEntity
  8
Edge.Cuts
  6
CONTINUOUS
100
AcDbLine
 10
81.1742639999999938
 20
-37.2438859999999963
 30
0
 11
81.1347859999999912
 21
-37.3049619999999962
 31
0
  0
LINE
  5
4AE
330
1A
100
AcDbEntity
  8
Edge.Cuts
  6
CONTINUOUS
100
AcDbLine
 10
81.1347859999999912
 20
-37.3049619999999962
 30
0
 11
81.095326
 21
-37.3661589999999961
 31
0
  0
LINE
  5
4AF
330
1A
100
AcDbEntity
  8
Edge.Cuts
  6
CONTINUOUS
100
AcDbLine
 10
81.095326
 20
-37.3661589999999961
 30
0
 11
81.0558829999999944
 21
-37.4274780000000007
 31
0
  0
LINE
  5
4B0
330
1A
100
AcDbEntity
  8
Edge.Cuts
  6
CONTINUOUS
100
AcDbLine
 10
81.0558829999999944
 20
-37.4274780000000007
 30
0
 11
81.0164559999999909
 21
-37.4889170000000007
 31
0
  0
LINE
  5
4B1
330
1A
100
AcDbEntity
  8
Edge.Cuts
  6
CONTINUOUS
100
AcDbLine
 10
81.0164559999999909
 20
-37.4889170000000007
 30
0
 11
80.9770469999999989
 21
-37.5504789999999957
 31
0
  0
LINE
  5
4B2
330
1A
100
AcDbEntity
  8
Edge.Cuts
  6
CONTINUOUS
100
AcDbLine
 10
80.9770469999999989
 20
-37.5504789999999957
 30
0
 11
80.9376529999999974
 21
-37.6121639999999999
 31
0
  0
LINE
  5
4B3
330
1A
100
AcDbEntity
  8
Edge.Cuts
  6
CONTINUOUS
100
AcDbLine
 10
80.9376529999999974
 20
-37.6121639999999999
 30
0
 11
80.8982759999999956
 21
-37.6739719999999991
 31
0
  0
LINE
  5
4B4
330
1A
100
AcDbEntity
  8
Edge.Cuts
  6
CONTINUOUS
100
AcDbLine
 10
80.8982759999999956
 20
-37.6739719999999991
 30
0
 11
80.8589139999999986
 21
-37.7359030000000004
 31
0
  0
LINE
  5
4B5
330
1A
100
AcDbEntity
  8
Edge.Cuts
  6
CONTINUOUS
100
AcDbLine
 10
80.8589139999999986
 20
-37.7359030000000004
 30
0
 11
80.8195690000000013
 21
-37.7979580000000013
 31
0
  0
LINE
  5
4B6
330
1A
100
AcDbEntity
  8
Edge.Cuts
  6
CONTINUOUS
100
AcDbLine
 10
80.8195690000000013
 20
-37.7979580000000013
 30
0
 11
80.7802379999999971
 21
-37.8601379999999992
 31
0
  0
LINE
  5
4B7
330
1A
100
AcDbEntity
  8
Edge.Cuts
  6
CONTINUOUS
100
AcDbLine
 10
80.7802379999999971
 20
-37.8601379999999992
 30
0
 11
80.7409239999999926
 21
-37.9224430000000012
 31
0
  0
LINE
  5
4B8
330
1A
100
AcDbEntity
  8
Edge.Cuts
  6
CONTINUOUS
100
AcDbLine
 10
80.7409239999999926
 20
-37.9224430000000012
 30
0
 11
80.7016239999999954
 21
-37.9848739999999978
 31
0
  0
LINE
  5
4B9
330
1A
100
AcDbEntity
  8
Edge.Cuts
  6
CONTINUOUS
100
AcDbLine
 10
80.7016239999999954
 20
-37.9848739999999978
 30
0
 11
80.6623390000000029
 21
-38.047430999999996
 31
0
  0
LINE
  5
4BA
330
1A
100
AcDbEntity
  8
Edge.Cuts
  6
CONTINUOUS
100
AcDbLine
 10
80.6623390000000029
 20
-38.047430999999996
 30
0
 11
80.6230699999999985
 21
-38.1101150000000004
 31
0
  0
LINE
  5
4BB
330
1A
100
AcDbEntity
  8
Edge.Cuts
  6
CONTINUOUS
100
AcDbLine
 10
80.6230699999999985
 20
-38.1101150000000004
 30
0
 11
80.5838139999999896
 21
-38.1729270000000014
 31
0
  0
LINE
  5
4BC
330
1A
100
AcDbEntity
  8
Edge.Cuts
  6
CONTINUOUS
100
AcDbLine
 10
80.5838139999999896
 20
-38.1729270000000014
 30
0
 11
80.5445729999999998
 21
-38.2358660000000015
 31
0
  0
LINE
  5
4BD
330
1A
100
AcDbEntity
  8
Edge.Cuts
  6
CONTINUOUS
100
AcDbLine
 10
80.5445729999999998
 20
-38.2358660000000015
 30
0
 11
80.505346000000003
 21
-38.2989329999999981
 31
0
  0
LINE
  5
4BE
330
1A
100
AcDbEntity
  8
Edge.Cuts
  6
CONTINUOUS
100
AcDbLine
 10
80.505346000000003
 20
-38.2989329999999981
 30
0
 11
80.4661320000000018
 21
-38.3621300000000005
 31
0
  0
LINE
  5
4BF
330
1A
100
AcDbEntity
  8
Edge.Cuts
  6
CONTINUOUS
100
AcDbLine
 10
80.4661320000000018
 20
-38.3621300000000005
 30
0
 11
80.4269329999999911
 21
-38.4254570000000015
 31
0
  0
LINE
  5
4C0
330
1A
100
AcDbEntity
  8
Edge.Cuts
  6
CONTINUOUS
100
AcDbLine
 10
80.4269329999999911
 20
-38.4254570000000015
 30
0
 11
80.3877459999999928
 21
-38.4889129999999966
 31
0
  0
LINE
  5
4C1
330
1A
100
AcDbEntity
  8
Edge.Cuts
  6
CONTINUOUS
100
AcDbLine
 10
80.3877459999999928
 20
-38.4889129999999966
 30
0
 11
80.3485730000000018
 21
-38.5525009999999995
 31
0
  0
LINE
  5
4C2
330
1A
100
AcDbEntity
  8
Edge.Cuts
  6
CONTINUOUS
100
AcDbLine
 10
80.3485730000000018
 20
-38.5525009999999995
 30
0
 11
80.3094119999999947
 21
-38.6162199999999984
 31
0
  0
LINE
  5
4C3
330
1A
100
AcDbEntity
  8
Edge.Cuts
  6
CONTINUOUS
100
AcDbLine
 10
80.3094119999999947
 20
-38.6162199999999984
 30
0
 11
80.2702639999999974
 21
-38.6800709999999981
 31
0
  0
LINE
  5
4C4
330
1A
100
AcDbEntity
  8
Edge.Cuts
  6
CONTINUOUS
100
AcDbLine
 10
80.2702639999999974
 20
-38.6800709999999981
 30
0
 11
80.2311279999999982
 21
-38.7440549999999959
 31
0
  0
LINE
  5
4C5
330
1A
100
AcDbEntity
  8
Edge.Cuts
  6
CONTINUOUS
100
AcDbLine
 10
80.2311279999999982
 20
-38.7440549999999959
 30
0
 11
80.1920039999999972
 21
-38.808171999999999
 31
0
  0
LINE
  5
4C6
330
1A
100
AcDbEntity
  8
Edge.Cuts
  6
CONTINUOUS
100
AcDbLine
 10
80.1920039999999972
 20
-38.808171999999999
 30
0
 11
80.1528919999999943
 21
-38.8724239999999952
 31
0
  0
LINE
  5
4C7
330
1A
100
AcDbEntity
  8
Edge.Cuts
  6
CONTINUOUS
100
AcDbLine
 10
80.1528919999999943
 20
-38.8724239999999952
 30
0
 11
80.1137919999999895
 21
-38.9368100000000013
 31
0
  0
LINE
  5
4C8
330
1A
100
AcDbEntity
  8
Edge.Cuts
  6
CONTINUOUS
100
AcDbLine
 10
80.1137919999999895
 20
-38.9368100000000013
 30
0
 11
80.074702000000002
 21
-39.0013310000000004
 31
0
  0
LINE
  5
4C9
330
1A
100
AcDbEntity
  8
Edge.Cuts
  6
CONTINUOUS
100
AcDbLine
 10
80.074702000000002
 20
-39.0013310000000004
 30
0
 11
80.0356239999999985
 21
-39.0659889999999947
 31
0
  0
LINE
  5
4CA
330
1A
100
AcDbEntity
  8
Edge.Cuts
  6
CONTINUOUS
100
AcDbLine
 10
80.0356239999999985
 20
-39.0659889999999947
 30
0
 11
79.9965559999999982
 21
-39.1307839999999985
 31
0
  0
LINE
  5
4CB
330
1A
100
AcDbEntity
  8
Edge.Cuts
  6
CONTINUOUS
100
AcDbLine
 10
79.9965559999999982
 20
-39.1307839999999985
 30
0
 11
79.9574989999999985
 21
-39.1957159999999973
 31
0
  0
LINE
  5
4CC
330
1A
100
AcDbEntity
  8
Edge.Cuts
  6
CONTINUOUS
100
AcDbLine
 10
79.9574989999999985
 20
-39.1957159999999973
 30
0
 11
79.918452000000002
 21
-39.260785999999996
 31
0
  0
LINE
  5
4CD
330
1A
100
AcDbEntity
  8
Edge.Cuts
  6
CONTINUOUS
100
AcDbLine
 10
79.918452000000002
 20
-39.260785999999996
 30
0
 11
79.879413999999997
 21
-39.3259949999999989
 31
0
  0
LINE
  5
4CE
330
1A
100
AcDbEntity
  8
Edge.Cuts
  6
CONTINUOUS
100
AcDbLine
 10
79.879413999999997
 20
-39.3259949999999989
 30
0
 11
79.8403859999999952
 21
-39.3913450000000012
 31
0
  0
LINE
  5
4CF
330
1A
100
AcDbEntity
  8
Edge.Cuts
  6
CONTINUOUS
100
AcDbLine
 10
79.8403859999999952
 20
-39.3913450000000012
 30
0
 11
79.8013660000000016
 21
-39.4568340000000006
 31
0
  0
LINE
  5
4D0
330
1A
100
AcDbEntity
  8
Edge.Cuts
  6
CONTINUOUS
100
AcDbLine
 10
79.8013660000000016
 20
-39.4568340000000006
 30
0
 11
79.7623559999999969
 21
-39.5224649999999968
 31
0
  0
LINE
  5
4D1
330
1A
100
AcDbEntity
  8
Edge.Cuts
  6
CONTINUOUS
100
AcDbLine
 10
79.7623559999999969
 20
-39.5224649999999968
 30
0
 11
79.7233540000000005
 21
-39.5882379999999969
 31
0
  0
LINE
  5
4D2
330
1A
100
AcDbEntity
  8
Edge.Cuts
  6
CONTINUOUS
100
AcDbLine
 10
79.7233540000000005
 20
-39.5882379999999969
 30
0
 11
79.6843599999999981
 21
-39.6541539999999983
 31
0
  0
LINE
  5
4D3
330
1A
100
AcDbEntity
  8
Edge.Cuts
  6
CONTINUOUS
100
AcDbLine
 10
79.6843599999999981
 20
-39.6541539999999983
 30
0
 11
79.6453739999999897
 21
-39.7202139999999986
 31
0
  0
LINE
  5
4D4
330
1A
100
AcDbEntity
  8
Edge.Cuts
  6
CONTINUOUS
100
AcDbLine
 10
79.6453739999999897
 20
-39.7202139999999986
 30
0
 11
79.6063959999999895
 21
-39.7864189999999951
 31
0
  0
LINE
  5
4D5
330
1A
100
AcDbEntity
  8
Edge.Cuts
  6
CONTINUOUS
100
AcDbLine
 10
79.6063959999999895
 20
-39.7864189999999951
 30
0
 11
79.5674240000000026
 21
-39.8527679999999975
 31
0
  0
LINE
  5
4D6
330
1A
100
AcDbEntity
  8
Edge.Cuts
  6
CONTINUOUS
100
AcDbLine
 10
79.5674240000000026
 20
-39.8527679999999975
 30
0
 11
79.528458999999998
 21
-39.9192639999999983
 31
0
  0
LINE
  5
4D7
330
1A
100
AcDbEntity
  8
Edge.Cuts
  6
CONTINUOUS
100
AcDbLine
 10
79.528458999999998
 20
-39.9192639999999983
 30
0
 11
79.4894999999999925
 21
-39.9859079999999949
 31
0
  0
LINE
  5
4D8
330
1A
100
AcDbEntity
  8
Edge.Cuts
  6
CONTINUOUS
100
AcDbLine
 10
79.4894999999999925
 20
-39.9859079999999949
 30
0
 11
79.4505479999999977
 21
-40.0526989999999969
 31
0
  0
LINE
  5
4D9
330
1A
100
AcDbEntity
  8
Edge.Cuts
  6
CONTINUOUS
100
AcDbLine
 10
79.4505479999999977
 20
-40.0526989999999969
 30
0
 11
79.4116009999999903
 21
-40.1196399999999969
 31
0
  0
LINE
  5
4DA
330
1A
100
AcDbEntity
  8
Edge.Cuts
  6
CONTINUOUS
100
AcDbLine
 10
79.4116009999999903
 20
-40.1196399999999969
 30
0
 11
79.3726589999999987
 21
-40.1867299999999972
 31
0
  0
LINE
  5
4DB
330
1A
100
AcDbEntity
  8
Edge.Cuts
  6
CONTINUOUS
100
AcDbLine
 10
79.3726589999999987
 20
-40.1867299999999972
 30
0
 11
79.333720999999997
 21
-40.2539709999999999
 31
0
  0
LINE
  5
4DC
330
1A
100
AcDbEntity
  8
Edge.Cuts
  6
CONTINUOUS
100
AcDbLine
 10
79.333720999999997
 20
-40.2539709999999999
 30
0
 11
79.2947879999999969
 21
-40.3213639999999955
 31
0
  0
LINE
  5
4DD
330
1A
100
AcDbEntity
  8
Edge.Cuts
  6
CONTINUOUS
100
AcDbLine
 10
79.2947879999999969
 20
-40.3213639999999955
 30
0
 11
79.2558590000000009
 21
-40.3889099999999956
 31
0
  0
LINE
  5
4DE
330
1A
100
AcDbEntity
  8
Edge.Cuts
  6
CONTINUOUS
100
AcDbLine
 10
79.2558590000000009
 20
-40.3889099999999956
 30
0
 11
79.2169339999999949
 21
-40.4566099999999977
 31
0
  0
LINE
  5
4DF
330
1A
100
AcDbEntity
  8
Edge.Cuts
  6
CONTINUOUS
100
AcDbLine
 10
79.2169339999999949
 20
-40.4566099999999977
 30
0
 11
79.1780109999999979
 21
-40.5244649999999993
 31
0
  0
LINE
  5
4E0
330
1A
100
AcDbEntity
  8
Edge.Cuts
  6
CONTINUOUS
100
AcDbLine
 10
79.1780109999999979
 20
-40.5244649999999993
 30
0
 11
79.1390919999999909
 21
-40.5924750000000003
 31
0
  0
LINE
  5
4E1
330
1A
100
AcDbEntity
  8
Edge.Cuts
  6
CONTINUOUS
100
AcDbLine
 10
79.1390919999999909
 20
-40.5924750000000003
 30
0
 11
79.1001739999999955
 21
-40.6606430000000003
 31
0
  0
LINE
  5
4E2
330
1A
100
AcDbEntity
  8
Edge.Cuts
  6
CONTINUOUS
100
AcDbLine
 10
79.1001739999999955
 20
-40.6606430000000003
 30
0
 11
79.0612579999999951
 21
-40.7289689999999993
 31
0
  0
LINE
  5
4E3
330
1A
100
AcDbEntity
  8
Edge.Cuts
  6
CONTINUOUS
100
AcDbLine
 10
79.0612579999999951
 20
-40.7289689999999993
 30
0
 11
79.0223429999999922
 21
-40.7974539999999948
 31
0
  0
LINE
  5
4E4
330
1A
100
AcDbEntity
  8
Edge.Cuts
  6
CONTINUOUS
100
AcDbLine
 10
79.0223429999999922
 20
-40.7974539999999948
 30
0
 11
78.983429000000001
 21
-40.8660989999999984
 31
0
  0
LINE
  5
4E5
330
1A
100
AcDbEntity
  8
Edge.Cuts
  6
CONTINUOUS
100
AcDbLine
 10
78.983429000000001
 20
-40.8660989999999984
 30
0
 11
78.9445149999999956
 21
-40.934905999999998
 31
0
  0
LINE
  5
4E6
330
1A
100
AcDbEntity
  8
Edge.Cuts
  6
CONTINUOUS
100
AcDbLine
 10
78.9445149999999956
 20
-40.934905999999998
 30
0
 11
78.9056009999999901
 21
-41.0038759999999982
 31
0
  0
LINE
  5
4E7
330
1A
100
AcDbEntity
  8
Edge.Cuts
  6
CONTINUOUS
100
AcDbLine
 10
78.9056009999999901
 20
-41.0038759999999982
 30
0
 11
78.8666860000000014
 21
-41.0730099999999965
 31
0
  0
LINE
  5
4E8
330
1A
100
AcDbEntity
  8
Edge.Cuts
  6
CONTINUOUS
100
AcDbLine
 10
78.8666860000000014
 20
-41.0730099999999965
 30
0
 11
78.8277690000000035
 21
-41.1423079999999999
 31
0
  0
LINE
  5
4E9
330
1A
100
AcDbEntity
  8
Edge.Cuts
  6
CONTINUOUS
100
AcDbLine
 10
78.8277690000000035
 20
-41.1423079999999999
 30
0
 11
78.788850999999994
 21
-41.2117730000000009
 31
0
  0
LINE
  5
4EA
330
1A
100
AcDbEntity
  8
Edge.Cuts
  6
CONTINUOUS
100
AcDbLine
 10
78.788850999999994
 20
-41.2117730000000009
 30
0
 11
78.7499309999999895
 21
-41.2814059999999969
 31
0
  0
LINE
  5
4EB
330
1A
100
AcDbEntity
  8
Edge.Cuts
  6
CONTINUOUS
100
AcDbLine
 10
78.7499309999999895
 20
-41.2814059999999969
 30
0
 11
78.7110069999999951
 21
-41.3512079999999997
 31
0
  0
LINE
  5
4EC
330
1A
100
AcDbEntity
  8
Edge.Cuts
  6
CONTINUOUS
100
AcDbLine
 10
78.7110069999999951
 20
-41.3512079999999997
 30
0
 11
78.672079999999994
 21
-41.4211799999999997
 31
0
  0
LINE
  5
4ED
330
1A
100
AcDbEntity
  8
Edge.Cuts
  6
CONTINUOUS
100
AcDbLine
 10
78.672079999999994
 20
-41.4211799999999997
 30
0
 11
78.6331479999999914
 21
-41.4913239999999988
 31
0
  0
LINE
  5
4EE
330
1A
100
AcDbEntity
  8
Edge.Cuts
  6
CONTINUOUS
100
AcDbLine
 10
78.6331479999999914
 20
-41.4913239999999988
 30
0
 11
78.5942119999999989
 21
-41.5616419999999991
 31
0
  0
LINE
  5
4EF
330
1A
100
AcDbEntity
  8
Edge.Cuts
  6
CONTINUOUS
100
AcDbLine
 10
78.5942119999999989
 20
-41.5616419999999991
 30
0
 11
78.555269999999993
 21
-41.6321329999999961
 31
0
  0
LINE
  5
4F0
330
1A
100
AcDbEntity
  8
Edge.Cuts
  6
CONTINUOUS
100
AcDbLine
 10
78.555269999999993
 20
-41.6321329999999961
 30
0
 11
78.5163220000000024
 21
-41.7028010000000009
 31
0
  0
LINE
  5
4F1
330
1A
100
AcDbEntity
  8
Edge.Cuts
  6
CONTINUOUS
100
AcDbLine
 10
78.5163220000000024
 20
-41.7028010000000009
 30
0
 11
78.4773679999999985
 21
-41.7736469999999969
 31
0
  0
LINE
  5
4F2
330
1A
100
AcDbEntity
  8
Edge.Cuts
  6
CONTINUOUS
100
AcDbLine
 10
78.4773679999999985
 20
-41.7736469999999969
 30
0
 11
78.4384060000000005
 21
-41.8446709999999982
 31
0
  0
LINE
  5
4F3
330
1A
100
AcDbEntity
  8
Edge.Cuts
  6
CONTINUOUS
100
AcDbLine
 10
78.4384060000000005
 20
-41.8446709999999982
 30
0
 11
78.3994359999999944
 21
-41.9158769999999947
 31
0
  0
LINE
  5
4F4
330
1A
100
AcDbEntity
  8
Edge.Cuts
  6
CONTINUOUS
100
AcDbLine
 10
78.3994359999999944
 20
-41.9158769999999947
 30
0
 11
78.3604569999999967
 21
-41.9872639999999961
 31
0
  0
LINE
  5
4F5
330
1A
100
AcDbEntity
  8
Edge.Cuts
  6
CONTINUOUS
100
AcDbLine
 10
78.3604569999999967
 20
-41.9872639999999961
 30
0
 11
78.3214689999999933
 21
-42.0588359999999994
 31
0
  0
LINE
  5
4F6
330
1A
100
AcDbEntity
  8
Edge.Cuts
  6
CONTINUOUS
100
AcDbLine
 10
78.3214689999999933
 20
-42.0588359999999994
 30
0
 11
78.2824700000000036
 21
-42.1305929999999975
 31
0
  0
LINE
  5
4F7
330
1A
100
AcDbEntity
  8
Edge.Cuts
  6
CONTINUOUS
100
AcDbLine
 10
78.2824700000000036
 20
-42.1305929999999975
 30
0
 11
78.2434609999999964
 21
-42.202537999999997
 31
0
  0
LINE
  5
4F8
330
1A
100
AcDbEntity
  8
Edge.Cuts
  6
CONTINUOUS
100
AcDbLine
 10
78.2434609999999964
 20
-42.202537999999997
 30
0
 11
78.2044389999999936
 21
-42.2746719999999954
 31
0
  0
LINE
  5
4F9
330
1A
100
AcDbEntity
  8
Edge.Cuts
  6
CONTINUOUS
100
AcDbLine
 10
78.2044389999999936
 20
-42.2746719999999954
 30
0
 11
78.1654049999999927
 21
-42.3469969999999947
 31
0
  0
LINE
  5
4FA
330
1A
100
AcDbEntity
  8
Edge.Cuts
  6
CONTINUOUS
100
AcDbLine
 10
78.1654049999999927
 20
-42.3469969999999947
 30
0
 11
78.1263579999999962
 21
-42.419514999999997
 31
0
  0
LINE
  5
4FB
330
1A
100
AcDbEntity
  8
Edge.Cuts
  6
CONTINUOUS
100
AcDbLine
 10
78.1263579999999962
 20
-42.419514999999997
 30
0
 11
78.0872959999999949
 21
-42.4922279999999972
 31
0
  0
LINE
  5
4FC
330
1A
100
AcDbEntity
  8
Edge.Cuts
  6
CONTINUOUS
100
AcDbLine
 10
78.0872959999999949
 20
-42.4922279999999972
 30
0
 11
78.0482200000000006
 21
-42.565137
 31
0
  0
LINE
  5
4FD
330
1A
100
AcDbEntity
  8
Edge.Cuts
  6
CONTINUOUS
100
AcDbLine
 10
78.0482200000000006
 20
-42.565137
 30
0
 11
78.0091269999999923
 21
-42.6382459999999952
 31
0
  0
LINE
  5
4FE
330
1A
100
AcDbEntity
  8
Edge.Cuts
  6
CONTINUOUS
100
AcDbLine
 10
78.0091269999999923
 20
-42.6382459999999952
 30
0
 11
77.9700169999999986
 21
-42.7115549999999971
 31
0
  0
LINE
  5
4FF
330
1A
100
AcDbEntity
  8
Edge.Cuts
  6
CONTINUOUS
100
AcDbLine
 10
77.9700169999999986
 20
-42.7115549999999971
 30
0
 11
77.9308899999999909
 21
-42.785066999999998
 31
0
  0
LINE
  5
500
330
1A
100
AcDbEntity
  8
Edge.Cuts
  6
CONTINUOUS
100
AcDbLine
 10
77.9308899999999909
 20
-42.785066999999998
 30
0
 11
77.8917440000000028
 21
-42.8587849999999975
 31
0
  0
LINE
  5
501
330
1A
100
AcDbEntity
  8
Edge.Cuts
  6
CONTINUOUS
100
AcDbLine
 10
77.8917440000000028
 20
-42.8587849999999975
 30
0
 11
77.8525779999999941
 21
-42.9327089999999956
 31
0
  0
LINE
  5
502
330
1A
100
AcDbEntity
  8
Edge.Cuts
  6
CONTINUOUS
100
AcDbLine
 10
77.8525779999999941
 20
-42.9327089999999956
 30
0
 11
77.8133909999999958
 21
-43.006844000000001
 31
0
  0
LINE
  5
503
330
1A
100
AcDbEntity
  8
Edge.Cuts
  6
CONTINUOUS
100
AcDbLine
 10
77.8133909999999958
 20
-43.006844000000001
 30
0
 11
77.7741819999999962
 21
-43.0811909999999969
 31
0
  0
LINE
  5
504
330
1A
100
AcDbEntity
  8
Edge.Cuts
  6
CONTINUOUS
100
AcDbLine
 10
77.7741819999999962
 20
-43.0811909999999969
 30
0
 11
77.7349499999999978
 21
-43.1557519999999997
 31
0
  0
LINE
  5
505
330
1A
100
AcDbEntity
  8
Edge.Cuts
  6
CONTINUOUS
100
AcDbLine
 10
77.7349499999999978
 20
-43.1557519999999997
 30
0
 11
77.6956940000000031
 21
-43.2305309999999992
 31
0
  0
LINE
  5
506
330
1A
100
AcDbEntity
  8
Edge.Cuts
  6
CONTINUOUS
100
AcDbLine
 10
77.6956940000000031
 20
-43.2305309999999992
 30
0
 11
77.6564130000000006
 21
-43.3055289999999999
 31
0
  0
LINE
  5
507
330
1A
100
AcDbEntity
  8
Edge.Cuts
  6
CONTINUOUS
100
AcDbLine
 10
77.6564130000000006
 20
-43.3055289999999999
 30
0
 11
77.6171059999999926
 21
-43.3807490000000016
 31
0
  0
LINE
  5
508
330
1A
100
AcDbEntity
  8
Edge.Cuts
  6
CONTINUOUS
100
AcDbLine
 10
77.6171059999999926
 20
-43.3807490000000016
 30
0
 11
77.5777709999999985
 21
-43.4561939999999964
 31
0
  0
LINE
  5
509
330
1A
100
AcDbEntity
  8
Edge.Cuts
  6
CONTINUOUS
100
AcDbLine
 10
77.5777709999999985
 20
-43.4561939999999964
 30
0
 11
77.5384069999999923
 21
-43.5318679999999958
 31
0
  0
LINE
  5
50A
330
1A
100
AcDbEntity
  8
Edge.Cuts
  6
CONTINUOUS
100
AcDbLine
 10
77.5384069999999923
 20
-43.5318679999999958
 30
0
 11
77.4990140000000025
 21
-43.6077719999999971
 31
0
  0
LINE
  5
50B
330
1A
100
AcDbEntity
  8
Edge.Cuts
  6
CONTINUOUS
100
AcDbLine
 10
77.4990140000000025
 20
-43.6077719999999971
 30
0
 11
77.4595879999999966
 21
-43.6839089999999999
 31
0
  0
LINE
  5
50C
330
1A
100
AcDbEntity
  8
Edge.Cuts
  6
CONTINUOUS
100
AcDbLine
 10
77.4595879999999966
 20
-43.6839089999999999
 30
0
 11
77.4201300000000003
 21
-43.7602839999999986
 31
0
  0
LINE
  5
50D
330
1A
100
AcDbEntity
  8
Edge.Cuts
  6
CONTINUOUS
100
AcDbLine
 10
77.4201300000000003
 20
-43.7602839999999986
 30
0
 11
77.3806379999999905
 21
-43.8368979999999979
 31
0
  0
LINE
  5
50E
330
1A
100
AcDbEntity
  8
Edge.Cuts
  6
CONTINUOUS
100
AcDbLine
 10
77.3806379999999905
 20
-43.8368979999999979
 30
0
 11
77.3411100000000005
 21
-43.9137559999999993
 31
0
  0
LINE
  5
50F
330
1A
100
AcDbEntity
  8
Edge.Cuts
  6
CONTINUOUS
100
AcDbLine
 10
77.3411100000000005
 20
-43.9137559999999993
 30
0
 11
77.3015449999999902
 21
-43.9908599999999979
 31
0
  0
LINE
  5
510
330
1A
100
AcDbEntity
  8
Edge.Cuts
  6
CONTINUOUS
100
AcDbLine
 10
77.3015449999999902
 20
-43.9908599999999979
 30
0
 11
77.2619419999999906
 21
-44.068214999999995
 31
0
  0
LINE
  5
511
330
1A
100
AcDbEntity
  8
Edge.Cuts
  6
CONTINUOUS
100
AcDbLine
 10
77.2619419999999906
 20
-44.068214999999995
 30
0
 11
77.222297999999995
 21
-44.145823
 31
0
  0
LINE
  5
512
330
1A
100
AcDbEntity
  8
Edge.Cuts
  6
CONTINUOUS
100
AcDbLine
 10
77.222297999999995
 20
-44.145823
 30
0
 11
77.1826119999999918
 21
-44.2236890000000002
 31
0
  0
LINE
  5
513
330
1A
100
AcDbEntity
  8
Edge.Cuts
  6
CONTINUOUS
100
AcDbLine
 10
77.1826119999999918
 20
-44.2236890000000002
 30
0
 11
77.1428820000000002
 21
-44.3018159999999952
 31
0
  0
LINE
  5
514
330
1A
100
AcDbEntity
  8
Edge.Cuts
  6
CONTINUOUS
100
AcDbLine
 10
77.1428820000000002
 20
-44.3018159999999952
 30
0
 11
77.1031069999999943
 21
-44.3802079999999961
 31
0
  0
LINE
  5
515
330
1A
100
AcDbEntity
  8
Edge.Cuts
  6
CONTINUOUS
100
AcDbLine
 10
77.1031069999999943
 20
-44.3802079999999961
 30
0
 11
77.0632849999999934
 21
-44.4588699999999974
 31
0
  0
LINE
  5
516
330
1A
100
AcDbEntity
  8
Edge.Cuts
  6
CONTINUOUS
100
AcDbLine
 10
77.0632849999999934
 20
-44.4588699999999974
 30
0
 11
77.0234140000000025
 21
-44.5378049999999988
 31
0
  0
LINE
  5
517
330
1A
100
AcDbEntity
  8
Edge.Cuts
  6
CONTINUOUS
100
AcDbLine
 10
77.0234140000000025
 20
-44.5378049999999988
 30
0
 11
76.9834910000000008
 21
-44.6170189999999991
 31
0
  0
LINE
  5
518
330
1A
100
AcDbEntity
  8
Edge.Cuts
  6
CONTINUOUS
100
AcDbLine
 10
76.9834910000000008
 20
-44.6170189999999991
 30
0
 11
76.9435160000000025
 21
-44.696514999999998
 31
0
  0
LINE
  5
519
330
1A
100
AcDbEntity
  8
Edge.Cuts
  6
CONTINUOUS
100
AcDbLine
 10
76.9435160000000025
 20
-44.696514999999998
 30
0
 11
76.9034850000000034
 21
-44.776297999999997
 31
0
  0
LINE
  5
51A
330
1A
100
AcDbEntity
  8
Edge.Cuts
  6
CONTINUOUS
100
AcDbLine
 10
76.9034850000000034
 20
-44.776297999999997
 30
0
 11
76.8633959999999945
 21
-44.8563739999999953
 31
0
  0
LINE
  5
51B
330
1A
100
AcDbEntity
  8
Edge.Cuts
  6
CONTINUOUS
100
AcDbLine
 10
76.8633959999999945
 20
-44.8563739999999953
 30
0
 11
76.8232479999999924
 21
-44.9367469999999969
 31
0
  0
LINE
  5
51C
330
1A
100
AcDbEntity
  8
Edge.Cuts
  6
CONTINUOUS
100
AcDbLine
 10
76.8232479999999924
 20
-44.9367469999999969
 30
0
 11
76.7830379999999906
 21
-45.0174219999999963
 31
0
  0
LINE
  5
51D
330
1A
100
AcDbEntity
  8
Edge.Cuts
  6
CONTINUOUS
100
AcDbLine
 10
76.7830379999999906
 20
-45.0174219999999963
 30
0
 11
76.742763999999994
 21
-45.0984059999999971
 31
0
  0
LINE
  5
51E
330
1A
100
AcDbEntity
  8
Edge.Cuts
  6
CONTINUOUS
100
AcDbLine
 10
76.742763999999994
 20
-45.0984059999999971
 30
0
 11
76.7024219999999985
 21
-45.179704000000001
 31
0
  0
LINE
  5
51F
330
1A
100
AcDbEntity
  8
Edge.Cuts
  6
CONTINUOUS
100
AcDbLine
 10
76.7024219999999985
 20
-45.179704000000001
 30
0
 11
76.6620109999999926
 21
-45.2613219999999998
 31
0
  0
LINE
  5
520
330
1A
100
AcDbEntity
  8
Edge.Cuts
  6
CONTINUOUS
100
AcDbLine
 10
76.6620109999999926
 20
-45.2613219999999998
 30
0
 11
76.6215270000000004
 21
-45.3432649999999953
 31
0
  0
LINE
  5
521
330
1A
100
AcDbEntity
  8
Edge.Cuts
  6
CONTINUOUS
100
AcDbLine
 10
76.6215270000000004
 20
-45.3432649999999953
 30
0
 11
76.5809679999999986
 21
-45.4255409999999955
 31
0
  0
LINE
  5
522
330
1A
100
AcDbEntity
  8
Edge.Cuts
  6
CONTINUOUS
100
AcDbLine
 10
76.5809679999999986
 20
-45.4255409999999955
 30
0
 11
76.5403309999999948
 21
-45.5081559999999996
 31
0
  0
LINE
  5
523
330
1A
100
AcDbEntity
  8
Edge.Cuts
  6
CONTINUOUS
100
AcDbLine
 10
76.5403309999999948
 20
-45.5081559999999996
 30
0
 11
76.4996119999999991
 21
-45.591116999999997
 31
0
  0
LINE
  5
524
330
1A
100
AcDbEntity
  8
Edge.Cuts
  6
CONTINUOUS
100
AcDbLine
 10
76.4996119999999991
 20
-45.591116999999997
 30
0
 11
76.4588079999999906
 21
-45.6744309999999984
 31
0
  0
LINE
  5
525
330
1A
100
AcDbEntity
  8
Edge.Cuts
  6
CONTINUOUS
100
AcDbLine
 10
76.4588079999999906
 20
-45.6744309999999984
 30
0
 11
76.4179170000000028
 21
-45.7581069999999954
 31
0
  0
LINE
  5
526
330
1A
100
AcDbEntity
  8
Edge.Cuts
  6
CONTINUOUS
100
AcDbLine
 10
76.4179170000000028
 20
-45.7581069999999954
 30
0
 11
76.3769339999999914
 21
-45.8421510000000012
 31
0
  0
LINE
  5
527
330
1A
100
AcDbEntity
  8
Edge.Cuts
  6
CONTINUOUS
100
AcDbLine
 10
76.3769339999999914
 20
-45.8421510000000012
 30
0
 11
76.3358549999999951
 21
-45.9265729999999976
 31
0
  0
LINE
  5
528
330
1A
100
AcDbEntity
  8
Edge.Cuts
  6
CONTINUOUS
100
AcDbLine
 10
76.3358549999999951
 20
-45.9265729999999976
 30
0
 11
76.2946779999999904
 21
-46.0113799999999955
 31
0
  0
LINE
  5
529
330
1A
100
AcDbEntity
  8
Edge.Cuts
  6
CONTINUOUS
100
AcDbLine
 10
76.2946779999999904
 20
-46.0113799999999955
 30
0
 11
76.2533969999999925
 21
-46.0965829999999954
 31
0
  0
LINE
  5
52A
330
1A
100
AcDbEntity
  8
Edge.Cuts
  6
CONTINUOUS
100
AcDbLine
 10
76.2533969999999925
 20
-46.0965829999999954
 30
0
 11
76.2120089999999948
 21
-46.1821899999999985
 31
0
  0
LINE
  5
52B
330
1A
100
AcDbEntity
  8
Edge.Cuts
  6
CONTINUOUS
100
AcDbLine
 10
76.2120089999999948
 20
-46.1821899999999985
 30
0
 11
76.1705079999999981
 21
-46.2682119999999983
 31
0
  0
LINE
  5
52C
330
1A
100
AcDbEntity
  8
Edge.Cuts
  6
CONTINUOUS
100
AcDbLine
 10
76.1705079999999981
 20
-46.2682119999999983
 30
0
 11
76.1288909999999959
 21
-46.3546589999999981
 31
0
  0
LINE
  5
52D
330
1A
100
AcDbEntity
  8
Edge.Cuts
  6
CONTINUOUS
100
AcDbLine
 10
76.1288909999999959
 20
-46.3546589999999981
 30
0
 11
76.0871530000000007
 21
-46.4415419999999983
 31
0
  0
LINE
  5
52E
330
1A
100
AcDbEntity
  8
Edge.Cuts
  6
CONTINUOUS
100
AcDbLine
 10
76.0871530000000007
 20
-46.4415419999999983
 30
0
 11
76.0452879999999993
 21
-46.5288719999999998
 31
0
  0
LINE
  5
52F
330
1A
100
AcDbEntity
  8
Edge.Cuts
  6
CONTINUOUS
100
AcDbLine
 10
76.0452879999999993
 20
-46.5288719999999998
 30
0
 11
76.0032899999999927
 21
-46.6166629999999955
 31
0
  0
LINE
  5
530
330
1A
100
AcDbEntity
  8
Edge.Cuts
  6
CONTINUOUS
100
AcDbLine
 10
76.0032899999999927
 20
-46.6166629999999955
 30
0
 11
75.9611549999999909
 21
-46.7049260000000004
 31
0
  0
LINE
  5
531
330
1A
100
AcDbEntity
  8
Edge.Cuts
  6
CONTINUOUS
100
AcDbLine
 10
75.9611549999999909
 20
-46.7049260000000004
 30
0
 11
75.9188759999999974
 21
-46.7936759999999978
 31
0
  0
LINE
  5
532
330
1A
100
AcDbEntity
  8
Edge.Cuts
  6
CONTINUOUS
100
AcDbLine
 10
75.9188759999999974
 20
-46.7936759999999978
 30
0
 11
75.8764460000000014
 21
-46.8829269999999951
 31
0
  0
LINE
  5
533
330
1A
100
AcDbEntity
  8
Edge.Cuts
  6
CONTINUOUS
100
AcDbLine
 10
75.8764460000000014
 20
-46.8829269999999951
 30
0
 11
75.8338589999999897
 21
-46.9726939999999971
 31
0
  0
LINE
  5
534
330
1A
100
AcDbEntity
  8
Edge.Cuts
  6
CONTINUOUS
100
AcDbLine
 10
75.8338589999999897
 20
-46.9726939999999971
 30
0
 11
75.7911069999999967
 21
-47.0629929999999987
 31
0
  0
LINE
  5
535
330
1A
100
AcDbEntity
  8
Edge.Cuts
  6
CONTINUOUS
100
AcDbLine
 10
75.7911069999999967
 20
-47.0629929999999987
 30
0
 11
75.7481839999999949
 21
-47.1538409999999999
 31
0
  0
LINE
  5
536
330
1A
100
AcDbEntity
  8
Edge.Cuts
  6
CONTINUOUS
100
AcDbLine
 10
75.7481839999999949
 20
-47.1538409999999999
 30
0
 11
75.7050809999999927
 21
-47.2452569999999952
 31
0
  0
LINE
  5
537
330
1A
100
AcDbEntity
  8
Edge.Cuts
  6
CONTINUOUS
100
AcDbLine
 10
75.7050809999999927
 20
-47.2452569999999952
 30
0
 11
75.6617889999999989
 21
-47.3372600000000006
 31
0
  0
LINE
  5
538
330
1A
100
AcDbEntity
  8
Edge.Cuts
  6
CONTINUOUS
100
AcDbLine
 10
75.6617889999999989
 20
-47.3372600000000006
 30
0
 11
75.6182989999999933
 21
-47.4298689999999965
 31
0
  0
LINE
  5
539
330
1A
100
AcDbEntity
  8
Edge.Cuts
  6
CONTINUOUS
100
AcDbLine
 10
75.6182989999999933
 20
-47.4298689999999965
 30
0
 11
75.5746010000000012
 21
-47.5231080000000006
 31
0
  0
LINE
  5
53A
330
1A
100
AcDbEntity
  8
Edge.Cuts
  6
CONTINUOUS
100
AcDbLine
 10
75.5746010000000012
 20
-47.5231080000000006
 30
0
 11
75.5306860000000029
 21
-47.6169989999999999
 31
0
  0
LINE
  5
53B
330
1A
100
AcDbEntity
  8
Edge.Cuts
  6
CONTINUOUS
100
AcDbLine
 10
75.5306860000000029
 20
-47.6169989999999999
 30
0
 11
75.4865410000000026
 21
-47.7115679999999998
 31
0
  0
LINE
  5
53C
330
1A
100
AcDbEntity
  8
Edge.Cuts
  6
CONTINUOUS
100
AcDbLine
 10
75.4865410000000026
 20
-47.7115679999999998
 30
0
 11
75.4421549999999996
 21
-47.8068419999999961
 31
0
  0
LINE
  5
53D
330
1A
100
AcDbEntity
  8
Edge.Cuts
  6
CONTINUOUS
100
AcDbLine
 10
75.4421549999999996
 20
-47.8068419999999961
 30
0
 11
75.3975149999999985
 21
-47.9028500000000008
 31
0
  0
LINE
  5
53E
330
1A
100
AcDbEntity
  8
Edge.Cuts
  6
CONTINUOUS
100
AcDbLine
 10
75.3975149999999985
 20
-47.9028500000000008
 30
0
 11
75.3526069999999919
 21
-47.9996219999999951
 31
0
  0
LINE
  5
53F
330
1A
100
AcDbEntity
  8
Edge.Cuts
  6
CONTINUOUS
100
AcDbLine
 10
75.3526069999999919
 20
-47.9996219999999951
 30
0
 11
75.3074160000000035
 21
-48.0971919999999997
 31
0
  0
LINE
  5
540
330
1A
100
AcDbEntity
  8
Edge.Cuts
  6
CONTINUOUS
100
AcDbLine
 10
75.3074160000000035
 20
-48.0971919999999997
 30
0
 11
75.2619260000000025
 21
-48.1955979999999968
 31
0
  0
LINE
  5
541
330
1A
100
AcDbEntity
  8
Edge.Cuts
  6
CONTINUOUS
100
AcDbLine
 10
75.2619260000000025
 20
-48.1955979999999968
 30
0
 11
75.2161200000000036
 21
-48.2948779999999971
 31
0
  0
LINE
  5
542
330
1A
100
AcDbEntity
  8
Edge.Cuts
  6
CONTINUOUS
100
AcDbLine
 10
75.2161200000000036
 20
-48.2948779999999971
 30
0
 11
75.1699770000000029
 21
-48.395075999999996
 31
0
  0
LINE
  5
543
330
1A
100
AcDbEntity
  8
Edge.Cuts
  6
CONTINUOUS
100
AcDbLine
 10
75.1699770000000029
 20
-48.395075999999996
 30
0
 11
75.1234779999999915
 21
-48.4962379999999982
 31
0
  0
LINE
  5
544
330
1A
100
AcDbEntity
  8
Edge.Cuts
  6
CONTINUOUS
100
AcDbLine
 10
75.1234779999999915
 20
-48.4962379999999982
 30
0
 11
75.0765990000000016
 21
-48.5984160000000003
 31
0
  0
LINE
  5
545
330
1A
100
AcDbEntity
  8
Edge.Cuts
  6
CONTINUOUS
100
AcDbLine
 10
75.0765990000000016
 20
-48.5984160000000003
 30
0
 11
75.0293149999999969
 21
-48.7016659999999959
 31
0
  0
LINE
  5
546
330
1A
100
AcDbEntity
  8
Edge.Cuts
  6
CONTINUOUS
100
AcDbLine
 10
75.0293149999999969
 20
-48.7016659999999959
 30
0
 11
74.9815990000000028
 21
-48.8060509999999965
 31
0
  0
LINE
  5
547
330
1A
100
AcDbEntity
  8
Edge.Cuts
  6
CONTINUOUS
100
AcDbLine
 10
74.9815990000000028
 20
-48.8060509999999965
 30
0
 11
74.9334190000000007
 21
-48.9116399999999985
 31
0
  0
LINE
  5
548
330
1A
100
AcDbEntity
  8
Edge.Cuts
  6
CONTINUOUS
100
AcDbLine
 10
74.9334190000000007
 20
-48.9116399999999985
 30
0
 11
74.8847430000000003
 21
-49.0185099999999991
 31
0
  0
LINE
  5
549
330
1A
100
AcDbEntity
  8
Edge.Cuts
  6
CONTINUOUS
100
AcDbLine
 10
74.8847430000000003
 20
-49.0185099999999991
 30
0
 11
74.8355310000000031
 21
-49.1267459999999971
 31
0
  0
LINE
  5
54A
330
1A
100
AcDbEntity
  8
Edge.Cuts
  6
CONTINUOUS
100
AcDbLine
 10
74.8355310000000031
 20
-49.1267459999999971
 30
0
 11
74.7857410000000016
 21
-49.2364439999999988
 31
0
  0
LINE
  5
54B
330
1A
100
AcDbEntity
  8
Edge.Cuts
  6
CONTINUOUS
100
AcDbLine
 10
74.7857410000000016
 20
-49.2364439999999988
 30
0
 11
74.7353250000000031
 21
-49.3477139999999963
 31
0
  0
LINE
  5
54C
330
1A
100
AcDbEntity
  8
Edge.Cuts
  6
CONTINUOUS
100
AcDbLine
 10
74.7353250000000031
 20
-49.3477139999999963
 30
0
 11
74.6842279999999903
 21
-49.4606779999999944
 31
0
  0
LINE
  5
54D
330
1A
100
AcDbEntity
  8
Edge.Cuts
  6
CONTINUOUS
100
AcDbLine
 10
74.6842279999999903
 20
-49.4606779999999944
 30
0
 11
74.6323869999999943
 21
-49.5754799999999989
 31
0
  0
LINE
  5
54E
330
1A
100
AcDbEntity
  8
Edge.Cuts
  6
CONTINUOUS
100
AcDbLine
 10
74.6323869999999943
 20
-49.5754799999999989
 30
0
 11
74.5797290000000004
 21
-49.6922819999999987
 31
0
  0
LINE
  5
54F
330
1A
100
AcDbEntity
  8
Edge.Cuts
  6
CONTINUOUS
100
AcDbLine
 10
74.5797290000000004
 20
-49.6922819999999987
 30
0
 11
74.5261699999999934
 21
-49.8112739999999974
 31
0
  0
LINE
  5
550
330
1A
100
AcDbEntity
  8
Edge.Cuts
  6
CONTINUOUS
100
AcDbLine
 10
74.5261699999999934
 20
-49.8112739999999974
 30
0
 11
74.4716109999999958
 21
-49.9326809999999952
 31
0
  0
LINE
  5
551
330
1A
100
AcDbEntity
  8
Edge.Cuts
  6
CONTINUOUS
100
AcDbLine
 10
74.4716109999999958
 20
-49.9326809999999952
 30
0
 11
74.4159329999999954
 21
-50.0567689999999956
 31
0
  0
LINE
  5
552
330
1A
100
AcDbEntity
  8
Edge.Cuts
  6
CONTINUOUS
100
AcDbLine
 10
74.4159329999999954
 20
-50.0567689999999956
 30
0
 11
74.3589939999999956
 21
-50.1838599999999957
 31
0
  0
LINE
  5
553
330
1A
100
AcDbEntity
  8
Edge.Cuts
  6
CONTINUOUS
100
AcDbLine
 10
74.3589939999999956
 20
-50.1838599999999957
 30
0
 11
74.300619999999995
 21
-50.3143479999999954
 31
0
  0
LINE
  5
554
330
1A
100
AcDbEntity
  8
Edge.Cuts
  6
CONTINUOUS
100
AcDbLine
 10
74.300619999999995
 20
-50.3143479999999954
 30
0
 11
74.2405909999999949
 21
-50.4487239999999986
 31
0
  0
LINE
  5
555
330
1A
100
AcDbEntity
  8
Edge.Cuts
  6
CONTINUOUS
100
AcDbLine
 10
74.2405909999999949
 20
-50.4487239999999986
 30
0
 11
74.1786309999999958
 21
-50.5876169999999945
 31
0
  0
LINE
  5
556
330
1A
100
AcDbEntity
  8
Edge.Cuts
  6
CONTINUOUS
100
AcDbLine
 10
74.1786309999999958
 20
-50.5876169999999945
 30
0
 11
74.114373999999998
 21
-50.7318499999999943
 31
0
  0
LINE
  5
557
330
1A
100
AcDbEntity
  8
Edge.Cuts
  6
CONTINUOUS
100
AcDbLine
 10
74.114373999999998
 20
-50.7318499999999943
 30
0
 11
74.0473240000000033
 21
-50.8825420000000008
 31
0
  0
LINE
  5
558
330
1A
100
AcDbEntity
  8
Edge.Cuts
  6
CONTINUOUS
100
AcDbLine
 10
74.0473240000000033
 20
-50.8825420000000008
 30
0
 11
73.9767779999999959
 21
-51.041283
 31
0
  0
LINE
  5
559
330
1A
100
AcDbEntity
  8
Edge.Cuts
  6
CONTINUOUS
100
AcDbLine
 10
73.9767779999999959
 20
-51.041283
 30
0
 11
73.9016739999999999
 21
-51.2104669999999942
 31
0
  0
LINE
  5
55A
330
1A
100
AcDbEntity
  8
Edge.Cuts
  6
CONTINUOUS
100
AcDbLine
 10
73.9016739999999999
 20
-51.2104669999999942
 30
0
 11
73.8202689999999961
 21
-51.3940339999999978
 31
0
  0
LINE
  5
55B
330
1A
100
AcDbEntity
  8
Edge.Cuts
  6
CONTINUOUS
100
AcDbLine
 10
73.8202689999999961
 20
-51.3940339999999978
 30
0
 11
73.7292939999999959
 21
-51.5993639999999942
 31
0
  0
LINE
  5
55C
330
1A
100
AcDbEntity
  8
Edge.Cuts
  6
CONTINUOUS
100
AcDbLine
 10
73.7292939999999959
 20
-51.5993639999999942
 30
0
 11
73.6210069999999916
 21
-51.8439410000000009
 31
0
  0
LINE
  5
55D
330
1A
100
AcDbEntity
  8
Edge.Cuts
  6
CONTINUOUS
100
AcDbLine
 10
73.6210069999999916
 20
-51.8439410000000009
 30
0
 11
73.5315839999999952
 21
-52.0459869999999967
 31
0
  0
LINE
  5
55E
330
1A
100
AcDbEntity
  8
Edge.Cuts
  6
CONTINUOUS
100
AcDbLine
 10
73.5315839999999952
 20
-52.0459869999999967
 30
0
 11
73.4234340000000003
 21
-52.2903349999999989
 31
0
  0
LINE
  5
55F
330
1A
100
AcDbEntity
  8
Edge.Cuts
  6
CONTINUOUS
100
AcDbLine
 10
73.4234340000000003
 20
-52.2903349999999989
 30
0
 11
73.3165149999999954
 21
-52.5317869999999942
 31
0
  0
LINE
  5
560
330
1A
100
AcDbEntity
  8
Edge.Cuts
  6
CONTINUOUS
100
AcDbLine
 10
73.3165149999999954
 20
-52.5317869999999942
 30
0
 11
73.2635099999999966
 21
-52.651409000000001
 31
0
  0
LINE
  5
561
330
1A
100
AcDbEntity
  8
Edge.Cuts
  6
CONTINUOUS
100
AcDbLine
 10
73.2635099999999966
 20
-52.651409000000001
 30
0
 11
73.210802000000001
 21
-52.7702849999999941
 31
0
  0
LINE
  5
562
330
1A
100
AcDbEntity
  8
Edge.Cuts
  6
CONTINUOUS
100
AcDbLine
 10
73.210802000000001
 20
-52.7702849999999941
 30
0
 11
73.1583889999999997
 21
-52.8884089999999958
 31
0
  0
LINE
  5
563
330
1A
100
AcDbEntity
  8
Edge.Cuts
  6
CONTINUOUS
100
AcDbLine
 10
73.1583889999999997
 20
-52.8884089999999958
 30
0
 11
73.1062670000000026
 21
-53.0057729999999978
 31
0
  0
LINE
  5
564
330
1A
100
AcDbEntity
  8
Edge.Cuts
  6
CONTINUOUS
100
AcDbLine
 10
73.1062670000000026
 20
-53.0057729999999978
 30
0
 11
73.0544330000000031
 21
-53.1223710000000011
 31
0
  0
LINE
  5
565
330
1A
100
AcDbEntity
  8
Edge.Cuts
  6
CONTINUOUS
100
AcDbLine
 10
73.0544330000000031
 20
-53.1223710000000011
 30
0
 11
73.002884999999992
 21
-53.238195999999995
 31
0
  0
LINE
  5
566
330
1A
100
AcDbEntity
  8
Edge.Cuts
  6
CONTINUOUS
100
AcDbLine
 10
73.002884999999992
 20
-53.238195999999995
 30
0
 11
72.9516169999999988
 21
-53.353238999999995
 31
0
  0
LINE
  5
567
330
1A
100
AcDbEntity
  8
Edge.Cuts
  6
CONTINUOUS
100
AcDbLine
 10
72.9516169999999988
 20
-53.353238999999995
 30
0
 11
72.900628999999995
 21
-53.467495999999997
 31
0
  0
LINE
  5
568
330
1A
100
AcDbEntity
  8
Edge.Cuts
  6
CONTINUOUS
100
AcDbLine
 10
72.900628999999995
 20
-53.467495999999997
 30
0
 11
72.8499149999999958
 21
-53.5809569999999979
 31
0
  0
LINE
  5
569
330
1A
100
AcDbEntity
  8
Edge.Cuts
  6
CONTINUOUS
100
AcDbLine
 10
72.8499149999999958
 20
-53.5809569999999979
 30
0
 11
72.8246599999999944
 21
-53.6373879999999943
 31
0
  0
LINE
  5
56A
330
1A
100
AcDbEntity
  8
Edge.Cuts
  6
CONTINUOUS
100
AcDbLine
 10
72.8246599999999944
 20
-53.6373879999999943
 30
0
 11
72.7994729999999919
 21
-53.6936169999999962
 31
0
  0
LINE
  5
56B
330
1A
100
AcDbEntity
  8
Edge.Cuts
  6
CONTINUOUS
100
AcDbLine
 10
72.7994729999999919
 20
-53.6936169999999962
 30
0
 11
72.7743519999999933
 21
-53.7496439999999964
 31
0
  0
LINE
  5
56C
330
1A
100
AcDbEntity
  8
Edge.Cuts
  6
CONTINUOUS
100
AcDbLine
 10
72.7743519999999933
 20
-53.7496439999999964
 30
0
 11
72.7492989999999935
 21
-53.8054679999999976
 31
0
  0
LINE
  5
56D
330
1A
100
AcDbEntity
  8
Edge.Cuts
  6
CONTINUOUS
100
AcDbLine
 10
72.7492989999999935
 20
-53.8054679999999976
 30
0
 11
72.7243119999999976
 21
-53.8610889999999998
 31
0
  0
LINE
  5
56E
330
1A
100
AcDbEntity
  8
Edge.Cuts
  6
CONTINUOUS
100
AcDbLine
 10
72.7243119999999976
 20
-53.8610889999999998
 30
0
 11
72.6993909999999914
 21
-53.9165039999999962
 31
0
  0
LINE
  5
56F
330
1A
100
AcDbEntity
  8
Edge.Cuts
  6
CONTINUOUS
100
AcDbLine
 10
72.6993909999999914
 20
-53.9165039999999962
 30
0
 11
72.6745349999999917
 21
-53.9717139999999986
 31
0
  0
LINE
  5
570
330
1A
100
AcDbEntity
  8
Edge.Cuts
  6
CONTINUOUS
100
AcDbLine
 10
72.6745349999999917
 20
-53.9717139999999986
 30
0
 11
72.6497439999999983
 21
-54.0267169999999979
 31
0
  0
LINE
  5
571
330
1A
100
AcDbEntity
  8
Edge.Cuts
  6
CONTINUOUS
100
AcDbLine
 10
72.6497439999999983
 20
-54.0267169999999979
 30
0
 11
72.6250179999999972
 21
-54.0815119999999965
 31
0
  0
LINE
  5
572
330
1A
100
AcDbEntity
  8
Edge.Cuts
  6
CONTINUOUS
100
AcDbLine
 10
72.6250179999999972
 20
-54.0815119999999965
 30
0
 11
72.6003559999999908
 21
-54.136099999999999
 31
0
  0
LINE
  5
573
330
1A
100
AcDbEntity
  8
Edge.Cuts
  6
CONTINUOUS
100
AcDbLine
 10
72.6003559999999908
 20
-54.136099999999999
 30
0
 11
72.5757579999999933
 21
-54.1904779999999988
 31
0
  0
LINE
  5
574
330
1A
100
AcDbEntity
  8
Edge.Cuts
  6
CONTINUOUS
100
AcDbLine
 10
72.5757579999999933
 20
-54.1904779999999988
 30
0
 11
72.5512239999999906
 21
-54.2446459999999959
 31
0
  0
LINE
  5
575
330
1A
100
AcDbEntity
  8
Edge.Cuts
  6
CONTINUOUS
100
AcDbLine
 10
72.5512239999999906
 20
-54.2446459999999959
 30
0
 11
72.5267520000000019
 21
-54.298603
 31
0
  0
LINE
  5
576
330
1A
100
AcDbEntity
  8
Edge.Cuts
  6
CONTINUOUS
100
AcDbLine
 10
72.5267520000000019
 20
-54.298603
 30
0
 11
72.5023429999999962
 21
-54.3523479999999992
 31
0
  0
LINE
  5
577
330
1A
100
AcDbEntity
  8
Edge.Cuts
  6
CONTINUOUS
100
AcDbLine
 10
72.5023429999999962
 20
-54.3523479999999992
 30
0
 11
72.477997000000002
 21
-54.4058810000000008
 31
0
  0
LINE
  5
578
330
1A
100
AcDbEntity
  8
Edge.Cuts
  6
CONTINUOUS
100
AcDbLine
 10
72.477997000000002
 20
-54.4058810000000008
 30
0
 11
72.4537119999999959
 21
-54.4591999999999956
 31
0
  0
LINE
  5
579
330
1A
100
AcDbEntity
  8
Edge.Cuts
  6
CONTINUOUS
100
AcDbLine
 10
72.4537119999999959
 20
-54.4591999999999956
 30
0
 11
72.4294879999999921
 21
-54.5123040000000003
 31
0
  0
LINE
  5
57A
330
1A
100
AcDbEntity
  8
Edge.Cuts
  6
CONTINUOUS
100
AcDbLine
 10
72.4294879999999921
 20
-54.5123040000000003
 30
0
 11
72.4053260000000023
 21
-54.5651930000000007
 31
0
  0
LINE
  5
57B
330
1A
100
AcDbEntity
  8
Edge.Cuts
  6
CONTINUOUS
100
AcDbLine
 10
72.4053260000000023
 20
-54.5651930000000007
 30
0
 11
72.3812240000000031
 21
-54.6178659999999994
 31
0
  0
LINE
  5
57C
330
1A
100
AcDbEntity
  8
Edge.Cuts
  6
CONTINUOUS
100
AcDbLine
 10
72.3812240000000031
 20
-54.6178659999999994
 30
0
 11
72.3571819999999946
 21
-54.6703219999999988
 31
0
  0
LINE
  5
57D
330
1A
100
AcDbEntity
  8
Edge.Cuts
  6
CONTINUOUS
100
AcDbLine
 10
72.3571819999999946
 20
-54.6703219999999988
 30
0
 11
72.3331999999999908
 21
-54.7225599999999943
 31
0
  0
LINE
  5
57E
330
1A
100
AcDbEntity
  8
Edge.Cuts
  6
CONTINUOUS
100
AcDbLine
 10
72.3331999999999908
 20
-54.7225599999999943
 30
0
 11
72.3092769999999945
 21
-54.7745789999999957
 31
0
  0
LINE
  5
57F
330
1A
100
AcDbEntity
  8
Edge.Cuts
  6
CONTINUOUS
100
AcDbLine
 10
72.3092769999999945
 20
-54.7745789999999957
 30
0
 11
72.2854129999999913
 21
-54.8263779999999983
 31
0
  0
LINE
  5
580
330
1A
100
AcDbEntity
  8
Edge.Cuts
  6
CONTINUOUS
100
AcDbLine
 10
72.2854129999999913
 20
-54.8263779999999983
 30
0
 11
72.2616079999999954
 21
-54.8779559999999975
 31
0
  0
LINE
  5
581
330
1A
100
AcDbEntity
  8
Edge.Cuts
  6
CONTINUOUS
100
AcDbLine
 10
72.2616079999999954
 20
-54.8779559999999975
 30
0
 11
72.2378609999999952
 21
-54.9293130000000005
 31
0
  0
LINE
  5
582
330
1A
100
AcDbEntity
  8
Edge.Cuts
  6
CONTINUOUS
100
AcDbLine
 10
72.2378609999999952
 20
-54.9293130000000005
 30
0
 11
72.2141709999999932
 21
-54.9804479999999955
 31
0
  0
LINE
  5
583
330
1A
100
AcDbEntity
  8
Edge.Cuts
  6
CONTINUOUS
100
AcDbLine
 10
72.2141709999999932
 20
-54.9804479999999955
 30
0
 11
72.1905390000000011
 21
-55.0313589999999948
 31
0
  0
LINE
  5
584
330
1A
100
AcDbEntity
  8
Edge.Cuts
  6
CONTINUOUS
100
AcDbLine
 10
72.1905390000000011
 20
-55.0313589999999948
 30
0
 11
72.166963999999993
 21
-55.0820469999999958
 31
0
  0
LINE
  5
585
330
1A
100
AcDbEntity
  8
Edge.Cuts
  6
CONTINUOUS
100
AcDbLine
 10
72.166963999999993
 20
-55.0820469999999958
 30
0
 11
72.1434449999999998
 21
-55.1325089999999989
 31
0
  0
LINE
  5
586
330
1A
100
AcDbEntity
  8
Edge.Cuts
  6
CONTINUOUS
100
AcDbLine
 10
72.1434449999999998
 20
-55.1325089999999989
 30
0
 11
72.1199819999999931
 21
-55.182744999999997
 31
0
  0
LINE
  5
587
330
1A
100
AcDbEntity
  8
Edge.Cuts
  6
CONTINUOUS
100
AcDbLine
 10
72.1199819999999931
 20
-55.182744999999997
 30
0
 11
72.0965750000000014
 21
-55.2327549999999974
 31
0
  0
LINE
  5
588
330
1A
100
AcDbEntity
  8
Edge.Cuts
  6
CONTINUOUS
100
AcDbLine
 10
72.0965750000000014
 20
-55.2327549999999974
 30
0
 11
72.0732229999999987
 21
-55.2825369999999978
 31
0
  0
LINE
  5
589
330
1A
100
AcDbEntity
  8
Edge.Cuts
  6
CONTINUOUS
100
AcDbLine
 10
72.0732229999999987
 20
-55.2825369999999978
 30
0
 11
72.0499259999999992
 21
-55.3320900000000009
 31
0
  0
LINE
  5
58A
330
1A
100
AcDbEntity
  8
Edge.Cuts
  6
CONTINUOUS
100
AcDbLine
 10
72.0499259999999992
 20
-55.3320900000000009
 30
0
 11
72.0266829999999914
 21
-55.3814139999999995
 31
0
  0
LINE
  5
58B
330
1A
100
AcDbEntity
  8
Edge.Cuts
  6
CONTINUOUS
100
AcDbLine
 10
72.0266829999999914
 20
-55.3814139999999995
 30
0
 11
72.0034950000000009
 21
-55.4305079999999961
 31
0
  0
LINE
  5
58C
330
1A
100
AcDbEntity
  8
Edge.Cuts
  6
CONTINUOUS
100
AcDbLine
 10
72.0034950000000009
 20
-55.4305079999999961
 30
0
 11
71.9803599999999904
 21
-55.4793699999999959
 31
0
  0
LINE
  5
58D
330
1A
100
AcDbEntity
  8
Edge.Cuts
  6
CONTINUOUS
100
AcDbLine
 10
71.9803599999999904
 20
-55.4793699999999959
 30
0
 11
71.9572780000000023
 21
-55.5279999999999987
 31
0
  0
LINE
  5
58E
330
1A
100
AcDbEntity
  8
Edge.Cuts
  6
CONTINUOUS
100
AcDbLine
 10
71.9572780000000023
 20
-55.5279999999999987
 30
0
 11
71.9342489999999941
 21
-55.5763979999999975
 31
0
  0
LINE
  5
58F
330
1A
100
AcDbEntity
  8
Edge.Cuts
  6
CONTINUOUS
100
AcDbLine
 10
71.9342489999999941
 20
-55.5763979999999975
 30
0
 11
71.9112719999999968
 21
-55.6245619999999974
 31
0
  0
LINE
  5
590
330
1A
100
AcDbEntity
  8
Edge.Cuts
  6
CONTINUOUS
100
AcDbLine
 10
71.9112719999999968
 20
-55.6245619999999974
 30
0
 11
71.888346999999996
 21
-55.6724910000000008
 31
0
  0
LINE
  5
591
330
1A
100
AcDbEntity
  8
Edge.Cuts
  6
CONTINUOUS
100
AcDbLine
 10
71.888346999999996
 20
-55.6724910000000008
 30
0
 11
71.8654739999999919
 21
-55.7201839999999962
 31
0
  0
LINE
  5
592
330
1A
100
AcDbEntity
  8
Edge.Cuts
  6
CONTINUOUS
100
AcDbLine
 10
71.8654739999999919
 20
-55.7201839999999962
 30
0
 11
71.8426520000000011
 21
-55.7676409999999976
 31
0
  0
LINE
  5
593
330
1A
100
AcDbEntity
  8
Edge.Cuts
  6
CONTINUOUS
100
AcDbLine
 10
71.8426520000000011
 20
-55.7676409999999976
 30
0
 11
71.8198809999999952
 21
-55.8148610000000005
 31
0
  0
LINE
  5
594
330
1A
100
AcDbEntity
  8
Edge.Cuts
  6
CONTINUOUS
100
AcDbLine
 10
71.8198809999999952
 20
-55.8148610000000005
 30
0
 11
71.797159999999991
 21
-55.8618419999999958
 31
0
  0
LINE
  5
595
330
1A
100
AcDbEntity
  8
Edge.Cuts
  6
CONTINUOUS
100
AcDbLine
 10
71.797159999999991
 20
-55.8618419999999958
 30
0
 11
71.7744890000000026
 21
-55.9085839999999976
 31
0
  0
LINE
  5
596
330
1A
100
AcDbEntity
  8
Edge.Cuts
  6
CONTINUOUS
100
AcDbLine
 10
71.7744890000000026
 20
-55.9085839999999976
 30
0
 11
71.7518680000000018
 21
-55.9550869999999989
 31
0
  0
LINE
  5
597
330
1A
100
AcDbEntity
  8
Edge.Cuts
  6
CONTINUOUS
100
AcDbLine
 10
71.7518680000000018
 20
-55.9550869999999989
 30
0
 11
71.7292949999999934
 21
-56.0013480000000001
 31
0
  0
LINE
  5
598
330
1A
100
AcDbEntity
  8
Edge.Cuts
  6
CONTINUOUS
100
AcDbLine
 10
71.7292949999999934
 20
-56.0013480000000001
 30
0
 11
71.7067710000000034
 21
-56.0473679999999987
 31
0
  0
LINE
  5
599
330
1A
100
AcDbEntity
  8
Edge.Cuts
  6
CONTINUOUS
100
AcDbLine
 10
71.7067710000000034
 20
-56.0473679999999987
 30
0
 11
71.6842960000000033
 21
-56.0931449999999998
 31
0
  0
LINE
  5
59A
330
1A
100
AcDbEntity
  8
Edge.Cuts
  6
CONTINUOUS
100
AcDbLine
 10
71.6842960000000033
 20
-56.0931449999999998
 30
0
 11
71.6618679999999983
 21
-56.1386789999999962
 31
0
  0
LINE
  5
59B
330
1A
100
AcDbEntity
  8
Edge.Cuts
  6
CONTINUOUS
100
AcDbLine
 10
71.6618679999999983
 20
-56.1386789999999962
 30
0
 11
71.6394880000000001
 21
-56.1839680000000001
 31
0
  0
LINE
  5
59C
330
1A
100
AcDbEntity
  8
Edge.Cuts
  6
CONTINUOUS
100
AcDbLine
 10
71.6394880000000001
 20
-56.1839680000000001
 30
0
 11
71.6171549999999968
 21
-56.2290129999999948
 31
0
  0
LINE
  5
59D
330
1A
100
AcDbEntity
  8
Edge.Cuts
  6
CONTINUOUS
100
AcDbLine
 10
71.6171549999999968
 20
-56.2290129999999948
 30
0
 11
71.5948690000000028
 21
-56.2738109999999949
 31
0
  0
LINE
  5
59E
330
1A
100
AcDbEntity
  8
Edge.Cuts
  6
CONTINUOUS
100
AcDbLine
 10
71.5948690000000028
 20
-56.2738109999999949
 30
0
 11
71.5726289999999921
 21
-56.3183620000000005
 31
0
  0
LINE
  5
59F
330
1A
100
AcDbEntity
  8
Edge.Cuts
  6
CONTINUOUS
100
AcDbLine
 10
71.5726289999999921
 20
-56.3183620000000005
 30
0
 11
71.5504339999999956
 21
-56.3626649999999998
 31
0
  0
LINE
  5
5A0
330
1A
100
AcDbEntity
  8
Edge.Cuts
  6
CONTINUOUS
100
AcDbLine
 10
71.5504339999999956
 20
-56.3626649999999998
 30
0
 11
71.5282849999999968
 21
-56.4067189999999954
 31
0
  0
LINE
  5
5A1
330
1A
100
AcDbEntity
  8
Edge.Cuts
  6
CONTINUOUS
100
AcDbLine
 10
71.5282849999999968
 20
-56.4067189999999954
 30
0
 11
71.506180999999998
 21
-56.4505239999999944
 31
0
  0
LINE
  5
5A2
330
1A
100
AcDbEntity
  8
Edge.Cuts
  6
CONTINUOUS
100
AcDbLine
 10
71.506180999999998
 20
-56.4505239999999944
 30
0
 11
71.4841219999999993
 21
-56.4940779999999947
 31
0
  0
LINE
  5
5A3
330
1A
100
AcDbEntity
  8
Edge.Cuts
  6
CONTINUOUS
100
AcDbLine
 10
71.4841219999999993
 20
-56.4940779999999947
 30
0
 11
71.4621070000000032
 21
-56.5373809999999963
 31
0
  0
LINE
  5
5A4
330
1A
100
AcDbEntity
  8
Edge.Cuts
  6
CONTINUOUS
100
AcDbLine
 10
71.4621070000000032
 20
-56.5373809999999963
 30
0
 11
71.4401359999999954
 21
-56.5804319999999947
 31
0
  0
LINE
  5
5A5
330
1A
100
AcDbEntity
  8
Edge.Cuts
  6
CONTINUOUS
100
AcDbLine
 10
71.4401359999999954
 20
-56.5804319999999947
 30
0
 11
71.4182069999999953
 21
-56.6232299999999995
 31
0
  0
LINE
  5
5A6
330
1A
100
AcDbEntity
  8
Edge.Cuts
  6
CONTINUOUS
100
AcDbLine
 10
71.4182069999999953
 20
-56.6232299999999995
 30
0
 11
71.3963219999999978
 21
-56.6657729999999944
 31
0
  0
LINE
  5
5A7
330
1A
100
AcDbEntity
  8
Edge.Cuts
  6
CONTINUOUS
100
AcDbLine
 10
71.3963219999999978
 20
-56.6657729999999944
 30
0
 11
71.3744799999999913
 21
-56.7080619999999982
 31
0
  0
LINE
  5
5A8
330
1A
100
AcDbEntity
  8
Edge.Cuts
  6
CONTINUOUS
100
AcDbLine
 10
71.3744799999999913
 20
-56.7080619999999982
 30
0
 11
71.3635739999999998
 21
-56.7291099999999986
 31
0
  0
LINE
  5
5A9
330
1A
100
AcDbEntity
  8
Edge.Cuts
  6
CONTINUOUS
100
AcDbLine
 10
71.3635739999999998
 20
-56.7291099999999986
 30
0
 11
71.3526789999999949
 21
-56.7500939999999972
 31
0
  0
LINE
  5
5AA
330
1A
100
AcDbEntity
  8
Edge.Cuts
  6
CONTINUOUS
100
AcDbLine
 10
71.3526789999999949
 20
-56.7500939999999972
 30
0
 11
71.3417949999999905
 21
-56.7710149999999985
 31
0
  0
LINE
  5
5AB
330
1A
100
AcDbEntity
  8
Edge.Cuts
  6
CONTINUOUS
100
AcDbLine
 10
71.3417949999999905
 20
-56.7710149999999985
 30
0
 11
71.3309210000000036
 21
-56.7918710000000004
 31
0
  0
LINE
  5
5AC
330
1A
100
AcDbEntity
  8
Edge.Cuts
  6
CONTINUOUS
100
AcDbLine
 10
71.3309210000000036
 20
-56.7918710000000004
 30
0
 11
71.3200569999999914
 21
-56.812661999999996
 31
0
  0
LINE
  5
5AD
330
1A
100
AcDbEntity
  8
Edge.Cuts
  6
CONTINUOUS
100
AcDbLine
 10
71.3200569999999914
 20
-56.812661999999996
 30
0
 11
71.309203999999994
 21
-56.8333889999999968
 31
0
  0
LINE
  5
5AE
330
1A
100
AcDbEntity
  8
Edge.Cuts
  6
CONTINUOUS
100
AcDbLine
 10
71.309203999999994
 20
-56.8333889999999968
 30
0
 11
71.2983600000000024
 21
-56.8540519999999958
 31
0
  0
LINE
  5
5AF
330
1A
100
AcDbEntity
  8
Edge.Cuts
  6
CONTINUOUS
100
AcDbLine
 10
71.2983600000000024
 20
-56.8540519999999958
 30
0
 11
71.2875269999999972
 21
-56.874648999999998
 31
0
  0
LINE
  5
5B0
330
1A
100
AcDbEntity
  8
Edge.Cuts
  6
CONTINUOUS
100
AcDbLine
 10
71.2875269999999972
 20
-56.874648999999998
 30
0
 11
71.2767039999999952
 21
-56.8951819999999984
 31
0
  0
LINE
  5
5B1
330
1A
100
AcDbEntity
  8
Edge.Cuts
  6
CONTINUOUS
100
AcDbLine
 10
71.2767039999999952
 20
-56.8951819999999984
 30
0
 11
71.2658909999999963
 21
-56.9156499999999994
 31
0
  0
LINE
  5
5B2
330
1A
100
AcDbEntity
  8
Edge.Cuts
  6
CONTINUOUS
100
AcDbLine
 10
71.2658909999999963
 20
-56.9156499999999994
 30
0
 11
71.2550880000000006
 21
-56.936052999999994
 31
0
  0
LINE
  5
5B3
330
1A
100
AcDbEntity
  8
Edge.Cuts
  6
CONTINUOUS
100
AcDbLine
 10
71.2550880000000006
 20
-56.936052999999994
 30
0
 11
71.2442949999999939
 21
-56.9563909999999964
 31
0
  0
LINE
  5
5B4
330
1A
100
AcDbEntity
  8
Edge.Cuts
  6
CONTINUOUS
100
AcDbLine
 10
71.2442949999999939
 20
-56.9563909999999964
 30
0
 11
71.2335119999999904
 21
-56.976662999999995
 31
0
  0
LINE
  5
5B5
330
1A
100
AcDbEntity
  8
Edge.Cuts
  6
CONTINUOUS
100
AcDbLine
 10
71.2335119999999904
 20
-56.976662999999995
 30
0
 11
71.22273899999999
 21
-56.9968709999999987
 31
0
  0
LINE
  5
5B6
330
1A
100
AcDbEntity
  8
Edge.Cuts
  6
CONTINUOUS
100
AcDbLine
 10
71.22273899999999
 20
-56.9968709999999987
 30
0
 11
71.2119759999999928
 21
-57.017011999999994
 31
0
  0
LINE
  5
5B7
330
1A
100
AcDbEntity
  8
Edge.Cuts
  6
CONTINUOUS
100
AcDbLine
 10
71.2119759999999928
 20
-57.017011999999994
 30
0
 11
71.2012220000000013
 21
-57.0370879999999971
 31
0
  0
LINE
  5
5B8
330
1A
100
AcDbEntity
  8
Edge.Cuts
  6
CONTINUOUS
100
AcDbLine
 10
71.2012220000000013
 20
-57.0370879999999971
 30
0
 11
71.1904779999999988
 21
-57.0570990000000009
 31
0
  0
LINE
  5
5B9
330
1A
100
AcDbEntity
  8
Edge.Cuts
  6
CONTINUOUS
100
AcDbLine
 10
71.1904779999999988
 20
-57.0570990000000009
 30
0
 11
71.1797439999999995
 21
-57.0770429999999962
 31
0
  0
LINE
  5
5BA
330
1A
100
AcDbEntity
  8
Edge.Cuts
  6
CONTINUOUS
100
AcDbLine
 10
71.1797439999999995
 20
-57.0770429999999962
 30
0
 11
71.1690200000000033
 21
-57.0969219999999993
 31
0
  0
LINE
  5
5BB
330
1A
100
AcDbEntity
  8
Edge.Cuts
  6
CONTINUOUS
100
AcDbLine
 10
71.1690200000000033
 20
-57.0969219999999993
 30
0
 11
71.1583049999999986
 21
-57.1167349999999985
 31
0
  0
LINE
  5
5BC
330
1A
100
AcDbEntity
  8
Edge.Cuts
  6
CONTINUOUS
100
AcDbLine
 10
71.1583049999999986
 20
-57.1167349999999985
 30
0
 11
71.1475989999999996
 21
-57.1364809999999963
 31
0
  0
LINE
  5
5BD
330
1A
100
AcDbEntity
  8
Edge.Cuts
  6
CONTINUOUS
100
AcDbLine
 10
71.1475989999999996
 20
-57.1364809999999963
 30
0
 11
71.1369030000000038
 21
-57.1561609999999973
 31
0
  0
LINE
  5
5BE
330
1A
100
AcDbEntity
  8
Edge.Cuts
  6
CONTINUOUS
100
AcDbLine
 10
71.1369030000000038
 20
-57.1561609999999973
 30
0
 11
71.1262159999999994
 21
-57.1757749999999945
 31
0
  0
LINE
  5
5BF
330
1A
100
AcDbEntity
  8
Edge.Cuts
  6
CONTINUOUS
100
AcDbLine
 10
71.1262159999999994
 20
-57.1757749999999945
 30
0
 11
71.1155389999999983
 21
-57.1953219999999973
 31
0
  0
LINE
  5
5C0
330
1A
100
AcDbEntity
  8
Edge.Cuts
  6
CONTINUOUS
100
AcDbLine
 10
71.1155389999999983
 20
-57.1953219999999973
 30
0
 11
71.1048710000000028
 21
-57.2148029999999963
 31
0
  0
LINE
  5
5C1
330
1A
100
AcDbEntity
  8
Edge.Cuts
  6
CONTINUOUS
100
AcDbLine
 10
71.1048710000000028
 20
-57.2148029999999963
 30
0
 11
71.0942119999999989
 21
-57.2342169999999939
 31
0
  0
LINE
  5
5C2
330
1A
100
AcDbEntity
  8
Edge.Cuts
  6
CONTINUOUS
100
AcDbLine
 10
71.0942119999999989
 20
-57.2342169999999939
 30
0
 11
71.0835629999999981
 21
-57.2535649999999947
 31
0
  0
LINE
  5
5C3
330
1A
100
AcDbEntity
  8
Edge.Cuts
  6
CONTINUOUS
100
AcDbLine
 10
71.0835629999999981
 20
-57.2535649999999947
 30
0
 11
71.072923000000003
 21
-57.2728449999999967
 31
0
  0
LINE
  5
5C4
330
1A
100
AcDbEntity
  8
Edge.Cuts
  6
CONTINUOUS
100
AcDbLine
 10
71.072923000000003
 20
-57.2728449999999967
 30
0
 11
71.0622910000000019
 21
-57.2920579999999973
 31
0
  0
LINE
  5
5C5
330
1A
100
AcDbEntity
  8
Edge.Cuts
  6
CONTINUOUS
100
AcDbLine
 10
71.0622910000000019
 20
-57.2920579999999973
 30
0
 11
71.0516689999999898
 21
-57.311204999999994
 31
0
  0
LINE
  5
5C6
330
1A
100
AcDbEntity
  8
Edge.Cuts
  6
CONTINUOUS
100
AcDbLine
 10
71.0516689999999898
 20
-57.311204999999994
 30
0
 11
71.0410559999999975
 21
-57.3302839999999989
 31
0
  0
LINE
  5
5C7
330
1A
100
AcDbEntity
  8
Edge.Cuts
  6
CONTINUOUS
100
AcDbLine
 10
71.0410559999999975
 20
-57.3302839999999989
 30
0
 11
71.0304519999999968
 21
-57.3492949999999979
 31
0
  0
LINE
  5
5C8
330
1A
100
AcDbEntity
  8
Edge.Cuts
  6
CONTINUOUS
100
AcDbLine
 10
71.0304519999999968
 20
-57.3492949999999979
 30
0
 11
71.0198559999999901
 21
-57.3682389999999955
 31
0
  0
LINE
  5
5C9
330
1A
100
AcDbEntity
  8
Edge.Cuts
  6
CONTINUOUS
100
AcDbLine
 10
71.0198559999999901
 20
-57.3682389999999955
 30
0
 11
71.0092700000000008
 21
-57.3871159999999989
 31
0
  0
LINE
  5
5CA
330
1A
100
AcDbEntity
  8
Edge.Cuts
  6
CONTINUOUS
100
AcDbLine
 10
71.0092700000000008
 20
-57.3871159999999989
 30
0
 11
70.9986919999999913
 21
-57.4059249999999963
 31
0
  0
LINE
  5
5CB
330
1A
100
AcDbEntity
  8
Edge.Cuts
  6
CONTINUOUS
100
AcDbLine
 10
70.9986919999999913
 20
-57.4059249999999963
 30
0
 11
70.9881230000000016
 21
-57.4246659999999949
 31
0
  0
LINE
  5
5CC
330
1A
100
AcDbEntity
  8
Edge.Cuts
  6
CONTINUOUS
100
AcDbLine
 10
70.9881230000000016
 20
-57.4246659999999949
 30
0
 11
70.9775630000000035
 21
-57.4433389999999946
 31
0
  0
LINE
  5
5CD
330
1A
100
AcDbEntity
  8
Edge.Cuts
  6
CONTINUOUS
100
AcDbLine
 10
70.9775630000000035
 20
-57.4433389999999946
 30
0
 11
70.9670109999999994
 21
-57.4619450000000001
 31
0
  0
LINE
  5
5CE
330
1A
100
AcDbEntity
  8
Edge.Cuts
  6
CONTINUOUS
100
AcDbLine
 10
70.9670109999999994
 20
-57.4619450000000001
 30
0
 11
70.956468000000001
 21
-57.480481999999995
 31
0
  0
LINE
  5
5CF
330
1A
100
AcDbEntity
  8
Edge.Cuts
  6
CONTINUOUS
100
AcDbLine
 10
70.956468000000001
 20
-57.480481999999995
 30
0
 11
70.9459339999999941
 21
-57.4989509999999981
 31
0
  0
LINE
  5
5D0
330
1A
100
AcDbEntity
  8
Edge.Cuts
  6
CONTINUOUS
100
AcDbLine
 10
70.9459339999999941
 20
-57.4989509999999981
 30
0
 11
70.9354079999999954
 21
-57.5173509999999979
 31
0
  0
LINE
  5
5D1
330
1A
100
AcDbEntity
  8
Edge.Cuts
  6
CONTINUOUS
100
AcDbLine
 10
70.9354079999999954
 20
-57.5173509999999979
 30
0
 11
70.9248899999999907
 21
-57.5356829999999988
 31
0
  0
LINE
  5
5D2
330
1A
100
AcDbEntity
  8
Edge.Cuts
  6
CONTINUOUS
100
AcDbLine
 10
70.9248899999999907
 20
-57.5356829999999988
 30
0
 11
70.9143809999999917
 21
-57.5539470000000009
 31
0
  0
LINE
  5
5D3
330
1A
100
AcDbEntity
  8
Edge.Cuts
  6
CONTINUOUS
100
AcDbLine
 10
70.9143809999999917
 20
-57.5539470000000009
 30
0
 11
70.9038800000000009
 21
-57.5721419999999995
 31
0
  0
LINE
  5
5D4
330
1A
100
AcDbEntity
  8
Edge.Cuts
  6
CONTINUOUS
100
AcDbLine
 10
70.9038800000000009
 20
-57.5721419999999995
 30
0
 11
70.8933869999999899
 21
-57.5902679999999947
 31
0
  0
LINE
  5
5D5
330
1A
100
AcDbEntity
  8
Edge.Cuts
  6
CONTINUOUS
100
AcDbLine
 10
70.8933869999999899
 20
-57.5902679999999947
 30
0
 11
70.8829029999999989
 21
-57.6083250000000007
 31
0
  0
LINE
  5
5D6
330
1A
100
AcDbEntity
  8
Edge.Cuts
  6
CONTINUOUS
100
AcDbLine
 10
70.8829029999999989
 20
-57.6083250000000007
 30
0
 11
70.8724270000000018
 21
-57.6263129999999961
 31
0
  0
LINE
  5
5D7
330
1A
100
AcDbEntity
  8
Edge.Cuts
  6
CONTINUOUS
100
AcDbLine
 10
70.8724270000000018
 20
-57.6263129999999961
 30
0
 11
70.8619589999999988
 21
-57.6442319999999953
 31
0
  0
LINE
  5
5D8
330
1A
100
AcDbEntity
  8
Edge.Cuts
  6
CONTINUOUS
100
AcDbLine
 10
70.8619589999999988
 20
-57.6442319999999953
 30
0
 11
70.8514989999999898
 21
-57.6620819999999981
 31
0
  0
LINE
  5
5D9
330
1A
100
AcDbEntity
  8
Edge.Cuts
  6
CONTINUOUS
100
AcDbLine
 10
70.8514989999999898
 20
-57.6620819999999981
 30
0
 11
70.8410470000000032
 21
-57.6798629999999974
 31
0
  0
LINE
  5
5DA
330
1A
100
AcDbEntity
  8
Edge.Cuts
  6
CONTINUOUS
100
AcDbLine
 10
70.8410470000000032
 20
-57.6798629999999974
 30
0
 11
70.8306029999999964
 21
-57.6975739999999959
 31
0
  0
LINE
  5
5DB
330
1A
100
AcDbEntity
  8
Edge.Cuts
  6
CONTINUOUS
100
AcDbLine
 10
70.8306029999999964
 20
-57.6975739999999959
 30
0
 11
70.8201669999999979
 21
-57.7152150000000006
 31
0
  0
LINE
  5
5DC
330
1A
100
AcDbEntity
  8
Edge.Cuts
  6
CONTINUOUS
100
AcDbLine
 10
70.8201669999999979
 20
-57.7152150000000006
 30
0
 11
70.8097379999999958
 21
-57.7327869999999947
 31
0
  0
LINE
  5
5DD
330
1A
100
AcDbEntity
  8
Edge.Cuts
  6
CONTINUOUS
100
AcDbLine
 10
70.8097379999999958
 20
-57.7327869999999947
 30
0
 11
70.7993179999999995
 21
-57.7502889999999951
 31
0
  0
LINE
  5
5DE
330
1A
100
AcDbEntity
  8
Edge.Cuts
  6
CONTINUOUS
100
AcDbLine
 10
70.7993179999999995
 20
-57.7502889999999951
 30
0
 11
70.7889049999999997
 21
-57.7677209999999945
 31
0
  0
LINE
  5
5DF
330
1A
100
AcDbEntity
  8
Edge.Cuts
  6
CONTINUOUS
100
AcDbLine
 10
70.7889049999999997
 20
-57.7677209999999945
 30
0
 11
70.778499999999994
 21
-57.7850839999999977
 31
0
  0
LINE
  5
5E0
330
1A
100
AcDbEntity
  8
Edge.Cuts
  6
CONTINUOUS
100
AcDbLine
 10
70.778499999999994
 20
-57.7850839999999977
 30
0
 11
70.7681029999999964
 21
-57.8023759999999953
 31
0
  0
LINE
  5
5E1
330
1A
100
AcDbEntity
  8
Edge.Cuts
  6
CONTINUOUS
100
AcDbLine
 10
70.7681029999999964
 20
-57.8023759999999953
 30
0
 11
70.7577139999999929
 21
-57.8195979999999992
 31
0
  0
LINE
  5
5E2
330
1A
100
AcDbEntity
  8
Edge.Cuts
  6
CONTINUOUS
100
AcDbLine
 10
70.7577139999999929
 20
-57.8195979999999992
 30
0
 11
70.7473320000000001
 21
-57.836749999999995
 31
0
  0
LINE
  5
5E3
330
1A
100
AcDbEntity
  8
Edge.Cuts
  6
CONTINUOUS
100
AcDbLine
 10
70.7473320000000001
 20
-57.836749999999995
 30
0
 11
70.7369570000000039
 21
-57.8538309999999996
 31
0
  0
LINE
  5
5E4
330
1A
100
AcDbEntity
  8
Edge.Cuts
  6
CONTINUOUS
100
AcDbLine
 10
70.7369570000000039
 20
-57.8538309999999996
 30
0
 11
70.7265900000000016
 21
-57.8708409999999986
 31
0
  0
LINE
  5
5E5
330
1A
100
AcDbEntity
  8
Edge.Cuts
  6
CONTINUOUS
100
AcDbLine
 10
70.7265900000000016
 20
-57.8708409999999986
 30
0
 11
70.7162299999999959
 21
-57.8877819999999943
 31
0
  0
LINE
  5
5E6
330
1A
100
AcDbEntity
  8
Edge.Cuts
  6
CONTINUOUS
100
AcDbLine
 10
70.7162299999999959
 20
-57.8877819999999943
 30
0
 11
70.7058779999999985
 21
-57.9046509999999941
 31
0
  0
LINE
  5
5E7
330
1A
100
AcDbEntity
  8
Edge.Cuts
  6
CONTINUOUS
100
AcDbLine
 10
70.7058779999999985
 20
-57.9046509999999941
 30
0
 11
70.6955329999999975
 21
-57.9214489999999955
 31
0
  0
LINE
  5
5E8
330
1A
100
AcDbEntity
  8
Edge.Cuts
  6
CONTINUOUS
100
AcDbLine
 10
70.6955329999999975
 20
-57.9214489999999955
 30
0
 11
70.6851949999999931
 21
-57.938176999999996
 31
0
  0
LINE
  5
5E9
330
1A
100
AcDbEntity
  8
Edge.Cuts
  6
CONTINUOUS
100
AcDbLine
 10
70.6851949999999931
 20
-57.938176999999996
 30
0
 11
70.6748649999999969
 21
-57.9548330000000007
 31
0
  0
LINE
  5
5EA
330
1A
100
AcDbEntity
  8
Edge.Cuts
  6
CONTINUOUS
100
AcDbLine
 10
70.6748649999999969
 20
-57.9548330000000007
 30
0
 11
70.6645419999999973
 21
-57.9714179999999999
 31
0
  0
LINE
  5
5EB
330
1A
100
AcDbEntity
  8
Edge.Cuts
  6
CONTINUOUS
100
AcDbLine
 10
70.6645419999999973
 20
-57.9714179999999999
 30
0
 11
70.6542249999999967
 21
-57.9879320000000007
 31
0
  0
LINE
  5
5EC
330
1A
100
AcDbEntity
  8
Edge.Cuts
  6
CONTINUOUS
100
AcDbLine
 10
70.6542249999999967
 20
-57.9879320000000007
 30
0
 11
70.6439159999999902
 21
-58.0043739999999985
 31
0
  0
LINE
  5
5ED
330
1A
100
AcDbEntity
  8
Edge.Cuts
  6
CONTINUOUS
100
AcDbLine
 10
70.6439159999999902
 20
-58.0043739999999985
 30
0
 11
70.6336139999999943
 21
-58.020744999999998
 31
0
  0
LINE
  5
5EE
330
1A
100
AcDbEntity
  8
Edge.Cuts
  6
CONTINUOUS
100
AcDbLine
 10
70.6336139999999943
 20
-58.020744999999998
 30
0
 11
70.6233189999999951
 21
-58.0370449999999991
 31
0
  0
LINE
  5
5EF
330
1A
100
AcDbEntity
  8
Edge.Cuts
  6
CONTINUOUS
100
AcDbLine
 10
70.6233189999999951
 20
-58.0370449999999991
 30
0
 11
70.6130299999999949
 21
-58.0532719999999998
 31
0
  0
LINE
  5
5F0
330
1A
100
AcDbEntity
  8
Edge.Cuts
  6
CONTINUOUS
100
AcDbLine
 10
70.6130299999999949
 20
-58.0532719999999998
 30
0
 11
70.6027490000000029
 21
-58.0694279999999949
 31
0
  0
LINE
  5
5F1
330
1A
100
AcDbEntity
  8
Edge.Cuts
  6
CONTINUOUS
100
AcDbLine
 10
70.6027490000000029
 20
-58.0694279999999949
 30
0
 11
70.5924739999999957
 21
-58.0855119999999943
 31
0
  0
LINE
  5
5F2
330
1A
100
AcDbEntity
  8
Edge.Cuts
  6
CONTINUOUS
100
AcDbLine
 10
70.5924739999999957
 20
-58.0855119999999943
 30
0
 11
70.5822059999999993
 21
-58.1015230000000003
 31
0
  0
LINE
  5
5F3
330
1A
100
AcDbEntity
  8
Edge.Cuts
  6
CONTINUOUS
100
AcDbLine
 10
70.5822059999999993
 20
-58.1015230000000003
 30
0
 11
70.5719449999999995
 21
-58.1174630000000008
 31
0
  0
LINE
  5
5F4
330
1A
100
AcDbEntity
  8
Edge.Cuts
  6
CONTINUOUS
100
AcDbLine
 10
70.5719449999999995
 20
-58.1174630000000008
 30
0
 11
70.5616899999999987
 21
-58.1333300000000008
 31
0
  0
LINE
  5
5F5
330
1A
100
AcDbEntity
  8
Edge.Cuts
  6
CONTINUOUS
100
AcDbLine
 10
70.5616899999999987
 20
-58.1333300000000008
 30
0
 11
70.5514419999999944
 21
-58.149124999999998
 31
0
  0
LINE
  5
5F6
330
1A
100
AcDbEntity
  8
Edge.Cuts
  6
CONTINUOUS
100
AcDbLine
 10
70.5514419999999944
 20
-58.149124999999998
 30
0
 11
70.5412010000000009
 21
-58.1648469999999946
 31
0
  0
LINE
  5
5F7
330
1A
100
AcDbEntity
  8
Edge.Cuts
  6
CONTINUOUS
100
AcDbLine
 10
70.5412010000000009
 20
-58.1648469999999946
 30
0
 11
70.5309659999999923
 21
-58.180495999999998
 31
0
  0
LINE
  5
5F8
330
1A
100
AcDbEntity
  8
Edge.Cuts
  6
CONTINUOUS
100
AcDbLine
 10
70.5309659999999923
 20
-58.180495999999998
 30
0
 11
70.5207369999999969
 21
-58.1960729999999984
 31
0
  0
LINE
  5
5F9
330
1A
100
AcDbEntity
  8
Edge.Cuts
  6
CONTINUOUS
100
AcDbLine
 10
70.5207369999999969
 20
-58.1960729999999984
 30
0
 11
70.5105149999999981
 21
-58.2115769999999983
 31
0
  0
LINE
  5
5FA
330
1A
100
AcDbEntity
  8
Edge.Cuts
  6
CONTINUOUS
100
AcDbLine
 10
70.5105149999999981
 20
-58.2115769999999983
 30
0
 11
70.5002989999999983
 21
-58.2270089999999954
 31
0
  0
LINE
  5
5FB
330
1A
100
AcDbEntity
  8
Edge.Cuts
  6
CONTINUOUS
100
AcDbLine
 10
70.5002989999999983
 20
-58.2270089999999954
 30
0
 11
70.490089999999995
 21
-58.2423669999999944
 31
0
  0
LINE
  5
5FC
330
1A
100
AcDbEntity
  8
Edge.Cuts
  6
CONTINUOUS
100
AcDbLine
 10
70.490089999999995
 20
-58.2423669999999944
 30
0
 11
70.4798859999999934
 21
-58.2576509999999956
 31
0
  0
LINE
  5
5FD
330
1A
100
AcDbEntity
  8
Edge.Cuts
  6
CONTINUOUS
100
AcDbLine
 10
70.4798859999999934
 20
-58.2576509999999956
 30
0
 11
70.4696890000000025
 21
-58.2728629999999939
 31
0
  0
LINE
  5
5FE
330
1A
100
AcDbEntity
  8
Edge.Cuts
  6
CONTINUOUS
100
AcDbLine
 10
70.4696890000000025
 20
-58.2728629999999939
 30
0
 11
70.4594979999999964
 21
-58.2880009999999942
 31
0
  0
LINE
  5
5FF
330
1A
100
AcDbEntity
  8
Edge.Cuts
  6
CONTINUOUS
100
AcDbLine
 10
70.4594979999999964
 20
-58.2880009999999942
 30
0
 11
70.4493130000000036
 21
-58.3030659999999941
 31
0
  0
LINE
  5
600
330
1A
100
AcDbEntity
  8
Edge.Cuts
  6
CONTINUOUS
100
AcDbLine
 10
70.4493130000000036
 20
-58.3030659999999941
 30
0
 11
70.4391349999999932
 21
-58.318056999999996
 31
0
  0
LINE
  5
601
330
1A
100
AcDbEntity
  8
Edge.Cuts
  6
CONTINUOUS
100
AcDbLine
 10
70.4391349999999932
 20
-58.318056999999996
 30
0
 11
70.4289619999999985
 21
-58.3329740000000001
 31
0
  0
LINE
  5
602
330
1A
100
AcDbEntity
  8
Edge.Cuts
  6
CONTINUOUS
100
AcDbLine
 10
70.4289619999999985
 20
-58.3329740000000001
 30
0
 11
70.4187950000000029
 21
-58.3478179999999966
 31
0
  0
LINE
  5
603
330
1A
100
AcDbEntity
  8
Edge.Cuts
  6
CONTINUOUS
100
AcDbLine
 10
70.4187950000000029
 20
-58.3478179999999966
 30
0
 11
70.4086339999999922
 21
-58.3625869999999978
 31
0
  0
LINE
  5
604
330
1A
100
AcDbEntity
  8
Edge.Cuts
  6
CONTINUOUS
100
AcDbLine
 10
70.4086339999999922
 20
-58.3625869999999978
 30
0
 11
70.3984779999999972
 21
-58.3772829999999985
 31
0
  0
LINE
  5
605
330
1A
100
AcDbEntity
  8
Edge.Cuts
  6
CONTINUOUS
100
AcDbLine
 10
70.3984779999999972
 20
-58.3772829999999985
 30
0
 11
70.3883289999999988
 21
-58.3919039999999967
 31
0
  0
LINE
  5
606
330
1A
100
AcDbEntity
  8
Edge.Cuts
  6
CONTINUOUS
100
AcDbLine
 10
70.3883289999999988
 20
-58.3919039999999967
 30
0
 11
70.378185000000002
 21
-58.406450999999997
 31
0
  0
LINE
  5
607
330
1A
100
AcDbEntity
  8
Edge.Cuts
  6
CONTINUOUS
100
AcDbLine
 10
70.378185000000002
 20
-58.406450999999997
 30
0
 11
70.36804699999999
 21
-58.4209239999999994
 31
0
  0
LINE
  5
608
330
1A
100
AcDbEntity
  8
Edge.Cuts
  6
CONTINUOUS
100
AcDbLine
 10
70.36804699999999
 20
-58.4209239999999994
 30
0
 11
70.3579139999999938
 21
-58.4353219999999993
 31
0
  0
LINE
  5
609
330
1A
100
AcDbEntity
  8
Edge.Cuts
  6
CONTINUOUS
100
AcDbLine
 10
70.3579139999999938
 20
-58.4353219999999993
 30
0
 11
70.3477879999999942
 21
-58.4496459999999942
 31
0
  0
LINE
  5
60A
330
1A
100
AcDbEntity
  8
Edge.Cuts
  6
CONTINUOUS
100
AcDbLine
 10
70.3477879999999942
 20
-58.4496459999999942
 30
0
 11
70.3376659999999987
 21
-58.4638950000000008
 31
0
  0
LINE
  5
60B
330
1A
100
AcDbEntity
  8
Edge.Cuts
  6
CONTINUOUS
100
AcDbLine
 10
70.3376659999999987
 20
-58.4638950000000008
 30
0
 11
70.3275500000000022
 21
-58.4780689999999979
 31
0
  0
LINE
  5
60C
330
1A
100
AcDbEntity
  8
Edge.Cuts
  6
CONTINUOUS
100
AcDbLine
 10
70.3275500000000022
 20
-58.4780689999999979
 30
0
 11
70.3174399999999906
 21
-58.4921679999999995
 31
0
  0
LINE
  5
60D
330
1A
100
AcDbEntity
  8
Edge.Cuts
  6
CONTINUOUS
100
AcDbLine
 10
70.3174399999999906
 20
-58.4921679999999995
 30
0
 11
70.3073349999999948
 21
-58.5061919999999986
 31
0
  0
LINE
  5
60E
330
1A
100
AcDbEntity
  8
Edge.Cuts
  6
CONTINUOUS
100
AcDbLine
 10
70.3073349999999948
 20
-58.5061919999999986
 30
0
 11
70.2972350000000006
 21
-58.5201409999999953
 31
0
  0
LINE
  5
60F
330
1A
100
AcDbEntity
  8
Edge.Cuts
  6
CONTINUOUS
100
AcDbLine
 10
70.2972350000000006
 20
-58.5201409999999953
 30
0
 11
70.2871399999999937
 21
-58.5340149999999966
 31
0
  0
LINE
  5
610
330
1A
100
AcDbEntity
  8
Edge.Cuts
  6
CONTINUOUS
100
AcDbLine
 10
70.2871399999999937
 20
-58.5340149999999966
 30
0
 11
70.2770510000000002
 21
-58.5478129999999979
 31
0
  0
LINE
  5
611
330
1A
100
AcDbEntity
  8
Edge.Cuts
  6
CONTINUOUS
100
AcDbLine
 10
70.2770510000000002
 20
-58.5478129999999979
 30
0
 11
70.266966999999994
 21
-58.5615359999999967
 31
0
  0
LINE
  5
612
330
1A
100
AcDbEntity
  8
Edge.Cuts
  6
CONTINUOUS
100
AcDbLine
 10
70.266966999999994
 20
-58.5615359999999967
 30
0
 11
70.2568869999999919
 21
-58.5751829999999956
 31
0
  0
LINE
  5
613
330
1A
100
AcDbEntity
  8
Edge.Cuts
  6
CONTINUOUS
100
AcDbLine
 10
70.2568869999999919
 20
-58.5751829999999956
 30
0
 11
70.2468130000000031
 21
-58.588754999999999
 31
0
  0
LINE
  5
614
330
1A
100
AcDbEntity
  8
Edge.Cuts
  6
CONTINUOUS
100
AcDbLine
 10
70.2468130000000031
 20
-58.588754999999999
 30
0
 11
70.2367440000000016
 21
-58.602249999999998
 31
0
  0
LINE
  5
615
330
1A
100
AcDbEntity
  8
Edge.Cuts
  6
CONTINUOUS
100
AcDbLine
 10
70.2367440000000016
 20
-58.602249999999998
 30
0
 11
70.2266800000000018
 21
-58.6156699999999944
 31
0
  0
LINE
  5
616
330
1A
100
AcDbEntity
  8
Edge.Cuts
  6
CONTINUOUS
100
AcDbLine
 10
70.2266800000000018
 20
-58.6156699999999944
 30
0
 11
70.2166210000000035
 21
-58.629013999999998
 31
0
  0
LINE
  5
617
330
1A
100
AcDbEntity
  8
Edge.Cuts
  6
CONTINUOUS
100
AcDbLine
 10
70.2166210000000035
 20
-58.629013999999998
 30
0
 11
70.2065669999999926
 21
-58.6422819999999945
 31
0
  0
LINE
  5
618
330
1A
100
AcDbEntity
  8
Edge.Cuts
  6
CONTINUOUS
100
AcDbLine
 10
70.2065669999999926
 20
-58.6422819999999945
 30
0
 11
70.1965170000000001
 21
-58.6554730000000006
 31
0
  0
LINE
  5
619
330
1A
100
AcDbEntity
  8
Edge.Cuts
  6
CONTINUOUS
100
AcDbLine
 10
70.1965170000000001
 20
-58.6554730000000006
 30
0
 11
70.1864719999999949
 21
-58.6685879999999997
 31
0
  0
LINE
  5
61A
330
1A
100
AcDbEntity
  8
Edge.Cuts
  6
CONTINUOUS
100
AcDbLine
 10
70.1864719999999949
 20
-58.6685879999999997
 30
0
 11
70.1764319999999913
 21
-58.6816269999999989
 31
0
  0
LINE
  5
61B
330
1A
100
AcDbEntity
  8
Edge.Cuts
  6
CONTINUOUS
100
AcDbLine
 10
70.1764319999999913
 20
-58.6816269999999989
 30
0
 11
70.1663970000000035
 21
-58.6945890000000006
 31
0
  0
LINE
  5
61C
330
1A
100
AcDbEntity
  8
Edge.Cuts
  6
CONTINUOUS
100
AcDbLine
 10
70.1663970000000035
 20
-58.6945890000000006
 30
0
 11
70.1563659999999913
 21
-58.7074739999999977
 31
0
  0
LINE
  5
61D
330
1A
100
AcDbEntity
  8
Edge.Cuts
  6
CONTINUOUS
100
AcDbLine
 10
70.1563659999999913
 20
-58.7074739999999977
 30
0
 11
70.146339999999995
 21
-58.7202829999999949
 31
0
  0
LINE
  5
61E
330
1A
100
AcDbEntity
  8
Edge.Cuts
  6
CONTINUOUS
100
AcDbLine
 10
70.146339999999995
 20
-58.7202829999999949
 30
0
 11
70.1363180000000028
 21
-58.7330139999999972
 31
0
  0
LINE
  5
61F
330
1A
100
AcDbEntity
  8
Edge.Cuts
  6
CONTINUOUS
100
AcDbLine
 10
70.1363180000000028
 20
-58.7330139999999972
 30
0
 11
70.126300999999998
 21
-58.7456689999999995
 31
0
  0
LINE
  5
620
330
1A
100
AcDbEntity
  8
Edge.Cuts
  6
CONTINUOUS
100
AcDbLine
 10
70.126300999999998
 20
-58.7456689999999995
 30
0
 11
70.1162879999999973
 21
-58.7582459999999998
 31
0
  0
LINE
  5
621
330
1A
100
AcDbEntity
  8
Edge.Cuts
  6
CONTINUOUS
100
AcDbLine
 10
70.1162879999999973
 20
-58.7582459999999998
 30
0
 11
70.1062790000000007
 21
-58.7707470000000001
 31
0
  0
LINE
  5
622
330
1A
100
AcDbEntity
  8
Edge.Cuts
  6
CONTINUOUS
100
AcDbLine
 10
70.1062790000000007
 20
-58.7707470000000001
 30
0
 11
70.0962749999999915
 21
-58.7831690000000009
 31
0
  0
LINE
  5
623
330
1A
100
AcDbEntity
  8
Edge.Cuts
  6
CONTINUOUS
100
AcDbLine
 10
70.0962749999999915
 20
-58.7831690000000009
 30
0
 11
70.0862750000000005
 21
-58.7955149999999946
 31
0
  0
LINE
  5
624
330
1A
100
AcDbEntity
  8
Edge.Cuts
  6
CONTINUOUS
100
AcDbLine
 10
70.0862750000000005
 20
-58.7955149999999946
 30
0
 11
70.0762789999999995
 21
-58.8077830000000006
 31
0
  0
LINE
  5
625
330
1A
100
AcDbEntity
  8
Edge.Cuts
  6
CONTINUOUS
100
AcDbLine
 10
70.0762789999999995
 20
-58.8077830000000006
 30
0
 11
70.0662870000000026
 21
-58.8199729999999974
 31
0
  0
LINE
  5
626
330
1A
100
AcDbEntity
  8
Edge.Cuts
  6
CONTINUOUS
100
AcDbLine
 10
70.0662870000000026
 20
-58.8199729999999974
 30
0
 11
70.0562989999999957
 21
-58.8320849999999993
 31
0
  0
LINE
  5
627
330
1A
100
AcDbEntity
  8
Edge.Cuts
  6
CONTINUOUS
100
AcDbLine
 10
70.0562989999999957
 20
-58.8320849999999993
 30
0
 11
70.0463159999999903
 21
-58.8441199999999967
 31
0
  0
LINE
  5
628
330
1A
100
AcDbEntity
  8
Edge.Cuts
  6
CONTINUOUS
100
AcDbLine
 10
70.0463159999999903
 20
-58.8441199999999967
 30
0
 11
70.0363359999999915
 21
-58.8560759999999945
 31
0
  0
LINE
  5
629
330
1A
100
AcDbEntity
  8
Edge.Cuts
  6
CONTINUOUS
100
AcDbLine
 10
70.0363359999999915
 20
-58.8560759999999945
 30
0
 11
70.0263599999999968
 21
-58.8679549999999949
 31
0
  0
LINE
  5
62A
330
1A
100
AcDbEntity
  8
Edge.Cuts
  6
CONTINUOUS
100
AcDbLine
 10
70.0263599999999968
 20
-58.8679549999999949
 30
0
 11
70.0163879999999921
 21
-58.8797549999999958
 31
0
  0
LINE
  5
62B
330
1A
100
AcDbEntity
  8
Edge.Cuts
  6
CONTINUOUS
100
AcDbLine
 10
70.0163879999999921
 20
-58.8797549999999958
 30
0
 11
70.0064199999999914
 21
-58.8914769999999947
 31
0
  0
LINE
  5
62C
330
1A
100
AcDbEntity
  8
Edge.Cuts
  6
CONTINUOUS
100
AcDbLine
 10
70.0064199999999914
 20
-58.8914769999999947
 30
0
 11
69.9964559999999949
 21
-58.9031199999999941
 31
0
  0
LINE
  5
62D
330
1A
100
AcDbEntity
  8
Edge.Cuts
  6
CONTINUOUS
100
AcDbLine
 10
69.9964559999999949
 20
-58.9031199999999941
 30
0
 11
69.9864949999999908
 21
-58.9146849999999986
 31
0
  0
LINE
  5
62E
330
1A
100
AcDbEntity
  8
Edge.Cuts
  6
CONTINUOUS
100
AcDbLine
 10
69.9864949999999908
 20
-58.9146849999999986
 30
0
 11
69.9765390000000025
 21
-58.9261709999999965
 31
0
  0
LINE
  5
62F
330
1A
100
AcDbEntity
  8
Edge.Cuts
  6
CONTINUOUS
100
AcDbLine
 10
69.9765390000000025
 20
-58.9261709999999965
 30
0
 11
69.9665849999999949
 21
-58.9375779999999949
 31
0
  0
LINE
  5
630
330
1A
100
AcDbEntity
  8
Edge.Cuts
  6
CONTINUOUS
100
AcDbLine
 10
69.9665849999999949
 20
-58.9375779999999949
 30
0
 11
69.9566360000000032
 21
-58.9489069999999984
 31
0
  0
LINE
  5
631
330
1A
100
AcDbEntity
  8
Edge.Cuts
  6
CONTINUOUS
100
AcDbLine
 10
69.9566360000000032
 20
-58.9489069999999984
 30
0
 11
69.9466900000000038
 21
-58.9601559999999978
 31
0
  0
LINE
  5
632
330
1A
100
AcDbEntity
  8
Edge.Cuts
  6
CONTINUOUS
100
AcDbLine
 10
69.9466900000000038
 20
-58.9601559999999978
 30
0
 11
69.9367469999999969
 21
-58.9713269999999952
 31
0
  0
LINE
  5
633
330
1A
100
AcDbEntity
  8
Edge.Cuts
  6
CONTINUOUS
100
AcDbLine
 10
69.9367469999999969
 20
-58.9713269999999952
 30
0
 11
69.9268079999999941
 21
-58.9824179999999956
 31
0
  0
LINE
  5
634
330
1A
100
AcDbEntity
  8
Edge.Cuts
  6
CONTINUOUS
100
AcDbLine
 10
69.9268079999999941
 20
-58.9824179999999956
 30
0
 11
69.9168719999999979
 21
-58.9934299999999965
 31
0
  0
LINE
  5
635
330
1A
100
AcDbEntity
  8
Edge.Cuts
  6
CONTINUOUS
100
AcDbLine
 10
69.9168719999999979
 20
-58.9934299999999965
 30
0
 11
69.9069389999999942
 21
-59.0043620000000004
 31
0
  0
LINE
  5
636
330
1A
100
AcDbEntity
  8
Edge.Cuts
  6
CONTINUOUS
100
AcDbLine
 10
69.9069389999999942
 20
-59.0043620000000004
 30
0
 11
69.8970099999999945
 21
-59.0152149999999978
 31
0
  0
LINE
  5
637
330
1A
100
AcDbEntity
  8
Edge.Cuts
  6
CONTINUOUS
100
AcDbLine
 10
69.8970099999999945
 20
-59.0152149999999978
 30
0
 11
69.8870840000000015
 21
-59.0259879999999981
 31
0
  0
LINE
  5
638
330
1A
100
AcDbEntity
  8
Edge.Cuts
  6
CONTINUOUS
100
AcDbLine
 10
69.8870840000000015
 20
-59.0259879999999981
 30
0
 11
69.877161000000001
 21
-59.036681999999999
 31
0
  0
LINE
  5
639
330
1A
100
AcDbEntity
  8
Edge.Cuts
  6
CONTINUOUS
100
AcDbLine
 10
69.877161000000001
 20
-59.036681999999999
 30
0
 11
69.8672409999999928
 21
-59.0472949999999983
 31
0
  0
LINE
  5
63A
330
1A
100
AcDbEntity
  8
Edge.Cuts
  6
CONTINUOUS
100
AcDbLine
 10
69.8672409999999928
 20
-59.0472949999999983
 30
0
 11
69.8573239999999913
 21
-59.0578289999999981
 31
0
  0
LINE
  5
63B
330
1A
100
AcDbEntity
  8
Edge.Cuts
  6
CONTINUOUS
100
AcDbLine
 10
69.8573239999999913
 20
-59.0578289999999981
 30
0
 11
69.8474109999999939
 21
-59.0682819999999964
 31
0
  0
LINE
  5
63C
330
1A
100
AcDbEntity
  8
Edge.Cuts
  6
CONTINUOUS
100
AcDbLine
 10
69.8474109999999939
 20
-59.0682819999999964
 30
0
 11
69.8374999999999915
 21
-59.0786559999999952
 31
0
  0
LINE
  5
63D
330
1A
100
AcDbEntity
  8
Edge.Cuts
  6
CONTINUOUS
100
AcDbLine
 10
69.8374999999999915
 20
-59.0786559999999952
 30
0
 11
69.8275919999999957
 21
-59.0889489999999995
 31
0
  0
LINE
  5
63E
330
1A
100
AcDbEntity
  8
Edge.Cuts
  6
CONTINUOUS
100
AcDbLine
 10
69.8275919999999957
 20
-59.0889489999999995
 30
0
 11
69.8176869999999923
 21
-59.0991609999999952
 31
0
  0
LINE
  5
63F
330
1A
100
AcDbEntity
  8
Edge.Cuts
  6
CONTINUOUS
100
AcDbLine
 10
69.8176869999999923
 20
-59.0991609999999952
 30
0
 11
69.8077849999999955
 21
-59.1092929999999939
 31
0
  0
LINE
  5
640
330
1A
100
AcDbEntity
  8
Edge.Cuts
  6
CONTINUOUS
100
AcDbLine
 10
69.8077849999999955
 20
-59.1092929999999939
 30
0
 11
69.7978849999999937
 21
-59.1193449999999956
 31
0
  0
LINE
  5
641
330
1A
100
AcDbEntity
  8
Edge.Cuts
  6
CONTINUOUS
100
AcDbLine
 10
69.7978849999999937
 20
-59.1193449999999956
 30
0
 11
69.7879879999999986
 21
-59.1293149999999983
 31
0
  0
LINE
  5
642
330
1A
100
AcDbEntity
  8
Edge.Cuts
  6
CONTINUOUS
100
AcDbLine
 10
69.7879879999999986
 20
-59.1293149999999983
 30
0
 11
69.7780939999999958
 21
-59.1392049999999969
 31
0
  0
LINE
  5
643
330
1A
100
AcDbEntity
  8
Edge.Cuts
  6
CONTINUOUS
100
AcDbLine
 10
69.7780939999999958
 20
-59.1392049999999969
 30
0
 11
69.7682029999999997
 21
-59.149013999999994
 31
0
  0
LINE
  5
644
330
1A
100
AcDbEntity
  8
Edge.Cuts
  6
CONTINUOUS
100
AcDbLine
 10
69.7682029999999997
 20
-59.149013999999994
 30
0
 11
69.7583139999999986
 21
-59.1587419999999966
 31
0
  0
LINE
  5
645
330
1A
100
AcDbEntity
  8
Edge.Cuts
  6
CONTINUOUS
100
AcDbLine
 10
69.7583139999999986
 20
-59.1587419999999966
 30
0
 11
69.7484269999999924
 21
-59.1683880000000002
 31
0
  0
LINE
  5
646
330
1A
100
AcDbEntity
  8
Edge.Cuts
  6
CONTINUOUS
100
AcDbLine
 10
69.7484269999999924
 20
-59.1683880000000002
 30
0
 11
69.7385429999999928
 21
-59.1779529999999951
 31
0
  0
LINE
  5
647
330
1A
100
AcDbEntity
  8
Edge.Cuts
  6
CONTINUOUS
100
AcDbLine
 10
69.7385429999999928
 20
-59.1779529999999951
 30
0
 11
69.7286619999999999
 21
-59.1874369999999956
 31
0
  0
LINE
  5
648
330
1A
100
AcDbEntity
  8
Edge.Cuts
  6
CONTINUOUS
100
AcDbLine
 10
69.7286619999999999
 20
-59.1874369999999956
 30
0
 11
69.7187819999999903
 21
-59.1968389999999971
 31
0
  0
LINE
  5
649
330
1A
100
AcDbEntity
  8
Edge.Cuts
  6
CONTINUOUS
100
AcDbLine
 10
69.7187819999999903
 20
-59.1968389999999971
 30
0
 11
69.7089050000000015
 21
-59.206159999999997
 31
0
  0
LINE
  5
64A
330
1A
100
AcDbEntity
  8
Edge.Cuts
  6
CONTINUOUS
100
AcDbLine
 10
69.7089050000000015
 20
-59.206159999999997
 30
0
 11
69.6990309999999909
 21
-59.2153989999999979
 31
0
  0
LINE
  5
64B
330
1A
100
AcDbEntity
  8
Edge.Cuts
  6
CONTINUOUS
100
AcDbLine
 10
69.6990309999999909
 20
-59.2153989999999979
 30
0
 11
69.6891579999999919
 21
-59.2245559999999998
 31
0
  0
LINE
  5
64C
330
1A
100
AcDbEntity
  8
Edge.Cuts
  6
CONTINUOUS
100
AcDbLine
 10
69.6891579999999919
 20
-59.2245559999999998
 30
0
 11
69.6792879999999997
 21
-59.2336309999999955
 31
0
  0
LINE
  5
64D
330
1A
100
AcDbEntity
  8
Edge.Cuts
  6
CONTINUOUS
100
AcDbLine
 10
69.6792879999999997
 20
-59.2336309999999955
 30
0
 11
69.6694189999999907
 21
-59.2426239999999993
 31
0
  0
LINE
  5
64E
330
1A
100
AcDbEntity
  8
Edge.Cuts
  6
CONTINUOUS
100
AcDbLine
 10
69.6694189999999907
 20
-59.2426239999999993
 30
0
 11
69.6595530000000025
 21
-59.251534999999997
 31
0
  0
LINE
  5
64F
330
1A
100
AcDbEntity
  8
Edge.Cuts
  6
CONTINUOUS
100
AcDbLine
 10
69.6595530000000025
 20
-59.251534999999997
 30
0
 11
69.6496889999999951
 21
-59.2603629999999981
 31
0
  0
LINE
  5
650
330
1A
100
AcDbEntity
  8
Edge.Cuts
  6
CONTINUOUS
100
AcDbLine
 10
69.6496889999999951
 20
-59.2603629999999981
 30
0
 11
69.6398259999999993
 21
-59.2691099999999977
 31
0
  0
LINE
  5
651
330
1A
100
AcDbEntity
  8
Edge.Cuts
  6
CONTINUOUS
100
AcDbLine
 10
69.6398259999999993
 20
-59.2691099999999977
 30
0
 11
69.629965999999996
 21
-59.2777729999999963
 31
0
  0
LINE
  5
652
330
1A
100
AcDbEntity
  8
Edge.Cuts
  6
CONTINUOUS
100
AcDbLine
 10
69.629965999999996
 20
-59.2777729999999963
 30
0
 11
69.6201069999999902
 21
-59.2863539999999958
 31
0
  0
LINE
  5
653
330
1A
100
AcDbEntity
  8
Edge.Cuts
  6
CONTINUOUS
100
AcDbLine
 10
69.6201069999999902
 20
-59.2863539999999958
 30
0
 11
69.6102499999999935
 21
-59.2948529999999963
 31
0
  0
LINE
  5
654
330
1A
100
AcDbEntity
  8
Edge.Cuts
  6
CONTINUOUS
100
AcDbLine
 10
69.6102499999999935
 20
-59.2948529999999963
 30
0
 11
69.6003949999999918
 21
-59.3032679999999957
 31
0
  0
LINE
  5
655
330
1A
100
AcDbEntity
  8
Edge.Cuts
  6
CONTINUOUS
100
AcDbLine
 10
69.6003949999999918
 20
-59.3032679999999957
 30
0
 11
69.5905419999999992
 21
-59.311600999999996
 31
0
  0
LINE
  5
656
330
1A
100
AcDbEntity
  8
Edge.Cuts
  6
CONTINUOUS
100
AcDbLine
 10
69.5905419999999992
 20
-59.311600999999996
 30
0
 11
69.5806899999999899
 21
-59.3198499999999953
 31
0
  0
LINE
  5
657
330
1A
100
AcDbEntity
  8
Edge.Cuts
  6
CONTINUOUS
100
AcDbLine
 10
69.5806899999999899
 20
-59.3198499999999953
 30
0
 11
69.5708399999999898
 21
-59.3280159999999981
 31
0
  0
LINE
  5
658
330
1A
100
AcDbEntity
  8
Edge.Cuts
  6
CONTINUOUS
100
AcDbLine
 10
69.5708399999999898
 20
-59.3280159999999981
 30
0
 11
69.5609910000000013
 21
-59.3360989999999973
 31
0
  0
LINE
  5
659
330
1A
100
AcDbEntity
  8
Edge.Cuts
  6
CONTINUOUS
100
AcDbLine
 10
69.5609910000000013
 20
-59.3360989999999973
 30
0
 11
69.5511439999999936
 21
-59.3440989999999999
 31
0
  0
LINE
  5
65A
330
1A
100
AcDbEntity
  8
Edge.Cuts
  6
CONTINUOUS
100
AcDbLine
 10
69.5511439999999936
 20
-59.3440989999999999
 30
0
 11
69.5412979999999976
 21
-59.3520149999999944
 31
0
  0
LINE
  5
65B
330
1A
100
AcDbEntity
  8
Edge.Cuts
  6
CONTINUOUS
100
AcDbLine
 10
69.5412979999999976
 20
-59.3520149999999944
 30
0
 11
69.5314529999999991
 21
-59.3598469999999949
 31
0
  0
LINE
  5
65C
330
1A
100
AcDbEntity
  8
Edge.Cuts
  6
CONTINUOUS
100
AcDbLine
 10
69.5314529999999991
 20
-59.3598469999999949
 30
0
 11
69.5216099999999955
 21
-59.3675959999999989
 31
0
  0
LINE
  5
65D
330
1A
100
AcDbEntity
  8
Edge.Cuts
  6
CONTINUOUS
100
AcDbLine
 10
69.5216099999999955
 20
-59.3675959999999989
 30
0
 11
69.5117680000000036
 21
-59.3752609999999947
 31
0
  0
LINE
  5
65E
330
1A
100
AcDbEntity
  8
Edge.Cuts
  6
CONTINUOUS
100
AcDbLine
 10
69.5117680000000036
 20
-59.3752609999999947
 30
0
 11
69.5019279999999924
 21
-59.3828419999999966
 31
0
  0
LINE
  5
65F
330
1A
100
AcDbEntity
  8
Edge.Cuts
  6
CONTINUOUS
100
AcDbLine
 10
69.5019279999999924
 20
-59.3828419999999966
 30
0
 11
69.4920879999999954
 21
-59.3903389999999973
 31
0
  0
LINE
  5
660
330
1A
100
AcDbEntity
  8
Edge.Cuts
  6
CONTINUOUS
100
AcDbLine
 10
69.4920879999999954
 20
-59.3903389999999973
 30
0
 11
69.4822499999999934
 21
-59.397751999999997
 31
0
  0
LINE
  5
661
330
1A
100
AcDbEntity
  8
Edge.Cuts
  6
CONTINUOUS
100
AcDbLine
 10
69.4822499999999934
 20
-59.397751999999997
 30
0
 11
69.4724119999999914
 21
-59.4050799999999981
 31
0
  0
LINE
  5
662
330
1A
100
AcDbEntity
  8
Edge.Cuts
  6
CONTINUOUS
100
AcDbLine
 10
69.4724119999999914
 20
-59.4050799999999981
 30
0
 11
69.4625759999999985
 21
-59.4123249999999956
 31
0
  0
LINE
  5
663
330
1A
100
AcDbEntity
  8
Edge.Cuts
  6
CONTINUOUS
100
AcDbLine
 10
69.4625759999999985
 20
-59.4123249999999956
 30
0
 11
69.4527410000000032
 21
-59.4194839999999971
 31
0
  0
LINE
  5
664
330
1A
100
AcDbEntity
  8
Edge.Cuts
  6
CONTINUOUS
100
AcDbLine
 10
69.4527410000000032
 20
-59.4194839999999971
 30
0
 11
69.4429059999999936
 21
-59.4265589999999975
 31
0
  0
LINE
  5
665
330
1A
100
AcDbEntity
  8
Edge.Cuts
  6
CONTINUOUS
100
AcDbLine
 10
69.4429059999999936
 20
-59.4265589999999975
 30
0
 11
69.4330729999999932
 21
-59.4335499999999968
 31
0
  0
LINE
  5
666
330
1A
100
AcDbEntity
  8
Edge.Cuts
  6
CONTINUOUS
100
AcDbLine
 10
69.4330729999999932
 20
-59.4335499999999968
 30
0
 11
69.4232399999999927
 21
-59.440455
 31
0
  0
LINE
  5
667
330
1A
100
AcDbEntity
  8
Edge.Cuts
  6
CONTINUOUS
100
AcDbLine
 10
69.4232399999999927
 20
-59.440455
 30
0
 11
69.4134079999999898
 21
-59.4472759999999951
 31
0
  0
LINE
  5
668
330
1A
100
AcDbEntity
  8
Edge.Cuts
  6
CONTINUOUS
100
AcDbLine
 10
69.4134079999999898
 20
-59.4472759999999951
 30
0
 11
69.4035769999999985
 21
-59.4540109999999942
 31
0
  0
LINE
  5
669
330
1A
100
AcDbEntity
  8
Edge.Cuts
  6
CONTINUOUS
100
AcDbLine
 10
69.4035769999999985
 20
-59.4540109999999942
 30
0
 11
69.393745999999993
 21
-59.4606619999999992
 31
0
  0
LINE
  5
66A
330
1A
100
AcDbEntity
  8
Edge.Cuts
  6
CONTINUOUS
100
AcDbLine
 10
69.393745999999993
 20
-59.4606619999999992
 30
0
 11
69.3839159999999993
 21
-59.4672269999999941
 31
0
  0
LINE
  5
66B
330
1A
100
AcDbEntity
  8
Edge.Cuts
  6
CONTINUOUS
100
AcDbLine
 10
69.3839159999999993
 20
-59.4672269999999941
 30
0
 11
69.3740859999999913
 21
-59.4737069999999974
 31
0
  0
LINE
  5
66C
330
1A
100
AcDbEntity
  8
Edge.Cuts
  6
CONTINUOUS
100
AcDbLine
 10
69.3740859999999913
 20
-59.4737069999999974
 30
0
 11
69.3642569999999949
 21
-59.4801009999999977
 31
0
  0
LINE
  5
66D
330
1A
100
AcDbEntity
  8
Edge.Cuts
  6
CONTINUOUS
100
AcDbLine
 10
69.3642569999999949
 20
-59.4801009999999977
 30
0
 11
69.3544289999999961
 21
-59.4864099999999993
 31
0
  0
LINE
  5
66E
330
1A
100
AcDbEntity
  8
Edge.Cuts
  6
CONTINUOUS
100
AcDbLine
 10
69.3544289999999961
 20
-59.4864099999999993
 30
0
 11
69.3446009999999973
 21
-59.4926329999999979
 31
0
  0
LINE
  5
66F
330
1A
100
AcDbEntity
  8
Edge.Cuts
  6
CONTINUOUS
100
AcDbLine
 10
69.3446009999999973
 20
-59.4926329999999979
 30
0
 11
69.3347729999999984
 21
-59.4987700000000004
 31
0
  0
LINE
  5
670
330
1A
100
AcDbEntity
  8
Edge.Cuts
  6
CONTINUOUS
100
AcDbLine
 10
69.3347729999999984
 20
-59.4987700000000004
 30
0
 11
69.3249449999999996
 21
-59.5048219999999972
 31
0
  0
LINE
  5
671
330
1A
100
AcDbEntity
  8
Edge.Cuts
  6
CONTINUOUS
100
AcDbLine
 10
69.3249449999999996
 20
-59.5048219999999972
 30
0
 11
69.3151179999999982
 21
-59.5107870000000005
 31
0
  0
LINE
  5
672
330
1A
100
AcDbEntity
  8
Edge.Cuts
  6
CONTINUOUS
100
AcDbLine
 10
69.3151179999999982
 20
-59.5107870000000005
 30
0
 11
69.3052909999999969
 21
-59.5166660000000007
 31
0
  0
LINE
  5
673
330
1A
100
AcDbEntity
  8
Edge.Cuts
  6
CONTINUOUS
100
AcDbLine
 10
69.3052909999999969
 20
-59.5166660000000007
 30
0
 11
69.2954639999999955
 21
-59.5224589999999978
 31
0
  0
LINE
  5
674
330
1A
100
AcDbEntity
  8
Edge.Cuts
  6
CONTINUOUS
100
AcDbLine
 10
69.2954639999999955
 20
-59.5224589999999978
 30
0
 11
69.2856369999999941
 21
-59.5281659999999988
 31
0
  0
LINE
  5
675
330
1A
100
AcDbEntity
  8
Edge.Cuts
  6
CONTINUOUS
100
AcDbLine
 10
69.2856369999999941
 20
-59.5281659999999988
 30
0
 11
69.2758109999999903
 21
-59.5337859999999992
 31
0
  0
LINE
  5
676
330
1A
100
AcDbEntity
  8
Edge.Cuts
  6
CONTINUOUS
100
AcDbLine
 10
69.2758109999999903
 20
-59.5337859999999992
 30
0
 11
69.2659840000000031
 21
-59.539318999999999
 31
0
  0
LINE
  5
677
330
1A
100
AcDbEntity
  8
Edge.Cuts
  6
CONTINUOUS
100
AcDbLine
 10
69.2659840000000031
 20
-59.539318999999999
 30
0
 11
69.2561570000000017
 21
-59.5447659999999956
 31
0
  0
LINE
  5
678
330
1A
100
AcDbEntity
  8
Edge.Cuts
  6
CONTINUOUS
100
AcDbLine
 10
69.2561570000000017
 20
-59.5447659999999956
 30
0
 11
69.2463300000000004
 21
-59.5501259999999988
 31
0
  0
LINE
  5
679
330
1A
100
AcDbEntity
  8
Edge.Cuts
  6
CONTINUOUS
100
AcDbLine
 10
69.2463300000000004
 20
-59.5501259999999988
 30
0
 11
69.236502999999999
 21
-59.5553989999999942
 31
0
  0
LINE
  5
67A
330
1A
100
AcDbEntity
  8
Edge.Cuts
  6
CONTINUOUS
100
AcDbLine
 10
69.236502999999999
 20
-59.5553989999999942
 30
0
 11
69.2266750000000002
 21
-59.5605849999999961
 31
0
  0
LINE
  5
67B
330
1A
100
AcDbEntity
  8
Edge.Cuts
  6
CONTINUOUS
100
AcDbLine
 10
69.2266750000000002
 20
-59.5605849999999961
 30
0
 11
69.2168479999999988
 21
-59.5656839999999974
 31
0
  0
LINE
  5
67C
330
1A
100
AcDbEntity
  8
Edge.Cuts
  6
CONTINUOUS
100
AcDbLine
 10
69.2168479999999988
 20
-59.5656839999999974
 30
0
 11
69.20702
 21
-59.5706959999999981
 31
0
  0
LINE
  5
67D
330
1A
100
AcDbEntity
  8
Edge.Cuts
  6
CONTINUOUS
100
AcDbLine
 10
69.20702
 20
-59.5706959999999981
 30
0
 11
69.1971920000000011
 21
-59.5756209999999982
 31
0
  0
LINE
  5
67E
330
1A
100
AcDbEntity
  8
Edge.Cuts
  6
CONTINUOUS
100
AcDbLine
 10
69.1971920000000011
 20
-59.5756209999999982
 30
0
 11
69.1873629999999906
 21
-59.5804580000000001
 31
0
  0
LINE
  5
67F
330
1A
100
AcDbEntity
  8
Edge.Cuts
  6
CONTINUOUS
100
AcDbLine
 10
69.1873629999999906
 20
-59.5804580000000001
 30
0
 11
69.1775339999999943
 21
-59.5852069999999969
 31
0
  0
LINE
  5
680
330
1A
100
AcDbEntity
  8
Edge.Cuts
  6
CONTINUOUS
100
AcDbLine
 10
69.1775339999999943
 20
-59.5852069999999969
 30
0
 11
69.1677040000000005
 21
-59.5898690000000002
 31
0
  0
LINE
  5
681
330
1A
100
AcDbEntity
  8
Edge.Cuts
  6
CONTINUOUS
100
AcDbLine
 10
69.1677040000000005
 20
-59.5898690000000002
 30
0
 11
69.1578739999999925
 21
-59.5944429999999983
 31
0
  0
LINE
  5
682
330
1A
100
AcDbEntity
  8
Edge.Cuts
  6
CONTINUOUS
100
AcDbLine
 10
69.1578739999999925
 20
-59.5944429999999983
 30
0
 11
69.1529579999999982
 21
-59.5966969999999989
 31
0
  0
LINE
  5
683
330
1A
100
AcDbEntity
  8
Edge.Cuts
  6
CONTINUOUS
100
AcDbLine
 10
69.1529579999999982
 20
-59.5966969999999989
 30
0
 11
69.1480430000000013
 21
-59.5989289999999983
 31
0
  0
LINE
  5
684
330
1A
100
AcDbEntity
  8
Edge.Cuts
  6
CONTINUOUS
100
AcDbLine
 10
69.1480430000000013
 20
-59.5989289999999983
 30
0
 11
69.1431269999999927
 21
-59.6011389999999963
 31
0
  0
LINE
  5
685
330
1A
100
AcDbEntity
  8
Edge.Cuts
  6
CONTINUOUS
100
AcDbLine
 10
69.1431269999999927
 20
-59.6011389999999963
 30
0
 11
69.1382109999999983
 21
-59.6033270000000002
 31
0
  0
LINE
  5
686
330
1A
100
AcDbEntity
  8
Edge.Cuts
  6
CONTINUOUS
100
AcDbLine
 10
69.1382109999999983
 20
-59.6033270000000002
 30
0
 11
69.1332950000000039
 21
-59.6054929999999956
 31
0
  0
LINE
  5
687
330
1A
100
AcDbEntity
  8
Edge.Cuts
  6
CONTINUOUS
100
AcDbLine
 10
69.1332950000000039
 20
-59.6054929999999956
 30
0
 11
69.1283789999999954
 21
-59.6076369999999969
 31
0
  0
LINE
  5
688
330
1A
100
AcDbEntity
  8
Edge.Cuts
  6
CONTINUOUS
100
AcDbLine
 10
69.1283789999999954
 20
-59.6076369999999969
 30
0
 11
69.1234620000000035
 21
-59.6097589999999968
 31
0
  0
LINE
  5
689
330
1A
100
AcDbEntity
  8
Edge.Cuts
  6
CONTINUOUS
100
AcDbLine
 10
69.1234620000000035
 20
-59.6097589999999968
 30
0
 11
69.1185459999999949
 21
-59.611857999999998
 31
0
  0
LINE
  5
68A
330
1A
100
AcDbEntity
  8
Edge.Cuts
  6
CONTINUOUS
100
AcDbLine
 10
69.1185459999999949
 20
-59.611857999999998
 30
0
 11
69.1136290000000031
 21
-59.6139359999999954
 31
0
  0
LINE
  5
68B
330
1A
100
AcDbEntity
  8
Edge.Cuts
  6
CONTINUOUS
100
AcDbLine
 10
69.1136290000000031
 20
-59.6139359999999954
 30
0
 11
69.108711999999997
 21
-59.6159919999999985
 31
0
  0
LINE
  5
68C
330
1A
100
AcDbEntity
  8
Edge.Cuts
  6
CONTINUOUS
100
AcDbLine
 10
69.108711999999997
 20
-59.6159919999999985
 30
0
 11
69.1037939999999935
 21
-59.6180249999999958
 31
0
  0
LINE
  5
68D
330
1A
100
AcDbEntity
  8
Edge.Cuts
  6
CONTINUOUS
100
AcDbLine
 10
69.1037939999999935
 20
-59.6180249999999958
 30
0
 11
69.0988770000000017
 21
-59.6200369999999964
 31
0
  0
LINE
  5
68E
330
1A
100
AcDbEntity
  8
Edge.Cuts
  6
CONTINUOUS
100
AcDbLine
 10
69.0988770000000017
 20
-59.6200369999999964
 30
0
 11
69.0939589999999981
 21
-59.6220259999999982
 31
0
  0
LINE
  5
68F
330
1A
100
AcDbEntity
  8
Edge.Cuts
  6
CONTINUOUS
100
AcDbLine
 10
69.0939589999999981
 20
-59.6220259999999982
 30
0
 11
69.0890409999999946
 21
-59.6239929999999987
 31
0
  0
LINE
  5
690
330
1A
100
AcDbEntity
  8
Edge.Cuts
  6
CONTINUOUS
100
AcDbLine
 10
69.0890409999999946
 20
-59.6239929999999987
 30
0
 11
69.0841229999999911
 21
-59.6259379999999979
 31
0
  0
LINE
  5
691
330
1A
100
AcDbEntity
  8
Edge.Cuts
  6
CONTINUOUS
100
AcDbLine
 10
69.0841229999999911
 20
-59.6259379999999979
 30
0
 11
69.0792039999999901
 21
-59.6278609999999958
 31
0
  0
LINE
  5
692
330
1A
100
AcDbEntity
  8
Edge.Cuts
  6
CONTINUOUS
100
AcDbLine
 10
69.0792039999999901
 20
-59.6278609999999958
 30
0
 11
69.0742860000000007
 21
-59.6297609999999949
 31
0
  0
LINE
  5
693
330
1A
100
AcDbEntity
  8
Edge.Cuts
  6
CONTINUOUS
100
AcDbLine
 10
69.0742860000000007
 20
-59.6297609999999949
 30
0
 11
69.0693669999999997
 21
-59.6316399999999973
 31
0
  0
LINE
  5
694
330
1A
100
AcDbEntity
  8
Edge.Cuts
  6
CONTINUOUS
100
AcDbLine
 10
69.0693669999999997
 20
-59.6316399999999973
 30
0
 11
69.0644470000000013
 21
-59.6334959999999938
 31
0
  0
LINE
  5
695
330
1A
100
AcDbEntity
  8
Edge.Cuts
  6
CONTINUOUS
100
AcDbLine
 10
69.0644470000000013
 20
-59.6334959999999938
 30
0
 11
69.0595280000000002
 21
-59.6353299999999962
 31
0
  0
LINE
  5
696
330
1A
100
AcDbEntity
  8
Edge.Cuts
  6
CONTINUOUS
100
AcDbLine
 10
69.0595280000000002
 20
-59.6353299999999962
 30
0
 11
69.0546080000000018
 21
-59.6371419999999972
 31
0
  0
LINE
  5
697
330
1A
100
AcDbEntity
  8
Edge.Cuts
  6
CONTINUOUS
100
AcDbLine
 10
69.0546080000000018
 20
-59.6371419999999972
 30
0
 11
69.0496880000000033
 21
-59.6389309999999995
 31
0
  0
LINE
  5
698
330
1A
100
AcDbEntity
  8
Edge.Cuts
  6
CONTINUOUS
100
AcDbLine
 10
69.0496880000000033
 20
-59.6389309999999995
 30
0
 11
69.0447669999999931
 21
-59.6406980000000004
 31
0
  0
LINE
  5
699
330
1A
100
AcDbEntity
  8
Edge.Cuts
  6
CONTINUOUS
100
AcDbLine
 10
69.0447669999999931
 20
-59.6406980000000004
 30
0
 11
69.0398469999999946
 21
-59.6424430000000001
 31
0
  0
LINE
  5
69A
330
1A
100
AcDbEntity
  8
Edge.Cuts
  6
CONTINUOUS
100
AcDbLine
 10
69.0398469999999946
 20
-59.6424430000000001
 30
0
 11
69.0349250000000012
 21
-59.6441649999999939
 31
0
  0
LINE
  5
69B
330
1A
100
AcDbEntity
  8
Edge.Cuts
  6
CONTINUOUS
100
AcDbLine
 10
69.0349250000000012
 20
-59.6441649999999939
 30
0
 11
69.030003999999991
 21
-59.6458659999999981
 31
0
  0
LINE
  5
69C
330
1A
100
AcDbEntity
  8
Edge.Cuts
  6
CONTINUOUS
100
AcDbLine
 10
69.030003999999991
 20
-59.6458659999999981
 30
0
 11
69.0250819999999976
 21
-59.6475439999999963
 31
0
  0
LINE
  5
69D
330
1A
100
AcDbEntity
  8
Edge.Cuts
  6
CONTINUOUS
100
AcDbLine
 10
69.0250819999999976
 20
-59.6475439999999963
 30
0
 11
69.02015999999999
 21
-59.6491989999999959
 31
0
  0
LINE
  5
69E
330
1A
100
AcDbEntity
  8
Edge.Cuts
  6
CONTINUOUS
100
AcDbLine
 10
69.02015999999999
 20
-59.6491989999999959
 30
0
 11
69.0152379999999965
 21
-59.6508319999999941
 31
0
  0
LINE
  5
69F
330
1A
100
AcDbEntity
  8
Edge.Cuts
  6
CONTINUOUS
100
AcDbLine
 10
69.0152379999999965
 20
-59.6508319999999941
 30
0
 11
69.0103149999999914
 21
-59.6524429999999981
 31
0
  0
LINE
  5
6A0
330
1A
100
AcDbEntity
  8
Edge.Cuts
  6
CONTINUOUS
100
AcDbLine
 10
69.0103149999999914
 20
-59.6524429999999981
 30
0
 11
69.0053920000000005
 21
-59.6540320000000008
 31
0
  0
LINE
  5
6A1
330
1A
100
AcDbEntity
  8
Edge.Cuts
  6
CONTINUOUS
100
AcDbLine
 10
69.0053920000000005
 20
-59.6540320000000008
 30
0
 11
69.0004689999999954
 21
-59.6555979999999977
 31
0
  0
LINE
  5
6A2
330
1A
100
AcDbEntity
  8
Edge.Cuts
  6
CONTINUOUS
100
AcDbLine
 10
69.0004689999999954
 20
-59.6555979999999977
 30
0
 11
68.9955449999999928
 21
-59.6571409999999958
 31
0
  0
LINE
  5
6A3
330
1A
100
AcDbEntity
  8
Edge.Cuts
  6
CONTINUOUS
100
AcDbLine
 10
68.9955449999999928
 20
-59.6571409999999958
 30
0
 11
68.9906209999999902
 21
-59.6586619999999996
 31
0
  0
LINE
  5
6A4
330
1A
100
AcDbEntity
  8
Edge.Cuts
  6
CONTINUOUS
100
AcDbLine
 10
68.9906209999999902
 20
-59.6586619999999996
 30
0
 11
68.9856970000000018
 21
-59.6601609999999951
 31
0
  0
LINE
  5
6A5
330
1A
100
AcDbEntity
  8
Edge.Cuts
  6
CONTINUOUS
100
AcDbLine
 10
68.9856970000000018
 20
-59.6601609999999951
 30
0
 11
68.9807720000000018
 21
-59.6616379999999964
 31
0
  0
LINE
  5
6A6
330
1A
100
AcDbEntity
  8
Edge.Cuts
  6
CONTINUOUS
100
AcDbLine
 10
68.9807720000000018
 20
-59.6616379999999964
 30
0
 11
68.97584599999999
 21
-59.6630909999999943
 31
0
  0
LINE
  5
6A7
330
1A
100
AcDbEntity
  8
Edge.Cuts
  6
CONTINUOUS
100
AcDbLine
 10
68.97584599999999
 20
-59.6630909999999943
 30
0
 11
68.9709209999999899
 21
-59.6645229999999955
 31
0
  0
LINE
  5
6A8
330
1A
100
AcDbEntity
  8
Edge.Cuts
  6
CONTINUOUS
100
AcDbLine
 10
68.9709209999999899
 20
-59.6645229999999955
 30
0
 11
68.9659949999999924
 21
-59.665931999999998
 31
0
  0
LINE
  5
6A9
330
1A
100
AcDbEntity
  8
Edge.Cuts
  6
CONTINUOUS
100
AcDbLine
 10
68.9659949999999924
 20
-59.665931999999998
 30
0
 11
68.9610679999999974
 21
-59.6673179999999945
 31
0
  0
LINE
  5
6AA
330
1A
100
AcDbEntity
  8
Edge.Cuts
  6
CONTINUOUS
100
AcDbLine
 10
68.9610679999999974
 20
-59.6673179999999945
 30
0
 11
68.9561410000000024
 21
-59.6686819999999969
 31
0
  0
LINE
  5
6AB
330
1A
100
AcDbEntity
  8
Edge.Cuts
  6
CONTINUOUS
100
AcDbLine
 10
68.9561410000000024
 20
-59.6686819999999969
 30
0
 11
68.9512139999999931
 21
-59.6700230000000005
 31
0
  0
LINE
  5
6AC
330
1A
100
AcDbEntity
  8
Edge.Cuts
  6
CONTINUOUS
100
AcDbLine
 10
68.9512139999999931
 20
-59.6700230000000005
 30
0
 11
68.9462860000000006
 21
-59.6713419999999957
 31
0
  0
LINE
  5
6AD
330
1A
100
AcDbEntity
  8
Edge.Cuts
  6
CONTINUOUS
100
AcDbLine
 10
68.9462860000000006
 20
-59.6713419999999957
 30
0
 11
68.9413579999999939
 21
-59.6726379999999992
 31
0
  0
LINE
  5
6AE
330
1A
100
AcDbEntity
  8
Edge.Cuts
  6
CONTINUOUS
100
AcDbLine
 10
68.9413579999999939
 20
-59.6726379999999992
 30
0
 11
68.9364300000000014
 21
-59.6739119999999943
 31
0
  0
LINE
  5
6AF
330
1A
100
AcDbEntity
  8
Edge.Cuts
  6
CONTINUOUS
100
AcDbLine
 10
68.9364300000000014
 20
-59.6739119999999943
 30
0
 11
68.9314999999999998
 21
-59.6751629999999977
 31
0
  0
LINE
  5
6B0
330
1A
100
AcDbEntity
  8
Edge.Cuts
  6
CONTINUOUS
100
AcDbLine
 10
68.9314999999999998
 20
-59.6751629999999977
 30
0
 11
68.9265709999999956
 21
-59.6763909999999953
 31
0
  0
LINE
  5
6B1
330
1A
100
AcDbEntity
  8
Edge.Cuts
  6
CONTINUOUS
100
AcDbLine
 10
68.9265709999999956
 20
-59.6763909999999953
 30
0
 11
68.9216409999999939
 21
-59.6775969999999987
 31
0
  0
LINE
  5
6B2
330
1A
100
AcDbEntity
  8
Edge.Cuts
  6
CONTINUOUS
100
AcDbLine
 10
68.9216409999999939
 20
-59.6775969999999987
 30
0
 11
68.9167109999999923
 21
-59.6787799999999962
 31
0
  0
LINE
  5
6B3
330
1A
100
AcDbEntity
  8
Edge.Cuts
  6
CONTINUOUS
100
AcDbLine
 10
68.9167109999999923
 20
-59.6787799999999962
 30
0
 11
68.9117799999999932
 21
-59.6799399999999949
 31
0
  0
LINE
  5
6B4
330
1A
100
AcDbEntity
  8
Edge.Cuts
  6
CONTINUOUS
100
AcDbLine
 10
68.9117799999999932
 20
-59.6799399999999949
 30
0
 11
68.9068479999999965
 21
-59.6810779999999994
 31
0
  0
LINE
  5
6B5
330
1A
100
AcDbEntity
  8
Edge.Cuts
  6
CONTINUOUS
100
AcDbLine
 10
68.9068479999999965
 20
-59.6810779999999994
 30
0
 11
68.9019169999999974
 21
-59.6821929999999981
 31
0
  0
LINE
  5
6B6
330
1A
100
AcDbEntity
  8
Edge.Cuts
  6
CONTINUOUS
100
AcDbLine
 10
68.9019169999999974
 20
-59.6821929999999981
 30
0
 11
68.8969840000000033
 21
-59.6832859999999954
 31
0
  0
LINE
  5
6B7
330
1A
100
AcDbEntity
  8
Edge.Cuts
  6
CONTINUOUS
100
AcDbLine
 10
68.8969840000000033
 20
-59.6832859999999954
 30
0
 11
68.892050999999995
 21
-59.684355999999994
 31
0
  0
LINE
  5
6B8
330
1A
100
AcDbEntity
  8
Edge.Cuts
  6
CONTINUOUS
100
AcDbLine
 10
68.892050999999995
 20
-59.684355999999994
 30
0
 11
68.887118000000001
 21
-59.6854029999999938
 31
0
  0
LINE
  5
6B9
330
1A
100
AcDbEntity
  8
Edge.Cuts
  6
CONTINUOUS
100
AcDbLine
 10
68.887118000000001
 20
-59.6854029999999938
 30
0
 11
68.8821839999999952
 21
-59.6864269999999948
 31
0
  0
LINE
  5
6BA
330
1A
100
AcDbEntity
  8
Edge.Cuts
  6
CONTINUOUS
100
AcDbLine
 10
68.8821839999999952
 20
-59.6864269999999948
 30
0
 11
68.8772500000000036
 21
-59.6874289999999945
 31
0
  0
LINE
  5
6BB
330
1A
100
AcDbEntity
  8
Edge.Cuts
  6
CONTINUOUS
100
AcDbLine
 10
68.8772500000000036
 20
-59.6874289999999945
 30
0
 11
68.8723150000000004
 21
-59.6884079999999955
 31
0
  0
LINE
  5
6BC
330
1A
100
AcDbEntity
  8
Edge.Cuts
  6
CONTINUOUS
100
AcDbLine
 10
68.8723150000000004
 20
-59.6884079999999955
 30
0
 11
68.8673799999999972
 21
-59.6893639999999976
 31
0
  0
LINE
  5
6BD
330
1A
100
AcDbEntity
  8
Edge.Cuts
  6
CONTINUOUS
100
AcDbLine
 10
68.8673799999999972
 20
-59.6893639999999976
 30
0
 11
68.8624439999999964
 21
-59.6902969999999939
 31
0
  0
LINE
  5
6BE
330
1A
100
AcDbEntity
  8
Edge.Cuts
  6
CONTINUOUS
100
AcDbLine
 10
68.8624439999999964
 20
-59.6902969999999939
 30
0
 11
68.8575069999999982
 21
-59.6912069999999986
 31
0
  0
LINE
  5
6BF
330
1A
100
AcDbEntity
  8
Edge.Cuts
  6
CONTINUOUS
100
AcDbLine
 10
68.8575069999999982
 20
-59.6912069999999986
 30
0
 11
68.8525700000000001
 21
-59.6920949999999948
 31
0
  0
LINE
  5
6C0
330
1A
100
AcDbEntity
  8
Edge.Cuts
  6
CONTINUOUS
100
AcDbLine
 10
68.8525700000000001
 20
-59.6920949999999948
 30
0
 11
68.8476330000000019
 21
-59.6929599999999994
 31
0
  0
LINE
  5
6C1
330
1A
100
AcDbEntity
  8
Edge.Cuts
  6
CONTINUOUS
100
AcDbLine
 10
68.8476330000000019
 20
-59.6929599999999994
 30
0
 11
68.842694999999992
 21
-59.693801999999998
 31
0
  0
LINE
  5
6C2
330
1A
100
AcDbEntity
  8
Edge.Cuts
  6
CONTINUOUS
100
AcDbLine
 10
68.842694999999992
 20
-59.693801999999998
 30
0
 11
68.8377559999999988
 21
-59.6946209999999979
 31
0
  0
LINE
  5
6C3
330
1A
100
AcDbEntity
  8
Edge.Cuts
  6
CONTINUOUS
100
AcDbLine
 10
68.8377559999999988
 20
-59.6946209999999979
 30
0
 11
68.8328169999999915
 21
-59.6954169999999991
 31
0
  0
LINE
  5
6C4
330
1A
100
AcDbEntity
  8
Edge.Cuts
  6
CONTINUOUS
100
AcDbLine
 10
68.8328169999999915
 20
-59.6954169999999991
 30
0
 11
68.8278770000000009
 21
-59.6961909999999989
 31
0
  0
LINE
  5
6C5
330
1A
100
AcDbEntity
  8
Edge.Cuts
  6
CONTINUOUS
100
AcDbLine
 10
68.8278770000000009
 20
-59.6961909999999989
 30
0
 11
68.8229359999999986
 21
-59.6969409999999954
 31
0
  0
LINE
  5
6C6
330
1A
100
AcDbEntity
  8
Edge.Cuts
  6
CONTINUOUS
100
AcDbLine
 10
68.8229359999999986
 20
-59.6969409999999954
 30
0
 11
68.8179949999999963
 21
-59.6976689999999977
 31
0
  0
LINE
  5
6C7
330
1A
100
AcDbEntity
  8
Edge.Cuts
  6
CONTINUOUS
100
AcDbLine
 10
68.8179949999999963
 20
-59.6976689999999977
 30
0
 11
68.8130539999999939
 21
-59.6983739999999941
 31
0
  0
LINE
  5
6C8
330
1A
100
AcDbEntity
  8
Edge.Cuts
  6
CONTINUOUS
100
AcDbLine
 10
68.8130539999999939
 20
-59.6983739999999941
 30
0
 11
68.8081109999999967
 21
-59.6990549999999942
 31
0
  0
LINE
  5
6C9
330
1A
100
AcDbEntity
  8
Edge.Cuts
  6
CONTINUOUS
100
AcDbLine
 10
68.8081109999999967
 20
-59.6990549999999942
 30
0
 11
68.8031689999999969
 21
-59.6997140000000002
 31
0
  0
LINE
  5
6CA
330
1A
100
AcDbEntity
  8
Edge.Cuts
  6
CONTINUOUS
100
AcDbLine
 10
68.8031689999999969
 20
-59.6997140000000002
 30
0
 11
68.7982250000000022
 21
-59.7003500000000003
 31
0
  0
LINE
  5
6CB
330
1A
100
AcDbEntity
  8
Edge.Cuts
  6
CONTINUOUS
100
AcDbLine
 10
68.7982250000000022
 20
-59.7003500000000003
 30
0
 11
68.7932809999999932
 21
-59.7009629999999945
 31
0
  0
LINE
  5
6CC
330
1A
100
AcDbEntity
  8
Edge.Cuts
  6
CONTINUOUS
100
AcDbLine
 10
68.7932809999999932
 20
-59.7009629999999945
 30
0
 11
68.788336000000001
 21
-59.701552999999997
 31
0
  0
LINE
  5
6CD
330
1A
100
AcDbEntity
  8
Edge.Cuts
  6
CONTINUOUS
100
AcDbLine
 10
68.788336000000001
 20
-59.701552999999997
 30
0
 11
68.7833909999999946
 21
-59.7021200000000007
 31
0
  0
LINE
  5
6CE
330
1A
100
AcDbEntity
  8
Edge.Cuts
  6
CONTINUOUS
100
AcDbLine
 10
68.7833909999999946
 20
-59.7021200000000007
 30
0
 11
68.7784449999999907
 21
-59.7026639999999986
 31
0
  0
LINE
  5
6CF
330
1A
100
AcDbEntity
  8
Edge.Cuts
  6
CONTINUOUS
100
AcDbLine
 10
68.7784449999999907
 20
-59.7026639999999986
 30
0
 11
68.7734980000000036
 21
-59.7031840000000003
 31
0
  0
LINE
  5
6D0
330
1A
100
AcDbEntity
  8
Edge.Cuts
  6
CONTINUOUS
100
AcDbLine
 10
68.7734980000000036
 20
-59.7031840000000003
 30
0
 11
68.7685510000000022
 21
-59.7036820000000006
 31
0
  0
LINE
  5
6D1
330
1A
100
AcDbEntity
  8
Edge.Cuts
  6
CONTINUOUS
100
AcDbLine
 10
68.7685510000000022
 20
-59.7036820000000006
 30
0
 11
68.7636030000000034
 21
-59.704156999999995
 31
0
  0
LINE
  5
6D2
330
1A
100
AcDbEntity
  8
Edge.Cuts
  6
CONTINUOUS
100
AcDbLine
 10
68.7636030000000034
 20
-59.704156999999995
 30
0
 11
68.7586549999999903
 21
-59.7046089999999978
 31
0
  0
LINE
  5
6D3
330
1A
100
AcDbEntity
  8
Edge.Cuts
  6
CONTINUOUS
100
AcDbLine
 10
68.7586549999999903
 20
-59.7046089999999978
 30
0
 11
68.7537049999999965
 21
-59.7050369999999972
 31
0
  0
LINE
  5
6D4
330
1A
100
AcDbEntity
  8
Edge.Cuts
  6
CONTINUOUS
100
AcDbLine
 10
68.7537049999999965
 20
-59.7050369999999972
 30
0
 11
68.7487550000000027
 21
-59.7054429999999954
 31
0
  0
LINE
  5
6D5
330
1A
100
AcDbEntity
  8
Edge.Cuts
  6
CONTINUOUS
100
AcDbLine
 10
68.7487550000000027
 20
-59.7054429999999954
 30
0
 11
68.7438049999999947
 21
-59.7058249999999973
 31
0
  0
LINE
  5
6D6
330
1A
100
AcDbEntity
  8
Edge.Cuts
  6
CONTINUOUS
100
AcDbLine
 10
68.7438049999999947
 20
-59.7058249999999973
 30
0
 11
68.7388529999999918
 21
-59.7061840000000004
 31
0
  0
LINE
  5
6D7
330
1A
100
AcDbEntity
  8
Edge.Cuts
  6
CONTINUOUS
100
AcDbLine
 10
68.7388529999999918
 20
-59.7061840000000004
 30
0
 11
68.733901000000003
 21
-59.7065199999999976
 31
0
  0
LINE
  5
6D8
330
1A
100
AcDbEntity
  8
Edge.Cuts
  6
CONTINUOUS
100
AcDbLine
 10
68.733901000000003
 20
-59.7065199999999976
 30
0
 11
68.7289480000000026
 21
-59.706832999999996
 31
0
  0
LINE
  5
6D9
330
1A
100
AcDbEntity
  8
Edge.Cuts
  6
CONTINUOUS
100
AcDbLine
 10
68.7289480000000026
 20
-59.706832999999996
 30
0
 11
68.7239950000000022
 21
-59.7071229999999957
 31
0
  0
LINE
  5
6DA
330
1A
100
AcDbEntity
  8
Edge.Cuts
  6
CONTINUOUS
100
AcDbLine
 10
68.7239950000000022
 20
-59.7071229999999957
 30
0
 11
68.71904099999999
 21
-59.7073899999999966
 31
0
  0
LINE
  5
6DB
330
1A
100
AcDbEntity
  8
Edge.Cuts
  6
CONTINUOUS
100
AcDbLine
 10
68.71904099999999
 20
-59.7073899999999966
 30
0
 11
68.7140859999999947
 21
-59.7076329999999942
 31
0
  0
LINE
  5
6DC
330
1A
100
AcDbEntity
  8
Edge.Cuts
  6
CONTINUOUS
100
AcDbLine
 10
68.7140859999999947
 20
-59.7076329999999942
 30
0
 11
68.7091300000000018
 21
-59.7078530000000001
 31
0
  0
LINE
  5
6DD
330
1A
100
AcDbEntity
  8
Edge.Cuts
  6
CONTINUOUS
100
AcDbLine
 10
68.7091300000000018
 20
-59.7078530000000001
 30
0
 11
68.7041739999999947
 21
-59.7080500000000001
 31
0
  0
LINE
  5
6DE
330
1A
100
AcDbEntity
  8
Edge.Cuts
  6
CONTINUOUS
100
AcDbLine
 10
68.7041739999999947
 20
-59.7080500000000001
 30
0
 11
68.6992169999999902
 21
-59.7082239999999942
 31
0
  0
LINE
  5
6DF
330
1A
100
AcDbEntity
  8
Edge.Cuts
  6
CONTINUOUS
100
AcDbLine
 10
68.6992169999999902
 20
-59.7082239999999942
 30
0
 11
68.6942590000000024
 21
-59.7083749999999966
 31
0
  0
LINE
  5
6E0
330
1A
100
AcDbEntity
  8
Edge.Cuts
  6
CONTINUOUS
100
AcDbLine
 10
68.6942590000000024
 20
-59.7083749999999966
 30
0
 11
68.6893000000000029
 21
-59.7085019999999957
 31
0
  0
LINE
  5
6E1
330
1A
100
AcDbEntity
  8
Edge.Cuts
  6
CONTINUOUS
100
AcDbLine
 10
68.6893000000000029
 20
-59.7085019999999957
 30
0
 11
68.6843410000000034
 21
-59.7086059999999961
 31
0
  0
LINE
  5
6E2
330
1A
100
AcDbEntity
  8
Edge.Cuts
  6
CONTINUOUS
100
AcDbLine
 10
68.6843410000000034
 20
-59.7086059999999961
 30
0
 11
68.6793809999999922
 21
-59.7086860000000001
 31
0
  0
LINE
  5
6E3
330
1A
100
AcDbEntity
  8
Edge.Cuts
  6
CONTINUOUS
100
AcDbLine
 10
68.6793809999999922
 20
-59.7086860000000001
 30
0
 11
68.6744199999999978
 21
-59.7087439999999958
 31
0
  0
LINE
  5
6E4
330
1A
100
AcDbEntity
  8
Edge.Cuts
  6
CONTINUOUS
100
AcDbLine
 10
68.6744199999999978
 20
-59.7087439999999958
 30
0
 11
68.6694579999999917
 21
-59.7087779999999952
 31
0
  0
LINE
  5
6E5
330
1A
100
AcDbEntity
  8
Edge.Cuts
  6
CONTINUOUS
100
AcDbLine
 10
68.6694579999999917
 20
-59.7087779999999952
 30
0
 11
68.6644950000000023
 21
-59.7087879999999984
 31
0
  0
LINE
  5
6E6
330
1A
100
AcDbEntity
  8
Edge.Cuts
  6
CONTINUOUS
100
AcDbLine
 10
68.6644950000000023
 20
-59.7087879999999984
 30
0
 11
68.6595319999999987
 21
-59.7087760000000003
 31
0
  0
LINE
  5
6E7
330
1A
100
AcDbEntity
  8
Edge.Cuts
  6
CONTINUOUS
100
AcDbLine
 10
68.6595319999999987
 20
-59.7087760000000003
 30
0
 11
68.6545679999999976
 21
-59.7087399999999988
 31
0
  0
LINE
  5
6E8
330
1A
100
AcDbEntity
  8
Edge.Cuts
  6
CONTINUOUS
100
AcDbLine
 10
68.6545679999999976
 20
-59.7087399999999988
 30
0
 11
68.649602999999999
 21
-59.708679999999994
 31
0
  0
LINE
  5
6E9
330
1A
100
AcDbEntity
  8
Edge.Cuts
  6
CONTINUOUS
100
AcDbLine
 10
68.649602999999999
 20
-59.708679999999994
 30
0
 11
68.644637000000003
 21
-59.708597999999995
 31
0
  0
LINE
  5
6EA
330
1A
100
AcDbEntity
  8
Edge.Cuts
  6
CONTINUOUS
100
AcDbLine
 10
68.644637000000003
 20
-59.708597999999995
 30
0
 11
68.6396709999999928
 21
-59.7084909999999951
 31
0
  0
LINE
  5
6EB
330
1A
100
AcDbEntity
  8
Edge.Cuts
  6
CONTINUOUS
100
AcDbLine
 10
68.6396709999999928
 20
-59.7084909999999951
 30
0
 11
68.6347030000000018
 21
-59.7083619999999939
 31
0
  0
LINE
  5
6EC
330
1A
100
AcDbEntity
  8
Edge.Cuts
  6
CONTINUOUS
100
AcDbLine
 10
68.6347030000000018
 20
-59.7083619999999939
 30
0
 11
68.6297349999999966
 21
-59.7082089999999965
 31
0
  0
LINE
  5
6ED
330
1A
100
AcDbEntity
  8
Edge.Cuts
  6
CONTINUOUS
100
AcDbLine
 10
68.6297349999999966
 20
-59.7082089999999965
 30
0
 11
68.6247659999999939
 21
-59.7080319999999958
 31
0
  0
LINE
  5
6EE
330
1A
100
AcDbEntity
  8
Edge.Cuts
  6
CONTINUOUS
100
AcDbLine
 10
68.6247659999999939
 20
-59.7080319999999958
 30
0
 11
68.6197959999999938
 21
-59.7078319999999962
 31
0
  0
LINE
  5
6EF
330
1A
100
AcDbEntity
  8
Edge.Cuts
  6
CONTINUOUS
100
AcDbLine
 10
68.6197959999999938
 20
-59.7078319999999962
 30
0
 11
68.6148249999999962
 21
-59.7076089999999979
 31
0
  0
LINE
  5
6F0
330
1A
100
AcDbEntity
  8
Edge.Cuts
  6
CONTINUOUS
100
AcDbLine
 10
68.6148249999999962
 20
-59.7076089999999979
 30
0
 11
68.6098539999999986
 21
-59.7073619999999963
 31
0
  0
LINE
  5
6F1
330
1A
100
AcDbEntity
  8
Edge.Cuts
  6
CONTINUOUS
100
AcDbLine
 10
68.6098539999999986
 20
-59.7073619999999963
 30
0
 11
68.6048809999999918
 21
-59.7070919999999958
 31
0
  0
LINE
  5
6F2
330
1A
100
AcDbEntity
  8
Edge.Cuts
  6
CONTINUOUS
100
AcDbLine
 10
68.6048809999999918
 20
-59.7070919999999958
 30
0
 11
68.5999079999999992
 21
-59.7067979999999991
 31
0
  0
LINE
  5
6F3
330
1A
100
AcDbEntity
  8
Edge.Cuts
  6
CONTINUOUS
100
AcDbLine
 10
68.5999079999999992
 20
-59.7067979999999991
 30
0
 11
68.5949329999999975
 21
-59.7064799999999991
 31
0
  0
LINE
  5
6F4
330
1A
100
AcDbEntity
  8
Edge.Cuts
  6
CONTINUOUS
100
AcDbLine
 10
68.5949329999999975
 20
-59.7064799999999991
 30
0
 11
68.5899579999999958
 21
-59.7061390000000003
 31
0
  0
LINE
  5
6F5
330
1A
100
AcDbEntity
  8
Edge.Cuts
  6
CONTINUOUS
100
AcDbLine
 10
68.5899579999999958
 20
-59.7061390000000003
 30
0
 11
68.5849819999999966
 21
-59.7057749999999956
 31
0
  0
LINE
  5
6F6
330
1A
100
AcDbEntity
  8
Edge.Cuts
  6
CONTINUOUS
100
AcDbLine
 10
68.5849819999999966
 20
-59.7057749999999956
 30
0
 11
68.5800049999999999
 21
-59.7053869999999947
 31
0
  0
LINE
  5
6F7
330
1A
100
AcDbEntity
  8
Edge.Cuts
  6
CONTINUOUS
100
AcDbLine
 10
68.5800049999999999
 20
-59.7053869999999947
 30
0
 11
68.5750269999999915
 21
-59.7049749999999975
 31
0
  0
LINE
  5
6F8
330
1A
100
AcDbEntity
  8
Edge.Cuts
  6
CONTINUOUS
100
AcDbLine
 10
68.5750269999999915
 20
-59.7049749999999975
 30
0
 11
68.5700489999999974
 21
-59.7045399999999944
 31
0
  0
LINE
  5
6F9
330
1A
100
AcDbEntity
  8
Edge.Cuts
  6
CONTINUOUS
100
AcDbLine
 10
68.5700489999999974
 20
-59.7045399999999944
 30
0
 11
68.565068999999994
 21
-59.7040809999999951
 31
0
  0
LINE
  5
6FA
330
1A
100
AcDbEntity
  8
Edge.Cuts
  6
CONTINUOUS
100
AcDbLine
 10
68.565068999999994
 20
-59.7040809999999951
 30
0
 11
68.5600879999999933
 21
-59.703598999999997
 31
0
  0
LINE
  5
6FB
330
1A
100
AcDbEntity
  8
Edge.Cuts
  6
CONTINUOUS
100
AcDbLine
 10
68.5600879999999933
 20
-59.703598999999997
 30
0
 11
68.5551069999999925
 21
-59.7030929999999955
 31
0
  0
LINE
  5
6FC
330
1A
100
AcDbEntity
  8
Edge.Cuts
  6
CONTINUOUS
100
AcDbLine
 10
68.5551069999999925
 20
-59.7030929999999955
 30
0
 11
68.5501239999999967
 21
-59.7025629999999978
 31
0
  0
LINE
  5
6FD
330
1A
100
AcDbEntity
  8
Edge.Cuts
  6
CONTINUOUS
100
AcDbLine
 10
68.5501239999999967
 20
-59.7025629999999978
 30
0
 11
68.545141000000001
 21
-59.7020089999999968
 31
0
  0
LINE
  5
6FE
330
1A
100
AcDbEntity
  8
Edge.Cuts
  6
CONTINUOUS
100
AcDbLine
 10
68.545141000000001
 20
-59.7020089999999968
 30
0
 11
68.5401569999999936
 21
-59.7014319999999969
 31
0
  0
LINE
  5
6FF
330
1A
100
AcDbEntity
  8
Edge.Cuts
  6
CONTINUOUS
100
AcDbLine
 10
68.5401569999999936
 20
-59.7014319999999969
 30
0
 11
68.5351709999999912
 21
-59.7008309999999938
 31
0
  0
LINE
  5
700
330
1A
100
AcDbEntity
  8
Edge.Cuts
  6
CONTINUOUS
100
AcDbLine
 10
68.5351709999999912
 20
-59.7008309999999938
 30
0
 11
68.530185000000003
 21
-59.7002069999999989
 31
0
  0
LINE
  5
701
330
1A
100
AcDbEntity
  8
Edge.Cuts
  6
CONTINUOUS
100
AcDbLine
 10
68.530185000000003
 20
-59.7002069999999989
 30
0
 11
68.5251980000000032
 21
-59.6995590000000007
 31
0
  0
LINE
  5
702
330
1A
100
AcDbEntity
  8
Edge.Cuts
  6
CONTINUOUS
100
AcDbLine
 10
68.5251980000000032
 20
-59.6995590000000007
 30
0
 11
68.5202099999999916
 21
-59.6988869999999991
 31
0
  0
LINE
  5
703
330
1A
100
AcDbEntity
  8
Edge.Cuts
  6
CONTINUOUS
100
AcDbLine
 10
68.5202099999999916
 20
-59.6988869999999991
 30
0
 11
68.5152199999999993
 21
-59.6981909999999942
 31
0
  0
LINE
  5
704
330
1A
100
AcDbEntity
  8
Edge.Cuts
  6
CONTINUOUS
100
AcDbLine
 10
68.5152199999999993
 20
-59.6981909999999942
 30
0
 11
68.5102299999999929
 21
-59.6974719999999976
 31
0
  0
LINE
  5
705
330
1A
100
AcDbEntity
  8
Edge.Cuts
  6
CONTINUOUS
100
AcDbLine
 10
68.5102299999999929
 20
-59.6974719999999976
 30
0
 11
68.5052390000000031
 21
-59.6967289999999977
 31
0
  0
LINE
  5
706
330
1A
100
AcDbEntity
  8
Edge.Cuts
  6
CONTINUOUS
100
AcDbLine
 10
68.5052390000000031
 20
-59.6967289999999977
 30
0
 11
68.5002470000000017
 21
-59.6959619999999944
 31
0
  0
LINE
  5
707
330
1A
100
AcDbEntity
  8
Edge.Cuts
  6
CONTINUOUS
100
AcDbLine
 10
68.5002470000000017
 20
-59.6959619999999944
 30
0
 11
68.4952540000000027
 21
-59.6951709999999949
 31
0
  0
LINE
  5
708
330
1A
100
AcDbEntity
  8
Edge.Cuts
  6
CONTINUOUS
100
AcDbLine
 10
68.4952540000000027
 20
-59.6951709999999949
 30
0
 11
68.4902599999999921
 21
-59.6943559999999991
 31
0
  0
LINE
  5
709
330
1A
100
AcDbEntity
  8
Edge.Cuts
  6
CONTINUOUS
100
AcDbLine
 10
68.4902599999999921
 20
-59.6943559999999991
 30
0
 11
68.4852640000000008
 21
-59.6935179999999974
 31
0
  0
LINE
  5
70A
330
1A
100
AcDbEntity
  8
Edge.Cuts
  6
CONTINUOUS
100
AcDbLine
 10
68.4852640000000008
 20
-59.6935179999999974
 30
0
 11
68.4802679999999953
 21
-59.6926549999999949
 31
0
  0
LINE
  5
70B
330
1A
100
AcDbEntity
  8
Edge.Cuts
  6
CONTINUOUS
100
AcDbLine
 10
68.4802679999999953
 20
-59.6926549999999949
 30
0
 11
68.4752709999999922
 21
-59.6917690000000007
 31
0
  0
LINE
  5
70C
330
1A
100
AcDbEntity
  8
Edge.Cuts
  6
CONTINUOUS
100
AcDbLine
 10
68.4752709999999922
 20
-59.6917690000000007
 30
0
 11
68.4702719999999943
 21
-59.6908589999999961
 31
0
  0
LINE
  5
70D
330
1A
100
AcDbEntity
  8
Edge.Cuts
  6
CONTINUOUS
100
AcDbLine
 10
68.4702719999999943
 20
-59.6908589999999961
 30
0
 11
68.4652729999999963
 21
-59.6899249999999952
 31
0
  0
LINE
  5
70E
330
1A
100
AcDbEntity
  8
Edge.Cuts
  6
CONTINUOUS
100
AcDbLine
 10
68.4652729999999963
 20
-59.6899249999999952
 30
0
 11
68.4602730000000008
 21
-59.6889679999999956
 31
0
  0
LINE
  5
70F
330
1A
100
AcDbEntity
  8
Edge.Cuts
  6
CONTINUOUS
100
AcDbLine
 10
68.4602730000000008
 20
-59.6889679999999956
 30
0
 11
68.4552709999999962
 21
-59.6879859999999951
 31
0
  0
LINE
  5
710
330
1A
100
AcDbEntity
  8
Edge.Cuts
  6
CONTINUOUS
100
AcDbLine
 10
68.4552709999999962
 20
-59.6879859999999951
 30
0
 11
68.4502689999999916
 21
-59.6869799999999984
 31
0
  0
LINE
  5
711
330
1A
100
AcDbEntity
  8
Edge.Cuts
  6
CONTINUOUS
100
AcDbLine
 10
68.4502689999999916
 20
-59.6869799999999984
 30
0
 11
68.445264999999992
 21
-59.6859509999999958
 31
0
  0
LINE
  5
712
330
1A
100
AcDbEntity
  8
Edge.Cuts
  6
CONTINUOUS
100
AcDbLine
 10
68.445264999999992
 20
-59.6859509999999958
 30
0
 11
68.440259999999995
 21
-59.6848969999999994
 31
0
  0
LINE
  5
713
330
1A
100
AcDbEntity
  8
Edge.Cuts
  6
CONTINUOUS
100
AcDbLine
 10
68.440259999999995
 20
-59.6848969999999994
 30
0
 11
68.4352549999999979
 21
-59.6838199999999972
 31
0
  0
LINE
  5
714
330
1A
100
AcDbEntity
  8
Edge.Cuts
  6
CONTINUOUS
100
AcDbLine
 10
68.4352549999999979
 20
-59.6838199999999972
 30
0
 11
68.4302479999999917
 21
-59.6827179999999942
 31
0
  0
LINE
  5
715
330
1A
100
AcDbEntity
  8
Edge.Cuts
  6
CONTINUOUS
100
AcDbLine
 10
68.4302479999999917
 20
-59.6827179999999942
 30
0
 11
68.4252400000000023
 21
-59.6815929999999994
 31
0
  0
LINE
  5
716
330
1A
100
AcDbEntity
  8
Edge.Cuts
  6
CONTINUOUS
100
AcDbLine
 10
68.4252400000000023
 20
-59.6815929999999994
 30
0
 11
68.4202310000000011
 21
-59.6804429999999968
 31
0
  0
LINE
  5
717
330
1A
100
AcDbEntity
  8
Edge.Cuts
  6
CONTINUOUS
100
AcDbLine
 10
68.4202310000000011
 20
-59.6804429999999968
 30
0
 11
68.4152210000000025
 21
-59.6792699999999954
 31
0
  0
LINE
  5
718
330
1A
100
AcDbEntity
  8
Edge.Cuts
  6
CONTINUOUS
100
AcDbLine
 10
68.4152210000000025
 20
-59.6792699999999954
 30
0
 11
68.4102089999999947
 21
-59.6780729999999977
 31
0
  0
LINE
  5
719
330
1A
100
AcDbEntity
  8
Edge.Cuts
  6
CONTINUOUS
100
AcDbLine
 10
68.4102089999999947
 20
-59.6780729999999977
 30
0
 11
68.4051970000000011
 21
-59.6768509999999992
 31
0
  0
LINE
  5
71A
330
1A
100
AcDbEntity
  8
Edge.Cuts
  6
CONTINUOUS
100
AcDbLine
 10
68.4051970000000011
 20
-59.6768509999999992
 30
0
 11
68.4001829999999984
 21
-59.6756049999999973
 31
0
  0
LINE
  5
71B
330
1A
100
AcDbEntity
  8
Edge.Cuts
  6
CONTINUOUS
100
AcDbLine
 10
68.4001829999999984
 20
-59.6756049999999973
 30
0
 11
68.3951689999999957
 21
-59.6743359999999967
 31
0
  0
LINE
  5
71C
330
1A
100
AcDbEntity
  8
Edge.Cuts
  6
CONTINUOUS
100
AcDbLine
 10
68.3951689999999957
 20
-59.6743359999999967
 30
0
 11
68.390152999999998
 21
-59.6730419999999953
 31
0
  0
LINE
  5
71D
330
1A
100
AcDbEntity
  8
Edge.Cuts
  6
CONTINUOUS
100
AcDbLine
 10
68.390152999999998
 20
-59.6730419999999953
 30
0
 11
68.3851360000000028
 21
-59.6717239999999975
 31
0
  0
LINE
  5
71E
330
1A
100
AcDbEntity
  8
Edge.Cuts
  6
CONTINUOUS
100
AcDbLine
 10
68.3851360000000028
 20
-59.6717239999999975
 30
0
 11
68.380117999999996
 21
-59.6703819999999965
 31
0
  0
LINE
  5
71F
330
1A
100
AcDbEntity
  8
Edge.Cuts
  6
CONTINUOUS
100
AcDbLine
 10
68.380117999999996
 20
-59.6703819999999965
 30
0
 11
68.3750979999999942
 21
-59.6690159999999992
 31
0
  0
LINE
  5
720
330
1A
100
AcDbEntity
  8
Edge.Cuts
  6
CONTINUOUS
100
AcDbLine
 10
68.3750979999999942
 20
-59.6690159999999992
 30
0
 11
68.3700779999999924
 21
-59.6676259999999985
 31
0
  0
LINE
  5
721
330
1A
100
AcDbEntity
  8
Edge.Cuts
  6
CONTINUOUS
100
AcDbLine
 10
68.3700779999999924
 20
-59.6676259999999985
 30
0
 11
68.3650559999999956
 21
-59.666210999999997
 31
0
  0
LINE
  5
722
330
1A
100
AcDbEntity
  8
Edge.Cuts
  6
CONTINUOUS
100
AcDbLine
 10
68.3650559999999956
 20
-59.666210999999997
 30
0
 11
68.3600339999999989
 21
-59.6647729999999967
 31
0
  0
LINE
  5
723
330
1A
100
AcDbEntity
  8
Edge.Cuts
  6
CONTINUOUS
100
AcDbLine
 10
68.3600339999999989
 20
-59.6647729999999967
 30
0
 11
68.3550099999999929
 21
-59.6633099999999956
 31
0
  0
LINE
  5
724
330
1A
100
AcDbEntity
  8
Edge.Cuts
  6
CONTINUOUS
100
AcDbLine
 10
68.3550099999999929
 20
-59.6633099999999956
 30
0
 11
68.3499839999999921
 21
-59.6618229999999983
 31
0
  0
LINE
  5
725
330
1A
100
AcDbEntity
  8
Edge.Cuts
  6
CONTINUOUS
100
AcDbLine
 10
68.3499839999999921
 20
-59.6618229999999983
 30
0
 11
68.3449579999999912
 21
-59.6603119999999976
 31
0
  0
LINE
  5
726
330
1A
100
AcDbEntity
  8
Edge.Cuts
  6
CONTINUOUS
100
AcDbLine
 10
68.3449579999999912
 20
-59.6603119999999976
 30
0
 11
68.3399299999999954
 21
-59.658775999999996
 31
0
  0
LINE
  5
727
330
1A
100
AcDbEntity
  8
Edge.Cuts
  6
CONTINUOUS
100
AcDbLine
 10
68.3399299999999954
 20
-59.658775999999996
 30
0
 11
68.3349019999999996
 21
-59.6572169999999957
 31
0
  0
LINE
  5
728
330
1A
100
AcDbEntity
  8
Edge.Cuts
  6
CONTINUOUS
100
AcDbLine
 10
68.3349019999999996
 20
-59.6572169999999957
 30
0
 11
68.3298719999999946
 21
-59.6556329999999946
 31
0
  0
LINE
  5
729
330
1A
100
AcDbEntity
  8
Edge.Cuts
  6
CONTINUOUS
100
AcDbLine
 10
68.3298719999999946
 20
-59.6556329999999946
 30
0
 11
68.3248399999999947
 21
-59.6540249999999972
 31
0
  0
LINE
  5
72A
330
1A
100
AcDbEntity
  8
Edge.Cuts
  6
CONTINUOUS
100
AcDbLine
 10
68.3248399999999947
 20
-59.6540249999999972
 30
0
 11
68.3198079999999948
 21
-59.652391999999999
 31
0
  0
LINE
  5
72B
330
1A
100
AcDbEntity
  8
Edge.Cuts
  6
CONTINUOUS
100
AcDbLine
 10
68.3198079999999948
 20
-59.652391999999999
 30
0
 11
68.3147739999999999
 21
-59.6507359999999949
 31
0
  0
LINE
  5
72C
330
1A
100
AcDbEntity
  8
Edge.Cuts
  6
CONTINUOUS
100
AcDbLine
 10
68.3147739999999999
 20
-59.6507359999999949
 30
0
 11
68.3097389999999933
 21
-59.6490549999999971
 31
0
  0
LINE
  5
72D
330
1A
100
AcDbEntity
  8
Edge.Cuts
  6
CONTINUOUS
100
AcDbLine
 10
68.3097389999999933
 20
-59.6490549999999971
 30
0
 11
68.3047030000000035
 21
-59.6473489999999984
 31
0
  0
LINE
  5
72E
330
1A
100
AcDbEntity
  8
Edge.Cuts
  6
CONTINUOUS
100
AcDbLine
 10
68.3047030000000035
 20
-59.6473489999999984
 30
0
 11
68.2996649999999903
 21
-59.6456199999999939
 31
0
  0
LINE
  5
72F
330
1A
100
AcDbEntity
  8
Edge.Cuts
  6
CONTINUOUS
100
AcDbLine
 10
68.2996649999999903
 20
-59.6456199999999939
 30
0
 11
68.2946269999999913
 21
-59.6438649999999981
 31
0
  0
LINE
  5
730
330
1A
100
AcDbEntity
  8
Edge.Cuts
  6
CONTINUOUS
100
AcDbLine
 10
68.2946269999999913
 20
-59.6438649999999981
 30
0
 11
68.2895869999999974
 21
-59.6420869999999965
 31
0
  0
LINE
  5
731
330
1A
100
AcDbEntity
  8
Edge.Cuts
  6
CONTINUOUS
100
AcDbLine
 10
68.2895869999999974
 20
-59.6420869999999965
 30
0
 11
68.2845449999999943
 21
-59.6402839999999941
 31
0
  0
LINE
  5
732
330
1A
100
AcDbEntity
  8
Edge.Cuts
  6
CONTINUOUS
100
AcDbLine
 10
68.2845449999999943
 20
-59.6402839999999941
 30
0
 11
68.2795029999999912
 21
-59.6384569999999954
 31
0
  0
LINE
  5
733
330
1A
100
AcDbEntity
  8
Edge.Cuts
  6
CONTINUOUS
100
AcDbLine
 10
68.2795029999999912
 20
-59.6384569999999954
 30
0
 11
68.2744589999999931
 21
-59.6366060000000004
 31
0
  0
LINE
  5
734
330
1A
100
AcDbEntity
  8
Edge.Cuts
  6
CONTINUOUS
100
AcDbLine
 10
68.2744589999999931
 20
-59.6366060000000004
 30
0
 11
68.2694139999999976
 21
-59.6347299999999976
 31
0
  0
LINE
  5
735
330
1A
100
AcDbEntity
  8
Edge.Cuts
  6
CONTINUOUS
100
AcDbLine
 10
68.2694139999999976
 20
-59.6347299999999976
 30
0
 11
68.2643669999999929
 21
-59.6328289999999939
 31
0
  0
LINE
  5
736
330
1A
100
AcDbEntity
  8
Edge.Cuts
  6
CONTINUOUS
100
AcDbLine
 10
68.2643669999999929
 20
-59.6328289999999939
 30
0
 11
68.2593200000000024
 21
-59.6309039999999939
 31
0
  0
LINE
  5
737
330
1A
100
AcDbEntity
  8
Edge.Cuts
  6
CONTINUOUS
100
AcDbLine
 10
68.2593200000000024
 20
-59.6309039999999939
 30
0
 11
68.2542710000000028
 21
-59.6289549999999977
 31
0
  0
LINE
  5
738
330
1A
100
AcDbEntity
  8
Edge.Cuts
  6
CONTINUOUS
100
AcDbLine
 10
68.2542710000000028
 20
-59.6289549999999977
 30
0
 11
68.249219999999994
 21
-59.6269810000000007
 31
0
  0
LINE
  5
739
330
1A
100
AcDbEntity
  8
Edge.Cuts
  6
CONTINUOUS
100
AcDbLine
 10
68.249219999999994
 20
-59.6269810000000007
 30
0
 11
68.2441689999999994
 21
-59.6249830000000003
 31
0
  0
LINE
  5
73A
330
1A
100
AcDbEntity
  8
Edge.Cuts
  6
CONTINUOUS
100
AcDbLine
 10
68.2441689999999994
 20
-59.6249830000000003
 30
0
 11
68.2391159999999957
 21
-59.6229599999999991
 31
0
  0
LINE
  5
73B
330
1A
100
AcDbEntity
  8
Edge.Cuts
  6
CONTINUOUS
100
AcDbLine
 10
68.2391159999999957
 20
-59.6229599999999991
 30
0
 11
68.234060999999997
 21
-59.6209129999999945
 31
0
  0
LINE
  5
73C
330
1A
100
AcDbEntity
  8
Edge.Cuts
  6
CONTINUOUS
100
AcDbLine
 10
68.234060999999997
 20
-59.6209129999999945
 30
0
 11
68.2290050000000008
 21
-59.6188409999999962
 31
0
  0
LINE
  5
73D
330
1A
100
AcDbEntity
  8
Edge.Cuts
  6
CONTINUOUS
100
AcDbLine
 10
68.2290050000000008
 20
-59.6188409999999962
 30
0
 11
68.2239479999999929
 21
-59.6167449999999945
 31
0
  0
LINE
  5
73E
330
1A
100
AcDbEntity
  8
Edge.Cuts
  6
CONTINUOUS
100
AcDbLine
 10
68.2239479999999929
 20
-59.6167449999999945
 30
0
 11
68.2188900000000018
 21
-59.6146239999999992
 31
0
  0
LINE
  5
73F
330
1A
100
AcDbEntity
  8
Edge.Cuts
  6
CONTINUOUS
100
AcDbLine
 10
68.2188900000000018
 20
-59.6146239999999992
 30
0
 11
68.2138300000000015
 21
-59.6124779999999959
 31
0
  0
LINE
  5
740
330
1A
100
AcDbEntity
  8
Edge.Cuts
  6
CONTINUOUS
100
AcDbLine
 10
68.2138300000000015
 20
-59.6124779999999959
 30
0
 11
68.2087690000000038
 21
-59.6103079999999963
 31
0
  0
LINE
  5
741
330
1A
100
AcDbEntity
  8
Edge.Cuts
  6
CONTINUOUS
100
AcDbLine
 10
68.2087690000000038
 20
-59.6103079999999963
 30
0
 11
68.2037059999999968
 21
-59.6081129999999959
 31
0
  0
LINE
  5
742
330
1A
100
AcDbEntity
  8
Edge.Cuts
  6
CONTINUOUS
100
AcDbLine
 10
68.2037059999999968
 20
-59.6081129999999959
 30
0
 11
68.1986419999999924
 21
-59.6058939999999993
 31
0
  0
LINE
  5
743
330
1A
100
AcDbEntity
  8
Edge.Cuts
  6
CONTINUOUS
100
AcDbLine
 10
68.1986419999999924
 20
-59.6058939999999993
 30
0
 11
68.1935769999999906
 21
-59.6036499999999947
 31
0
  0
LINE
  5
744
330
1A
100
AcDbEntity
  8
Edge.Cuts
  6
CONTINUOUS
100
AcDbLine
 10
68.1935769999999906
 20
-59.6036499999999947
 30
0
 11
68.1885099999999937
 21
-59.6013819999999939
 31
0
  0
LINE
  5
745
330
1A
100
AcDbEntity
  8
Edge.Cuts
  6
CONTINUOUS
100
AcDbLine
 10
68.1885099999999937
 20
-59.6013819999999939
 30
0
 11
68.1834419999999994
 21
-59.5990879999999947
 31
0
  0
LINE
  5
746
330
1A
100
AcDbEntity
  8
Edge.Cuts
  6
CONTINUOUS
100
AcDbLine
 10
68.1834419999999994
 20
-59.5990879999999947
 30
0
 11
68.1783729999999935
 21
-59.5967709999999968
 31
0
  0
LINE
  5
747
330
1A
100
AcDbEntity
  8
Edge.Cuts
  6
CONTINUOUS
100
AcDbLine
 10
68.1783729999999935
 20
-59.5967709999999968
 30
0
 11
68.1733019999999925
 21
-59.5944280000000006
 31
0
  0
LINE
  5
748
330
1A
100
AcDbEntity
  8
Edge.Cuts
  6
CONTINUOUS
100
AcDbLine
 10
68.1733019999999925
 20
-59.5944280000000006
 30
0
 11
68.1682289999999966
 21
-59.592060999999994
 31
0
  0
LINE
  5
749
330
1A
100
AcDbEntity
  8
Edge.Cuts
  6
CONTINUOUS
100
AcDbLine
 10
68.1682289999999966
 20
-59.592060999999994
 30
0
 11
68.1631550000000033
 21
-59.5896690000000007
 31
0
  0
LINE
  5
74A
330
1A
100
AcDbEntity
  8
Edge.Cuts
  6
CONTINUOUS
100
AcDbLine
 10
68.1631550000000033
 20
-59.5896690000000007
 30
0
 11
68.1580799999999982
 21
-59.5872519999999994
 31
0
  0
LINE
  5
74B
330
1A
100
AcDbEntity
  8
Edge.Cuts
  6
CONTINUOUS
100
AcDbLine
 10
68.1580799999999982
 20
-59.5872519999999994
 30
0
 11
68.1530029999999982
 21
-59.5848109999999949
 31
0
  0
LINE
  5
74C
330
1A
100
AcDbEntity
  8
Edge.Cuts
  6
CONTINUOUS
100
AcDbLine
 10
68.1530029999999982
 20
-59.5848109999999949
 30
0
 11
68.1479250000000008
 21
-59.5823449999999966
 31
0
  0
LINE
  5
74D
330
1A
100
AcDbEntity
  8
Edge.Cuts
  6
CONTINUOUS
100
AcDbLine
 10
68.1479250000000008
 20
-59.5823449999999966
 30
0
 11
68.1428459999999916
 21
-59.5798539999999974
 31
0
  0
LINE
  5
74E
330
1A
100
AcDbEntity
  8
Edge.Cuts
  6
CONTINUOUS
100
AcDbLine
 10
68.1428459999999916
 20
-59.5798539999999974
 30
0
 11
68.1377650000000017
 21
-59.5773379999999975
 31
0
  0
LINE
  5
74F
330
1A
100
AcDbEntity
  8
Edge.Cuts
  6
CONTINUOUS
100
AcDbLine
 10
68.1377650000000017
 20
-59.5773379999999975
 30
0
 11
68.1326820000000026
 21
-59.5747979999999941
 31
0
  0
LINE
  5
750
330
1A
100
AcDbEntity
  8
Edge.Cuts
  6
CONTINUOUS
100
AcDbLine
 10
68.1326820000000026
 20
-59.5747979999999941
 30
0
 11
68.1275979999999919
 21
-59.5722319999999996
 31
0
  0
LINE
  5
751
330
1A
100
AcDbEntity
  8
Edge.Cuts
  6
CONTINUOUS
100
AcDbLine
 10
68.1275979999999919
 20
-59.5722319999999996
 30
0
 11
68.1225129999999979
 21
-59.5696419999999947
 31
0
  0
LINE
  5
752
330
1A
100
AcDbEntity
  8
Edge.Cuts
  6
CONTINUOUS
100
AcDbLine
 10
68.1225129999999979
 20
-59.5696419999999947
 30
0
 11
68.1174259999999947
 21
-59.567026999999996
 31
0
  0
LINE
  5
753
330
1A
100
AcDbEntity
  8
Edge.Cuts
  6
CONTINUOUS
100
AcDbLine
 10
68.1174259999999947
 20
-59.567026999999996
 30
0
 11
68.1123369999999966
 21
-59.5643879999999939
 31
0
  0
LINE
  5
754
330
1A
100
AcDbEntity
  8
Edge.Cuts
  6
CONTINUOUS
100
AcDbLine
 10
68.1123369999999966
 20
-59.5643879999999939
 30
0
 11
68.107247000000001
 21
-59.5617230000000006
 31
0
  0
LINE
  5
755
330
1A
100
AcDbEntity
  8
Edge.Cuts
  6
CONTINUOUS
100
AcDbLine
 10
68.107247000000001
 20
-59.5617230000000006
 30
0
 11
68.1021559999999937
 21
-59.5590339999999969
 31
0
  0
LINE
  5
756
330
1A
100
AcDbEntity
  8
Edge.Cuts
  6
CONTINUOUS
100
AcDbLine
 10
68.1021559999999937
 20
-59.5590339999999969
 30
0
 11
68.0970629999999915
 21
-59.5563189999999949
 31
0
  0
LINE
  5
757
330
1A
100
AcDbEntity
  8
Edge.Cuts
  6
CONTINUOUS
100
AcDbLine
 10
68.0970629999999915
 20
-59.5563189999999949
 30
0
 11
68.0919679999999943
 21
-59.5535799999999966
 31
0
  0
LINE
  5
758
330
1A
100
AcDbEntity
  8
Edge.Cuts
  6
CONTINUOUS
100
AcDbLine
 10
68.0919679999999943
 20
-59.5535799999999966
 30
0
 11
68.0868719999999996
 21
-59.5508159999999975
 31
0
  0
LINE
  5
759
330
1A
100
AcDbEntity
  8
Edge.Cuts
  6
CONTINUOUS
100
AcDbLine
 10
68.0868719999999996
 20
-59.5508159999999975
 30
0
 11
68.0817749999999933
 21
-59.5480269999999976
 31
0
  0
LINE
  5
75A
330
1A
100
AcDbEntity
  8
Edge.Cuts
  6
CONTINUOUS
100
AcDbLine
 10
68.0817749999999933
 20
-59.5480269999999976
 30
0
 11
68.076675999999992
 21
-59.5452129999999968
 31
0
  0
LINE
  5
75B
330
1A
100
AcDbEntity
  8
Edge.Cuts
  6
CONTINUOUS
100
AcDbLine
 10
68.076675999999992
 20
-59.5452129999999968
 30
0
 11
68.0715749999999957
 21
-59.5423739999999952
 31
0
  0
LINE
  5
75C
330
1A
100
AcDbEntity
  8
Edge.Cuts
  6
CONTINUOUS
100
AcDbLine
 10
68.0715749999999957
 20
-59.5423739999999952
 30
0
 11
68.066473000000002
 21
-59.5395099999999999
 31
0
  0
LINE
  5
75D
330
1A
100
AcDbEntity
  8
Edge.Cuts
  6
CONTINUOUS
100
AcDbLine
 10
68.066473000000002
 20
-59.5395099999999999
 30
0
 11
68.0613689999999991
 21
-59.5366209999999967
 31
0
  0
LINE
  5
75E
330
1A
100
AcDbEntity
  8
Edge.Cuts
  6
CONTINUOUS
100
AcDbLine
 10
68.0613689999999991
 20
-59.5366209999999967
 30
0
 11
68.0562639999999988
 21
-59.5337069999999997
 31
0
  0
LINE
  5
75F
330
1A
100
AcDbEntity
  8
Edge.Cuts
  6
CONTINUOUS
100
AcDbLine
 10
68.0562639999999988
 20
-59.5337069999999997
 30
0
 11
68.0511570000000034
 21
-59.5307679999999948
 31
0
  0
LINE
  5
760
330
1A
100
AcDbEntity
  8
Edge.Cuts
  6
CONTINUOUS
100
AcDbLine
 10
68.0511570000000034
 20
-59.5307679999999948
 30
0
 11
68.046047999999999
 21
-59.5278039999999962
 31
0
  0
LINE
  5
761
330
1A
100
AcDbEntity
  8
Edge.Cuts
  6
CONTINUOUS
100
AcDbLine
 10
68.046047999999999
 20
-59.5278039999999962
 30
0
 11
68.040937999999997
 21
-59.5248149999999967
 31
0
  0
LINE
  5
762
330
1A
100
AcDbEntity
  8
Edge.Cuts
  6
CONTINUOUS
100
AcDbLine
 10
68.040937999999997
 20
-59.5248149999999967
 30
0
 11
68.0358269999999976
 21
-59.5218009999999964
 31
0
  0
LINE
  5
763
330
1A
100
AcDbEntity
  8
Edge.Cuts
  6
CONTINUOUS
100
AcDbLine
 10
68.0358269999999976
 20
-59.5218009999999964
 30
0
 11
68.0307129999999916
 21
-59.5187619999999953
 31
0
  0
LINE
  5
764
330
1A
100
AcDbEntity
  8
Edge.Cuts
  6
CONTINUOUS
100
AcDbLine
 10
68.0307129999999916
 20
-59.5187619999999953
 30
0
 11
68.0255980000000022
 21
-59.5156980000000004
 31
0
  0
LINE
  5
765
330
1A
100
AcDbEntity
  8
Edge.Cuts
  6
CONTINUOUS
100
AcDbLine
 10
68.0255980000000022
 20
-59.5156980000000004
 30
0
 11
68.0204820000000012
 21
-59.5126080000000002
 31
0
  0
LINE
  5
766
330
1A
100
AcDbEntity
  8
Edge.Cuts
  6
CONTINUOUS
100
AcDbLine
 10
68.0204820000000012
 20
-59.5126080000000002
 30
0
 11
68.0153639999999911
 21
-59.5094939999999966
 31
0
  0
LINE
  5
767
330
1A
100
AcDbEntity
  8
Edge.Cuts
  6
CONTINUOUS
100
AcDbLine
 10
68.0153639999999911
 20
-59.5094939999999966
 30
0
 11
68.0102440000000001
 21
-59.5063539999999946
 31
0
  0
LINE
  5
768
330
1A
100
AcDbEntity
  8
Edge.Cuts
  6
CONTINUOUS
100
AcDbLine
 10
68.0102440000000001
 20
-59.5063539999999946
 30
0
 11
68.0051229999999975
 21
-59.5031899999999965
 31
0
  0
LINE
  5
769
330
1A
100
AcDbEntity
  8
Edge.Cuts
  6
CONTINUOUS
100
AcDbLine
 10
68.0051229999999975
 20
-59.5031899999999965
 30
0
 11
68.
 21
-59.5
 31
0
  0
LINE
  5
76A
330
1A
100
AcDbEntity
  8
Edge.Cuts
  6
CONTINUOUS
100
AcDbLine
 10
92.245750000000001
 20
-27.400264
 30
0
 11
89.2000000000000028
 21
-27.400264
 31
0
  0
LINE
  5
76B
330
1A
100
AcDbEntity
  8
Edge.Cuts
  6
CONTINUOUS
100
AcDbLine
 10
94.0847359999999924
 20
-48.4199729999999988
 30
0
 11
92.245750000000001
 21
-27.400264
 31
0
  0
LINE
  5
76C
330
1A
100
AcDbEntity
  8
Edge.Cuts
  6
CONTINUOUS
100
AcDbLine
 10
105.1962800000000016
 20
-26.2672399999999975
 30
0
 11
105.449033
 21
-29.1562049999999999
 31
0
  0
LINE
  5
76D
330
1A
100
AcDbEntity
  8
Edge.Cuts
  6
CONTINUOUS
100
AcDbLine
 10
105.449033
 20
-29.1562049999999999
 30
0
 11
107.0352669999999904
 21
-47.2869479999999953
 31
0
  0
LINE
  5
76E
330
1A
100
AcDbEntity
  8
Edge.Cuts
  6
CONTINUOUS
100
AcDbLine
 10
107.0352669999999904
 20
-47.2869479999999953
 30
0
 11
94.0847359999999924
 21
-48.4199729999999988
 31
0
  0
LINE
  5
76F
330
1A
100
AcDbEntity
  8
Edge.Cuts
  6
CONTINUOUS
100
AcDbLine
 10
111.5999999999999943
 20
-26.2672399999999975
 30
0
 11
105.1962800000000016
 21
-26.2672399999999975
 31
0
  0
LINE
  5
770
330
1A
100
AcDbEntity
  8
Edge.Cuts
  6
CONTINUOUS
100
AcDbLine
 10
114.5999999999999943
 20
-39.
 30
0
 11
111.5999999999999943
 21
-26.2672399999999975
 31
0
  0
LINE
  5
771
330
1A
100
AcDbEntity
  8
Edge.Cuts
  6
CONTINUOUS
100
AcDbLine
 10
115.6999999999999886
 20
-121.5
 30
0
 11
115.6764499999999884
 21
-121.5121070000000003
 31
0
  0
LINE
  5
772
330
1A
100
AcDbEntity
  8
Edge.Cuts
  6
CONTINUOUS
100
AcDbLine
 10
115.6764499999999884
 20
-121.5121070000000003
 30
0
 11
115.6529249999999962
 21
-121.524290999999991
 31
0
  0
LINE
  5
773
330
1A
100
AcDbEntity
  8
Edge.Cuts
  6
CONTINUOUS
100
AcDbLine
 10
115.6529249999999962
 20
-121.524290999999991
 30
0
 11
115.6294229999999885
 21
-121.5365520000000004
 31
0
  0
LINE
  5
774
330
1A
100
AcDbEntity
  8
Edge.Cuts
  6
CONTINUOUS
100
AcDbLine
 10
115.6294229999999885
 20
-121.5365520000000004
 30
0
 11
115.6059389999999922
 21
-121.54889399999999
 31
0
  0
LINE
  5
775
330
1A
100
AcDbEntity
  8
Edge.Cuts
  6
CONTINUOUS
100
AcDbLine
 10
115.6059389999999922
 20
-121.54889399999999
 30
0
 11
115.5824700000000007
 21
-121.5613189999999975
 31
0
  0
LINE
  5
776
330
1A
100
AcDbEntity
  8
Edge.Cuts
  6
CONTINUOUS
100
AcDbLine
 10
115.5824700000000007
 20
-121.5613189999999975
 30
0
 11
115.5590119999999956
 21
-121.5738269999999943
 31
0
  0
LINE
  5
777
330
1A
100
AcDbEntity
  8
Edge.Cuts
  6
CONTINUOUS
100
AcDbLine
 10
115.5590119999999956
 20
-121.5738269999999943
 30
0
 11
115.5355599999999896
 21
-121.5864229999999964
 31
0
  0
LINE
  5
778
330
1A
100
AcDbEntity
  8
Edge.Cuts
  6
CONTINUOUS
100
AcDbLine
 10
115.5355599999999896
 20
-121.5864229999999964
 30
0
 11
115.5121099999999927
 21
-121.5991080000000011
 31
0
  0
LINE
  5
779
330
1A
100
AcDbEntity
  8
Edge.Cuts
  6
CONTINUOUS
100
AcDbLine
 10
115.5121099999999927
 20
-121.5991080000000011
 30
0
 11
115.4886580000000009
 21
-121.6118839999999892
 31
0
  0
LINE
  5
77A
330
1A
100
AcDbEntity
  8
Edge.Cuts
  6
CONTINUOUS
100
AcDbLine
 10
115.4886580000000009
 20
-121.6118839999999892
 30
0
 11
115.4651999999999958
 21
-121.6247559999999908
 31
0
  0
LINE
  5
77B
330
1A
100
AcDbEntity
  8
Edge.Cuts
  6
CONTINUOUS
100
AcDbLine
 10
115.4651999999999958
 20
-121.6247559999999908
 30
0
 11
115.4417299999999926
 21
-121.6377239999999915
 31
0
  0
LINE
  5
77C
330
1A
100
AcDbEntity
  8
Edge.Cuts
  6
CONTINUOUS
100
AcDbLine
 10
115.4417299999999926
 20
-121.6377239999999915
 30
0
 11
115.4182429999999897
 21
-121.6507919999999956
 31
0
  0
LINE
  5
77D
330
1A
100
AcDbEntity
  8
Edge.Cuts
  6
CONTINUOUS
100
AcDbLine
 10
115.4182429999999897
 20
-121.6507919999999956
 30
0
 11
115.3947349999999972
 21
-121.6639639999999929
 31
0
  0
LINE
  5
77E
330
1A
100
AcDbEntity
  8
Edge.Cuts
  6
CONTINUOUS
100
AcDbLine
 10
115.3947349999999972
 20
-121.6639639999999929
 30
0
 11
115.3712000000000018
 21
-121.6772409999999951
 31
0
  0
LINE
  5
77F
330
1A
100
AcDbEntity
  8
Edge.Cuts
  6
CONTINUOUS
100
AcDbLine
 10
115.3712000000000018
 20
-121.6772409999999951
 30
0
 11
115.3476330000000019
 21
-121.6906290000000013
 31
0
  0
LINE
  5
780
330
1A
100
AcDbEntity
  8
Edge.Cuts
  6
CONTINUOUS
100
AcDbLine
 10
115.3476330000000019
 20
-121.6906290000000013
 30
0
 11
115.3240279999999984
 21
-121.7041289999999947
 31
0
  0
LINE
  5
781
330
1A
100
AcDbEntity
  8
Edge.Cuts
  6
CONTINUOUS
100
AcDbLine
 10
115.3240279999999984
 20
-121.7041289999999947
 30
0
 11
115.3003789999999924
 21
-121.7177469999999886
 31
0
  0
LINE
  5
782
330
1A
100
AcDbEntity
  8
Edge.Cuts
  6
CONTINUOUS
100
AcDbLine
 10
115.3003789999999924
 20
-121.7177469999999886
 30
0
 11
115.2766790000000015
 21
-121.7314859999999896
 31
0
  0
LINE
  5
783
330
1A
100
AcDbEntity
  8
Edge.Cuts
  6
CONTINUOUS
100
AcDbLine
 10
115.2766790000000015
 20
-121.7314859999999896
 30
0
 11
115.2529219999999981
 21
-121.7453499999999877
 31
0
  0
LINE
  5
784
330
1A
100
AcDbEntity
  8
Edge.Cuts
  6
CONTINUOUS
100
AcDbLine
 10
115.2529219999999981
 20
-121.7453499999999877
 30
0
 11
115.229101
 21
-121.7593430000000012
 31
0
  0
LINE
  5
785
330
1A
100
AcDbEntity
  8
Edge.Cuts
  6
CONTINUOUS
100
AcDbLine
 10
115.229101
 20
-121.7593430000000012
 30
0
 11
115.2052079999999989
 21
-121.7734710000000007
 31
0
  0
LINE
  5
786
330
1A
100
AcDbEntity
  8
Edge.Cuts
  6
CONTINUOUS
100
AcDbLine
 10
115.2052079999999989
 20
-121.7734710000000007
 30
0
 11
115.1812369999999959
 21
-121.7877379999999903
 31
0
  0
LINE
  5
787
330
1A
100
AcDbEntity
  8
Edge.Cuts
  6
CONTINUOUS
100
AcDbLine
 10
115.1812369999999959
 20
-121.7877379999999903
 30
0
 11
115.1571780000000018
 21
-121.802149
 31
0
  0
LINE
  5
788
330
1A
100
AcDbEntity
  8
Edge.Cuts
  6
CONTINUOUS
100
AcDbLine
 10
115.1571780000000018
 20
-121.802149
 30
0
 11
115.1330229999999943
 21
-121.816710999999998
 31
0
  0
LINE
  5
789
330
1A
100
AcDbEntity
  8
Edge.Cuts
  6
CONTINUOUS
100
AcDbLine
 10
115.1330229999999943
 20
-121.816710999999998
 30
0
 11
115.1087629999999962
 21
-121.831429
 31
0
  0
LINE
  5
78A
330
1A
100
AcDbEntity
  8
Edge.Cuts
  6
CONTINUOUS
100
AcDbLine
 10
115.1087629999999962
 20
-121.831429
 30
0
 11
115.0843890000000016
 21
-121.8463099999999883
 31
0
  0
LINE
  5
78B
330
1A
100
AcDbEntity
  8
Edge.Cuts
  6
CONTINUOUS
100
AcDbLine
 10
115.0843890000000016
 20
-121.8463099999999883
 30
0
 11
115.0598889999999983
 21
-121.8613599999999906
 31
0
  0
LINE
  5
78C
330
1A
100
AcDbEntity
  8
Edge.Cuts
  6
CONTINUOUS
100
AcDbLine
 10
115.0598889999999983
 20
-121.8613599999999906
 30
0
 11
115.0352529999999973
 21
-121.8765870000000007
 31
0
  0
LINE
  5
78D
330
1A
100
AcDbEntity
  8
Edge.Cuts
  6
CONTINUOUS
100
AcDbLine
 10
115.0352529999999973
 20
-121.8765870000000007
 30
0
 11
115.0104690000000005
 21
-121.8919999999999959
 31
0
  0
LINE
  5
78E
330
1A
100
AcDbEntity
  8
Edge.Cuts
  6
CONTINUOUS
100
AcDbLine
 10
115.0104690000000005
 20
-121.8919999999999959
 30
0
 11
114.9855249999999955
 21
-121.9076049999999896
 31
0
  0
LINE
  5
78F
330
1A
100
AcDbEntity
  8
Edge.Cuts
  6
CONTINUOUS
100
AcDbLine
 10
114.9855249999999955
 20
-121.9076049999999896
 30
0
 11
114.9604059999999919
 21
-121.923413999999994
 31
0
  0
LINE
  5
790
330
1A
100
AcDbEntity
  8
Edge.Cuts
  6
CONTINUOUS
100
AcDbLine
 10
114.9604059999999919
 20
-121.923413999999994
 30
0
 11
114.9350979999999964
 21
-121.9394360000000006
 31
0
  0
LINE
  5
791
330
1A
100
AcDbEntity
  8
Edge.Cuts
  6
CONTINUOUS
100
AcDbLine
 10
114.9350979999999964
 20
-121.9394360000000006
 30
0
 11
114.9095849999999928
 21
-121.9556809999999984
 31
0
  0
LINE
  5
792
330
1A
100
AcDbEntity
  8
Edge.Cuts
  6
CONTINUOUS
100
AcDbLine
 10
114.9095849999999928
 20
-121.9556809999999984
 30
0
 11
114.8838499999999954
 21
-121.9721619999999973
 31
0
  0
LINE
  5
793
330
1A
100
AcDbEntity
  8
Edge.Cuts
  6
CONTINUOUS
100
AcDbLine
 10
114.8838499999999954
 20
-121.9721619999999973
 30
0
 11
114.8578729999999979
 21
-121.9888919999999928
 31
0
  0
LINE
  5
794
330
1A
100
AcDbEntity
  8
Edge.Cuts
  6
CONTINUOUS
100
AcDbLine
 10
114.8578729999999979
 20
-121.9888919999999928
 30
0
 11
114.8316349999999915
 21
-122.0058859999999896
 31
0
  0
LINE
  5
795
330
1A
100
AcDbEntity
  8
Edge.Cuts
  6
CONTINUOUS
100
AcDbLine
 10
114.8316349999999915
 20
-122.0058859999999896
 30
0
 11
114.8051109999999966
 21
-122.0231579999999951
 31
0
  0
LINE
  5
796
330
1A
100
AcDbEntity
  8
Edge.Cuts
  6
CONTINUOUS
100
AcDbLine
 10
114.8051109999999966
 20
-122.0231579999999951
 30
0
 11
114.7782780000000002
 21
-122.0407269999999897
 31
0
  0
LINE
  5
797
330
1A
100
AcDbEntity
  8
Edge.Cuts
  6
CONTINUOUS
100
AcDbLine
 10
114.7782780000000002
 20
-122.0407269999999897
 30
0
 11
114.7511069999999904
 21
-122.0586109999999991
 31
0
  0
LINE
  5
798
330
1A
100
AcDbEntity
  8
Edge.Cuts
  6
CONTINUOUS
100
AcDbLine
 10
114.7511069999999904
 20
-122.0586109999999991
 30
0
 11
114.7235680000000002
 21
-122.076833999999991
 31
0
  0
LINE
  5
799
330
1A
100
AcDbEntity
  8
Edge.Cuts
  6
CONTINUOUS
100
AcDbLine
 10
114.7235680000000002
 20
-122.076833999999991
 30
0
 11
114.6956239999999951
 21
-122.0954179999999951
 31
0
  0
LINE
  5
79A
330
1A
100
AcDbEntity
  8
Edge.Cuts
  6
CONTINUOUS
100
AcDbLine
 10
114.6956239999999951
 20
-122.0954179999999951
 30
0
 11
114.6672379999999976
 21
-122.1143929999999926
 31
0
  0
LINE
  5
79B
330
1A
100
AcDbEntity
  8
Edge.Cuts
  6
CONTINUOUS
100
AcDbLine
 10
114.6672379999999976
 20
-122.1143929999999926
 30
0
 11
114.6383629999999982
 21
-122.1337889999999931
 31
0
  0
LINE
  5
79C
330
1A
100
AcDbEntity
  8
Edge.Cuts
  6
CONTINUOUS
100
AcDbLine
 10
114.6383629999999982
 20
-122.1337889999999931
 30
0
 11
114.608949999999993
 21
-122.1536419999999907
 31
0
  0
LINE
  5
79D
330
1A
100
AcDbEntity
  8
Edge.Cuts
  6
CONTINUOUS
100
AcDbLine
 10
114.608949999999993
 20
-122.1536419999999907
 30
0
 11
114.5789379999999937
 21
-122.1739949999999908
 31
0
  0
LINE
  5
79E
330
1A
100
AcDbEntity
  8
Edge.Cuts
  6
CONTINUOUS
100
AcDbLine
 10
114.5789379999999937
 20
-122.1739949999999908
 30
0
 11
114.5482579999999899
 21
-122.194896
 31
0
  0
LINE
  5
79F
330
1A
100
AcDbEntity
  8
Edge.Cuts
  6
CONTINUOUS
100
AcDbLine
 10
114.5482579999999899
 20
-122.194896
 30
0
 11
114.5168279999999896
 21
-122.2164039999999972
 31
0
  0
LINE
  5
7A0
330
1A
100
AcDbEntity
  8
Edge.Cuts
  6
CONTINUOUS
100
AcDbLine
 10
114.5168279999999896
 20
-122.2164039999999972
 30
0
 11
114.4845499999999987
 21
-122.2385869999999954
 31
0
  0
LINE
  5
7A1
330
1A
100
AcDbEntity
  8
Edge.Cuts
  6
CONTINUOUS
100
AcDbLine
 10
114.4845499999999987
 20
-122.2385869999999954
 30
0
 11
114.4513049999999907
 21
-122.2615309999999909
 31
0
  0
LINE
  5
7A2
330
1A
100
AcDbEntity
  8
Edge.Cuts
  6
CONTINUOUS
100
AcDbLine
 10
114.4513049999999907
 20
-122.2615309999999909
 30
0
 11
114.4169440000000009
 21
-122.2853399999999908
 31
0
  0
LINE
  5
7A3
330
1A
100
AcDbEntity
  8
Edge.Cuts
  6
CONTINUOUS
100
AcDbLine
 10
114.4169440000000009
 20
-122.2853399999999908
 30
0
 11
114.3812810000000013
 21
-122.3101470000000006
 31
0
  0
LINE
  5
7A4
330
1A
100
AcDbEntity
  8
Edge.Cuts
  6
CONTINUOUS
100
AcDbLine
 10
114.3812810000000013
 20
-122.3101470000000006
 30
0
 11
114.3440729999999945
 21
-122.3361239999999981
 31
0
  0
LINE
  5
7A5
330
1A
100
AcDbEntity
  8
Edge.Cuts
  6
CONTINUOUS
100
AcDbLine
 10
114.3440729999999945
 20
-122.3361239999999981
 30
0
 11
114.3049919999999986
 21
-122.3635039999999918
 31
0
  0
LINE
  5
7A6
330
1A
100
AcDbEntity
  8
Edge.Cuts
  6
CONTINUOUS
100
AcDbLine
 10
114.3049919999999986
 20
-122.3635039999999918
 30
0
 11
114.2635799999999904
 21
-122.3926109999999881
 31
0
  0
LINE
  5
7A7
330
1A
100
AcDbEntity
  8
Edge.Cuts
  6
CONTINUOUS
100
AcDbLine
 10
114.2635799999999904
 20
-122.3926109999999881
 30
0
 11
114.2191559999999981
 21
-122.4239309999999961
 31
0
  0
LINE
  5
7A8
330
1A
100
AcDbEntity
  8
Edge.Cuts
  6
CONTINUOUS
100
AcDbLine
 10
114.2191559999999981
 20
-122.4239309999999961
 30
0
 11
114.1706199999999995
 21
-122.4582419999999985
 31
0
  0
LINE
  5
7A9
330
1A
100
AcDbEntity
  8
Edge.Cuts
  6
CONTINUOUS
100
AcDbLine
 10
114.1706199999999995
 20
-122.4582419999999985
 30
0
 11
114.1159660000000002
 21
-122.4969699999999904
 31
0
  0
LINE
  5
7AA
330
1A
100
AcDbEntity
  8
Edge.Cuts
  6
CONTINUOUS
100
AcDbLine
 10
114.1159660000000002
 20
-122.4969699999999904
 30
0
 11
114.0506570000000011
 21
-122.5433359999999965
 31
0
  0
LINE
  5
7AB
330
1A
100
AcDbEntity
  8
Edge.Cuts
  6
CONTINUOUS
100
AcDbLine
 10
114.0506570000000011
 20
-122.5433359999999965
 30
0
 11
113.984304999999992
 21
-122.590492999999995
 31
0
  0
LINE
  5
7AC
330
1A
100
AcDbEntity
  8
Edge.Cuts
  6
CONTINUOUS
100
AcDbLine
 10
113.984304999999992
 20
-122.590492999999995
 30
0
 11
113.9154429999999962
 21
-122.6394319999999993
 31
0
  0
LINE
  5
7AD
330
1A
100
AcDbEntity
  8
Edge.Cuts
  6
CONTINUOUS
100
AcDbLine
 10
113.9154429999999962
 20
-122.6394319999999993
 30
0
 11
113.8461199999999991
 21
-122.688644999999994
 31
0
  0
LINE
  5
7AE
330
1A
100
AcDbEntity
  8
Edge.Cuts
  6
CONTINUOUS
100
AcDbLine
 10
113.8461199999999991
 20
-122.688644999999994
 30
0
 11
113.8112629999999967
 21
-122.7133529999999979
 31
0
  0
LINE
  5
7AF
330
1A
100
AcDbEntity
  8
Edge.Cuts
  6
CONTINUOUS
100
AcDbLine
 10
113.8112629999999967
 20
-122.7133529999999979
 30
0
 11
113.7762619999999885
 21
-122.738127999999989
 31
0
  0
LINE
  5
7B0
330
1A
100
AcDbEntity
  8
Edge.Cuts
  6
CONTINUOUS
100
AcDbLine
 10
113.7762619999999885
 20
-122.738127999999989
 30
0
 11
113.741107999999997
 21
-122.7629699999999957
 31
0
  0
LINE
  5
7B1
330
1A
100
AcDbEntity
  8
Edge.Cuts
  6
CONTINUOUS
100
AcDbLine
 10
113.741107999999997
 20
-122.7629699999999957
 30
0
 11
113.7057929999999999
 21
-122.7878779999999921
 31
0
  0
LINE
  5
7B2
330
1A
100
AcDbEntity
  8
Edge.Cuts
  6
CONTINUOUS
100
AcDbLine
 10
113.7057929999999999
 20
-122.7878779999999921
 30
0
 11
113.6703059999999965
 21
-122.8128529999999898
 31
0
  0
LINE
  5
7B3
330
1A
100
AcDbEntity
  8
Edge.Cuts
  6
CONTINUOUS
100
AcDbLine
 10
113.6703059999999965
 20
-122.8128529999999898
 30
0
 11
113.6346399999999903
 21
-122.8378939999999915
 31
0
  0
LINE
  5
7B4
330
1A
100
AcDbEntity
  8
Edge.Cuts
  6
CONTINUOUS
100
AcDbLine
 10
113.6346399999999903
 20
-122.8378939999999915
 30
0
 11
113.5987839999999949
 21
-122.863000999999997
 31
0
  0
LINE
  5
7B5
330
1A
100
AcDbEntity
  8
Edge.Cuts
  6
CONTINUOUS
100
AcDbLine
 10
113.5987839999999949
 20
-122.863000999999997
 30
0
 11
113.5627279999999928
 21
-122.8881719999999973
 31
0
  0
LINE
  5
7B6
330
1A
100
AcDbEntity
  8
Edge.Cuts
  6
CONTINUOUS
100
AcDbLine
 10
113.5627279999999928
 20
-122.8881719999999973
 30
0
 11
113.5264650000000017
 21
-122.9134090000000015
 31
0
  0
LINE
  5
7B7
330
1A
100
AcDbEntity
  8
Edge.Cuts
  6
CONTINUOUS
100
AcDbLine
 10
113.5264650000000017
 20
-122.9134090000000015
 30
0
 11
113.4899849999999901
 21
-122.9387109999999979
 31
0
  0
LINE
  5
7B8
330
1A
100
AcDbEntity
  8
Edge.Cuts
  6
CONTINUOUS
100
AcDbLine
 10
113.4899849999999901
 20
-122.9387109999999979
 30
0
 11
113.4532769999999999
 21
-122.964076999999989
 31
0
  0
LINE
  5
7B9
330
1A
100
AcDbEntity
  8
Edge.Cuts
  6
CONTINUOUS
100
AcDbLine
 10
113.4532769999999999
 20
-122.964076999999989
 30
0
 11
113.43483599999999
 21
-122.976783999999995
 31
0
  0
LINE
  5
7BA
330
1A
100
AcDbEntity
  8
Edge.Cuts
  6
CONTINUOUS
100
AcDbLine
 10
113.43483599999999
 20
-122.976783999999995
 30
0
 11
113.416333999999992
 21
-122.989506999999989
 31
0
  0
LINE
  5
7BB
330
1A
100
AcDbEntity
  8
Edge.Cuts
  6
CONTINUOUS
100
AcDbLine
 10
113.416333999999992
 20
-122.989506999999989
 30
0
 11
113.3977709999999917
 21
-123.0022459999999995
 31
0
  0
LINE
  5
7BC
330
1A
100
AcDbEntity
  8
Edge.Cuts
  6
CONTINUOUS
100
AcDbLine
 10
113.3977709999999917
 20
-123.0022459999999995
 30
0
 11
113.3791459999999915
 21
-123.015000999999998
 31
0
  0
LINE
  5
7BD
330
1A
100
AcDbEntity
  8
Edge.Cuts
  6
CONTINUOUS
100
AcDbLine
 10
113.3791459999999915
 20
-123.015000999999998
 30
0
 11
113.3604559999999992
 21
-123.0277719999999988
 31
0
  0
LINE
  5
7BE
330
1A
100
AcDbEntity
  8
Edge.Cuts
  6
CONTINUOUS
100
AcDbLine
 10
113.3604559999999992
 20
-123.0277719999999988
 30
0
 11
113.3417029999999954
 21
-123.0405589999999876
 31
0
  0
LINE
  5
7BF
330
1A
100
AcDbEntity
  8
Edge.Cuts
  6
CONTINUOUS
100
AcDbLine
 10
113.3417029999999954
 20
-123.0405589999999876
 30
0
 11
113.3228829999999903
 21
-123.0533609999999953
 31
0
  0
LINE
  5
7C0
330
1A
100
AcDbEntity
  8
Edge.Cuts
  6
CONTINUOUS
100
AcDbLine
 10
113.3228829999999903
 20
-123.0533609999999953
 30
0
 11
113.3039959999999979
 21
-123.0661789999999911
 31
0
  0
LINE
  5
7C1
330
1A
100
AcDbEntity
  8
Edge.Cuts
  6
CONTINUOUS
100
AcDbLine
 10
113.3039959999999979
 20
-123.0661789999999911
 30
0
 11
113.2850409999999926
 21
-123.0790129999999891
 31
0
  0
LINE
  5
7C2
330
1A
100
AcDbEntity
  8
Edge.Cuts
  6
CONTINUOUS
100
AcDbLine
 10
113.2850409999999926
 20
-123.0790129999999891
 30
0
 11
113.2660159999999934
 21
-123.0918619999999919
 31
0
  0
LINE
  5
7C3
330
1A
100
AcDbEntity
  8
Edge.Cuts
  6
CONTINUOUS
100
AcDbLine
 10
113.2660159999999934
 20
-123.0918619999999919
 30
0
 11
113.2469210000000004
 21
-123.1047269999999969
 31
0
  0
LINE
  5
7C4
330
1A
100
AcDbEntity
  8
Edge.Cuts
  6
CONTINUOUS
100
AcDbLine
 10
113.2469210000000004
 20
-123.1047269999999969
 30
0
 11
113.2277539999999902
 21
-123.1176079999999899
 31
0
  0
LINE
  5
7C5
330
1A
100
AcDbEntity
  8
Edge.Cuts
  6
CONTINUOUS
100
AcDbLine
 10
113.2277539999999902
 20
-123.1176079999999899
 30
0
 11
113.2085139999999939
 21
-123.1305039999999877
 31
0
  0
LINE
  5
7C6
330
1A
100
AcDbEntity
  8
Edge.Cuts
  6
CONTINUOUS
100
AcDbLine
 10
113.2085139999999939
 20
-123.1305039999999877
 30
0
 11
113.1892009999999971
 21
-123.1434159999999878
 31
0
  0
LINE
  5
7C7
330
1A
100
AcDbEntity
  8
Edge.Cuts
  6
CONTINUOUS
100
AcDbLine
 10
113.1892009999999971
 20
-123.1434159999999878
 30
0
 11
113.1698119999999932
 21
-123.1563429999999926
 31
0
  0
LINE
  5
7C8
330
1A
100
AcDbEntity
  8
Edge.Cuts
  6
CONTINUOUS
100
AcDbLine
 10
113.1698119999999932
 20
-123.1563429999999926
 30
0
 11
113.150345999999999
 21
-123.1692859999999996
 31
0
  0
LINE
  5
7C9
330
1A
100
AcDbEntity
  8
Edge.Cuts
  6
CONTINUOUS
100
AcDbLine
 10
113.150345999999999
 20
-123.1692859999999996
 30
0
 11
113.1308030000000002
 21
-123.1822429999999997
 31
0
  0
LINE
  5
7CA
330
1A
100
AcDbEntity
  8
Edge.Cuts
  6
CONTINUOUS
100
AcDbLine
 10
113.1308030000000002
 20
-123.1822429999999997
 30
0
 11
113.1111819999999994
 21
-123.1952169999999995
 31
0
  0
LINE
  5
7CB
330
1A
100
AcDbEntity
  8
Edge.Cuts
  6
CONTINUOUS
100
AcDbLine
 10
113.1111819999999994
 20
-123.1952169999999995
 30
0
 11
113.09147999999999
 21
-123.2082049999999924
 31
0
  0
LINE
  5
7CC
330
1A
100
AcDbEntity
  8
Edge.Cuts
  6
CONTINUOUS
100
AcDbLine
 10
113.09147999999999
 20
-123.2082049999999924
 30
0
 11
113.0716979999999978
 21
-123.2212089999999876
 31
0
  0
LINE
  5
7CD
330
1A
100
AcDbEntity
  8
Edge.Cuts
  6
CONTINUOUS
100
AcDbLine
 10
113.0716979999999978
 20
-123.2212089999999876
 30
0
 11
113.0518329999999878
 21
-123.2342279999999874
 31
0
  0
LINE
  5
7CE
330
1A
100
AcDbEntity
  8
Edge.Cuts
  6
CONTINUOUS
100
AcDbLine
 10
113.0518329999999878
 20
-123.2342279999999874
 30
0
 11
113.0318849999999884
 21
-123.2472619999999921
 31
0
  0
LINE
  5
7CF
330
1A
100
AcDbEntity
  8
Edge.Cuts
  6
CONTINUOUS
100
AcDbLine
 10
113.0318849999999884
 20
-123.2472619999999921
 30
0
 11
113.0118529999999879
 21
-123.260311999999999
 31
0
  0
LINE
  5
7D0
330
1A
100
AcDbEntity
  8
Edge.Cuts
  6
CONTINUOUS
100
AcDbLine
 10
113.0118529999999879
 20
-123.260311999999999
 30
0
 11
112.9917349999999914
 21
-123.273375999999999
 31
0
  0
LINE
  5
7D1
330
1A
100
AcDbEntity
  8
Edge.Cuts
  6
CONTINUOUS
100
AcDbLine
 10
112.9917349999999914
 20
-123.273375999999999
 30
0
 11
112.9715300000000013
 21
-123.2864560000000012
 31
0
  0
LINE
  5
7D2
330
1A
100
AcDbEntity
  8
Edge.Cuts
  6
CONTINUOUS
100
AcDbLine
 10
112.9715300000000013
 20
-123.2864560000000012
 30
0
 11
112.9512369999999919
 21
-123.2995499999999964
 31
0
  0
LINE
  5
7D3
330
1A
100
AcDbEntity
  8
Edge.Cuts
  6
CONTINUOUS
100
AcDbLine
 10
112.9512369999999919
 20
-123.2995499999999964
 30
0
 11
112.9308559999999915
 21
-123.3126599999999939
 31
0
  0
LINE
  5
7D4
330
1A
100
AcDbEntity
  8
Edge.Cuts
  6
CONTINUOUS
100
AcDbLine
 10
112.9308559999999915
 20
-123.3126599999999939
 30
0
 11
112.9103829999999959
 21
-123.3257839999999987
 31
0
  0
LINE
  5
7D5
330
1A
100
AcDbEntity
  8
Edge.Cuts
  6
CONTINUOUS
100
AcDbLine
 10
112.9103829999999959
 20
-123.3257839999999987
 30
0
 11
112.8898200000000003
 21
-123.3389239999999916
 31
0
  0
LINE
  5
7D6
330
1A
100
AcDbEntity
  8
Edge.Cuts
  6
CONTINUOUS
100
AcDbLine
 10
112.8898200000000003
 20
-123.3389239999999916
 30
0
 11
112.8691639999999978
 21
-123.3520779999999917
 31
0
  0
LINE
  5
7D7
330
1A
100
AcDbEntity
  8
Edge.Cuts
  6
CONTINUOUS
100
AcDbLine
 10
112.8691639999999978
 20
-123.3520779999999917
 30
0
 11
112.8484139999999911
 21
-123.3652469999999965
 31
0
  0
LINE
  5
7D8
330
1A
100
AcDbEntity
  8
Edge.Cuts
  6
CONTINUOUS
100
AcDbLine
 10
112.8484139999999911
 20
-123.3652469999999965
 30
0
 11
112.8275689999999969
 21
-123.378430999999992
 31
0
  0
LINE
  5
7D9
330
1A
100
AcDbEntity
  8
Edge.Cuts
  6
CONTINUOUS
100
AcDbLine
 10
112.8275689999999969
 20
-123.378430999999992
 30
0
 11
112.8066279999999892
 21
-123.3916289999999947
 31
0
  0
LINE
  5
7DA
330
1A
100
AcDbEntity
  8
Edge.Cuts
  6
CONTINUOUS
100
AcDbLine
 10
112.8066279999999892
 20
-123.3916289999999947
 30
0
 11
112.7855899999999991
 21
-123.4048429999999996
 31
0
  0
LINE
  5
7DB
330
1A
100
AcDbEntity
  8
Edge.Cuts
  6
CONTINUOUS
100
AcDbLine
 10
112.7855899999999991
 20
-123.4048429999999996
 30
0
 11
112.7644529999999889
 21
-123.4180709999999976
 31
0
  0
LINE
  5
7DC
330
1A
100
AcDbEntity
  8
Edge.Cuts
  6
CONTINUOUS
100
AcDbLine
 10
112.7644529999999889
 20
-123.4180709999999976
 30
0
 11
112.7432170000000013
 21
-123.4313129999999887
 31
0
  0
LINE
  5
7DD
330
1A
100
AcDbEntity
  8
Edge.Cuts
  6
CONTINUOUS
100
AcDbLine
 10
112.7432170000000013
 20
-123.4313129999999887
 30
0
 11
112.7218799999999987
 21
-123.4445699999999988
 31
0
  0
LINE
  5
7DE
330
1A
100
AcDbEntity
  8
Edge.Cuts
  6
CONTINUOUS
100
AcDbLine
 10
112.7218799999999987
 20
-123.4445699999999988
 30
0
 11
112.7004419999999953
 21
-123.4578419999999994
 31
0
  0
LINE
  5
7DF
330
1A
100
AcDbEntity
  8
Edge.Cuts
  6
CONTINUOUS
100
AcDbLine
 10
112.7004419999999953
 20
-123.4578419999999994
 30
0
 11
112.6788999999999987
 21
-123.4711279999999931
 31
0
  0
LINE
  5
7E0
330
1A
100
AcDbEntity
  8
Edge.Cuts
  6
CONTINUOUS
100
AcDbLine
 10
112.6788999999999987
 20
-123.4711279999999931
 30
0
 11
112.6572539999999947
 21
-123.4844289999999916
 31
0
  0
LINE
  5
7E1
330
1A
100
AcDbEntity
  8
Edge.Cuts
  6
CONTINUOUS
100
AcDbLine
 10
112.6572539999999947
 20
-123.4844289999999916
 30
0
 11
112.6355029999999999
 21
-123.4977439999999973
 31
0
  0
LINE
  5
7E2
330
1A
100
AcDbEntity
  8
Edge.Cuts
  6
CONTINUOUS
100
AcDbLine
 10
112.6355029999999999
 20
-123.4977439999999973
 30
0
 11
112.6136459999999886
 21
-123.5110729999999961
 31
0
  0
LINE
  5
7E3
330
1A
100
AcDbEntity
  8
Edge.Cuts
  6
CONTINUOUS
100
AcDbLine
 10
112.6136459999999886
 20
-123.5110729999999961
 30
0
 11
112.5916799999999967
 21
-123.5244169999999997
 31
0
  0
LINE
  5
7E4
330
1A
100
AcDbEntity
  8
Edge.Cuts
  6
CONTINUOUS
100
AcDbLine
 10
112.5916799999999967
 20
-123.5244169999999997
 30
0
 11
112.5696059999999932
 21
-123.5377749999999963
 31
0
  0
LINE
  5
7E5
330
1A
100
AcDbEntity
  8
Edge.Cuts
  6
CONTINUOUS
100
AcDbLine
 10
112.5696059999999932
 20
-123.5377749999999963
 30
0
 11
112.5474219999999974
 21
-123.5511470000000003
 31
0
  0
LINE
  5
7E6
330
1A
100
AcDbEntity
  8
Edge.Cuts
  6
CONTINUOUS
100
AcDbLine
 10
112.5474219999999974
 20
-123.5511470000000003
 30
0
 11
112.5251269999999977
 21
-123.5645339999999948
 31
0
  0
LINE
  5
7E7
330
1A
100
AcDbEntity
  8
Edge.Cuts
  6
CONTINUOUS
100
AcDbLine
 10
112.5251269999999977
 20
-123.5645339999999948
 30
0
 11
112.502718999999999
 21
-123.5779349999999965
 31
0
  0
LINE
  5
7E8
330
1A
100
AcDbEntity
  8
Edge.Cuts
  6
CONTINUOUS
100
AcDbLine
 10
112.502718999999999
 20
-123.5779349999999965
 30
0
 11
112.4801980000000015
 21
-123.5913499999999914
 31
0
  0
LINE
  5
7E9
330
1A
100
AcDbEntity
  8
Edge.Cuts
  6
CONTINUOUS
100
AcDbLine
 10
112.4801980000000015
 20
-123.5913499999999914
 30
0
 11
112.4575629999999933
 21
-123.6047789999999935
 31
0
  0
LINE
  5
7EA
330
1A
100
AcDbEntity
  8
Edge.Cuts
  6
CONTINUOUS
100
AcDbLine
 10
112.4575629999999933
 20
-123.6047789999999935
 30
0
 11
112.4348109999999963
 21
-123.6182219999999887
 31
0
  0
LINE
  5
7EB
330
1A
100
AcDbEntity
  8
Edge.Cuts
  6
CONTINUOUS
100
AcDbLine
 10
112.4348109999999963
 20
-123.6182219999999887
 30
0
 11
112.4119429999999937
 21
-123.6316789999999912
 31
0
  0
LINE
  5
7EC
330
1A
100
AcDbEntity
  8
Edge.Cuts
  6
CONTINUOUS
100
AcDbLine
 10
112.4119429999999937
 20
-123.6316789999999912
 30
0
 11
112.3889569999999907
 21
-123.645150000000001
 31
0
  0
LINE
  5
7ED
330
1A
100
AcDbEntity
  8
Edge.Cuts
  6
CONTINUOUS
100
AcDbLine
 10
112.3889569999999907
 20
-123.645150000000001
 30
0
 11
112.3658509999999922
 21
-123.6586349999999896
 31
0
  0
LINE
  5
7EE
330
1A
100
AcDbEntity
  8
Edge.Cuts
  6
CONTINUOUS
100
AcDbLine
 10
112.3658509999999922
 20
-123.6586349999999896
 30
0
 11
112.3426249999999982
 21
-123.6721329999999881
 31
0
  0
LINE
  5
7EF
330
1A
100
AcDbEntity
  8
Edge.Cuts
  6
CONTINUOUS
100
AcDbLine
 10
112.3426249999999982
 20
-123.6721329999999881
 30
0
 11
112.3192779999999971
 21
-123.6856459999999913
 31
0
  0
LINE
  5
7F0
330
1A
100
AcDbEntity
  8
Edge.Cuts
  6
CONTINUOUS
100
AcDbLine
 10
112.3192779999999971
 20
-123.6856459999999913
 30
0
 11
112.2958079999999939
 21
-123.6991729999999876
 31
0
  0
LINE
  5
7F1
330
1A
100
AcDbEntity
  8
Edge.Cuts
  6
CONTINUOUS
100
AcDbLine
 10
112.2958079999999939
 20
-123.6991729999999876
 30
0
 11
112.2722129999999936
 21
-123.7127129999999937
 31
0
  0
LINE
  5
7F2
330
1A
100
AcDbEntity
  8
Edge.Cuts
  6
CONTINUOUS
100
AcDbLine
 10
112.2722129999999936
 20
-123.7127129999999937
 30
0
 11
112.2484939999999938
 21
-123.7262669999999929
 31
0
  0
LINE
  5
7F3
330
1A
100
AcDbEntity
  8
Edge.Cuts
  6
CONTINUOUS
100
AcDbLine
 10
112.2484939999999938
 20
-123.7262669999999929
 30
0
 11
112.2246489999999994
 21
-123.7398349999999994
 31
0
  0
LINE
  5
7F4
330
1A
100
AcDbEntity
  8
Edge.Cuts
  6
CONTINUOUS
100
AcDbLine
 10
112.2246489999999994
 20
-123.7398349999999994
 30
0
 11
112.2006760000000014
 21
-123.7534160000000014
 31
0
  0
LINE
  5
7F5
330
1A
100
AcDbEntity
  8
Edge.Cuts
  6
CONTINUOUS
100
AcDbLine
 10
112.2006760000000014
 20
-123.7534160000000014
 30
0
 11
112.1765749999999997
 21
-123.7670109999999966
 31
0
  0
LINE
  5
7F6
330
1A
100
AcDbEntity
  8
Edge.Cuts
  6
CONTINUOUS
100
AcDbLine
 10
112.1765749999999997
 20
-123.7670109999999966
 30
0
 11
112.1523439999999994
 21
-123.780619999999999
 31
0
  0
LINE
  5
7F7
330
1A
100
AcDbEntity
  8
Edge.Cuts
  6
CONTINUOUS
100
AcDbLine
 10
112.1523439999999994
 20
-123.780619999999999
 30
0
 11
112.1279819999999887
 21
-123.794241999999997
 31
0
  0
LINE
  5
7F8
330
1A
100
AcDbEntity
  8
Edge.Cuts
  6
CONTINUOUS
100
AcDbLine
 10
112.1279819999999887
 20
-123.794241999999997
 30
0
 11
112.1034889999999962
 21
-123.8078779999999881
 31
0
  0
LINE
  5
7F9
330
1A
100
AcDbEntity
  8
Edge.Cuts
  6
CONTINUOUS
100
AcDbLine
 10
112.1034889999999962
 20
-123.8078779999999881
 30
0
 11
112.0788620000000009
 21
-123.821526999999989
 31
0
  0
LINE
  5
7FA
330
1A
100
AcDbEntity
  8
Edge.Cuts
  6
CONTINUOUS
100
AcDbLine
 10
112.0788620000000009
 20
-123.821526999999989
 30
0
 11
112.0541009999999886
 21
-123.8351899999999972
 31
0
  0
LINE
  5
7FB
330
1A
100
AcDbEntity
  8
Edge.Cuts
  6
CONTINUOUS
100
AcDbLine
 10
112.0541009999999886
 20
-123.8351899999999972
 30
0
 11
112.0292039999999929
 21
-123.848866000000001
 31
0
  0
LINE
  5
7FC
330
1A
100
AcDbEntity
  8
Edge.Cuts
  6
CONTINUOUS
100
AcDbLine
 10
112.0292039999999929
 20
-123.848866000000001
 30
0
 11
112.0041709999999995
 21
-123.8625550000000004
 31
0
  0
LINE
  5
7FD
330
1A
100
AcDbEntity
  8
Edge.Cuts
  6
CONTINUOUS
100
AcDbLine
 10
112.0041709999999995
 20
-123.8625550000000004
 30
0
 11
111.9789999999999992
 21
-123.8762569999999954
 31
0
  0
LINE
  5
7FE
330
1A
100
AcDbEntity
  8
Edge.Cuts
  6
CONTINUOUS
100
AcDbLine
 10
111.9789999999999992
 20
-123.8762569999999954
 30
0
 11
111.9536899999999946
 21
-123.8899729999999977
 31
0
  0
LINE
  5
7FF
330
1A
100
AcDbEntity
  8
Edge.Cuts
  6
CONTINUOUS
100
AcDbLine
 10
111.9536899999999946
 20
-123.8899729999999977
 30
0
 11
111.9282399999999882
 21
-123.9037019999999956
 31
0
  0
LINE
  5
800
330
1A
100
AcDbEntity
  8
Edge.Cuts
  6
CONTINUOUS
100
AcDbLine
 10
111.9282399999999882
 20
-123.9037019999999956
 30
0
 11
111.9026479999999992
 21
-123.9174450000000007
 31
0
  0
LINE
  5
801
330
1A
100
AcDbEntity
  8
Edge.Cuts
  6
CONTINUOUS
100
AcDbLine
 10
111.9026479999999992
 20
-123.9174450000000007
 30
0
 11
111.8769139999999993
 21
-123.9311999999999898
 31
0
  0
LINE
  5
802
330
1A
100
AcDbEntity
  8
Edge.Cuts
  6
CONTINUOUS
100
AcDbLine
 10
111.8769139999999993
 20
-123.9311999999999898
 30
0
 11
111.8510369999999909
 21
-123.9449690000000004
 31
0
  0
LINE
  5
803
330
1A
100
AcDbEntity
  8
Edge.Cuts
  6
CONTINUOUS
100
AcDbLine
 10
111.8510369999999909
 20
-123.9449690000000004
 30
0
 11
111.8250149999999934
 21
-123.9587499999999949
 31
0
  0
LINE
  5
804
330
1A
100
AcDbEntity
  8
Edge.Cuts
  6
CONTINUOUS
100
AcDbLine
 10
111.8250149999999934
 20
-123.9587499999999949
 30
0
 11
111.798846999999995
 21
-123.9725449999999967
 31
0
  0
LINE
  5
805
330
1A
100
AcDbEntity
  8
Edge.Cuts
  6
CONTINUOUS
100
AcDbLine
 10
111.798846999999995
 20
-123.9725449999999967
 30
0
 11
111.7725319999999982
 21
-123.9863519999999966
 31
0
  0
LINE
  5
806
330
1A
100
AcDbEntity
  8
Edge.Cuts
  6
CONTINUOUS
100
AcDbLine
 10
111.7725319999999982
 20
-123.9863519999999966
 30
0
 11
111.7460689999999914
 21
-124.0001729999999895
 31
0
  0
LINE
  5
807
330
1A
100
AcDbEntity
  8
Edge.Cuts
  6
CONTINUOUS
100
AcDbLine
 10
111.7460689999999914
 20
-124.0001729999999895
 30
0
 11
111.7194559999999939
 21
-124.0140059999999949
 31
0
  0
LINE
  5
808
330
1A
100
AcDbEntity
  8
Edge.Cuts
  6
CONTINUOUS
100
AcDbLine
 10
111.7194559999999939
 20
-124.0140059999999949
 30
0
 11
111.6926929999999913
 21
-124.0278519999999958
 31
0
  0
LINE
  5
809
330
1A
100
AcDbEntity
  8
Edge.Cuts
  6
CONTINUOUS
100
AcDbLine
 10
111.6926929999999913
 20
-124.0278519999999958
 30
0
 11
111.6657779999999889
 21
-124.0417109999999923
 31
0
  0
LINE
  5
80A
330
1A
100
AcDbEntity
  8
Edge.Cuts
  6
CONTINUOUS
100
AcDbLine
 10
111.6657779999999889
 20
-124.0417109999999923
 30
0
 11
111.6387110000000007
 21
-124.0555829999999986
 31
0
  0
LINE
  5
80B
330
1A
100
AcDbEntity
  8
Edge.Cuts
  6
CONTINUOUS
100
AcDbLine
 10
111.6387110000000007
 20
-124.0555829999999986
 30
0
 11
111.6114889999999917
 21
-124.0694680000000005
 31
0
  0
LINE
  5
80C
330
1A
100
AcDbEntity
  8
Edge.Cuts
  6
CONTINUOUS
100
AcDbLine
 10
111.6114889999999917
 20
-124.0694680000000005
 30
0
 11
111.5841119999999904
 21
-124.0833650000000006
 31
0
  0
LINE
  5
80D
330
1A
100
AcDbEntity
  8
Edge.Cuts
  6
CONTINUOUS
100
AcDbLine
 10
111.5841119999999904
 20
-124.0833650000000006
 30
0
 11
111.5565789999999993
 21
-124.0972749999999962
 31
0
  0
LINE
  5
80E
330
1A
100
AcDbEntity
  8
Edge.Cuts
  6
CONTINUOUS
100
AcDbLine
 10
111.5565789999999993
 20
-124.0972749999999962
 30
0
 11
111.5288879999999949
 21
-124.1111979999999875
 31
0
  0
LINE
  5
80F
330
1A
100
AcDbEntity
  8
Edge.Cuts
  6
CONTINUOUS
100
AcDbLine
 10
111.5288879999999949
 20
-124.1111979999999875
 30
0
 11
111.5010389999999916
 21
-124.1251329999999911
 31
0
  0
LINE
  5
810
330
1A
100
AcDbEntity
  8
Edge.Cuts
  6
CONTINUOUS
100
AcDbLine
 10
111.5010389999999916
 20
-124.1251329999999911
 30
0
 11
111.4730299999999943
 21
-124.1390809999999902
 31
0
  0
LINE
  5
811
330
1A
100
AcDbEntity
  8
Edge.Cuts
  6
CONTINUOUS
100
AcDbLine
 10
111.4730299999999943
 20
-124.1390809999999902
 30
0
 11
111.4448599999999914
 21
-124.1530409999999875
 31
0
  0
LINE
  5
812
330
1A
100
AcDbEntity
  8
Edge.Cuts
  6
CONTINUOUS
100
AcDbLine
 10
111.4448599999999914
 20
-124.1530409999999875
 30
0
 11
111.4165279999999996
 21
-124.1670139999999947
 31
0
  0
LINE
  5
813
330
1A
100
AcDbEntity
  8
Edge.Cuts
  6
CONTINUOUS
100
AcDbLine
 10
111.4165279999999996
 20
-124.1670139999999947
 30
0
 11
111.3880319999999955
 21
-124.1809989999999999
 31
0
  0
LINE
  5
814
330
1A
100
AcDbEntity
  8
Edge.Cuts
  6
CONTINUOUS
100
AcDbLine
 10
111.3880319999999955
 20
-124.1809989999999999
 30
0
 11
111.3593719999999934
 21
-124.1949959999999891
 31
0
  0
LINE
  5
815
330
1A
100
AcDbEntity
  8
Edge.Cuts
  6
CONTINUOUS
100
AcDbLine
 10
111.3593719999999934
 20
-124.1949959999999891
 30
0
 11
111.3305469999999957
 21
-124.209005999999988
 31
0
  0
LINE
  5
816
330
1A
100
AcDbEntity
  8
Edge.Cuts
  6
CONTINUOUS
100
AcDbLine
 10
111.3305469999999957
 20
-124.209005999999988
 30
0
 11
111.3015549999999934
 21
-124.2230279999999993
 31
0
  0
LINE
  5
817
330
1A
100
AcDbEntity
  8
Edge.Cuts
  6
CONTINUOUS
100
AcDbLine
 10
111.3015549999999934
 20
-124.2230279999999993
 30
0
 11
111.2723949999999888
 21
-124.2370619999999946
 31
0
  0
LINE
  5
818
330
1A
100
AcDbEntity
  8
Edge.Cuts
  6
CONTINUOUS
100
AcDbLine
 10
111.2723949999999888
 20
-124.2370619999999946
 30
0
 11
111.2430650000000014
 21
-124.2511089999999996
 31
0
  0
LINE
  5
819
330
1A
100
AcDbEntity
  8
Edge.Cuts
  6
CONTINUOUS
100
AcDbLine
 10
111.2430650000000014
 20
-124.2511089999999996
 30
0
 11
111.2135660000000001
 21
-124.2651679999999885
 31
0
  0
LINE
  5
81A
330
1A
100
AcDbEntity
  8
Edge.Cuts
  6
CONTINUOUS
100
AcDbLine
 10
111.2135660000000001
 20
-124.2651679999999885
 30
0
 11
111.1838949999999926
 21
-124.2792389999999898
 31
0
  0
LINE
  5
81B
330
1A
100
AcDbEntity
  8
Edge.Cuts
  6
CONTINUOUS
100
AcDbLine
 10
111.1838949999999926
 20
-124.2792389999999898
 30
0
 11
111.154051999999993
 21
-124.2933219999999892
 31
0
  0
LINE
  5
81C
330
1A
100
AcDbEntity
  8
Edge.Cuts
  6
CONTINUOUS
100
AcDbLine
 10
111.154051999999993
 20
-124.2933219999999892
 30
0
 11
111.1240349999999921
 21
-124.3074170000000009
 31
0
  0
LINE
  5
81D
330
1A
100
AcDbEntity
  8
Edge.Cuts
  6
CONTINUOUS
100
AcDbLine
 10
111.1240349999999921
 20
-124.3074170000000009
 30
0
 11
111.0938429999999926
 21
-124.3215239999999966
 31
0
  0
LINE
  5
81E
330
1A
100
AcDbEntity
  8
Edge.Cuts
  6
CONTINUOUS
100
AcDbLine
 10
111.0938429999999926
 20
-124.3215239999999966
 30
0
 11
111.0634749999999968
 21
-124.3356429999999904
 31
0
  0
LINE
  5
81F
330
1A
100
AcDbEntity
  8
Edge.Cuts
  6
CONTINUOUS
100
AcDbLine
 10
111.0634749999999968
 20
-124.3356429999999904
 30
0
 11
111.0329299999999932
 21
-124.3497739999999965
 31
0
  0
LINE
  5
820
330
1A
100
AcDbEntity
  8
Edge.Cuts
  6
CONTINUOUS
100
AcDbLine
 10
111.0329299999999932
 20
-124.3497739999999965
 30
0
 11
111.002206000000001
 21
-124.3639170000000007
 31
0
  0
LINE
  5
821
330
1A
100
AcDbEntity
  8
Edge.Cuts
  6
CONTINUOUS
100
AcDbLine
 10
111.002206000000001
 20
-124.3639170000000007
 30
0
 11
110.9713029999999918
 21
-124.3780719999999889
 31
0
  0
LINE
  5
822
330
1A
100
AcDbEntity
  8
Edge.Cuts
  6
CONTINUOUS
100
AcDbLine
 10
110.9713029999999918
 20
-124.3780719999999889
 30
0
 11
110.940218999999999
 21
-124.3922389999999893
 31
0
  0
LINE
  5
823
330
1A
100
AcDbEntity
  8
Edge.Cuts
  6
CONTINUOUS
100
AcDbLine
 10
110.940218999999999
 20
-124.3922389999999893
 30
0
 11
110.9089539999999943
 21
-124.4064169999999905
 31
0
  0
LINE
  5
824
330
1A
100
AcDbEntity
  8
Edge.Cuts
  6
CONTINUOUS
100
AcDbLine
 10
110.9089539999999943
 20
-124.4064169999999905
 30
0
 11
110.8775059999999968
 21
-124.4206069999999897
 31
0
  0
LINE
  5
825
330
1A
100
AcDbEntity
  8
Edge.Cuts
  6
CONTINUOUS
100
AcDbLine
 10
110.8775059999999968
 20
-124.4206069999999897
 30
0
 11
110.8458729999999974
 21
-124.4348090000000013
 31
0
  0
LINE
  5
826
330
1A
100
AcDbEntity
  8
Edge.Cuts
  6
CONTINUOUS
100
AcDbLine
 10
110.8458729999999974
 20
-124.4348090000000013
 30
0
 11
110.8140549999999962
 21
-124.4490229999999968
 31
0
  0
LINE
  5
827
330
1A
100
AcDbEntity
  8
Edge.Cuts
  6
CONTINUOUS
100
AcDbLine
 10
110.8140549999999962
 20
-124.4490229999999968
 30
0
 11
110.7820509999999956
 21
-124.463247999999993
 31
0
  0
LINE
  5
828
330
1A
100
AcDbEntity
  8
Edge.Cuts
  6
CONTINUOUS
100
AcDbLine
 10
110.7820509999999956
 20
-124.463247999999993
 30
0
 11
110.7498590000000007
 21
-124.4774849999999873
 31
0
  0
LINE
  5
829
330
1A
100
AcDbEntity
  8
Edge.Cuts
  6
CONTINUOUS
100
AcDbLine
 10
110.7498590000000007
 20
-124.4774849999999873
 30
0
 11
110.7174779999999998
 21
-124.4917329999999964
 31
0
  0
LINE
  5
82A
330
1A
100
AcDbEntity
  8
Edge.Cuts
  6
CONTINUOUS
100
AcDbLine
 10
110.7174779999999998
 20
-124.4917329999999964
 30
0
 11
110.684907999999993
 21
-124.5059929999999895
 31
0
  0
LINE
  5
82B
330
1A
100
AcDbEntity
  8
Edge.Cuts
  6
CONTINUOUS
100
AcDbLine
 10
110.684907999999993
 20
-124.5059929999999895
 30
0
 11
110.6521460000000019
 21
-124.5202639999999974
 31
0
  0
LINE
  5
82C
330
1A
100
AcDbEntity
  8
Edge.Cuts
  6
CONTINUOUS
100
AcDbLine
 10
110.6521460000000019
 20
-124.5202639999999974
 30
0
 11
110.6191919999999982
 21
-124.5345469999999892
 31
0
  0
LINE
  5
82D
330
1A
100
AcDbEntity
  8
Edge.Cuts
  6
CONTINUOUS
100
AcDbLine
 10
110.6191919999999982
 20
-124.5345469999999892
 30
0
 11
110.5860449999999986
 21
-124.5488409999999959
 31
0
  0
LINE
  5
82E
330
1A
100
AcDbEntity
  8
Edge.Cuts
  6
CONTINUOUS
100
AcDbLine
 10
110.5860449999999986
 20
-124.5488409999999959
 30
0
 11
110.5527029999999939
 21
-124.563145999999989
 31
0
  0
LINE
  5
82F
330
1A
100
AcDbEntity
  8
Edge.Cuts
  6
CONTINUOUS
100
AcDbLine
 10
110.5527029999999939
 20
-124.563145999999989
 30
0
 11
110.519165000000001
 21
-124.5774629999999945
 31
0
  0
LINE
  5
830
330
1A
100
AcDbEntity
  8
Edge.Cuts
  6
CONTINUOUS
100
AcDbLine
 10
110.519165000000001
 20
-124.5774629999999945
 30
0
 11
110.4854309999999913
 21
-124.5917910000000006
 31
0
  0
LINE
  5
831
330
1A
100
AcDbEntity
  8
Edge.Cuts
  6
CONTINUOUS
100
AcDbLine
 10
110.4854309999999913
 20
-124.5917910000000006
 30
0
 11
110.4514980000000008
 21
-124.6061299999999932
 31
0
  0
LINE
  5
832
330
1A
100
AcDbEntity
  8
Edge.Cuts
  6
CONTINUOUS
100
AcDbLine
 10
110.4514980000000008
 20
-124.6061299999999932
 30
0
 11
110.4173660000000012
 21
-124.6204800000000006
 31
0
  0
LINE
  5
833
330
1A
100
AcDbEntity
  8
Edge.Cuts
  6
CONTINUOUS
100
AcDbLine
 10
110.4173660000000012
 20
-124.6204800000000006
 30
0
 11
110.383033999999995
 21
-124.6348419999999919
 31
0
  0
LINE
  5
834
330
1A
100
AcDbEntity
  8
Edge.Cuts
  6
CONTINUOUS
100
AcDbLine
 10
110.383033999999995
 20
-124.6348419999999919
 30
0
 11
110.3485000000000014
 21
-124.6492140000000006
 31
0
  0
LINE
  5
835
330
1A
100
AcDbEntity
  8
Edge.Cuts
  6
CONTINUOUS
100
AcDbLine
 10
110.3485000000000014
 20
-124.6492140000000006
 30
0
 11
110.3137639999999919
 21
-124.6635979999999932
 31
0
  0
LINE
  5
836
330
1A
100
AcDbEntity
  8
Edge.Cuts
  6
CONTINUOUS
100
AcDbLine
 10
110.3137639999999919
 20
-124.6635979999999932
 30
0
 11
110.2788240000000002
 21
-124.6779930000000007
 31
0
  0
LINE
  5
837
330
1A
100
AcDbEntity
  8
Edge.Cuts
  6
CONTINUOUS
100
AcDbLine
 10
110.2788240000000002
 20
-124.6779930000000007
 30
0
 11
110.2436790000000002
 21
-124.6923979999999972
 31
0
  0
LINE
  5
838
330
1A
100
AcDbEntity
  8
Edge.Cuts
  6
CONTINUOUS
100
AcDbLine
 10
110.2436790000000002
 20
-124.6923979999999972
 30
0
 11
110.2083279999999945
 21
-124.7068149999999918
 31
0
  0
LINE
  5
839
330
1A
100
AcDbEntity
  8
Edge.Cuts
  6
CONTINUOUS
100
AcDbLine
 10
110.2083279999999945
 20
-124.7068149999999918
 30
0
 11
110.1727689999999882
 21
-124.7212430000000012
 31
0
  0
LINE
  5
83A
330
1A
100
AcDbEntity
  8
Edge.Cuts
  6
CONTINUOUS
100
AcDbLine
 10
110.1727689999999882
 20
-124.7212430000000012
 30
0
 11
110.1370019999999954
 21
-124.7356809999999996
 31
0
  0
LINE
  5
83B
330
1A
100
AcDbEntity
  8
Edge.Cuts
  6
CONTINUOUS
100
AcDbLine
 10
110.1370019999999954
 20
-124.7356809999999996
 30
0
 11
110.1010249999999928
 21
-124.7501299999999986
 31
0
  0
LINE
  5
83C
330
1A
100
AcDbEntity
  8
Edge.Cuts
  6
CONTINUOUS
100
AcDbLine
 10
110.1010249999999928
 20
-124.7501299999999986
 30
0
 11
110.0648379999999946
 21
-124.7645899999999983
 31
0
  0
LINE
  5
83D
330
1A
100
AcDbEntity
  8
Edge.Cuts
  6
CONTINUOUS
100
AcDbLine
 10
110.0648379999999946
 20
-124.7645899999999983
 30
0
 11
110.0284379999999942
 21
-124.7790609999999987
 31
0
  0
LINE
  5
83E
330
1A
100
AcDbEntity
  8
Edge.Cuts
  6
CONTINUOUS
100
AcDbLine
 10
110.0284379999999942
 20
-124.7790609999999987
 30
0
 11
109.991825999999989
 21
-124.793541999999988
 31
0
  0
LINE
  5
83F
330
1A
100
AcDbEntity
  8
Edge.Cuts
  6
CONTINUOUS
100
AcDbLine
 10
109.991825999999989
 20
-124.793541999999988
 30
0
 11
109.9549990000000008
 21
-124.8080339999999921
 31
0
  0
LINE
  5
840
330
1A
100
AcDbEntity
  8
Edge.Cuts
  6
CONTINUOUS
100
AcDbLine
 10
109.9549990000000008
 20
-124.8080339999999921
 30
0
 11
109.9179570000000012
 21
-124.822536999999997
 31
0
  0
LINE
  5
841
330
1A
100
AcDbEntity
  8
Edge.Cuts
  6
CONTINUOUS
100
AcDbLine
 10
109.9179570000000012
 20
-124.822536999999997
 30
0
 11
109.8806979999999953
 21
-124.8370499999999907
 31
0
  0
LINE
  5
842
330
1A
100
AcDbEntity
  8
Edge.Cuts
  6
CONTINUOUS
100
AcDbLine
 10
109.8806979999999953
 20
-124.8370499999999907
 30
0
 11
109.8432209999999998
 21
-124.8515739999999994
 31
0
  0
LINE
  5
843
330
1A
100
AcDbEntity
  8
Edge.Cuts
  6
CONTINUOUS
100
AcDbLine
 10
109.8432209999999998
 20
-124.8515739999999994
 30
0
 11
109.8055260000000004
 21
-124.8661089999999945
 31
0
  0
LINE
  5
844
330
1A
100
AcDbEntity
  8
Edge.Cuts
  6
CONTINUOUS
100
AcDbLine
 10
109.8055260000000004
 20
-124.8661089999999945
 30
0
 11
109.7676109999999881
 21
-124.8806539999999927
 31
0
  0
LINE
  5
845
330
1A
100
AcDbEntity
  8
Edge.Cuts
  6
CONTINUOUS
100
AcDbLine
 10
109.7676109999999881
 20
-124.8806539999999927
 30
0
 11
109.7294739999999962
 21
-124.8952089999999941
 31
0
  0
LINE
  5
846
330
1A
100
AcDbEntity
  8
Edge.Cuts
  6
CONTINUOUS
100
AcDbLine
 10
109.7294739999999962
 20
-124.8952089999999941
 30
0
 11
109.6911149999999964
 21
-124.9097739999999988
 31
0
  0
LINE
  5
847
330
1A
100
AcDbEntity
  8
Edge.Cuts
  6
CONTINUOUS
100
AcDbLine
 10
109.6911149999999964
 20
-124.9097739999999988
 30
0
 11
109.6525319999999937
 21
-124.9243499999999898
 31
0
  0
LINE
  5
848
330
1A
100
AcDbEntity
  8
Edge.Cuts
  6
CONTINUOUS
100
AcDbLine
 10
109.6525319999999937
 20
-124.9243499999999898
 30
0
 11
109.6137249999999881
 21
-124.9389369999999957
 31
0
  0
LINE
  5
849
330
1A
100
AcDbEntity
  8
Edge.Cuts
  6
CONTINUOUS
100
AcDbLine
 10
109.6137249999999881
 20
-124.9389369999999957
 30
0
 11
109.5746919999999989
 21
-124.9535329999999931
 31
0
  0
LINE
  5
84A
330
1A
100
AcDbEntity
  8
Edge.Cuts
  6
CONTINUOUS
100
AcDbLine
 10
109.5746919999999989
 20
-124.9535329999999931
 30
0
 11
109.5354320000000001
 21
-124.9681399999999911
 31
0
  0
LINE
  5
84B
330
1A
100
AcDbEntity
  8
Edge.Cuts
  6
CONTINUOUS
100
AcDbLine
 10
109.5354320000000001
 20
-124.9681399999999911
 30
0
 11
109.4959429999999969
 21
-124.9827569999999923
 31
0
  0
LINE
  5
84C
330
1A
100
AcDbEntity
  8
Edge.Cuts
  6
CONTINUOUS
100
AcDbLine
 10
109.4959429999999969
 20
-124.9827569999999923
 30
0
 11
109.4562260000000009
 21
-124.9973839999999967
 31
0
  0
LINE
  5
84D
330
1A
100
AcDbEntity
  8
Edge.Cuts
  6
CONTINUOUS
100
AcDbLine
 10
109.4562260000000009
 20
-124.9973839999999967
 30
0
 11
109.4162769999999938
 21
-125.0120209999999901
 31
0
  0
LINE
  5
84E
330
1A
100
AcDbEntity
  8
Edge.Cuts
  6
CONTINUOUS
100
AcDbLine
 10
109.4162769999999938
 20
-125.0120209999999901
 30
0
 11
109.3760979999999989
 21
-125.0266689999999983
 31
0
  0
LINE
  5
84F
330
1A
100
AcDbEntity
  8
Edge.Cuts
  6
CONTINUOUS
100
AcDbLine
 10
109.3760979999999989
 20
-125.0266689999999983
 30
0
 11
109.335684999999998
 21
-125.041325999999998
 31
0
  0
LINE
  5
850
330
1A
100
AcDbEntity
  8
Edge.Cuts
  6
CONTINUOUS
100
AcDbLine
 10
109.335684999999998
 20
-125.041325999999998
 30
0
 11
109.295037999999991
 21
-125.0559930000000008
 31
0
  0
LINE
  5
851
330
1A
100
AcDbEntity
  8
Edge.Cuts
  6
CONTINUOUS
100
AcDbLine
 10
109.295037999999991
 20
-125.0559930000000008
 30
0
 11
109.2541569999999922
 21
-125.0706699999999927
 31
0
  0
LINE
  5
852
330
1A
100
AcDbEntity
  8
Edge.Cuts
  6
CONTINUOUS
100
AcDbLine
 10
109.2541569999999922
 20
-125.0706699999999927
 30
0
 11
109.2130389999999949
 21
-125.0853579999999994
 31
0
  0
LINE
  5
853
330
1A
100
AcDbEntity
  8
Edge.Cuts
  6
CONTINUOUS
100
AcDbLine
 10
109.2130389999999949
 20
-125.0853579999999994
 30
0
 11
109.1716830000000016
 21
-125.1000549999999976
 31
0
  0
LINE
  5
854
330
1A
100
AcDbEntity
  8
Edge.Cuts
  6
CONTINUOUS
100
AcDbLine
 10
109.1716830000000016
 20
-125.1000549999999976
 30
0
 11
109.1300889999999981
 21
-125.1147609999999872
 31
0
  0
LINE
  5
855
330
1A
100
AcDbEntity
  8
Edge.Cuts
  6
CONTINUOUS
100
AcDbLine
 10
109.1300889999999981
 20
-125.1147609999999872
 30
0
 11
109.0882560000000012
 21
-125.1294779999999918
 31
0
  0
LINE
  5
856
330
1A
100
AcDbEntity
  8
Edge.Cuts
  6
CONTINUOUS
100
AcDbLine
 10
109.0882560000000012
 20
-125.1294779999999918
 30
0
 11
109.04618099999999
 21
-125.1442039999999878
 31
0
  0
LINE
  5
857
330
1A
100
AcDbEntity
  8
Edge.Cuts
  6
CONTINUOUS
100
AcDbLine
 10
109.04618099999999
 20
-125.1442039999999878
 30
0
 11
109.003863999999993
 21
-125.1589400000000012
 31
0
  0
LINE
  5
858
330
1A
100
AcDbEntity
  8
Edge.Cuts
  6
CONTINUOUS
100
AcDbLine
 10
109.003863999999993
 20
-125.1589400000000012
 30
0
 11
108.9613039999999984
 21
-125.1736859999999893
 31
0
  0
LINE
  5
859
330
1A
100
AcDbEntity
  8
Edge.Cuts
  6
CONTINUOUS
100
AcDbLine
 10
108.9613039999999984
 20
-125.1736859999999893
 30
0
 11
108.9184999999999945
 21
-125.1884419999999949
 31
0
  0
LINE
  5
85A
330
1A
100
AcDbEntity
  8
Edge.Cuts
  6
CONTINUOUS
100
AcDbLine
 10
108.9184999999999945
 20
-125.1884419999999949
 30
0
 11
108.8754500000000007
 21
-125.2032059999999944
 31
0
  0
LINE
  5
85B
330
1A
100
AcDbEntity
  8
Edge.Cuts
  6
CONTINUOUS
100
AcDbLine
 10
108.8754500000000007
 20
-125.2032059999999944
 30
0
 11
108.832152999999991
 21
-125.2179809999999947
 31
0
  0
LINE
  5
85C
330
1A
100
AcDbEntity
  8
Edge.Cuts
  6
CONTINUOUS
100
AcDbLine
 10
108.832152999999991
 20
-125.2179809999999947
 30
0
 11
108.7886089999999939
 21
-125.2327650000000006
 31
0
  0
LINE
  5
85D
330
1A
100
AcDbEntity
  8
Edge.Cuts
  6
CONTINUOUS
100
AcDbLine
 10
108.7886089999999939
 20
-125.2327650000000006
 30
0
 11
108.7448149999999885
 21
-125.2475579999999979
 31
0
  0
LINE
  5
85E
330
1A
100
AcDbEntity
  8
Edge.Cuts
  6
CONTINUOUS
100
AcDbLine
 10
108.7448149999999885
 20
-125.2475579999999979
 30
0
 11
108.7007720000000006
 21
-125.2623609999999985
 31
0
  0
LINE
  5
85F
330
1A
100
AcDbEntity
  8
Edge.Cuts
  6
CONTINUOUS
100
AcDbLine
 10
108.7007720000000006
 20
-125.2623609999999985
 30
0
 11
108.6564769999999953
 21
-125.277173999999988
 31
0
  0
LINE
  5
860
330
1A
100
AcDbEntity
  8
Edge.Cuts
  6
CONTINUOUS
100
AcDbLine
 10
108.6564769999999953
 20
-125.277173999999988
 30
0
 11
108.6119289999999893
 21
-125.291995
 31
0
  0
LINE
  5
861
330
1A
100
AcDbEntity
  8
Edge.Cuts
  6
CONTINUOUS
100
AcDbLine
 10
108.6119289999999893
 20
-125.291995
 30
0
 11
108.5671279999999967
 21
-125.3068260000000009
 31
0
  0
LINE
  5
862
330
1A
100
AcDbEntity
  8
Edge.Cuts
  6
CONTINUOUS
100
AcDbLine
 10
108.5671279999999967
 20
-125.3068260000000009
 30
0
 11
108.5220719999999943
 21
-125.3216659999999933
 31
0
  0
LINE
  5
863
330
1A
100
AcDbEntity
  8
Edge.Cuts
  6
CONTINUOUS
100
AcDbLine
 10
108.5220719999999943
 20
-125.3216659999999933
 30
0
 11
108.4767599999999987
 21
-125.3365159999999889
 31
0
  0
LINE
  5
864
330
1A
100
AcDbEntity
  8
Edge.Cuts
  6
CONTINUOUS
100
AcDbLine
 10
108.4767599999999987
 20
-125.3365159999999889
 30
0
 11
108.4311909999999983
 21
-125.3513739999999927
 31
0
  0
LINE
  5
865
330
1A
100
AcDbEntity
  8
Edge.Cuts
  6
CONTINUOUS
100
AcDbLine
 10
108.4311909999999983
 20
-125.3513739999999927
 30
0
 11
108.3853629999999981
 21
-125.3662419999999997
 31
0
  0
LINE
  5
866
330
1A
100
AcDbEntity
  8
Edge.Cuts
  6
CONTINUOUS
100
AcDbLine
 10
108.3853629999999981
 20
-125.3662419999999997
 30
0
 11
108.3392759999999981
 21
-125.3811189999999982
 31
0
  0
LINE
  5
867
330
1A
100
AcDbEntity
  8
Edge.Cuts
  6
CONTINUOUS
100
AcDbLine
 10
108.3392759999999981
 20
-125.3811189999999982
 30
0
 11
108.2929290000000009
 21
-125.3960049999999882
 31
0
  0
LINE
  5
868
330
1A
100
AcDbEntity
  8
Edge.Cuts
  6
CONTINUOUS
100
AcDbLine
 10
108.2929290000000009
 20
-125.3960049999999882
 30
0
 11
108.2463189999999997
 21
-125.410899999999998
 31
0
  0
LINE
  5
869
330
1A
100
AcDbEntity
  8
Edge.Cuts
  6
CONTINUOUS
100
AcDbLine
 10
108.2463189999999997
 20
-125.410899999999998
 30
0
 11
108.1994469999999922
 21
-125.4258039999999994
 31
0
  0
LINE
  5
86A
330
1A
100
AcDbEntity
  8
Edge.Cuts
  6
CONTINUOUS
100
AcDbLine
 10
108.1994469999999922
 20
-125.4258039999999994
 30
0
 11
108.1523109999999974
 21
-125.4407159999999948
 31
0
  0
LINE
  5
86B
330
1A
100
AcDbEntity
  8
Edge.Cuts
  6
CONTINUOUS
100
AcDbLine
 10
108.1523109999999974
 20
-125.4407159999999948
 30
0
 11
108.1049089999999921
 21
-125.4556379999999933
 31
0
  0
LINE
  5
86C
330
1A
100
AcDbEntity
  8
Edge.Cuts
  6
CONTINUOUS
100
AcDbLine
 10
108.1049089999999921
 20
-125.4556379999999933
 30
0
 11
108.0572409999999905
 21
-125.4705689999999976
 31
0
  0
LINE
  5
86D
330
1A
100
AcDbEntity
  8
Edge.Cuts
  6
CONTINUOUS
100
AcDbLine
 10
108.0572409999999905
 20
-125.4705689999999976
 30
0
 11
108.0093059999999952
 21
-125.4855079999999958
 31
0
  0
LINE
  5
86E
330
1A
100
AcDbEntity
  8
Edge.Cuts
  6
CONTINUOUS
100
AcDbLine
 10
108.0093059999999952
 20
-125.4855079999999958
 30
0
 11
107.9611009999999993
 21
-125.5004569999999973
 31
0
  0
LINE
  5
86F
330
1A
100
AcDbEntity
  8
Edge.Cuts
  6
CONTINUOUS
100
AcDbLine
 10
107.9611009999999993
 20
-125.5004569999999973
 30
0
 11
107.9126270000000005
 21
-125.5154139999999927
 31
0
  0
LINE
  5
870
330
1A
100
AcDbEntity
  8
Edge.Cuts
  6
CONTINUOUS
100
AcDbLine
 10
107.9126270000000005
 20
-125.5154139999999927
 30
0
 11
107.8638819999999896
 21
-125.5303789999999964
 31
0
  0
LINE
  5
871
330
1A
100
AcDbEntity
  8
Edge.Cuts
  6
CONTINUOUS
100
AcDbLine
 10
107.8638819999999896
 20
-125.5303789999999964
 30
0
 11
107.8148649999999975
 21
-125.545353999999989
 31
0
  0
LINE
  5
872
330
1A
100
AcDbEntity
  8
Edge.Cuts
  6
CONTINUOUS
100
AcDbLine
 10
107.8148649999999975
 20
-125.545353999999989
 30
0
 11
107.7655740000000009
 21
-125.5603369999999899
 31
0
  0
LINE
  5
873
330
1A
100
AcDbEntity
  8
Edge.Cuts
  6
CONTINUOUS
100
AcDbLine
 10
107.7655740000000009
 20
-125.5603369999999899
 30
0
 11
107.7160089999999997
 21
-125.575327999999999
 31
0
  0
LINE
  5
874
330
1A
100
AcDbEntity
  8
Edge.Cuts
  6
CONTINUOUS
100
AcDbLine
 10
107.7160089999999997
 20
-125.575327999999999
 30
0
 11
107.666167999999999
 21
-125.5903279999999995
 31
0
  0
LINE
  5
875
330
1A
100
AcDbEntity
  8
Edge.Cuts
  6
CONTINUOUS
100
AcDbLine
 10
107.666167999999999
 20
-125.5903279999999995
 30
0
 11
107.6160500000000013
 21
-125.6053369999999916
 31
0
  0
LINE
  5
876
330
1A
100
AcDbEntity
  8
Edge.Cuts
  6
CONTINUOUS
100
AcDbLine
 10
107.6160500000000013
 20
-125.6053369999999916
 30
0
 11
107.565653999999995
 21
-125.6203539999999919
 31
0
  0
LINE
  5
877
330
1A
100
AcDbEntity
  8
Edge.Cuts
  6
CONTINUOUS
100
AcDbLine
 10
107.565653999999995
 20
-125.6203539999999919
 30
0
 11
107.5149789999999967
 21
-125.6353799999999978
 31
0
  0
LINE
  5
878
330
1A
100
AcDbEntity
  8
Edge.Cuts
  6
CONTINUOUS
100
AcDbLine
 10
107.5149789999999967
 20
-125.6353799999999978
 30
0
 11
107.4640239999999949
 21
-125.6504130000000004
 31
0
  0
LINE
  5
879
330
1A
100
AcDbEntity
  8
Edge.Cuts
  6
CONTINUOUS
100
AcDbLine
 10
107.4640239999999949
 20
-125.6504130000000004
 30
0
 11
107.4127869999999945
 21
-125.6654559999999918
 31
0
  0
LINE
  5
87A
330
1A
100
AcDbEntity
  8
Edge.Cuts
  6
CONTINUOUS
100
AcDbLine
 10
107.4127869999999945
 20
-125.6654559999999918
 30
0
 11
107.3612679999999955
 21
-125.6805059999999941
 31
0
  0
LINE
  5
87B
330
1A
100
AcDbEntity
  8
Edge.Cuts
  6
CONTINUOUS
100
AcDbLine
 10
107.3612679999999955
 20
-125.6805059999999941
 30
0
 11
107.3094649999999888
 21
-125.6955649999999878
 31
0
  0
LINE
  5
87C
330
1A
100
AcDbEntity
  8
Edge.Cuts
  6
CONTINUOUS
100
AcDbLine
 10
107.3094649999999888
 20
-125.6955649999999878
 30
0
 11
107.2573759999999936
 21
-125.7106319999999897
 31
0
  0
LINE
  5
87D
330
1A
100
AcDbEntity
  8
Edge.Cuts
  6
CONTINUOUS
100
AcDbLine
 10
107.2573759999999936
 20
-125.7106319999999897
 30
0
 11
107.2050019999999932
 21
-125.7257069999999999
 31
0
  0
LINE
  5
87E
330
1A
100
AcDbEntity
  8
Edge.Cuts
  6
CONTINUOUS
100
AcDbLine
 10
107.2050019999999932
 20
-125.7257069999999999
 30
0
 11
107.1523409999999927
 21
-125.7407909999999873
 31
0
  0
LINE
  5
87F
330
1A
100
AcDbEntity
  8
Edge.Cuts
  6
CONTINUOUS
100
AcDbLine
 10
107.1523409999999927
 20
-125.7407909999999873
 30
0
 11
107.0993909999999971
 21
-125.7558819999999997
 31
0
  0
LINE
  5
880
330
1A
100
AcDbEntity
  8
Edge.Cuts
  6
CONTINUOUS
100
AcDbLine
 10
107.0993909999999971
 20
-125.7558819999999997
 30
0
 11
107.0461509999999947
 21
-125.7709819999999894
 31
0
  0
LINE
  5
881
330
1A
100
AcDbEntity
  8
Edge.Cuts
  6
CONTINUOUS
100
AcDbLine
 10
107.0461509999999947
 20
-125.7709819999999894
 30
0
 11
106.9926209999999998
 21
-125.7860889999999898
 31
0
  0
LINE
  5
882
330
1A
100
AcDbEntity
  8
Edge.Cuts
  6
CONTINUOUS
100
AcDbLine
 10
106.9926209999999998
 20
-125.7860889999999898
 30
0
 11
106.9387989999999888
 21
-125.8012049999999959
 31
0
  0
LINE
  5
883
330
1A
100
AcDbEntity
  8
Edge.Cuts
  6
CONTINUOUS
100
AcDbLine
 10
106.9387989999999888
 20
-125.8012049999999959
 30
0
 11
106.8846839999999929
 21
-125.8163279999999986
 31
0
  0
LINE
  5
884
330
1A
100
AcDbEntity
  8
Edge.Cuts
  6
CONTINUOUS
100
AcDbLine
 10
106.8846839999999929
 20
-125.8163279999999986
 30
0
 11
106.8302739999999886
 21
-125.8314599999999928
 31
0
  0
LINE
  5
885
330
1A
100
AcDbEntity
  8
Edge.Cuts
  6
CONTINUOUS
100
AcDbLine
 10
106.8302739999999886
 20
-125.8314599999999928
 30
0
 11
106.7755689999999902
 21
-125.8465989999999977
 31
0
  0
LINE
  5
886
330
1A
100
AcDbEntity
  8
Edge.Cuts
  6
CONTINUOUS
100
AcDbLine
 10
106.7755689999999902
 20
-125.8465989999999977
 30
0
 11
106.7205680000000001
 21
-125.8617459999999966
 31
0
  0
LINE
  5
887
330
1A
100
AcDbEntity
  8
Edge.Cuts
  6
CONTINUOUS
100
AcDbLine
 10
106.7205680000000001
 20
-125.8617459999999966
 30
0
 11
106.665268999999995
 21
-125.8769009999999895
 31
0
  0
LINE
  5
888
330
1A
100
AcDbEntity
  8
Edge.Cuts
  6
CONTINUOUS
100
AcDbLine
 10
106.665268999999995
 20
-125.8769009999999895
 30
0
 11
106.6096709999999916
 21
-125.8920639999999906
 31
0
  0
LINE
  5
889
330
1A
100
AcDbEntity
  8
Edge.Cuts
  6
CONTINUOUS
100
AcDbLine
 10
106.6096709999999916
 20
-125.8920639999999906
 30
0
 11
106.5537729999999925
 21
-125.9072339999999883
 31
0
  0
LINE
  5
88A
330
1A
100
AcDbEntity
  8
Edge.Cuts
  6
CONTINUOUS
100
AcDbLine
 10
106.5537729999999925
 20
-125.9072339999999883
 30
0
 11
106.4975740000000002
 21
-125.9224119999999942
 31
0
  0
LINE
  5
88B
330
1A
100
AcDbEntity
  8
Edge.Cuts
  6
CONTINUOUS
100
AcDbLine
 10
106.4975740000000002
 20
-125.9224119999999942
 30
0
 11
106.4410729999999887
 21
-125.9375979999999942
 31
0
  0
LINE
  5
88C
330
1A
100
AcDbEntity
  8
Edge.Cuts
  6
CONTINUOUS
100
AcDbLine
 10
106.4410729999999887
 20
-125.9375979999999942
 30
0
 11
106.3842679999999916
 21
-125.9527909999999906
 31
0
  0
LINE
  5
88D
330
1A
100
AcDbEntity
  8
Edge.Cuts
  6
CONTINUOUS
100
AcDbLine
 10
106.3842679999999916
 20
-125.9527909999999906
 30
0
 11
106.3271579999999972
 21
-125.9679919999999953
 31
0
  0
LINE
  5
88E
330
1A
100
AcDbEntity
  8
Edge.Cuts
  6
CONTINUOUS
100
AcDbLine
 10
106.3271579999999972
 20
-125.9679919999999953
 30
0
 11
106.2697429999999912
 21
-125.9831999999999965
 31
0
  0
LINE
  5
88F
330
1A
100
AcDbEntity
  8
Edge.Cuts
  6
CONTINUOUS
100
AcDbLine
 10
106.2697429999999912
 20
-125.9831999999999965
 30
0
 11
106.2120209999999929
 21
-125.9984159999999918
 31
0
  0
LINE
  5
890
330
1A
100
AcDbEntity
  8
Edge.Cuts
  6
CONTINUOUS
100
AcDbLine
 10
106.2120209999999929
 20
-125.9984159999999918
 30
0
 11
106.1539899999999932
 21
-126.0136389999999977
 31
0
  0
LINE
  5
891
330
1A
100
AcDbEntity
  8
Edge.Cuts
  6
CONTINUOUS
100
AcDbLine
 10
106.1539899999999932
 20
-126.0136389999999977
 30
0
 11
106.095649999999992
 21
-126.0288699999999977
 31
0
  0
LINE
  5
892
330
1A
100
AcDbEntity
  8
Edge.Cuts
  6
CONTINUOUS
100
AcDbLine
 10
106.095649999999992
 20
-126.0288699999999977
 30
0
 11
106.0369999999999919
 21
-126.0441079999999943
 31
0
  0
LINE
  5
893
330
1A
100
AcDbEntity
  8
Edge.Cuts
  6
CONTINUOUS
100
AcDbLine
 10
106.0369999999999919
 20
-126.0441079999999943
 30
0
 11
105.9780389999999954
 21
-126.0593529999999873
 31
0
  0
LINE
  5
894
330
1A
100
AcDbEntity
  8
Edge.Cuts
  6
CONTINUOUS
100
AcDbLine
 10
105.9780389999999954
 20
-126.0593529999999873
 30
0
 11
105.9187639999999959
 21
-126.0746049999999912
 31
0
  0
LINE
  5
895
330
1A
100
AcDbEntity
  8
Edge.Cuts
  6
CONTINUOUS
100
AcDbLine
 10
105.9187639999999959
 20
-126.0746049999999912
 30
0
 11
105.8591759999999908
 21
-126.089864999999989
 31
0
  0
LINE
  5
896
330
1A
100
AcDbEntity
  8
Edge.Cuts
  6
CONTINUOUS
100
AcDbLine
 10
105.8591759999999908
 20
-126.089864999999989
 30
0
 11
105.799272000000002
 21
-126.1051319999999976
 31
0
  0
LINE
  5
897
330
1A
100
AcDbEntity
  8
Edge.Cuts
  6
CONTINUOUS
100
AcDbLine
 10
105.799272000000002
 20
-126.1051319999999976
 30
0
 11
105.7390520000000009
 21
-126.1204059999999885
 31
0
  0
LINE
  5
898
330
1A
100
AcDbEntity
  8
Edge.Cuts
  6
CONTINUOUS
100
AcDbLine
 10
105.7390520000000009
 20
-126.1204059999999885
 30
0
 11
105.6785149999999902
 21
-126.1356869999999901
 31
0
  0
LINE
  5
899
330
1A
100
AcDbEntity
  8
Edge.Cuts
  6
CONTINUOUS
100
AcDbLine
 10
105.6785149999999902
 20
-126.1356869999999901
 30
0
 11
105.6176589999999891
 21
-126.150976
 31
0
  0
LINE
  5
89A
330
1A
100
AcDbEntity
  8
Edge.Cuts
  6
CONTINUOUS
100
AcDbLine
 10
105.6176589999999891
 20
-126.150976
 30
0
 11
105.5564839999999975
 21
-126.1662709999999947
 31
0
  0
LINE
  5
89B
330
1A
100
AcDbEntity
  8
Edge.Cuts
  6
CONTINUOUS
100
AcDbLine
 10
105.5564839999999975
 20
-126.1662709999999947
 30
0
 11
105.4949879999999922
 21
-126.1815730000000002
 31
0
  0
LINE
  5
89C
330
1A
100
AcDbEntity
  8
Edge.Cuts
  6
CONTINUOUS
100
AcDbLine
 10
105.4949879999999922
 20
-126.1815730000000002
 30
0
 11
105.4331689999999924
 21
-126.196881999999988
 31
0
  0
LINE
  5
89D
330
1A
100
AcDbEntity
  8
Edge.Cuts
  6
CONTINUOUS
100
AcDbLine
 10
105.4331689999999924
 20
-126.196881999999988
 30
0
 11
105.3710279999999955
 21
-126.2121980000000008
 31
0
  0
LINE
  5
89E
330
1A
100
AcDbEntity
  8
Edge.Cuts
  6
CONTINUOUS
100
AcDbLine
 10
105.3710279999999955
 20
-126.2121980000000008
 30
0
 11
105.3085619999999949
 21
-126.2275209999999959
 31
0
  0
LINE
  5
89F
330
1A
100
AcDbEntity
  8
Edge.Cuts
  6
CONTINUOUS
100
AcDbLine
 10
105.3085619999999949
 20
-126.2275209999999959
 30
0
 11
105.2457699999999932
 21
-126.2428509999999875
 31
0
  0
LINE
  5
8A0
330
1A
100
AcDbEntity
  8
Edge.Cuts
  6
CONTINUOUS
100
AcDbLine
 10
105.2457699999999932
 20
-126.2428509999999875
 30
0
 11
105.1826519999999903
 21
-126.2581879999999899
 31
0
  0
LINE
  5
8A1
330
1A
100
AcDbEntity
  8
Edge.Cuts
  6
CONTINUOUS
100
AcDbLine
 10
105.1826519999999903
 20
-126.2581879999999899
 30
0
 11
105.1192069999999887
 21
-126.2735309999999913
 31
0
  0
LINE
  5
8A2
330
1A
100
AcDbEntity
  8
Edge.Cuts
  6
CONTINUOUS
100
AcDbLine
 10
105.1192069999999887
 20
-126.2735309999999913
 30
0
 11
105.0554319999999962
 21
-126.2888809999999893
 31
0
  0
LINE
  5
8A3
330
1A
100
AcDbEntity
  8
Edge.Cuts
  6
CONTINUOUS
100
AcDbLine
 10
105.0554319999999962
 20
-126.2888809999999893
 30
0
 11
104.9913269999999983
 21
-126.304237999999998
 31
0
  0
LINE
  5
8A4
330
1A
100
AcDbEntity
  8
Edge.Cuts
  6
CONTINUOUS
100
AcDbLine
 10
104.9913269999999983
 20
-126.304237999999998
 30
0
 11
104.9268900000000002
 21
-126.3196009999999916
 31
0
  0
LINE
  5
8A5
330
1A
100
AcDbEntity
  8
Edge.Cuts
  6
CONTINUOUS
100
AcDbLine
 10
104.9268900000000002
 20
-126.3196009999999916
 30
0
 11
104.8621219999999994
 21
-126.3349709999999959
 31
0
  0
LINE
  5
8A6
330
1A
100
AcDbEntity
  8
Edge.Cuts
  6
CONTINUOUS
100
AcDbLine
 10
104.8621219999999994
 20
-126.3349709999999959
 30
0
 11
104.7970189999999917
 21
-126.3503479999999968
 31
0
  0
LINE
  5
8A7
330
1A
100
AcDbEntity
  8
Edge.Cuts
  6
CONTINUOUS
100
AcDbLine
 10
104.7970189999999917
 20
-126.3503479999999968
 30
0
 11
104.7315819999999889
 21
-126.3657309999999967
 31
0
  0
LINE
  5
8A8
330
1A
100
AcDbEntity
  8
Edge.Cuts
  6
CONTINUOUS
100
AcDbLine
 10
104.7315819999999889
 20
-126.3657309999999967
 30
0
 11
104.6658089999999959
 21
-126.3811199999999957
 31
0
  0
LINE
  5
8A9
330
1A
100
AcDbEntity
  8
Edge.Cuts
  6
CONTINUOUS
100
AcDbLine
 10
104.6658089999999959
 20
-126.3811199999999957
 30
0
 11
104.5996990000000011
 21
-126.3965159999999912
 31
0
  0
LINE
  5
8AA
330
1A
100
AcDbEntity
  8
Edge.Cuts
  6
CONTINUOUS
100
AcDbLine
 10
104.5996990000000011
 20
-126.3965159999999912
 30
0
 11
104.5332499999999953
 21
-126.411918
 31
0
  0
LINE
  5
8AB
330
1A
100
AcDbEntity
  8
Edge.Cuts
  6
CONTINUOUS
100
AcDbLine
 10
104.5332499999999953
 20
-126.411918
 30
0
 11
104.4664629999999903
 21
-126.4273269999999911
 31
0
  0
LINE
  5
8AC
330
1A
100
AcDbEntity
  8
Edge.Cuts
  6
CONTINUOUS
100
AcDbLine
 10
104.4664629999999903
 20
-126.4273269999999911
 30
0
 11
104.3993339999999961
 21
-126.4427419999999955
 31
0
  0
LINE
  5
8AD
330
1A
100
AcDbEntity
  8
Edge.Cuts
  6
CONTINUOUS
100
AcDbLine
 10
104.3993339999999961
 20
-126.4427419999999955
 30
0
 11
104.3318639999999959
 21
-126.458162999999999
 31
0
  0
LINE
  5
8AE
330
1A
100
AcDbEntity
  8
Edge.Cuts
  6
CONTINUOUS
100
AcDbLine
 10
104.3318639999999959
 20
-126.458162999999999
 30
0
 11
104.2640509999999949
 21
-126.4735899999999873
 31
0
  0
LINE
  5
8AF
330
1A
100
AcDbEntity
  8
Edge.Cuts
  6
CONTINUOUS
100
AcDbLine
 10
104.2640509999999949
 20
-126.4735899999999873
 30
0
 11
104.1958939999999956
 21
-126.4890240000000006
 31
0
  0
LINE
  5
8B0
330
1A
100
AcDbEntity
  8
Edge.Cuts
  6
CONTINUOUS
100
AcDbLine
 10
104.1958939999999956
 20
-126.4890240000000006
 30
0
 11
104.1273909999999887
 21
-126.5044639999999987
 31
0
  0
LINE
  5
8B1
330
1A
100
AcDbEntity
  8
Edge.Cuts
  6
CONTINUOUS
100
AcDbLine
 10
104.1273909999999887
 20
-126.5044639999999987
 30
0
 11
104.0585430000000002
 21
-126.5199099999999959
 31
0
  0
LINE
  5
8B2
330
1A
100
AcDbEntity
  8
Edge.Cuts
  6
CONTINUOUS
100
AcDbLine
 10
104.0585430000000002
 20
-126.5199099999999959
 30
0
 11
103.9893469999999951
 21
-126.5353619999999921
 31
0
  0
LINE
  5
8B3
330
1A
100
AcDbEntity
  8
Edge.Cuts
  6
CONTINUOUS
100
AcDbLine
 10
103.9893469999999951
 20
-126.5353619999999921
 30
0
 11
103.91980199999999
 21
-126.5508199999999874
 31
0
  0
LINE
  5
8B4
330
1A
100
AcDbEntity
  8
Edge.Cuts
  6
CONTINUOUS
100
AcDbLine
 10
103.91980199999999
 20
-126.5508199999999874
 30
0
 11
103.8499070000000017
 21
-126.566283999999996
 31
0
  0
LINE
  5
8B5
330
1A
100
AcDbEntity
  8
Edge.Cuts
  6
CONTINUOUS
100
AcDbLine
 10
103.8499070000000017
 20
-126.566283999999996
 30
0
 11
103.7796609999999902
 21
-126.581752999999992
 31
0
  0
LINE
  5
8B6
330
1A
100
AcDbEntity
  8
Edge.Cuts
  6
CONTINUOUS
100
AcDbLine
 10
103.7796609999999902
 20
-126.581752999999992
 30
0
 11
103.7090630000000004
 21
-126.5972289999999987
 31
0
  0
LINE
  5
8B7
330
1A
100
AcDbEntity
  8
Edge.Cuts
  6
CONTINUOUS
100
AcDbLine
 10
103.7090630000000004
 20
-126.5972289999999987
 30
0
 11
103.6381119999999925
 21
-126.6127109999999902
 31
0
  0
LINE
  5
8B8
330
1A
100
AcDbEntity
  8
Edge.Cuts
  6
CONTINUOUS
100
AcDbLine
 10
103.6381119999999925
 20
-126.6127109999999902
 30
0
 11
103.5668069999999972
 21
-126.6281989999999951
 31
0
  0
LINE
  5
8B9
330
1A
100
AcDbEntity
  8
Edge.Cuts
  6
CONTINUOUS
100
AcDbLine
 10
103.5668069999999972
 20
-126.6281989999999951
 30
0
 11
103.4951449999999937
 21
-126.6436919999999873
 31
0
  0
LINE
  5
8BA
330
1A
100
AcDbEntity
  8
Edge.Cuts
  6
CONTINUOUS
100
AcDbLine
 10
103.4951449999999937
 20
-126.6436919999999873
 30
0
 11
103.4231269999999938
 21
-126.6591909999999928
 31
0
  0
LINE
  5
8BB
330
1A
100
AcDbEntity
  8
Edge.Cuts
  6
CONTINUOUS
100
AcDbLine
 10
103.4231269999999938
 20
-126.6591909999999928
 30
0
 11
103.3507509999999883
 21
-126.6746959999999973
 31
0
  0
LINE
  5
8BC
330
1A
100
AcDbEntity
  8
Edge.Cuts
  6
CONTINUOUS
100
AcDbLine
 10
103.3507509999999883
 20
-126.6746959999999973
 30
0
 11
103.2780159999999938
 21
-126.6902059999999892
 31
0
  0
LINE
  5
8BD
330
1A
100
AcDbEntity
  8
Edge.Cuts
  6
CONTINUOUS
100
AcDbLine
 10
103.2780159999999938
 20
-126.6902059999999892
 30
0
 11
103.2049209999999988
 21
-126.7057219999999944
 31
0
  0
LINE
  5
8BE
330
1A
100
AcDbEntity
  8
Edge.Cuts
  6
CONTINUOUS
100
AcDbLine
 10
103.2049209999999988
 20
-126.7057219999999944
 30
0
 11
103.131463999999994
 21
-126.7212439999999987
 31
0
  0
LINE
  5
8BF
330
1A
100
AcDbEntity
  8
Edge.Cuts
  6
CONTINUOUS
100
AcDbLine
 10
103.131463999999994
 20
-126.7212439999999987
 30
0
 11
103.0576439999999963
 21
-126.7367709999999903
 31
0
  0
LINE
  5
8C0
330
1A
100
AcDbEntity
  8
Edge.Cuts
  6
CONTINUOUS
100
AcDbLine
 10
103.0576439999999963
 20
-126.7367709999999903
 30
0
 11
102.9834609999999913
 21
-126.7523039999999952
 31
0
  0
LINE
  5
8C1
330
1A
100
AcDbEntity
  8
Edge.Cuts
  6
CONTINUOUS
100
AcDbLine
 10
102.9834609999999913
 20
-126.7523039999999952
 30
0
 11
102.9089129999999983
 21
-126.7678419999999875
 31
0
  0
LINE
  5
8C2
330
1A
100
AcDbEntity
  8
Edge.Cuts
  6
CONTINUOUS
100
AcDbLine
 10
102.9089129999999983
 20
-126.7678419999999875
 30
0
 11
102.8339989999999915
 21
-126.783385999999993
 31
0
  0
LINE
  5
8C3
330
1A
100
AcDbEntity
  8
Edge.Cuts
  6
CONTINUOUS
100
AcDbLine
 10
102.8339989999999915
 20
-126.783385999999993
 30
0
 11
102.7587169999999901
 21
-126.7989350000000002
 31
0
  0
LINE
  5
8C4
330
1A
100
AcDbEntity
  8
Edge.Cuts
  6
CONTINUOUS
100
AcDbLine
 10
102.7587169999999901
 20
-126.7989350000000002
 30
0
 11
102.6830679999999916
 21
-126.8144889999999947
 31
0
  0
LINE
  5
8C5
330
1A
100
AcDbEntity
  8
Edge.Cuts
  6
CONTINUOUS
100
AcDbLine
 10
102.6830679999999916
 20
-126.8144889999999947
 30
0
 11
102.6070479999999918
 21
-126.8300489999999883
 31
0
  0
LINE
  5
8C6
330
1A
100
AcDbEntity
  8
Edge.Cuts
  6
CONTINUOUS
100
AcDbLine
 10
102.6070479999999918
 20
-126.8300489999999883
 30
0
 11
102.5306579999999883
 21
-126.8456130000000002
 31
0
  0
LINE
  5
8C7
330
1A
100
AcDbEntity
  8
Edge.Cuts
  6
CONTINUOUS
100
AcDbLine
 10
102.5306579999999883
 20
-126.8456130000000002
 30
0
 11
102.4538960000000003
 21
-126.8611839999999944
 31
0
  0
LINE
  5
8C8
330
1A
100
AcDbEntity
  8
Edge.Cuts
  6
CONTINUOUS
100
AcDbLine
 10
102.4538960000000003
 20
-126.8611839999999944
 30
0
 11
102.3767619999999994
 21
-126.8767589999999927
 31
0
  0
LINE
  5
8C9
330
1A
100
AcDbEntity
  8
Edge.Cuts
  6
CONTINUOUS
100
AcDbLine
 10
102.3767619999999994
 20
-126.8767589999999927
 30
0
 11
102.2992519999999956
 21
-126.8923389999999927
 31
0
  0
LINE
  5
8CA
330
1A
100
AcDbEntity
  8
Edge.Cuts
  6
CONTINUOUS
100
AcDbLine
 10
102.2992519999999956
 20
-126.8923389999999927
 30
0
 11
102.2213679999999982
 21
-126.9079249999999917
 31
0
  0
LINE
  5
8CB
330
1A
100
AcDbEntity
  8
Edge.Cuts
  6
CONTINUOUS
100
AcDbLine
 10
102.2213679999999982
 20
-126.9079249999999917
 30
0
 11
102.1431070000000005
 21
-126.9235159999999922
 31
0
  0
LINE
  5
8CC
330
1A
100
AcDbEntity
  8
Edge.Cuts
  6
CONTINUOUS
100
AcDbLine
 10
102.1431070000000005
 20
-126.9235159999999922
 30
0
 11
102.0644689999999883
 21
-126.9391109999999969
 31
0
  0
LINE
  5
8CD
330
1A
100
AcDbEntity
  8
Edge.Cuts
  6
CONTINUOUS
100
AcDbLine
 10
102.0644689999999883
 20
-126.9391109999999969
 30
0
 11
101.9854509999999976
 21
-126.9547120000000007
 31
0
  0
LINE
  5
8CE
330
1A
100
AcDbEntity
  8
Edge.Cuts
  6
CONTINUOUS
100
AcDbLine
 10
101.9854509999999976
 20
-126.9547120000000007
 30
0
 11
101.9060539999999975
 21
-126.9703179999999918
 31
0
  0
LINE
  5
8CF
330
1A
100
AcDbEntity
  8
Edge.Cuts
  6
CONTINUOUS
100
AcDbLine
 10
101.9060539999999975
 20
-126.9703179999999918
 30
0
 11
101.8262749999999954
 21
-126.9859280000000012
 31
0
  0
LINE
  5
8D0
330
1A
100
AcDbEntity
  8
Edge.Cuts
  6
CONTINUOUS
100
AcDbLine
 10
101.8262749999999954
 20
-126.9859280000000012
 30
0
 11
101.746114999999989
 21
-127.0015439999999955
 31
0
  0
LINE
  5
8D1
330
1A
100
AcDbEntity
  8
Edge.Cuts
  6
CONTINUOUS
100
AcDbLine
 10
101.746114999999989
 20
-127.0015439999999955
 30
0
 11
101.6655700000000024
 21
-127.017163999999994
 31
0
  0
LINE
  5
8D2
330
1A
100
AcDbEntity
  8
Edge.Cuts
  6
CONTINUOUS
100
AcDbLine
 10
101.6655700000000024
 20
-127.017163999999994
 30
0
 11
101.5846420000000023
 21
-127.032788999999994
 31
0
  0
LINE
  5
8D3
330
1A
100
AcDbEntity
  8
Edge.Cuts
  6
CONTINUOUS
100
AcDbLine
 10
101.5846420000000023
 20
-127.032788999999994
 30
0
 11
101.5033269999999987
 21
-127.0484189999999955
 31
0
  0
LINE
  5
8D4
330
1A
100
AcDbEntity
  8
Edge.Cuts
  6
CONTINUOUS
100
AcDbLine
 10
101.5033269999999987
 20
-127.0484189999999955
 30
0
 11
101.4216259999999892
 21
-127.0640530000000012
 31
0
  0
LINE
  5
8D5
330
1A
100
AcDbEntity
  8
Edge.Cuts
  6
CONTINUOUS
100
AcDbLine
 10
101.4216259999999892
 20
-127.0640530000000012
 30
0
 11
101.3395359999999954
 21
-127.0796929999999918
 31
0
  0
LINE
  5
8D6
330
1A
100
AcDbEntity
  8
Edge.Cuts
  6
CONTINUOUS
100
AcDbLine
 10
101.3395359999999954
 20
-127.0796929999999918
 30
0
 11
101.257056999999989
 21
-127.095335999999989
 31
0
  0
LINE
  5
8D7
330
1A
100
AcDbEntity
  8
Edge.Cuts
  6
CONTINUOUS
100
AcDbLine
 10
101.257056999999989
 20
-127.095335999999989
 30
0
 11
101.1741880000000009
 21
-127.1109849999999994
 31
0
  0
LINE
  5
8D8
330
1A
100
AcDbEntity
  8
Edge.Cuts
  6
CONTINUOUS
100
AcDbLine
 10
101.1741880000000009
 20
-127.1109849999999994
 30
0
 11
101.0909269999999935
 21
-127.1266379999999998
 31
0
  0
LINE
  5
8D9
330
1A
100
AcDbEntity
  8
Edge.Cuts
  6
CONTINUOUS
100
AcDbLine
 10
101.0909269999999935
 20
-127.1266379999999998
 30
0
 11
101.0072739999999953
 21
-127.1422949999999901
 31
0
  0
LINE
  5
8DA
330
1A
100
AcDbEntity
  8
Edge.Cuts
  6
CONTINUOUS
100
AcDbLine
 10
101.0072739999999953
 20
-127.1422949999999901
 30
0
 11
100.9232259999999997
 21
-127.1579569999999961
 31
0
  0
LINE
  5
8DB
330
1A
100
AcDbEntity
  8
Edge.Cuts
  6
CONTINUOUS
100
AcDbLine
 10
100.9232259999999997
 20
-127.1579569999999961
 30
0
 11
100.8387839999999898
 21
-127.1736229999999921
 31
0
  0
LINE
  5
8DC
330
1A
100
AcDbEntity
  8
Edge.Cuts
  6
CONTINUOUS
100
AcDbLine
 10
100.8387839999999898
 20
-127.1736229999999921
 30
0
 11
100.7539450000000016
 21
-127.1892939999999896
 31
0
  0
LINE
  5
8DD
330
1A
100
AcDbEntity
  8
Edge.Cuts
  6
CONTINUOUS
100
AcDbLine
 10
100.7539450000000016
 20
-127.1892939999999896
 30
0
 11
100.6687089999999927
 21
-127.2049689999999913
 31
0
  0
LINE
  5
8DE
330
1A
100
AcDbEntity
  8
Edge.Cuts
  6
CONTINUOUS
100
AcDbLine
 10
100.6687089999999927
 20
-127.2049689999999913
 30
0
 11
100.5830749999999938
 21
-127.2206489999999945
 31
0
  0
LINE
  5
8DF
330
1A
100
AcDbEntity
  8
Edge.Cuts
  6
CONTINUOUS
100
AcDbLine
 10
100.5830749999999938
 20
-127.2206489999999945
 30
0
 11
100.4970409999999958
 21
-127.2363319999999902
 31
0
  0
LINE
  5
8E0
330
1A
100
AcDbEntity
  8
Edge.Cuts
  6
CONTINUOUS
100
AcDbLine
 10
100.4970409999999958
 20
-127.2363319999999902
 30
0
 11
100.4106060000000014
 21
-127.2520199999999875
 31
0
  0
LINE
  5
8E1
330
1A
100
AcDbEntity
  8
Edge.Cuts
  6
CONTINUOUS
100
AcDbLine
 10
100.4106060000000014
 20
-127.2520199999999875
 30
0
 11
100.3237689999999986
 21
-127.2677119999999888
 31
0
  0
LINE
  5
8E2
330
1A
100
AcDbEntity
  8
Edge.Cuts
  6
CONTINUOUS
100
AcDbLine
 10
100.3237689999999986
 20
-127.2677119999999888
 30
0
 11
100.2365289999999902
 21
-127.2834089999999918
 31
0
  0
LINE
  5
8E3
330
1A
100
AcDbEntity
  8
Edge.Cuts
  6
CONTINUOUS
100
AcDbLine
 10
100.2365289999999902
 20
-127.2834089999999918
 30
0
 11
100.1488839999999954
 21
-127.2991089999999872
 31
0
  0
LINE
  5
8E4
330
1A
100
AcDbEntity
  8
Edge.Cuts
  6
CONTINUOUS
100
AcDbLine
 10
100.1488839999999954
 20
-127.2991089999999872
 30
0
 11
100.0608349999999973
 21
-127.3148130000000009
 31
0
  0
LINE
  5
8E5
330
1A
100
AcDbEntity
  8
Edge.Cuts
  6
CONTINUOUS
100
AcDbLine
 10
100.0608349999999973
 20
-127.3148130000000009
 30
0
 11
99.972377999999992
 21
-127.3305219999999878
 31
0
  0
LINE
  5
8E6
330
1A
100
AcDbEntity
  8
Edge.Cuts
  6
CONTINUOUS
100
AcDbLine
 10
99.972377999999992
 20
-127.3305219999999878
 30
0
 11
99.883513999999991
 21
-127.3462339999999955
 31
0
  0
LINE
  5
8E7
330
1A
100
AcDbEntity
  8
Edge.Cuts
  6
CONTINUOUS
100
AcDbLine
 10
99.883513999999991
 20
-127.3462339999999955
 30
0
 11
99.7942409999999995
 21
-127.3619509999999906
 31
0
  0
LINE
  5
8E8
330
1A
100
AcDbEntity
  8
Edge.Cuts
  6
CONTINUOUS
100
AcDbLine
 10
99.7942409999999995
 20
-127.3619509999999906
 30
0
 11
99.7045569999999941
 21
-127.3776709999999923
 31
0
  0
LINE
  5
8E9
330
1A
100
AcDbEntity
  8
Edge.Cuts
  6
CONTINUOUS
100
AcDbLine
 10
99.7045569999999941
 20
-127.3776709999999923
 30
0
 11
99.6144630000000006
 21
-127.3933949999999982
 31
0
  0
LINE
  5
8EA
330
1A
100
AcDbEntity
  8
Edge.Cuts
  6
CONTINUOUS
100
AcDbLine
 10
99.6144630000000006
 20
-127.3933949999999982
 30
0
 11
99.5239559999999983
 21
-127.4091229999999939
 31
0
  0
LINE
  5
8EB
330
1A
100
AcDbEntity
  8
Edge.Cuts
  6
CONTINUOUS
100
AcDbLine
 10
99.5239559999999983
 20
-127.4091229999999939
 30
0
 11
99.4330349999999896
 21
-127.4248549999999938
 31
0
  0
LINE
  5
8EC
330
1A
100
AcDbEntity
  8
Edge.Cuts
  6
CONTINUOUS
100
AcDbLine
 10
99.4330349999999896
 20
-127.4248549999999938
 30
0
 11
99.3416999999999888
 21
-127.4405909999999977
 31
0
  0
LINE
  5
8ED
330
1A
100
AcDbEntity
  8
Edge.Cuts
  6
CONTINUOUS
100
AcDbLine
 10
99.3416999999999888
 20
-127.4405909999999977
 30
0
 11
99.2499490000000009
 21
-127.4563299999999941
 31
0
  0
LINE
  5
8EE
330
1A
100
AcDbEntity
  8
Edge.Cuts
  6
CONTINUOUS
100
AcDbLine
 10
99.2499490000000009
 20
-127.4563299999999941
 30
0
 11
99.1577809999999999
 21
-127.4720729999999946
 31
0
  0
LINE
  5
8EF
330
1A
100
AcDbEntity
  8
Edge.Cuts
  6
CONTINUOUS
100
AcDbLine
 10
99.1577809999999999
 20
-127.4720729999999946
 30
0
 11
99.0651939999999911
 21
-127.4878189999999876
 31
0
  0
LINE
  5
8F0
330
1A
100
AcDbEntity
  8
Edge.Cuts
  6
CONTINUOUS
100
AcDbLine
 10
99.0651939999999911
 20
-127.4878189999999876
 30
0
 11
98.9721879999999885
 21
-127.5035699999999963
 31
0
  0
LINE
  5
8F1
330
1A
100
AcDbEntity
  8
Edge.Cuts
  6
CONTINUOUS
100
AcDbLine
 10
98.9721879999999885
 20
-127.5035699999999963
 30
0
 11
98.8787619999999947
 21
-127.519323
 31
0
  0
LINE
  5
8F2
330
1A
100
AcDbEntity
  8
Edge.Cuts
  6
CONTINUOUS
100
AcDbLine
 10
98.8787619999999947
 20
-127.519323
 30
0
 11
98.7849140000000006
 21
-127.535080999999991
 31
0
  0
LINE
  5
8F3
330
1A
100
AcDbEntity
  8
Edge.Cuts
  6
CONTINUOUS
100
AcDbLine
 10
98.7849140000000006
 20
-127.535080999999991
 30
0
 11
98.6906429999999943
 21
-127.5508409999999913
 31
0
  0
LINE
  5
8F4
330
1A
100
AcDbEntity
  8
Edge.Cuts
  6
CONTINUOUS
100
AcDbLine
 10
98.6906429999999943
 20
-127.5508409999999913
 30
0
 11
98.5959479999999928
 21
-127.5666049999999956
 31
0
  0
LINE
  5
8F5
330
1A
100
AcDbEntity
  8
Edge.Cuts
  6
CONTINUOUS
100
AcDbLine
 10
98.5959479999999928
 20
-127.5666049999999956
 30
0
 11
98.5008279999999985
 21
-127.5823729999999898
 31
0
  0
LINE
  5
8F6
330
1A
100
AcDbEntity
  8
Edge.Cuts
  6
CONTINUOUS
100
AcDbLine
 10
98.5008279999999985
 20
-127.5823729999999898
 30
0
 11
98.4052819999999997
 21
-127.5981439999999907
 31
0
  0
LINE
  5
8F7
330
1A
100
AcDbEntity
  8
Edge.Cuts
  6
CONTINUOUS
100
AcDbLine
 10
98.4052819999999997
 20
-127.5981439999999907
 30
0
 11
98.3093080000000015
 21
-127.6139179999999982
 31
0
  0
LINE
  5
8F8
330
1A
100
AcDbEntity
  8
Edge.Cuts
  6
CONTINUOUS
100
AcDbLine
 10
98.3093080000000015
 20
-127.6139179999999982
 30
0
 11
98.2129059999999896
 21
-127.6296949999999981
 31
0
  0
LINE
  5
8F9
330
1A
100
AcDbEntity
  8
Edge.Cuts
  6
CONTINUOUS
100
AcDbLine
 10
98.2129059999999896
 20
-127.6296949999999981
 30
0
 11
98.1160730000000001
 21
-127.6454759999999879
 31
0
  0
LINE
  5
8FA
330
1A
100
AcDbEntity
  8
Edge.Cuts
  6
CONTINUOUS
100
AcDbLine
 10
98.1160730000000001
 20
-127.6454759999999879
 30
0
 11
98.018810000000002
 21
-127.6612599999999986
 31
0
  0
LINE
  5
8FB
330
1A
100
AcDbEntity
  8
Edge.Cuts
  6
CONTINUOUS
100
AcDbLine
 10
98.018810000000002
 20
-127.6612599999999986
 30
0
 11
97.9211150000000004
 21
-127.6770469999999875
 31
0
  0
LINE
  5
8FC
330
1A
100
AcDbEntity
  8
Edge.Cuts
  6
CONTINUOUS
100
AcDbLine
 10
97.9211150000000004
 20
-127.6770469999999875
 30
0
 11
97.8229860000000002
 21
-127.6928369999999973
 31
0
  0
LINE
  5
8FD
330
1A
100
AcDbEntity
  8
Edge.Cuts
  6
CONTINUOUS
100
AcDbLine
 10
97.8229860000000002
 20
-127.6928369999999973
 30
0
 11
97.7244230000000016
 21
-127.7086299999999994
 31
0
  0
LINE
  5
8FE
330
1A
100
AcDbEntity
  8
Edge.Cuts
  6
CONTINUOUS
100
AcDbLine
 10
97.7244230000000016
 20
-127.7086299999999994
 30
0
 11
97.6254239999999953
 21
-127.7244269999999915
 31
0
  0
LINE
  5
8FF
330
1A
100
AcDbEntity
  8
Edge.Cuts
  6
CONTINUOUS
100
AcDbLine
 10
97.6254239999999953
 20
-127.7244269999999915
 30
0
 11
97.5259889999999956
 21
-127.7402259999999927
 31
0
  0
LINE
  5
900
330
1A
100
AcDbEntity
  8
Edge.Cuts
  6
CONTINUOUS
100
AcDbLine
 10
97.5259889999999956
 20
-127.7402259999999927
 30
0
 11
97.4261159999999933
 21
-127.7560280000000006
 31
0
  0
LINE
  5
901
330
1A
100
AcDbEntity
  8
Edge.Cuts
  6
CONTINUOUS
100
AcDbLine
 10
97.4261159999999933
 20
-127.7560280000000006
 30
0
 11
97.3258029999999934
 21
-127.7718330000000009
 31
0
  0
LINE
  5
902
330
1A
100
AcDbEntity
  8
Edge.Cuts
  6
CONTINUOUS
100
AcDbLine
 10
97.3258029999999934
 20
-127.7718330000000009
 30
0
 11
97.2250509999999935
 21
-127.7876409999999936
 31
0
  0
LINE
  5
903
330
1A
100
AcDbEntity
  8
Edge.Cuts
  6
CONTINUOUS
100
AcDbLine
 10
97.2250509999999935
 20
-127.7876409999999936
 30
0
 11
97.123857000000001
 21
-127.8034519999999929
 31
0
  0
LINE
  5
904
330
1A
100
AcDbEntity
  8
Edge.Cuts
  6
CONTINUOUS
100
AcDbLine
 10
97.123857000000001
 20
-127.8034519999999929
 30
0
 11
97.0222199999999901
 21
-127.8192659999999989
 31
0
  0
LINE
  5
905
330
1A
100
AcDbEntity
  8
Edge.Cuts
  6
CONTINUOUS
100
AcDbLine
 10
97.0222199999999901
 20
-127.8192659999999989
 30
0
 11
96.9201399999999893
 21
-127.8350819999999999
 31
0
  0
LINE
  5
906
330
1A
100
AcDbEntity
  8
Edge.Cuts
  6
CONTINUOUS
100
AcDbLine
 10
96.9201399999999893
 20
-127.8350819999999999
 30
0
 11
96.8176149999999893
 21
-127.8509009999999932
 31
0
  0
LINE
  5
907
330
1A
100
AcDbEntity
  8
Edge.Cuts
  6
CONTINUOUS
100
AcDbLine
 10
96.8176149999999893
 20
-127.8509009999999932
 30
0
 11
96.7146439999999927
 21
-127.8667229999999932
 31
0
  0
LINE
  5
908
330
1A
100
AcDbEntity
  8
Edge.Cuts
  6
CONTINUOUS
100
AcDbLine
 10
96.7146439999999927
 20
-127.8667229999999932
 30
0
 11
96.6112249999999904
 21
-127.8825469999999882
 31
0
  0
LINE
  5
909
330
1A
100
AcDbEntity
  8
Edge.Cuts
  6
CONTINUOUS
100
AcDbLine
 10
96.6112249999999904
 20
-127.8825469999999882
 30
0
 11
96.5073589999999939
 21
-127.8983739999999898
 31
0
  0
LINE
  5
90A
330
1A
100
AcDbEntity
  8
Edge.Cuts
  6
CONTINUOUS
100
AcDbLine
 10
96.5073589999999939
 20
-127.8983739999999898
 30
0
 11
96.4030429999999967
 21
-127.914203999999998
 31
0
  0
LINE
  5
90B
330
1A
100
AcDbEntity
  8
Edge.Cuts
  6
CONTINUOUS
100
AcDbLine
 10
96.4030429999999967
 20
-127.914203999999998
 30
0
 11
96.2982760000000013
 21
-127.9300360000000012
 31
0
  0
LINE
  5
90C
330
1A
100
AcDbEntity
  8
Edge.Cuts
  6
CONTINUOUS
100
AcDbLine
 10
96.2982760000000013
 20
-127.9300360000000012
 30
0
 11
96.193056999999996
 21
-127.9458699999999993
 31
0
  0
LINE
  5
90D
330
1A
100
AcDbEntity
  8
Edge.Cuts
  6
CONTINUOUS
100
AcDbLine
 10
96.193056999999996
 20
-127.9458699999999993
 30
0
 11
96.0873859999999951
 21
-127.9617069999999899
 31
0
  0
LINE
  5
90E
330
1A
100
AcDbEntity
  8
Edge.Cuts
  6
CONTINUOUS
100
AcDbLine
 10
96.0873859999999951
 20
-127.9617069999999899
 30
0
 11
95.9812599999999918
 21
-127.9775459999999896
 31
0
  0
LINE
  5
90F
330
1A
100
AcDbEntity
  8
Edge.Cuts
  6
CONTINUOUS
100
AcDbLine
 10
95.9812599999999918
 20
-127.9775459999999896
 30
0
 11
95.8746790000000004
 21
-127.9933879999999959
 31
0
  0
LINE
  5
910
330
1A
100
AcDbEntity
  8
Edge.Cuts
  6
CONTINUOUS
100
AcDbLine
 10
95.8746790000000004
 20
-127.9933879999999959
 30
0
 11
95.7676409999999976
 21
-128.0092319999999972
 31
0
  0
LINE
  5
911
330
1A
100
AcDbEntity
  8
Edge.Cuts
  6
CONTINUOUS
100
AcDbLine
 10
95.7676409999999976
 20
-128.0092319999999972
 30
0
 11
95.6601459999999975
 21
-128.0250780000000077
 31
0
  0
LINE
  5
912
330
1A
100
AcDbEntity
  8
Edge.Cuts
  6
CONTINUOUS
100
AcDbLine
 10
95.6601459999999975
 20
-128.0250780000000077
 30
0
 11
95.5521919999999909
 21
-128.0409269999999822
 31
0
  0
LINE
  5
913
330
1A
100
AcDbEntity
  8
Edge.Cuts
  6
CONTINUOUS
100
AcDbLine
 10
95.5521919999999909
 20
-128.0409269999999822
 30
0
 11
95.4437789999999922
 21
-128.05677799999998
 31
0
  0
LINE
  5
914
330
1A
100
AcDbEntity
  8
Edge.Cuts
  6
CONTINUOUS
100
AcDbLine
 10
95.4437789999999922
 20
-128.05677799999998
 30
0
 11
95.3349039999999945
 21
-128.0726300000000037
 31
0
  0
LINE
  5
915
330
1A
100
AcDbEntity
  8
Edge.Cuts
  6
CONTINUOUS
100
AcDbLine
 10
95.3349039999999945
 20
-128.0726300000000037
 30
0
 11
95.2255669999999981
 21
-128.0884849999999915
 31
0
  0
LINE
  5
916
330
1A
100
AcDbEntity
  8
Edge.Cuts
  6
CONTINUOUS
100
AcDbLine
 10
95.2255669999999981
 20
-128.0884849999999915
 30
0
 11
95.1157659999999936
 21
-128.1043420000000026
 31
0
  0
LINE
  5
917
330
1A
100
AcDbEntity
  8
Edge.Cuts
  6
CONTINUOUS
100
AcDbLine
 10
95.1157659999999936
 20
-128.1043420000000026
 30
0
 11
95.0055009999999953
 21
-128.1202009999999802
 31
0
  0
LINE
  5
918
330
1A
100
AcDbEntity
  8
Edge.Cuts
  6
CONTINUOUS
100
AcDbLine
 10
95.0055009999999953
 20
-128.1202009999999802
 30
0
 11
94.8947699999999941
 21
-128.1360619999999813
 31
0
  0
LINE
  5
919
330
1A
100
AcDbEntity
  8
Edge.Cuts
  6
CONTINUOUS
100
AcDbLine
 10
94.8947699999999941
 20
-128.1360619999999813
 30
0
 11
94.7835729999999899
 21
-128.1519250000000056
 31
0
  0
LINE
  5
91A
330
1A
100
AcDbEntity
  8
Edge.Cuts
  6
CONTINUOUS
100
AcDbLine
 10
94.7835729999999899
 20
-128.1519250000000056
 30
0
 11
94.6719069999999903
 21
-128.1677899999999966
 31
0
  0
LINE
  5
91B
330
1A
100
AcDbEntity
  8
Edge.Cuts
  6
CONTINUOUS
100
AcDbLine
 10
94.6719069999999903
 20
-128.1677899999999966
 30
0
 11
94.5597719999999953
 21
-128.1836569999999824
 31
0
  0
LINE
  5
91C
330
1A
100
AcDbEntity
  8
Edge.Cuts
  6
CONTINUOUS
100
AcDbLine
 10
94.5597719999999953
 20
-128.1836569999999824
 30
0
 11
94.4471669999999932
 21
-128.1995259999999917
 31
0
  0
LINE
  5
91D
330
1A
100
AcDbEntity
  8
Edge.Cuts
  6
CONTINUOUS
100
AcDbLine
 10
94.4471669999999932
 20
-128.1995259999999917
 30
0
 11
94.3340899999999891
 21
-128.2153959999999984
 31
0
  0
LINE
  5
91E
330
1A
100
AcDbEntity
  8
Edge.Cuts
  6
CONTINUOUS
100
AcDbLine
 10
94.3340899999999891
 20
-128.2153959999999984
 30
0
 11
94.2205409999999972
 21
-128.231268
 31
0
  0
LINE
  5
91F
330
1A
100
AcDbEntity
  8
Edge.Cuts
  6
CONTINUOUS
100
AcDbLine
 10
94.2205409999999972
 20
-128.231268
 30
0
 11
94.1065169999999966
 21
-128.2471419999999966
 31
0
  0
LINE
  5
920
330
1A
100
AcDbEntity
  8
Edge.Cuts
  6
CONTINUOUS
100
AcDbLine
 10
94.1065169999999966
 20
-128.2471419999999966
 30
0
 11
93.9920189999999991
 21
-128.2630179999999882
 31
0
  0
LINE
  5
921
330
1A
100
AcDbEntity
  8
Edge.Cuts
  6
CONTINUOUS
100
AcDbLine
 10
93.9920189999999991
 20
-128.2630179999999882
 30
0
 11
93.8770449999999954
 21
-128.2788950000000057
 31
0
  0
LINE
  5
922
330
1A
100
AcDbEntity
  8
Edge.Cuts
  6
CONTINUOUS
100
AcDbLine
 10
93.8770449999999954
 20
-128.2788950000000057
 30
0
 11
93.7615929999999906
 21
-128.2947739999999897
 31
0
  0
LINE
  5
923
330
1A
100
AcDbEntity
  8
Edge.Cuts
  6
CONTINUOUS
100
AcDbLine
 10
93.7615929999999906
 20
-128.2947739999999897
 30
0
 11
93.645662999999999
 21
-128.3106539999999995
 31
0
  0
LINE
  5
924
330
1A
100
AcDbEntity
  8
Edge.Cuts
  6
CONTINUOUS
100
AcDbLine
 10
93.645662999999999
 20
-128.3106539999999995
 30
0
 11
93.5292529999999971
 21
-128.3265360000000044
 31
0
  0
LINE
  5
925
330
1A
100
AcDbEntity
  8
Edge.Cuts
  6
CONTINUOUS
100
AcDbLine
 10
93.5292529999999971
 20
-128.3265360000000044
 30
0
 11
93.4123620000000017
 21
-128.3424190000000067
 31
0
  0
LINE
  5
926
330
1A
100
AcDbEntity
  8
Edge.Cuts
  6
CONTINUOUS
100
AcDbLine
 10
93.4123620000000017
 20
-128.3424190000000067
 30
0
 11
93.2949899999999985
 21
-128.358304000000004
 31
0
  0
LINE
  5
927
330
1A
100
AcDbEntity
  8
Edge.Cuts
  6
CONTINUOUS
100
AcDbLine
 10
93.2949899999999985
 20
-128.358304000000004
 30
0
 11
93.1771339999999952
 21
-128.3741899999999987
 31
0
  0
LINE
  5
928
330
1A
100
AcDbEntity
  8
Edge.Cuts
  6
CONTINUOUS
100
AcDbLine
 10
93.1771339999999952
 20
-128.3741899999999987
 30
0
 11
93.0587939999999918
 21
-128.3900779999999884
 31
0
  0
LINE
  5
929
330
1A
100
AcDbEntity
  8
Edge.Cuts
  6
CONTINUOUS
100
AcDbLine
 10
93.0587939999999918
 20
-128.3900779999999884
 30
0
 11
92.9399689999999907
 21
-128.405967000000004
 31
0
  0
LINE
  5
92A
330
1A
100
AcDbEntity
  8
Edge.Cuts
  6
CONTINUOUS
100
AcDbLine
 10
92.9399689999999907
 20
-128.405967000000004
 30
0
 11
92.8206569999999971
 21
-128.4218569999999886
 31
0
  0
LINE
  5
92B
330
1A
100
AcDbEntity
  8
Edge.Cuts
  6
CONTINUOUS
100
AcDbLine
 10
92.8206569999999971
 20
-128.4218569999999886
 30
0
 11
92.7008569999999992
 21
-128.4377479999999991
 31
0
  0
LINE
  5
92C
330
1A
100
AcDbEntity
  8
Edge.Cuts
  6
CONTINUOUS
100
AcDbLine
 10
92.7008569999999992
 20
-128.4377479999999991
 30
0
 11
92.580568999999997
 21
-128.4536410000000046
 31
0
  0
LINE
  5
92D
330
1A
100
AcDbEntity
  8
Edge.Cuts
  6
CONTINUOUS
100
AcDbLine
 10
92.580568999999997
 20
-128.4536410000000046
 30
0
 11
92.4597899999999981
 21
-128.4695339999999817
 31
0
  0
LINE
  5
92E
330
1A
100
AcDbEntity
  8
Edge.Cuts
  6
CONTINUOUS
100
AcDbLine
 10
92.4597899999999981
 20
-128.4695339999999817
 30
0
 11
92.3385200000000026
 21
-128.4854289999999821
 31
0
  0
LINE
  5
92F
330
1A
100
AcDbEntity
  8
Edge.Cuts
  6
CONTINUOUS
100
AcDbLine
 10
92.3385200000000026
 20
-128.4854289999999821
 30
0
 11
92.2167579999999987
 21
-128.50132499999998
 31
0
  0
LINE
  5
930
330
1A
100
AcDbEntity
  8
Edge.Cuts
  6
CONTINUOUS
100
AcDbLine
 10
92.2167579999999987
 20
-128.50132499999998
 30
0
 11
92.0945019999999914
 21
-128.5172220000000038
 31
0
  0
LINE
  5
931
330
1A
100
AcDbEntity
  8
Edge.Cuts
  6
CONTINUOUS
100
AcDbLine
 10
92.0945019999999914
 20
-128.5172220000000038
 30
0
 11
91.9717519999999951
 21
-128.5331199999999967
 31
0
  0
LINE
  5
932
330
1A
100
AcDbEntity
  8
Edge.Cuts
  6
CONTINUOUS
100
AcDbLine
 10
91.9717519999999951
 20
-128.5331199999999967
 30
0
 11
91.8485049999999887
 21
-128.5490179999999896
 31
0
  0
LINE
  5
933
330
1A
100
AcDbEntity
  8
Edge.Cuts
  6
CONTINUOUS
100
AcDbLine
 10
91.8485049999999887
 20
-128.5490179999999896
 30
0
 11
91.7247619999999984
 21
-128.5649180000000058
 31
0
  0
LINE
  5
934
330
1A
100
AcDbEntity
  8
Edge.Cuts
  6
CONTINUOUS
100
AcDbLine
 10
91.7247619999999984
 20
-128.5649180000000058
 30
0
 11
91.6005210000000005
 21
-128.5808189999999911
 31
0
  0
LINE
  5
935
330
1A
100
AcDbEntity
  8
Edge.Cuts
  6
CONTINUOUS
100
AcDbLine
 10
91.6005210000000005
 20
-128.5808189999999911
 30
0
 11
91.4757800000000003
 21
-128.5967200000000048
 31
0
  0
LINE
  5
936
330
1A
100
AcDbEntity
  8
Edge.Cuts
  6
CONTINUOUS
100
AcDbLine
 10
91.4757800000000003
 20
-128.5967200000000048
 30
0
 11
91.3505389999999977
 21
-128.612622999999985
 31
0
  0
LINE
  5
937
330
1A
100
AcDbEntity
  8
Edge.Cuts
  6
CONTINUOUS
100
AcDbLine
 10
91.3505389999999977
 20
-128.612622999999985
 30
0
 11
91.2247959999999978
 21
-128.6285259999999937
 31
0
  0
LINE
  5
938
330
1A
100
AcDbEntity
  8
Edge.Cuts
  6
CONTINUOUS
100
AcDbLine
 10
91.2247959999999978
 20
-128.6285259999999937
 30
0
 11
91.0985499999999888
 21
-128.6444290000000024
 31
0
  0
LINE
  5
939
330
1A
100
AcDbEntity
  8
Edge.Cuts
  6
CONTINUOUS
100
AcDbLine
 10
91.0985499999999888
 20
-128.6444290000000024
 30
0
 11
90.9718000000000018
 21
-128.660334000000006
 31
0
  0
LINE
  5
93A
330
1A
100
AcDbEntity
  8
Edge.Cuts
  6
CONTINUOUS
100
AcDbLine
 10
90.9718000000000018
 20
-128.660334000000006
 30
0
 11
90.844545999999994
 21
-128.6762389999999812
 31
0
  0
LINE
  5
93B
330
1A
100
AcDbEntity
  8
Edge.Cuts
  6
CONTINUOUS
100
AcDbLine
 10
90.844545999999994
 20
-128.6762389999999812
 30
0
 11
90.7167850000000016
 21
-128.6921439999999848
 31
0
  0
LINE
  5
93C
330
1A
100
AcDbEntity
  8
Edge.Cuts
  6
CONTINUOUS
100
AcDbLine
 10
90.7167850000000016
 20
-128.6921439999999848
 30
0
 11
90.5885159999999985
 21
-128.7080509999999833
 31
0
  0
LINE
  5
93D
330
1A
100
AcDbEntity
  8
Edge.Cuts
  6
CONTINUOUS
100
AcDbLine
 10
90.5885159999999985
 20
-128.7080509999999833
 30
0
 11
90.459738999999999
 21
-128.7239569999999844
 31
0
  0
LINE
  5
93E
330
1A
100
AcDbEntity
  8
Edge.Cuts
  6
CONTINUOUS
100
AcDbLine
 10
90.459738999999999
 20
-128.7239569999999844
 30
0
 11
90.330451999999994
 21
-128.7398649999999805
 31
0
  0
LINE
  5
93F
330
1A
100
AcDbEntity
  8
Edge.Cuts
  6
CONTINUOUS
100
AcDbLine
 10
90.330451999999994
 20
-128.7398649999999805
 30
0
 11
90.2006540000000001
 21
-128.7557720000000074
 31
0
  0
LINE
  5
940
330
1A
100
AcDbEntity
  8
Edge.Cuts
  6
CONTINUOUS
100
AcDbLine
 10
90.2006540000000001
 20
-128.7557720000000074
 30
0
 11
90.070344999999989
 21
-128.7716800000000035
 31
0
  0
LINE
  5
941
330
1A
100
AcDbEntity
  8
Edge.Cuts
  6
CONTINUOUS
100
AcDbLine
 10
90.070344999999989
 20
-128.7716800000000035
 30
0
 11
89.9395209999999992
 21
-128.7875879999999995
 31
0
  0
LINE
  5
942
330
1A
100
AcDbEntity
  8
Edge.Cuts
  6
CONTINUOUS
100
AcDbLine
 10
89.9395209999999992
 20
-128.7875879999999995
 30
0
 11
89.8081839999999971
 21
-128.803496999999993
 31
0
  0
LINE
  5
943
330
1A
100
AcDbEntity
  8
Edge.Cuts
  6
CONTINUOUS
100
AcDbLine
 10
89.8081839999999971
 20
-128.803496999999993
 30
0
 11
89.6763309999999905
 21
-128.8194059999999865
 31
0
  0
LINE
  5
944
330
1A
100
AcDbEntity
  8
Edge.Cuts
  6
CONTINUOUS
100
AcDbLine
 10
89.6763309999999905
 20
-128.8194059999999865
 30
0
 11
89.5439609999999959
 21
-128.83531499999998
 31
0
  0
LINE
  5
945
330
1A
100
AcDbEntity
  8
Edge.Cuts
  6
CONTINUOUS
100
AcDbLine
 10
89.5439609999999959
 20
-128.83531499999998
 30
0
 11
89.4110739999999993
 21
-128.8512249999999995
 31
0
  0
LINE
  5
946
330
1A
100
AcDbEntity
  8
Edge.Cuts
  6
CONTINUOUS
100
AcDbLine
 10
89.4110739999999993
 20
-128.8512249999999995
 30
0
 11
89.2776669999999939
 21
-128.867133999999993
 31
0
  0
LINE
  5
947
330
1A
100
AcDbEntity
  8
Edge.Cuts
  6
CONTINUOUS
100
AcDbLine
 10
89.2776669999999939
 20
-128.867133999999993
 30
0
 11
89.143739999999994
 21
-128.883043999999984
 31
0
  0
LINE
  5
948
330
1A
100
AcDbEntity
  8
Edge.Cuts
  6
CONTINUOUS
100
AcDbLine
 10
89.143739999999994
 20
-128.883043999999984
 30
0
 11
89.0092920000000021
 21
-128.8989540000000034
 31
0
  0
LINE
  5
949
330
1A
100
AcDbEntity
  8
Edge.Cuts
  6
CONTINUOUS
100
AcDbLine
 10
89.0092920000000021
 20
-128.8989540000000034
 30
0
 11
88.8743209999999948
 21
-128.9148629999999969
 31
0
  0
LINE
  5
94A
330
1A
100
AcDbEntity
  8
Edge.Cuts
  6
CONTINUOUS
100
AcDbLine
 10
88.8743209999999948
 20
-128.9148629999999969
 30
0
 11
88.7388270000000006
 21
-128.9307729999999879
 31
0
  0
LINE
  5
94B
330
1A
100
AcDbEntity
  8
Edge.Cuts
  6
CONTINUOUS
100
AcDbLine
 10
88.7388270000000006
 20
-128.9307729999999879
 30
0
 11
88.602807999999996
 21
-128.9466830000000073
 31
0
  0
LINE
  5
94C
330
1A
100
AcDbEntity
  8
Edge.Cuts
  6
CONTINUOUS
100
AcDbLine
 10
88.602807999999996
 20
-128.9466830000000073
 30
0
 11
88.4662629999999979
 21
-128.9625920000000008
 31
0
  0
LINE
  5
94D
330
1A
100
AcDbEntity
  8
Edge.Cuts
  6
CONTINUOUS
100
AcDbLine
 10
88.4662629999999979
 20
-128.9625920000000008
 30
0
 11
88.3291909999999945
 21
-128.9785019999999918
 31
0
  0
LINE
  5
94E
330
1A
100
AcDbEntity
  8
Edge.Cuts
  6
CONTINUOUS
100
AcDbLine
 10
88.3291909999999945
 20
-128.9785019999999918
 30
0
 11
88.1915899999999908
 21
-128.9944109999999853
 31
0
  0
LINE
  5
94F
330
1A
100
AcDbEntity
  8
Edge.Cuts
  6
CONTINUOUS
100
AcDbLine
 10
88.1915899999999908
 20
-128.9944109999999853
 30
0
 11
88.0534600000000012
 21
-129.0103200000000072
 31
0
  0
LINE
  5
950
330
1A
100
AcDbEntity
  8
Edge.Cuts
  6
CONTINUOUS
100
AcDbLine
 10
88.0534600000000012
 20
-129.0103200000000072
 30
0
 11
87.9147999999999996
 21
-129.0262290000000007
 31
0
  0
LINE
  5
951
330
1A
100
AcDbEntity
  8
Edge.Cuts
  6
CONTINUOUS
100
AcDbLine
 10
87.9147999999999996
 20
-129.0262290000000007
 30
0
 11
87.7756069999999937
 21
-129.0421379999999942
 31
0
  0
LINE
  5
952
330
1A
100
AcDbEntity
  8
Edge.Cuts
  6
CONTINUOUS
100
AcDbLine
 10
87.7756069999999937
 20
-129.0421379999999942
 30
0
 11
87.6358819999999952
 21
-129.0580459999999903
 31
0
  0
LINE
  5
953
330
1A
100
AcDbEntity
  8
Edge.Cuts
  6
CONTINUOUS
100
AcDbLine
 10
87.6358819999999952
 20
-129.0580459999999903
 30
0
 11
87.4956229999999948
 21
-129.0739539999999863
 31
0
  0
LINE
  5
954
330
1A
100
AcDbEntity
  8
Edge.Cuts
  6
CONTINUOUS
100
AcDbLine
 10
87.4956229999999948
 20
-129.0739539999999863
 30
0
 11
87.3548279999999977
 21
-129.0898619999999823
 31
0
  0
LINE
  5
955
330
1A
100
AcDbEntity
  8
Edge.Cuts
  6
CONTINUOUS
100
AcDbLine
 10
87.3548279999999977
 20
-129.0898619999999823
 30
0
 11
87.2134969999999896
 21
-129.1057689999999809
 31
0
  0
LINE
  5
956
330
1A
100
AcDbEntity
  8
Edge.Cuts
  6
CONTINUOUS
100
AcDbLine
 10
87.2134969999999896
 20
-129.1057689999999809
 30
0
 11
87.0716279999999898
 21
-129.121674999999982
 31
0
  0
LINE
  5
957
330
1A
100
AcDbEntity
  8
Edge.Cuts
  6
CONTINUOUS
100
AcDbLine
 10
87.0716279999999898
 20
-129.121674999999982
 30
0
 11
86.9292209999999983
 21
-129.1375809999999831
 31
0
  0
LINE
  5
958
330
1A
100
AcDbEntity
  8
Edge.Cuts
  6
CONTINUOUS
100
AcDbLine
 10
86.9292209999999983
 20
-129.1375809999999831
 30
0
 11
86.7862739999999917
 21
-129.1534869999999842
 31
0
  0
LINE
  5
959
330
1A
100
AcDbEntity
  8
Edge.Cuts
  6
CONTINUOUS
100
AcDbLine
 10
86.7862739999999917
 20
-129.1534869999999842
 30
0
 11
86.6427849999999893
 21
-129.1693919999999878
 31
0
  0
LINE
  5
95A
330
1A
100
AcDbEntity
  8
Edge.Cuts
  6
CONTINUOUS
100
AcDbLine
 10
86.6427849999999893
 20
-129.1693919999999878
 30
0
 11
86.4987550000000027
 21
-129.1852959999999939
 31
0
  0
LINE
  5
95B
330
1A
100
AcDbEntity
  8
Edge.Cuts
  6
CONTINUOUS
100
AcDbLine
 10
86.4987550000000027
 20
-129.1852959999999939
 30
0
 11
86.354180999999997
 21
-129.2012
 31
0
  0
LINE
  5
95C
330
1A
100
AcDbEntity
  8
Edge.Cuts
  6
CONTINUOUS
100
AcDbLine
 10
86.354180999999997
 20
-129.2012
 30
0
 11
86.2090630000000004
 21
-129.2171019999999828
 31
0
  0
LINE
  5
95D
330
1A
100
AcDbEntity
  8
Edge.Cuts
  6
CONTINUOUS
100
AcDbLine
 10
86.2090630000000004
 20
-129.2171019999999828
 30
0
 11
86.0633989999999898
 21
-129.233003999999994
 31
0
  0
LINE
  5
95E
330
1A
100
AcDbEntity
  8
Edge.Cuts
  6
CONTINUOUS
100
AcDbLine
 10
86.0633989999999898
 20
-129.233003999999994
 30
0
 11
85.9171879999999959
 21
-129.2489060000000052
 31
0
  0
LINE
  5
95F
330
1A
100
AcDbEntity
  8
Edge.Cuts
  6
CONTINUOUS
100
AcDbLine
 10
85.9171879999999959
 20
-129.2489060000000052
 30
0
 11
85.7704289999999929
 21
-129.264805999999993
 31
0
  0
LINE
  5
960
330
1A
100
AcDbEntity
  8
Edge.Cuts
  6
CONTINUOUS
100
AcDbLine
 10
85.7704289999999929
 20
-129.264805999999993
 30
0
 11
85.6231209999999976
 21
-129.2807059999999808
 31
0
  0
LINE
  5
961
330
1A
100
AcDbEntity
  8
Edge.Cuts
  6
CONTINUOUS
100
AcDbLine
 10
85.6231209999999976
 20
-129.2807059999999808
 30
0
 11
85.4752629999999982
 21
-129.2966040000000021
 31
0
  0
LINE
  5
962
330
1A
100
AcDbEntity
  8
Edge.Cuts
  6
CONTINUOUS
100
AcDbLine
 10
85.4752629999999982
 20
-129.2966040000000021
 30
0
 11
85.3268529999999998
 21
-129.312501999999995
 31
0
  0
LINE
  5
963
330
1A
100
AcDbEntity
  8
Edge.Cuts
  6
CONTINUOUS
100
AcDbLine
 10
85.3268529999999998
 20
-129.312501999999995
 30
0
 11
85.1778899999999908
 21
-129.3283989999999903
 31
0
  0
LINE
  5
964
330
1A
100
AcDbEntity
  8
Edge.Cuts
  6
CONTINUOUS
100
AcDbLine
 10
85.1778899999999908
 20
-129.3283989999999903
 30
0
 11
85.0283739999999995
 21
-129.3442939999999908
 31
0
  0
LINE
  5
965
330
1A
100
AcDbEntity
  8
Edge.Cuts
  6
CONTINUOUS
100
AcDbLine
 10
85.0283739999999995
 20
-129.3442939999999908
 30
0
 11
84.8783030000000025
 21
-129.3601889999999912
 31
0
  0
LINE
  5
966
330
1A
100
AcDbEntity
  8
Edge.Cuts
  6
CONTINUOUS
100
AcDbLine
 10
84.8783030000000025
 20
-129.3601889999999912
 30
0
 11
84.7276760000000024
 21
-129.3760819999999967
 31
0
  0
LINE
  5
967
330
1A
100
AcDbEntity
  8
Edge.Cuts
  6
CONTINUOUS
100
AcDbLine
 10
84.7276760000000024
 20
-129.3760819999999967
 30
0
 11
84.5764909999999901
 21
-129.3919740000000047
 31
0
  0
LINE
  5
968
330
1A
100
AcDbEntity
  8
Edge.Cuts
  6
CONTINUOUS
100
AcDbLine
 10
84.5764909999999901
 20
-129.3919740000000047
 30
0
 11
84.4247479999999939
 21
-129.4078649999999868
 31
0
  0
LINE
  5
969
330
1A
100
AcDbEntity
  8
Edge.Cuts
  6
CONTINUOUS
100
AcDbLine
 10
84.4247479999999939
 20
-129.4078649999999868
 30
0
 11
84.2724460000000022
 21
-129.4237549999999999
 31
0
  0
LINE
  5
96A
330
1A
100
AcDbEntity
  8
Edge.Cuts
  6
CONTINUOUS
100
AcDbLine
 10
84.2724460000000022
 20
-129.4237549999999999
 30
0
 11
84.1195829999999916
 21
-129.439643999999987
 31
0
  0
LINE
  5
96B
330
1A
100
AcDbEntity
  8
Edge.Cuts
  6
CONTINUOUS
100
AcDbLine
 10
84.1195829999999916
 20
-129.439643999999987
 30
0
 11
83.9661569999999955
 21
-129.4555310000000077
 31
0
  0
LINE
  5
96C
330
1A
100
AcDbEntity
  8
Edge.Cuts
  6
CONTINUOUS
100
AcDbLine
 10
83.9661569999999955
 20
-129.4555310000000077
 30
0
 11
83.8121689999999973
 21
-129.4714170000000024
 31
0
  0
LINE
  5
96D
330
1A
100
AcDbEntity
  8
Edge.Cuts
  6
CONTINUOUS
100
AcDbLine
 10
83.8121689999999973
 20
-129.4714170000000024
 30
0
 11
83.6576170000000019
 21
-129.4873010000000022
 31
0
  0
LINE
  5
96E
330
1A
100
AcDbEntity
  8
Edge.Cuts
  6
CONTINUOUS
100
AcDbLine
 10
83.6576170000000019
 20
-129.4873010000000022
 30
0
 11
83.5024990000000003
 21
-129.5031840000000045
 31
0
  0
LINE
  5
96F
330
1A
100
AcDbEntity
  8
Edge.Cuts
  6
CONTINUOUS
100
AcDbLine
 10
83.5024990000000003
 20
-129.5031840000000045
 30
0
 11
83.3468139999999948
 21
-129.5190649999999835
 31
0
  0
LINE
  5
970
330
1A
100
AcDbEntity
  8
Edge.Cuts
  6
CONTINUOUS
100
AcDbLine
 10
83.3468139999999948
 20
-129.5190649999999835
 30
0
 11
83.1905619999999999
 21
-129.5349449999999933
 31
0
  0
LINE
  5
971
330
1A
100
AcDbEntity
  8
Edge.Cuts
  6
CONTINUOUS
100
AcDbLine
 10
83.1905619999999999
 20
-129.5349449999999933
 30
0
 11
83.033740999999992
 21
-129.5508240000000058
 31
0
  0
LINE
  5
972
330
1A
100
AcDbEntity
  8
Edge.Cuts
  6
CONTINUOUS
100
AcDbLine
 10
83.033740999999992
 20
-129.5508240000000058
 30
0
 11
82.8763500000000022
 21
-129.5667009999999948
 31
0
  0
LINE
  5
973
330
1A
100
AcDbEntity
  8
Edge.Cuts
  6
CONTINUOUS
100
AcDbLine
 10
82.8763500000000022
 20
-129.5667009999999948
 30
0
 11
82.7183879999999903
 21
-129.5825759999999889
 31
0
  0
LINE
  5
974
330
1A
100
AcDbEntity
  8
Edge.Cuts
  6
CONTINUOUS
100
AcDbLine
 10
82.7183879999999903
 20
-129.5825759999999889
 30
0
 11
82.5598540000000014
 21
-129.598448999999988
 31
0
  0
LINE
  5
975
330
1A
100
AcDbEntity
  8
Edge.Cuts
  6
CONTINUOUS
100
AcDbLine
 10
82.5598540000000014
 20
-129.598448999999988
 30
0
 11
82.400745999999998
 21
-129.6143209999999897
 31
0
  0
LINE
  5
976
330
1A
100
AcDbEntity
  8
Edge.Cuts
  6
CONTINUOUS
100
AcDbLine
 10
82.400745999999998
 20
-129.6143209999999897
 30
0
 11
82.2410629999999969
 21
-129.6301909999999964
 31
0
  0
LINE
  5
977
330
1A
100
AcDbEntity
  8
Edge.Cuts
  6
CONTINUOUS
100
AcDbLine
 10
82.2410629999999969
 20
-129.6301909999999964
 30
0
 11
82.080804999999998
 21
-129.6460590000000082
 31
0
  0
LINE
  5
978
330
1A
100
AcDbEntity
  8
Edge.Cuts
  6
CONTINUOUS
100
AcDbLine
 10
82.080804999999998
 20
-129.6460590000000082
 30
0
 11
81.9199699999999922
 21
-129.6619249999999965
 31
0
  0
LINE
  5
979
330
1A
100
AcDbEntity
  8
Edge.Cuts
  6
CONTINUOUS
100
AcDbLine
 10
81.9199699999999922
 20
-129.6619249999999965
 30
0
 11
81.7585559999999987
 21
-129.6777899999999875
 31
0
  0
LINE
  5
97A
330
1A
100
AcDbEntity
  8
Edge.Cuts
  6
CONTINUOUS
100
AcDbLine
 10
81.7585559999999987
 20
-129.6777899999999875
 30
0
 11
81.5965640000000008
 21
-129.6936519999999859
 31
0
  0
LINE
  5
97B
330
1A
100
AcDbEntity
  8
Edge.Cuts
  6
CONTINUOUS
100
AcDbLine
 10
81.5965640000000008
 20
-129.6936519999999859
 30
0
 11
81.4339899999999943
 21
-129.709512999999987
 31
0
  0
LINE
  5
97C
330
1A
100
AcDbEntity
  8
Edge.Cuts
  6
CONTINUOUS
100
AcDbLine
 10
81.4339899999999943
 20
-129.709512999999987
 30
0
 11
81.2708360000000027
 21
-129.725371999999993
 31
0
  0
LINE
  5
97D
330
1A
100
AcDbEntity
  8
Edge.Cuts
  6
CONTINUOUS
100
AcDbLine
 10
81.2708360000000027
 20
-129.725371999999993
 30
0
 11
81.1070979999999935
 21
-129.7412280000000067
 31
0
  0
LINE
  5
97E
330
1A
100
AcDbEntity
  8
Edge.Cuts
  6
CONTINUOUS
100
AcDbLine
 10
81.1070979999999935
 20
-129.7412280000000067
 30
0
 11
80.942775999999995
 21
-129.7570829999999944
 31
0
  0
LINE
  5
97F
330
1A
100
AcDbEntity
  8
Edge.Cuts
  6
CONTINUOUS
100
AcDbLine
 10
80.942775999999995
 20
-129.7570829999999944
 30
0
 11
80.777869999999993
 21
-129.7729349999999897
 31
0
  0
LINE
  5
980
330
1A
100
AcDbEntity
  8
Edge.Cuts
  6
CONTINUOUS
100
AcDbLine
 10
80.777869999999993
 20
-129.7729349999999897
 30
0
 11
80.6123769999999951
 21
-129.7887849999999901
 31
0
  0
LINE
  5
981
330
1A
100
AcDbEntity
  8
Edge.Cuts
  6
CONTINUOUS
100
AcDbLine
 10
80.6123769999999951
 20
-129.7887849999999901
 30
0
 11
80.4462970000000013
 21
-129.8046329999999955
 31
0
  0
LINE
  5
982
330
1A
100
AcDbEntity
  8
Edge.Cuts
  6
CONTINUOUS
100
AcDbLine
 10
80.4462970000000013
 20
-129.8046329999999955
 30
0
 11
80.2796280000000024
 21
-129.820479000000006
 31
0
  0
LINE
  5
983
330
1A
100
AcDbEntity
  8
Edge.Cuts
  6
CONTINUOUS
100
AcDbLine
 10
80.2796280000000024
 20
-129.820479000000006
 30
0
 11
80.1123699999999985
 21
-129.8363219999999956
 31
0
  0
LINE
  5
984
330
1A
100
AcDbEntity
  8
Edge.Cuts
  6
CONTINUOUS
100
AcDbLine
 10
80.1123699999999985
 20
-129.8363219999999956
 30
0
 11
79.9445209999999946
 21
-129.8521629999999902
 31
0
  0
LINE
  5
985
330
1A
100
AcDbEntity
  8
Edge.Cuts
  6
CONTINUOUS
100
AcDbLine
 10
79.9445209999999946
 20
-129.8521629999999902
 30
0
 11
79.7760789999999957
 21
-129.8680019999999899
 31
0
  0
LINE
  5
986
330
1A
100
AcDbEntity
  8
Edge.Cuts
  6
CONTINUOUS
100
AcDbLine
 10
79.7760789999999957
 20
-129.8680019999999899
 30
0
 11
79.6070449999999994
 21
-129.8838379999999972
 31
0
  0
LINE
  5
987
330
1A
100
AcDbEntity
  8
Edge.Cuts
  6
CONTINUOUS
100
AcDbLine
 10
79.6070449999999994
 20
-129.8838379999999972
 30
0
 11
79.4374159999999989
 21
-129.8996719999999812
 31
0
  0
LINE
  5
988
330
1A
100
AcDbEntity
  8
Edge.Cuts
  6
CONTINUOUS
100
AcDbLine
 10
79.4374159999999989
 20
-129.8996719999999812
 30
0
 11
79.2671909999999968
 21
-129.9155039999999985
 31
0
  0
LINE
  5
989
330
1A
100
AcDbEntity
  8
Edge.Cuts
  6
CONTINUOUS
100
AcDbLine
 10
79.2671909999999968
 20
-129.9155039999999985
 30
0
 11
79.0963699999999932
 21
-129.9313319999999976
 31
0
  0
LINE
  5
98A
330
1A
100
AcDbEntity
  8
Edge.Cuts
  6
CONTINUOUS
100
AcDbLine
 10
79.0963699999999932
 20
-129.9313319999999976
 30
0
 11
78.924950999999993
 21
-129.9471589999999992
 31
0
  0
LINE
  5
98B
330
1A
100
AcDbEntity
  8
Edge.Cuts
  6
CONTINUOUS
100
AcDbLine
 10
78.924950999999993
 20
-129.9471589999999992
 30
0
 11
78.7529339999999962
 21
-129.9629829999999799
 31
0
  0
LINE
  5
98C
330
1A
100
AcDbEntity
  8
Edge.Cuts
  6
CONTINUOUS
100
AcDbLine
 10
78.7529339999999962
 20
-129.9629829999999799
 30
0
 11
78.5803159999999963
 21
-129.9788039999999967
 31
0
  0
LINE
  5
98D
330
1A
100
AcDbEntity
  8
Edge.Cuts
  6
CONTINUOUS
100
AcDbLine
 10
78.5803159999999963
 20
-129.9788039999999967
 30
0
 11
78.4070959999999957
 21
-129.9946219999999926
 31
0
  0
LINE
  5
98E
330
1A
100
AcDbEntity
  8
Edge.Cuts
  6
CONTINUOUS
100
AcDbLine
 10
78.4070959999999957
 20
-129.9946219999999926
 30
0
 11
78.2332749999999919
 21
-130.0104379999999935
 31
0
  0
LINE
  5
98F
330
1A
100
AcDbEntity
  8
Edge.Cuts
  6
CONTINUOUS
100
AcDbLine
 10
78.2332749999999919
 20
-130.0104379999999935
 30
0
 11
78.058848999999995
 21
-130.026251000000002
 31
0
  0
LINE
  5
990
330
1A
100
AcDbEntity
  8
Edge.Cuts
  6
CONTINUOUS
100
AcDbLine
 10
78.058848999999995
 20
-130.026251000000002
 30
0
 11
77.8838190000000026
 21
-130.0420609999999897
 31
0
  0
LINE
  5
991
330
1A
100
AcDbEntity
  8
Edge.Cuts
  6
CONTINUOUS
100
AcDbLine
 10
77.8838190000000026
 20
-130.0420609999999897
 30
0
 11
77.7081829999999911
 21
-130.0578679999999849
 31
0
  0
LINE
  5
992
330
1A
100
AcDbEntity
  8
Edge.Cuts
  6
CONTINUOUS
100
AcDbLine
 10
77.7081829999999911
 20
-130.0578679999999849
 30
0
 11
77.5319399999999916
 21
-130.0736719999999877
 31
0
  0
LINE
  5
993
330
1A
100
AcDbEntity
  8
Edge.Cuts
  6
CONTINUOUS
100
AcDbLine
 10
77.5319399999999916
 20
-130.0736719999999877
 30
0
 11
77.355087999999995
 21
-130.0894739999999956
 31
0
  0
LINE
  5
994
330
1A
100
AcDbEntity
  8
Edge.Cuts
  6
CONTINUOUS
100
AcDbLine
 10
77.355087999999995
 20
-130.0894739999999956
 30
0
 11
77.1776279999999986
 21
-130.1052719999999852
 31
0
  0
LINE
  5
995
330
1A
100
AcDbEntity
  8
Edge.Cuts
  6
CONTINUOUS
100
AcDbLine
 10
77.1776279999999986
 20
-130.1052719999999852
 30
0
 11
76.9995559999999983
 21
-130.1210680000000082
 31
0
  0
LINE
  5
996
330
1A
100
AcDbEntity
  8
Edge.Cuts
  6
CONTINUOUS
100
AcDbLine
 10
76.9995559999999983
 20
-130.1210680000000082
 30
0
 11
76.8208729999999917
 21
-130.1368599999999844
 31
0
  0
LINE
  5
997
330
1A
100
AcDbEntity
  8
Edge.Cuts
  6
CONTINUOUS
100
AcDbLine
 10
76.8208729999999917
 20
-130.1368599999999844
 30
0
 11
76.6415769999999981
 21
-130.1526499999999942
 31
0
  0
LINE
  5
998
330
1A
100
AcDbEntity
  8
Edge.Cuts
  6
CONTINUOUS
100
AcDbLine
 10
76.6415769999999981
 20
-130.1526499999999942
 30
0
 11
76.4616669999999914
 21
-130.1684359999999856
 31
0
  0
LINE
  5
999
330
1A
100
AcDbEntity
  8
Edge.Cuts
  6
CONTINUOUS
100
AcDbLine
 10
76.4616669999999914
 20
-130.1684359999999856
 30
0
 11
76.2811420000000027
 21
-130.1842189999999846
 31
0
  0
LINE
  5
99A
330
1A
100
AcDbEntity
  8
Edge.Cuts
  6
CONTINUOUS
100
AcDbLine
 10
76.2811420000000027
 20
-130.1842189999999846
 30
0
 11
76.0999999999999943
 21
-130.1999989999999912
 31
0
  0
LINE
  5
99B
330
1A
100
AcDbEntity
  8
Edge.Cuts
  6
CONTINUOUS
100
AcDbLine
 10
159.0151469999999847
 20
-119.3060299999999927
 30
0
 11
158.8824329999999918
 21
-119.2921329999999926
 31
0
  0
LINE
  5
99C
330
1A
100
AcDbEntity
  8
Edge.Cuts
  6
CONTINUOUS
100
AcDbLine
 10
158.8824329999999918
 20
-119.2921329999999926
 30
0
 11
158.7498569999999916
 21
-119.2783299999999969
 31
0
  0
LINE
  5
99D
330
1A
100
AcDbEntity
  8
Edge.Cuts
  6
CONTINUOUS
100
AcDbLine
 10
158.7498569999999916
 20
-119.2783299999999969
 30
0
 11
158.617416999999989
 21
-119.2646230000000003
 31
0
  0
LINE
  5
99E
330
1A
100
AcDbEntity
  8
Edge.Cuts
  6
CONTINUOUS
100
AcDbLine
 10
158.617416999999989
 20
-119.2646230000000003
 30
0
 11
158.4851139999999816
 21
-119.2510089999999963
 31
0
  0
LINE
  5
99F
330
1A
100
AcDbEntity
  8
Edge.Cuts
  6
CONTINUOUS
100
AcDbLine
 10
158.4851139999999816
 20
-119.2510089999999963
 30
0
 11
158.3529489999999953
 21
-119.2374909999999915
 31
0
  0
LINE
  5
9A0
330
1A
100
AcDbEntity
  8
Edge.Cuts
  6
CONTINUOUS
100
AcDbLine
 10
158.3529489999999953
 20
-119.2374909999999915
 30
0
 11
158.2209220000000016
 21
-119.2240659999999934
 31
0
  0
LINE
  5
9A1
330
1A
100
AcDbEntity
  8
Edge.Cuts
  6
CONTINUOUS
100
AcDbLine
 10
158.2209220000000016
 20
-119.2240659999999934
 30
0
 11
158.0890320000000031
 21
-119.2107359999999971
 31
0
  0
LINE
  5
9A2
330
1A
100
AcDbEntity
  8
Edge.Cuts
  6
CONTINUOUS
100
AcDbLine
 10
158.0890320000000031
 20
-119.2107359999999971
 30
0
 11
157.9572809999999947
 21
-119.1975009999999884
 31
0
  0
LINE
  5
9A3
330
1A
100
AcDbEntity
  8
Edge.Cuts
  6
CONTINUOUS
100
AcDbLine
 10
157.9572809999999947
 20
-119.1975009999999884
 30
0
 11
157.8256669999999815
 21
-119.1843590000000006
 31
0
  0
LINE
  5
9A4
330
1A
100
AcDbEntity
  8
Edge.Cuts
  6
CONTINUOUS
100
AcDbLine
 10
157.8256669999999815
 20
-119.1843590000000006
 30
0
 11
157.6941919999999868
 21
-119.1713120000000004
 31
0
  0
LINE
  5
9A5
330
1A
100
AcDbEntity
  8
Edge.Cuts
  6
CONTINUOUS
100
AcDbLine
 10
157.6941919999999868
 20
-119.1713120000000004
 30
0
 11
157.5628549999999848
 21
-119.1583579999999927
 31
0
  0
LINE
  5
9A6
330
1A
100
AcDbEntity
  8
Edge.Cuts
  6
CONTINUOUS
100
AcDbLine
 10
157.5628549999999848
 20
-119.1583579999999927
 30
0
 11
157.4316570000000013
 21
-119.1454990000000009
 31
0
  0
LINE
  5
9A7
330
1A
100
AcDbEntity
  8
Edge.Cuts
  6
CONTINUOUS
100
AcDbLine
 10
157.4316570000000013
 20
-119.1454990000000009
 30
0
 11
157.3005979999999795
 21
-119.1327329999999876
 31
0
  0
LINE
  5
9A8
330
1A
100
AcDbEntity
  8
Edge.Cuts
  6
CONTINUOUS
100
AcDbLine
 10
157.3005979999999795
 20
-119.1327329999999876
 30
0
 11
157.1696780000000047
 21
-119.1200619999999901
 31
0
  0
LINE
  5
9A9
330
1A
100
AcDbEntity
  8
Edge.Cuts
  6
CONTINUOUS
100
AcDbLine
 10
157.1696780000000047
 20
-119.1200619999999901
 30
0
 11
157.0388969999999915
 21
-119.1074839999999995
 31
0
  0
LINE
  5
9AA
330
1A
100
AcDbEntity
  8
Edge.Cuts
  6
CONTINUOUS
100
AcDbLine
 10
157.0388969999999915
 20
-119.1074839999999995
 30
0
 11
156.9082549999999969
 21
-119.0949999999999989
 31
0
  0
LINE
  5
9AB
330
1A
100
AcDbEntity
  8
Edge.Cuts
  6
CONTINUOUS
100
AcDbLine
 10
156.9082549999999969
 20
-119.0949999999999989
 30
0
 11
156.7777529999999899
 21
-119.0826089999999908
 31
0
  0
LINE
  5
9AC
330
1A
100
AcDbEntity
  8
Edge.Cuts
  6
CONTINUOUS
100
AcDbLine
 10
156.7777529999999899
 20
-119.0826089999999908
 30
0
 11
156.6473909999999989
 21
-119.0703120000000013
 31
0
  0
LINE
  5
9AD
330
1A
100
AcDbEntity
  8
Edge.Cuts
  6
CONTINUOUS
100
AcDbLine
 10
156.6473909999999989
 20
-119.0703120000000013
 30
0
 11
156.5171689999999955
 21
-119.0581089999999875
 31
0
  0
LINE
  5
9AE
330
1A
100
AcDbEntity
  8
Edge.Cuts
  6
CONTINUOUS
100
AcDbLine
 10
156.5171689999999955
 20
-119.0581089999999875
 30
0
 11
156.3870869999999798
 21
-119.0459989999999948
 31
0
  0
LINE
  5
9AF
330
1A
100
AcDbEntity
  8
Edge.Cuts
  6
CONTINUOUS
100
AcDbLine
 10
156.3870869999999798
 20
-119.0459989999999948
 30
0
 11
156.2571460000000059
 21
-119.0339819999999946
 31
0
  0
LINE
  5
9B0
330
1A
100
AcDbEntity
  8
Edge.Cuts
  6
CONTINUOUS
100
AcDbLine
 10
156.2571460000000059
 20
-119.0339819999999946
 30
0
 11
156.1273449999999912
 21
-119.0220580000000012
 31
0
  0
LINE
  5
9B1
330
1A
100
AcDbEntity
  8
Edge.Cuts
  6
CONTINUOUS
100
AcDbLine
 10
156.1273449999999912
 20
-119.0220580000000012
 30
0
 11
155.9976849999999899
 21
-119.0102279999999979
 31
0
  0
LINE
  5
9B2
330
1A
100
AcDbEntity
  8
Edge.Cuts
  6
CONTINUOUS
100
AcDbLine
 10
155.9976849999999899
 20
-119.0102279999999979
 30
0
 11
155.8681650000000047
 21
-118.9984910000000013
 31
0
  0
LINE
  5
9B3
330
1A
100
AcDbEntity
  8
Edge.Cuts
  6
CONTINUOUS
100
AcDbLine
 10
155.8681650000000047
 20
-118.9984910000000013
 30
0
 11
155.7387870000000021
 21
-118.9868469999999974
 31
0
  0
LINE
  5
9B4
330
1A
100
AcDbEntity
  8
Edge.Cuts
  6
CONTINUOUS
100
AcDbLine
 10
155.7387870000000021
 20
-118.9868469999999974
 30
0
 11
155.6095499999999845
 21
-118.9752949999999885
 31
0
  0
LINE
  5
9B5
330
1A
100
AcDbEntity
  8
Edge.Cuts
  6
CONTINUOUS
100
AcDbLine
 10
155.6095499999999845
 20
-118.9752949999999885
 30
0
 11
155.4804550000000063
 21
-118.9638369999999981
 31
0
  0
LINE
  5
9B6
330
1A
100
AcDbEntity
  8
Edge.Cuts
  6
CONTINUOUS
100
AcDbLine
 10
155.4804550000000063
 20
-118.9638369999999981
 30
0
 11
155.3515009999999847
 21
-118.9524709999999885
 31
0
  0
LINE
  5
9B7
330
1A
100
AcDbEntity
  8
Edge.Cuts
  6
CONTINUOUS
100
AcDbLine
 10
155.3515009999999847
 20
-118.9524709999999885
 30
0
 11
155.2226890000000026
 21
-118.941198
 31
0
  0
LINE
  5
9B8
330
1A
100
AcDbEntity
  8
Edge.Cuts
  6
CONTINUOUS
100
AcDbLine
 10
155.2226890000000026
 20
-118.941198
 30
0
 11
155.0940200000000004
 21
-118.9300179999999898
 31
0
  0
LINE
  5
9B9
330
1A
100
AcDbEntity
  8
Edge.Cuts
  6
CONTINUOUS
100
AcDbLine
 10
155.0940200000000004
 20
-118.9300179999999898
 30
0
 11
154.9654919999999834
 21
-118.9189310000000006
 31
0
  0
LINE
  5
9BA
330
1A
100
AcDbEntity
  8
Edge.Cuts
  6
CONTINUOUS
100
AcDbLine
 10
154.9654919999999834
 20
-118.9189310000000006
 30
0
 11
154.8371070000000032
 21
-118.9079359999999923
 31
0
  0
LINE
  5
9BB
330
1A
100
AcDbEntity
  8
Edge.Cuts
  6
CONTINUOUS
100
AcDbLine
 10
154.8371070000000032
 20
-118.9079359999999923
 30
0
 11
154.708865000000003
 21
-118.8970329999999933
 31
0
  0
LINE
  5
9BC
330
1A
100
AcDbEntity
  8
Edge.Cuts
  6
CONTINUOUS
100
AcDbLine
 10
154.708865000000003
 20
-118.8970329999999933
 30
0
 11
154.5807659999999828
 21
-118.8862230000000011
 31
0
  0
LINE
  5
9BD
330
1A
100
AcDbEntity
  8
Edge.Cuts
  6
CONTINUOUS
100
AcDbLine
 10
154.5807659999999828
 20
-118.8862230000000011
 30
0
 11
154.452809000000002
 21
-118.8755049999999898
 31
0
  0
LINE
  5
9BE
330
1A
100
AcDbEntity
  8
Edge.Cuts
  6
CONTINUOUS
100
AcDbLine
 10
154.452809000000002
 20
-118.8755049999999898
 30
0
 11
154.3249959999999987
 21
-118.8648789999999877
 31
0
  0
LINE
  5
9BF
330
1A
100
AcDbEntity
  8
Edge.Cuts
  6
CONTINUOUS
100
AcDbLine
 10
154.3249959999999987
 20
-118.8648789999999877
 30
0
 11
154.1973270000000014
 21
-118.854344999999995
 31
0
  0
LINE
  5
9C0
330
1A
100
AcDbEntity
  8
Edge.Cuts
  6
CONTINUOUS
100
AcDbLine
 10
154.1973270000000014
 20
-118.854344999999995
 30
0
 11
154.069800999999984
 21
-118.8439029999999974
 31
0
  0
LINE
  5
9C1
330
1A
100
AcDbEntity
  8
Edge.Cuts
  6
CONTINUOUS
100
AcDbLine
 10
154.069800999999984
 20
-118.8439029999999974
 30
0
 11
153.942419000000001
 21
-118.8335539999999924
 31
0
  0
LINE
  5
9C2
330
1A
100
AcDbEntity
  8
Edge.Cuts
  6
CONTINUOUS
100
AcDbLine
 10
153.942419000000001
 20
-118.8335539999999924
 30
0
 11
153.8151809999999955
 21
-118.8232959999999991
 31
0
  0
LINE
  5
9C3
330
1A
100
AcDbEntity
  8
Edge.Cuts
  6
CONTINUOUS
100
AcDbLine
 10
153.8151809999999955
 20
-118.8232959999999991
 30
0
 11
153.6880869999999959
 21
-118.813130000000001
 31
0
  0
LINE
  5
9C4
330
1A
100
AcDbEntity
  8
Edge.Cuts
  6
CONTINUOUS
100
AcDbLine
 10
153.6880869999999959
 20
-118.813130000000001
 30
0
 11
153.5611379999999997
 21
-118.8030550000000005
 31
0
  0
LINE
  5
9C5
330
1A
100
AcDbEntity
  8
Edge.Cuts
  6
CONTINUOUS
100
AcDbLine
 10
153.5611379999999997
 20
-118.8030550000000005
 30
0
 11
153.4343340000000069
 21
-118.7930729999999926
 31
0
  0
LINE
  5
9C6
330
1A
100
AcDbEntity
  8
Edge.Cuts
  6
CONTINUOUS
100
AcDbLine
 10
153.4343340000000069
 20
-118.7930729999999926
 30
0
 11
153.3076739999999916
 21
-118.7831819999999965
 31
0
  0
LINE
  5
9C7
330
1A
100
AcDbEntity
  8
Edge.Cuts
  6
CONTINUOUS
100
AcDbLine
 10
153.3076739999999916
 20
-118.7831819999999965
 30
0
 11
153.1811600000000055
 21
-118.773381999999998
 31
0
  0
LINE
  5
9C8
330
1A
100
AcDbEntity
  8
Edge.Cuts
  6
CONTINUOUS
100
AcDbLine
 10
153.1811600000000055
 20
-118.773381999999998
 30
0
 11
153.0547909999999945
 21
-118.7636739999999946
 31
0
  0
LINE
  5
9C9
330
1A
100
AcDbEntity
  8
Edge.Cuts
  6
CONTINUOUS
100
AcDbLine
 10
153.0547909999999945
 20
-118.7636739999999946
 30
0
 11
152.9285669999999868
 21
-118.7540569999999889
 31
0
  0
LINE
  5
9CA
330
1A
100
AcDbEntity
  8
Edge.Cuts
  6
CONTINUOUS
100
AcDbLine
 10
152.9285669999999868
 20
-118.7540569999999889
 30
0
 11
152.8024900000000059
 21
-118.7445309999999949
 31
0
  0
LINE
  5
9CB
330
1A
100
AcDbEntity
  8
Edge.Cuts
  6
CONTINUOUS
100
AcDbLine
 10
152.8024900000000059
 20
-118.7445309999999949
 30
0
 11
152.676558
 21
-118.7350969999999961
 31
0
  0
LINE
  5
9CC
330
1A
100
AcDbEntity
  8
Edge.Cuts
  6
CONTINUOUS
100
AcDbLine
 10
152.676558
 20
-118.7350969999999961
 30
0
 11
152.5507719999999949
 21
-118.7257529999999974
 31
0
  0
LINE
  5
9CD
330
1A
100
AcDbEntity
  8
Edge.Cuts
  6
CONTINUOUS
100
AcDbLine
 10
152.5507719999999949
 20
-118.7257529999999974
 30
0
 11
152.4251329999999882
 21
-118.7165009999999938
 31
0
  0
LINE
  5
9CE
330
1A
100
AcDbEntity
  8
Edge.Cuts
  6
CONTINUOUS
100
AcDbLine
 10
152.4251329999999882
 20
-118.7165009999999938
 30
0
 11
152.2996399999999824
 21
-118.7073399999999879
 31
0
  0
LINE
  5
9CF
330
1A
100
AcDbEntity
  8
Edge.Cuts
  6
CONTINUOUS
100
AcDbLine
 10
152.2996399999999824
 20
-118.7073399999999879
 30
0
 11
152.1742940000000033
 21
-118.6982689999999963
 31
0
  0
LINE
  5
9D0
330
1A
100
AcDbEntity
  8
Edge.Cuts
  6
CONTINUOUS
100
AcDbLine
 10
152.1742940000000033
 20
-118.6982689999999963
 30
0
 11
152.0490959999999916
 21
-118.6892889999999881
 31
0
  0
LINE
  5
9D1
330
1A
100
AcDbEntity
  8
Edge.Cuts
  6
CONTINUOUS
100
AcDbLine
 10
152.0490959999999916
 20
-118.6892889999999881
 30
0
 11
151.9240439999999808
 21
-118.6803999999999917
 31
0
  0
LINE
  5
9D2
330
1A
100
AcDbEntity
  8
Edge.Cuts
  6
CONTINUOUS
100
AcDbLine
 10
151.9240439999999808
 20
-118.6803999999999917
 30
0
 11
151.7991399999999942
 21
-118.6716009999999955
 31
0
  0
LINE
  5
9D3
330
1A
100
AcDbEntity
  8
Edge.Cuts
  6
CONTINUOUS
100
AcDbLine
 10
151.7991399999999942
 20
-118.6716009999999955
 30
0
 11
151.6743830000000059
 21
-118.6628929999999968
 31
0
  0
LINE
  5
9D4
330
1A
100
AcDbEntity
  8
Edge.Cuts
  6
CONTINUOUS
100
AcDbLine
 10
151.6743830000000059
 20
-118.6628929999999968
 30
0
 11
151.5497749999999826
 21
-118.6542759999999959
 31
0
  0
LINE
  5
9D5
330
1A
100
AcDbEntity
  8
Edge.Cuts
  6
CONTINUOUS
100
AcDbLine
 10
151.5497749999999826
 20
-118.6542759999999959
 30
0
 11
151.425313999999986
 21
-118.645748999999995
 31
0
  0
LINE
  5
9D6
330
1A
100
AcDbEntity
  8
Edge.Cuts
  6
CONTINUOUS
100
AcDbLine
 10
151.425313999999986
 20
-118.645748999999995
 30
0
 11
151.3010019999999827
 21
-118.6373109999999969
 31
0
  0
LINE
  5
9D7
330
1A
100
AcDbEntity
  8
Edge.Cuts
  6
CONTINUOUS
100
AcDbLine
 10
151.3010019999999827
 20
-118.6373109999999969
 30
0
 11
151.1768390000000011
 21
-118.6289649999999938
 31
0
  0
LINE
  5
9D8
330
1A
100
AcDbEntity
  8
Edge.Cuts
  6
CONTINUOUS
100
AcDbLine
 10
151.1768390000000011
 20
-118.6289649999999938
 30
0
 11
151.0528239999999869
 21
-118.6207079999999934
 31
0
  0
LINE
  5
9D9
330
1A
100
AcDbEntity
  8
Edge.Cuts
  6
CONTINUOUS
100
AcDbLine
 10
151.0528239999999869
 20
-118.6207079999999934
 30
0
 11
150.9289579999999944
 21
-118.6125409999999931
 31
0
  0
LINE
  5
9DA
330
1A
100
AcDbEntity
  8
Edge.Cuts
  6
CONTINUOUS
100
AcDbLine
 10
150.9289579999999944
 20
-118.6125409999999931
 30
0
 11
150.8052419999999927
 21
-118.604463999999993
 31
0
  0
LINE
  5
9DB
330
1A
100
AcDbEntity
  8
Edge.Cuts
  6
CONTINUOUS
100
AcDbLine
 10
150.8052419999999927
 20
-118.604463999999993
 30
0
 11
150.6816749999999843
 21
-118.596476999999993
 31
0
  0
LINE
  5
9DC
330
1A
100
AcDbEntity
  8
Edge.Cuts
  6
CONTINUOUS
100
AcDbLine
 10
150.6816749999999843
 20
-118.596476999999993
 30
0
 11
150.5582569999999976
 21
-118.5885799999999932
 31
0
  0
LINE
  5
9DD
330
1A
100
AcDbEntity
  8
Edge.Cuts
  6
CONTINUOUS
100
AcDbLine
 10
150.5582569999999976
 20
-118.5885799999999932
 30
0
 11
150.4349899999999991
 21
-118.5807729999999935
 31
0
  0
LINE
  5
9DE
330
1A
100
AcDbEntity
  8
Edge.Cuts
  6
CONTINUOUS
100
AcDbLine
 10
150.4349899999999991
 20
-118.5807729999999935
 30
0
 11
150.3118719999999939
 21
-118.5730549999999965
 31
0
  0
LINE
  5
9DF
330
1A
100
AcDbEntity
  8
Edge.Cuts
  6
CONTINUOUS
100
AcDbLine
 10
150.3118719999999939
 20
-118.5730549999999965
 30
0
 11
150.1889050000000054
 21
-118.565425999999988
 31
0
  0
LINE
  5
9E0
330
1A
100
AcDbEntity
  8
Edge.Cuts
  6
CONTINUOUS
100
AcDbLine
 10
150.1889050000000054
 20
-118.565425999999988
 30
0
 11
150.0660890000000052
 21
-118.5578869999999938
 31
0
  0
LINE
  5
9E1
330
1A
100
AcDbEntity
  8
Edge.Cuts
  6
CONTINUOUS
100
AcDbLine
 10
150.0660890000000052
 20
-118.5578869999999938
 30
0
 11
149.9434229999999957
 21
-118.5504369999999881
 31
0
  0
LINE
  5
9E2
330
1A
100
AcDbEntity
  8
Edge.Cuts
  6
CONTINUOUS
100
AcDbLine
 10
149.9434229999999957
 20
-118.5504369999999881
 30
0
 11
149.8209090000000003
 21
-118.5430769999999967
 31
0
  0
LINE
  5
9E3
330
1A
100
AcDbEntity
  8
Edge.Cuts
  6
CONTINUOUS
100
AcDbLine
 10
149.8209090000000003
 20
-118.5430769999999967
 30
0
 11
149.6985459999999932
 21
-118.5358049999999963
 31
0
  0
LINE
  5
9E4
330
1A
100
AcDbEntity
  8
Edge.Cuts
  6
CONTINUOUS
100
AcDbLine
 10
149.6985459999999932
 20
-118.5358049999999963
 30
0
 11
149.5763340000000028
 21
-118.5286229999999961
 31
0
  0
LINE
  5
9E5
330
1A
100
AcDbEntity
  8
Edge.Cuts
  6
CONTINUOUS
100
AcDbLine
 10
149.5763340000000028
 20
-118.5286229999999961
 30
0
 11
149.4542739999999981
 21
-118.5215299999999985
 31
0
  0
LINE
  5
9E6
330
1A
100
AcDbEntity
  8
Edge.Cuts
  6
CONTINUOUS
100
AcDbLine
 10
149.4542739999999981
 20
-118.5215299999999985
 30
0
 11
149.3323659999999791
 21
-118.5145249999999919
 31
0
  0
LINE
  5
9E7
330
1A
100
AcDbEntity
  8
Edge.Cuts
  6
CONTINUOUS
100
AcDbLine
 10
149.3323659999999791
 20
-118.5145249999999919
 30
0
 11
149.2106100000000026
 21
-118.507608999999988
 31
0
  0
LINE
  5
9E8
330
1A
100
AcDbEntity
  8
Edge.Cuts
  6
CONTINUOUS
100
AcDbLine
 10
149.2106100000000026
 20
-118.507608999999988
 30
0
 11
149.089006999999981
 21
-118.5007820000000009
 31
0
  0
LINE
  5
9E9
330
1A
100
AcDbEntity
  8
Edge.Cuts
  6
CONTINUOUS
100
AcDbLine
 10
149.089006999999981
 20
-118.5007820000000009
 30
0
 11
148.9675560000000019
 21
-118.4940439999999882
 31
0
  0
LINE
  5
9EA
330
1A
100
AcDbEntity
  8
Edge.Cuts
  6
CONTINUOUS
100
AcDbLine
 10
148.9675560000000019
 20
-118.4940439999999882
 30
0
 11
148.8462580000000059
 21
-118.4873939999999948
 31
0
  0
LINE
  5
9EB
330
1A
100
AcDbEntity
  8
Edge.Cuts
  6
CONTINUOUS
100
AcDbLine
 10
148.8462580000000059
 20
-118.4873939999999948
 30
0
 11
148.7251139999999907
 21
-118.4808319999999924
 31
0
  0
LINE
  5
9EC
330
1A
100
AcDbEntity
  8
Edge.Cuts
  6
CONTINUOUS
100
AcDbLine
 10
148.7251139999999907
 20
-118.4808319999999924
 30
0
 11
148.6041229999999871
 21
-118.4743589999999926
 31
0
  0
LINE
  5
9ED
330
1A
100
AcDbEntity
  8
Edge.Cuts
  6
CONTINUOUS
100
AcDbLine
 10
148.6041229999999871
 20
-118.4743589999999926
 30
0
 11
148.4832849999999951
 21
-118.4679739999999981
 31
0
  0
LINE
  5
9EE
330
1A
100
AcDbEntity
  8
Edge.Cuts
  6
CONTINUOUS
100
AcDbLine
 10
148.4832849999999951
 20
-118.4679739999999981
 30
0
 11
148.3626019999999812
 21
-118.461677999999992
 31
0
  0
LINE
  5
9EF
330
1A
100
AcDbEntity
  8
Edge.Cuts
  6
CONTINUOUS
100
AcDbLine
 10
148.3626019999999812
 20
-118.461677999999992
 30
0
 11
148.2420730000000049
 21
-118.4554689999999937
 31
0
  0
LINE
  5
9F0
330
1A
100
AcDbEntity
  8
Edge.Cuts
  6
CONTINUOUS
100
AcDbLine
 10
148.2420730000000049
 20
-118.4554689999999937
 30
0
 11
148.1216979999999808
 21
-118.4493480000000005
 31
0
  0
LINE
  5
9F1
330
1A
100
AcDbEntity
  8
Edge.Cuts
  6
CONTINUOUS
100
AcDbLine
 10
148.1216979999999808
 20
-118.4493480000000005
 30
0
 11
148.0014769999999942
 21
-118.4433149999999983
 31
0
  0
LINE
  5
9F2
330
1A
100
AcDbEntity
  8
Edge.Cuts
  6
CONTINUOUS
100
AcDbLine
 10
148.0014769999999942
 20
-118.4433149999999983
 30
0
 11
147.8814119999999832
 21
-118.4373700000000014
 31
0
  0
LINE
  5
9F3
330
1A
100
AcDbEntity
  8
Edge.Cuts
  6
CONTINUOUS
100
AcDbLine
 10
147.8814119999999832
 20
-118.4373700000000014
 30
0
 11
147.7615020000000072
 21
-118.4315129999999954
 31
0
  0
LINE
  5
9F4
330
1A
100
AcDbEntity
  8
Edge.Cuts
  6
CONTINUOUS
100
AcDbLine
 10
147.7615020000000072
 20
-118.4315129999999954
 30
0
 11
147.641746999999981
 21
-118.4257429999999971
 31
0
  0
LINE
  5
9F5
330
1A
100
AcDbEntity
  8
Edge.Cuts
  6
CONTINUOUS
100
AcDbLine
 10
147.641746999999981
 20
-118.4257429999999971
 30
0
 11
147.5221479999999872
 21
-118.4200609999999898
 31
0
  0
LINE
  5
9F6
330
1A
100
AcDbEntity
  8
Edge.Cuts
  6
CONTINUOUS
100
AcDbLine
 10
147.5221479999999872
 20
-118.4200609999999898
 30
0
 11
147.402704
 21
-118.4144659999999902
 31
0
  0
LINE
  5
9F7
330
1A
100
AcDbEntity
  8
Edge.Cuts
  6
CONTINUOUS
100
AcDbLine
 10
147.402704
 20
-118.4144659999999902
 30
0
 11
147.2834169999999858
 21
-118.4089579999999984
 31
0
  0
LINE
  5
9F8
330
1A
100
AcDbEntity
  8
Edge.Cuts
  6
CONTINUOUS
100
AcDbLine
 10
147.2834169999999858
 20
-118.4089579999999984
 30
0
 11
147.1642860000000042
 21
-118.4035379999999975
 31
0
  0
LINE
  5
9F9
330
1A
100
AcDbEntity
  8
Edge.Cuts
  6
CONTINUOUS
100
AcDbLine
 10
147.1642860000000042
 20
-118.4035379999999975
 30
0
 11
147.0453119999999956
 21
-118.3982049999999902
 31
0
  0
LINE
  5
9FA
330
1A
100
AcDbEntity
  8
Edge.Cuts
  6
CONTINUOUS
100
AcDbLine
 10
147.0453119999999956
 20
-118.3982049999999902
 30
0
 11
146.9264949999999885
 21
-118.3929589999999905
 31
0
  0
LINE
  5
9FB
330
1A
100
AcDbEntity
  8
Edge.Cuts
  6
CONTINUOUS
100
AcDbLine
 10
146.9264949999999885
 20
-118.3929589999999905
 30
0
 11
146.807834999999983
 21
-118.3877990000000011
 31
0
  0
LINE
  5
9FC
330
1A
100
AcDbEntity
  8
Edge.Cuts
  6
CONTINUOUS
100
AcDbLine
 10
146.807834999999983
 20
-118.3877990000000011
 30
0
 11
146.6893320000000074
 21
-118.3827269999999885
 31
0
  0
LINE
  5
9FD
330
1A
100
AcDbEntity
  8
Edge.Cuts
  6
CONTINUOUS
100
AcDbLine
 10
146.6893320000000074
 20
-118.3827269999999885
 30
0
 11
146.5709870000000024
 21
-118.3777410000000003
 31
0
  0
LINE
  5
9FE
330
1A
100
AcDbEntity
  8
Edge.Cuts
  6
CONTINUOUS
100
AcDbLine
 10
146.5709870000000024
 20
-118.3777410000000003
 30
0
 11
146.4527999999999963
 21
-118.3728419999999915
 31
0
  0
LINE
  5
9FF
330
1A
100
AcDbEntity
  8
Edge.Cuts
  6
CONTINUOUS
100
AcDbLine
 10
146.4527999999999963
 20
-118.3728419999999915
 30
0
 11
146.3347709999999893
 21
-118.3680289999999928
 31
0
  0
LINE
  5
A00
330
1A
100
AcDbEntity
  8
Edge.Cuts
  6
CONTINUOUS
100
AcDbLine
 10
146.3347709999999893
 20
-118.3680289999999928
 30
0
 11
146.2169010000000071
 21
-118.3633029999999877
 31
0
  0
LINE
  5
A01
330
1A
100
AcDbEntity
  8
Edge.Cuts
  6
CONTINUOUS
100
AcDbLine
 10
146.2169010000000071
 20
-118.3633029999999877
 30
0
 11
146.0991889999999955
 21
-118.3586629999999928
 31
0
  0
LINE
  5
A02
330
1A
100
AcDbEntity
  8
Edge.Cuts
  6
CONTINUOUS
100
AcDbLine
 10
146.0991889999999955
 20
-118.3586629999999928
 30
0
 11
145.9816370000000063
 21
-118.3541099999999915
 31
0
  0
LINE
  5
A03
330
1A
100
AcDbEntity
  8
Edge.Cuts
  6
CONTINUOUS
100
AcDbLine
 10
145.9816370000000063
 20
-118.3541099999999915
 30
0
 11
145.8642429999999877
 21
-118.3496419999999887
 31
0
  0
LINE
  5
A04
330
1A
100
AcDbEntity
  8
Edge.Cuts
  6
CONTINUOUS
100
AcDbLine
 10
145.8642429999999877
 20
-118.3496419999999887
 30
0
 11
145.7470089999999914
 21
-118.3452609999999936
 31
0
  0
LINE
  5
A05
330
1A
100
AcDbEntity
  8
Edge.Cuts
  6
CONTINUOUS
100
AcDbLine
 10
145.7470089999999914
 20
-118.3452609999999936
 30
0
 11
145.629934999999989
 21
-118.3409649999999971
 31
0
  0
LINE
  5
A06
330
1A
100
AcDbEntity
  8
Edge.Cuts
  6
CONTINUOUS
100
AcDbLine
 10
145.629934999999989
 20
-118.3409649999999971
 30
0
 11
145.5130209999999806
 21
-118.3367549999999966
 31
0
  0
LINE
  5
A07
330
1A
100
AcDbEntity
  8
Edge.Cuts
  6
CONTINUOUS
100
AcDbLine
 10
145.5130209999999806
 20
-118.3367549999999966
 30
0
 11
145.3962679999999921
 21
-118.3326319999999896
 31
0
  0
LINE
  5
A08
330
1A
100
AcDbEntity
  8
Edge.Cuts
  6
CONTINUOUS
100
AcDbLine
 10
145.3962679999999921
 20
-118.3326319999999896
 30
0
 11
145.2796749999999975
 21
-118.3285929999999979
 31
0
  0
LINE
  5
A09
330
1A
100
AcDbEntity
  8
Edge.Cuts
  6
CONTINUOUS
100
AcDbLine
 10
145.2796749999999975
 20
-118.3285929999999979
 30
0
 11
145.1632419999999968
 21
-118.324639999999988
 31
0
  0
LINE
  5
A0A
330
1A
100
AcDbEntity
  8
Edge.Cuts
  6
CONTINUOUS
100
AcDbLine
 10
145.1632419999999968
 20
-118.324639999999988
 30
0
 11
145.046970999999985
 21
-118.3207729999999884
 31
0
  0
LINE
  5
A0B
330
1A
100
AcDbEntity
  8
Edge.Cuts
  6
CONTINUOUS
100
AcDbLine
 10
145.046970999999985
 20
-118.3207729999999884
 30
0
 11
144.9308619999999905
 21
-118.3169910000000016
 31
0
  0
LINE
  5
A0C
330
1A
100
AcDbEntity
  8
Edge.Cuts
  6
CONTINUOUS
100
AcDbLine
 10
144.9308619999999905
 20
-118.3169910000000016
 30
0
 11
144.8149139999999875
 21
-118.3132939999999991
 31
0
  0
LINE
  5
A0D
330
1A
100
AcDbEntity
  8
Edge.Cuts
  6
CONTINUOUS
100
AcDbLine
 10
144.8149139999999875
 20
-118.3132939999999991
 30
0
 11
144.6991280000000017
 21
-118.3096819999999951
 31
0
  0
LINE
  5
A0E
330
1A
100
AcDbEntity
  8
Edge.Cuts
  6
CONTINUOUS
100
AcDbLine
 10
144.6991280000000017
 20
-118.3096819999999951
 30
0
 11
144.5835040000000049
 21
-118.3061560000000014
 31
0
  0
LINE
  5
A0F
330
1A
100
AcDbEntity
  8
Edge.Cuts
  6
CONTINUOUS
100
AcDbLine
 10
144.5835040000000049
 20
-118.3061560000000014
 30
0
 11
144.4680429999999944
 21
-118.3027139999999946
 31
0
  0
LINE
  5
A10
330
1A
100
AcDbEntity
  8
Edge.Cuts
  6
CONTINUOUS
100
AcDbLine
 10
144.4680429999999944
 20
-118.3027139999999946
 30
0
 11
144.3527440000000013
 21
-118.2993570000000005
 31
0
  0
LINE
  5
A11
330
1A
100
AcDbEntity
  8
Edge.Cuts
  6
CONTINUOUS
100
AcDbLine
 10
144.3527440000000013
 20
-118.2993570000000005
 30
0
 11
144.237608999999992
 21
-118.2960839999999934
 31
0
  0
LINE
  5
A12
330
1A
100
AcDbEntity
  8
Edge.Cuts
  6
CONTINUOUS
100
AcDbLine
 10
144.237608999999992
 20
-118.2960839999999934
 30
0
 11
144.1226369999999974
 21
-118.2928959999999989
 31
0
  0
LINE
  5
A13
330
1A
100
AcDbEntity
  8
Edge.Cuts
  6
CONTINUOUS
100
AcDbLine
 10
144.1226369999999974
 20
-118.2928959999999989
 30
0
 11
144.0078289999999868
 21
-118.2897929999999889
 31
0
  0
LINE
  5
A14
330
1A
100
AcDbEntity
  8
Edge.Cuts
  6
CONTINUOUS
100
AcDbLine
 10
144.0078289999999868
 20
-118.2897929999999889
 30
0
 11
143.8931849999999883
 21
-118.2867739999999941
 31
0
  0
LINE
  5
A15
330
1A
100
AcDbEntity
  8
Edge.Cuts
  6
CONTINUOUS
100
AcDbLine
 10
143.8931849999999883
 20
-118.2867739999999941
 30
0
 11
143.7787050000000022
 21
-118.2838390000000004
 31
0
  0
LINE
  5
A16
330
1A
100
AcDbEntity
  8
Edge.Cuts
  6
CONTINUOUS
100
AcDbLine
 10
143.7787050000000022
 20
-118.2838390000000004
 30
0
 11
143.6643889999999999
 21
-118.2809889999999911
 31
0
  0
LINE
  5
A17
330
1A
100
AcDbEntity
  8
Edge.Cuts
  6
CONTINUOUS
100
AcDbLine
 10
143.6643889999999999
 20
-118.2809889999999911
 30
0
 11
143.5502380000000073
 21
-118.2782219999999995
 31
0
  0
LINE
  5
A18
330
1A
100
AcDbEntity
  8
Edge.Cuts
  6
CONTINUOUS
100
AcDbLine
 10
143.5502380000000073
 20
-118.2782219999999995
 30
0
 11
143.4362529999999936
 21
-118.2755399999999923
 31
0
  0
LINE
  5
A19
330
1A
100
AcDbEntity
  8
Edge.Cuts
  6
CONTINUOUS
100
AcDbLine
 10
143.4362529999999936
 20
-118.2755399999999923
 30
0
 11
143.3224319999999921
 21
-118.2729409999999888
 31
0
  0
LINE
  5
A1A
330
1A
100
AcDbEntity
  8
Edge.Cuts
  6
CONTINUOUS
100
AcDbLine
 10
143.3224319999999921
 20
-118.2729409999999888
 30
0
 11
143.2087779999999952
 21
-118.2704260000000005
 31
0
  0
LINE
  5
A1B
330
1A
100
AcDbEntity
  8
Edge.Cuts
  6
CONTINUOUS
100
AcDbLine
 10
143.2087779999999952
 20
-118.2704260000000005
 30
0
 11
143.0952889999999798
 21
-118.2679940000000016
 31
0
  0
LINE
  5
A1C
330
1A
100
AcDbEntity
  8
Edge.Cuts
  6
CONTINUOUS
100
AcDbLine
 10
143.0952889999999798
 20
-118.2679940000000016
 30
0
 11
142.9819669999999974
 21
-118.2656459999999896
 31
0
  0
LINE
  5
A1D
330
1A
100
AcDbEntity
  8
Edge.Cuts
  6
CONTINUOUS
100
AcDbLine
 10
142.9819669999999974
 20
-118.2656459999999896
 30
0
 11
142.8688109999999938
 21
-118.2633809999999954
 31
0
  0
LINE
  5
A1E
330
1A
100
AcDbEntity
  8
Edge.Cuts
  6
CONTINUOUS
100
AcDbLine
 10
142.8688109999999938
 20
-118.2633809999999954
 30
0
 11
142.7558219999999949
 21
-118.2611999999999881
 31
0
  0
LINE
  5
A1F
330
1A
100
AcDbEntity
  8
Edge.Cuts
  6
CONTINUOUS
100
AcDbLine
 10
142.7558219999999949
 20
-118.2611999999999881
 30
0
 11
142.6430000000000007
 21
-118.2591019999999986
 31
0
  0
LINE
  5
A20
330
1A
100
AcDbEntity
  8
Edge.Cuts
  6
CONTINUOUS
100
AcDbLine
 10
142.6430000000000007
 20
-118.2591019999999986
 30
0
 11
142.5303459999999802
 21
-118.2570869999999985
 31
0
  0
LINE
  5
A21
330
1A
100
AcDbEntity
  8
Edge.Cuts
  6
CONTINUOUS
100
AcDbLine
 10
142.5303459999999802
 20
-118.2570869999999985
 30
0
 11
142.4178589999999929
 21
-118.2551539999999903
 31
0
  0
LINE
  5
A22
330
1A
100
AcDbEntity
  8
Edge.Cuts
  6
CONTINUOUS
100
AcDbLine
 10
142.4178589999999929
 20
-118.2551539999999903
 30
0
 11
142.3055410000000052
 21
-118.2533049999999974
 31
0
  0
LINE
  5
A23
330
1A
100
AcDbEntity
  8
Edge.Cuts
  6
CONTINUOUS
100
AcDbLine
 10
142.3055410000000052
 20
-118.2533049999999974
 30
0
 11
142.1933909999999912
 21
-118.2515379999999965
 31
0
  0
LINE
  5
A24
330
1A
100
AcDbEntity
  8
Edge.Cuts
  6
CONTINUOUS
100
AcDbLine
 10
142.1933909999999912
 20
-118.2515379999999965
 30
0
 11
142.0814089999999794
 21
-118.2498539999999991
 31
0
  0
LINE
  5
A25
330
1A
100
AcDbEntity
  8
Edge.Cuts
  6
CONTINUOUS
100
AcDbLine
 10
142.0814089999999794
 20
-118.2498539999999991
 30
0
 11
141.9695969999999932
 21
-118.2482519999999937
 31
0
  0
LINE
  5
A26
330
1A
100
AcDbEntity
  8
Edge.Cuts
  6
CONTINUOUS
100
AcDbLine
 10
141.9695969999999932
 20
-118.2482519999999937
 30
0
 11
141.8579540000000065
 21
-118.2467319999999944
 31
0
  0
LINE
  5
A27
330
1A
100
AcDbEntity
  8
Edge.Cuts
  6
CONTINUOUS
100
AcDbLine
 10
141.8579540000000065
 20
-118.2467319999999944
 30
0
 11
141.7464799999999912
 21
-118.2452949999999987
 31
0
  0
LINE
  5
A28
330
1A
100
AcDbEntity
  8
Edge.Cuts
  6
CONTINUOUS
100
AcDbLine
 10
141.7464799999999912
 20
-118.2452949999999987
 30
0
 11
141.6351760000000013
 21
-118.2439399999999949
 31
0
  0
LINE
  5
A29
330
1A
100
AcDbEntity
  8
Edge.Cuts
  6
CONTINUOUS
100
AcDbLine
 10
141.6351760000000013
 20
-118.2439399999999949
 30
0
 11
141.524043000000006
 21
-118.2426659999999998
 31
0
  0
LINE
  5
A2A
330
1A
100
AcDbEntity
  8
Edge.Cuts
  6
CONTINUOUS
100
AcDbLine
 10
141.524043000000006
 20
-118.2426659999999998
 30
0
 11
141.4130799999999795
 21
-118.2414749999999941
 31
0
  0
LINE
  5
A2B
330
1A
100
AcDbEntity
  8
Edge.Cuts
  6
CONTINUOUS
100
AcDbLine
 10
141.4130799999999795
 20
-118.2414749999999941
 30
0
 11
141.3022880000000043
 21
-118.2403649999999971
 31
0
  0
LINE
  5
A2C
330
1A
100
AcDbEntity
  8
Edge.Cuts
  6
CONTINUOUS
100
AcDbLine
 10
141.3022880000000043
 20
-118.2403649999999971
 30
0
 11
141.1916669999999954
 21
-118.2393369999999919
 31
0
  0
LINE
  5
A2D
330
1A
100
AcDbEntity
  8
Edge.Cuts
  6
CONTINUOUS
100
AcDbLine
 10
141.1916669999999954
 20
-118.2393369999999919
 30
0
 11
141.081216999999981
 21
-118.2383909999999929
 31
0
  0
LINE
  5
A2E
330
1A
100
AcDbEntity
  8
Edge.Cuts
  6
CONTINUOUS
100
AcDbLine
 10
141.081216999999981
 20
-118.2383909999999929
 30
0
 11
140.9709389999999871
 21
-118.2375259999999884
 31
0
  0
LINE
  5
A2F
330
1A
100
AcDbEntity
  8
Edge.Cuts
  6
CONTINUOUS
100
AcDbLine
 10
140.9709389999999871
 20
-118.2375259999999884
 30
0
 11
140.8608339999999828
 21
-118.2367419999999925
 31
0
  0
LINE
  5
A30
330
1A
100
AcDbEntity
  8
Edge.Cuts
  6
CONTINUOUS
100
AcDbLine
 10
140.8608339999999828
 20
-118.2367419999999925
 30
0
 11
140.7509000000000015
 21
-118.236038999999991
 31
0
  0
LINE
  5
A31
330
1A
100
AcDbEntity
  8
Edge.Cuts
  6
CONTINUOUS
100
AcDbLine
 10
140.7509000000000015
 20
-118.236038999999991
 30
0
 11
140.6959909999999923
 21
-118.2357179999999914
 31
0
  0
LINE
  5
A32
330
1A
100
AcDbEntity
  8
Edge.Cuts
  6
CONTINUOUS
100
AcDbLine
 10
140.6959909999999923
 20
-118.2357179999999914
 30
0
 11
140.6411400000000071
 21
-118.2354169999999982
 31
0
  0
LINE
  5
A33
330
1A
100
AcDbEntity
  8
Edge.Cuts
  6
CONTINUOUS
100
AcDbLine
 10
140.6411400000000071
 20
-118.2354169999999982
 30
0
 11
140.5863169999999798
 21
-118.2351369999999946
 31
0
  0
LINE
  5
A34
330
1A
100
AcDbEntity
  8
Edge.Cuts
  6
CONTINUOUS
100
AcDbLine
 10
140.5863169999999798
 20
-118.2351369999999946
 30
0
 11
140.5315530000000024
 21
-118.2348759999999999
 31
0
  0
LINE
  5
A35
330
1A
100
AcDbEntity
  8
Edge.Cuts
  6
CONTINUOUS
100
AcDbLine
 10
140.5315530000000024
 20
-118.2348759999999999
 30
0
 11
140.4768169999999827
 21
-118.2346359999999947
 31
0
  0
LINE
  5
A36
330
1A
100
AcDbEntity
  8
Edge.Cuts
  6
CONTINUOUS
100
AcDbLine
 10
140.4768169999999827
 20
-118.2346359999999947
 30
0
 11
140.4221389999999872
 21
-118.234415999999996
 31
0
  0
LINE
  5
A37
330
1A
100
AcDbEntity
  8
Edge.Cuts
  6
CONTINUOUS
100
AcDbLine
 10
140.4221389999999872
 20
-118.234415999999996
 30
0
 11
140.3674900000000036
 21
-118.2342159999999893
 31
0
  0
LINE
  5
A38
330
1A
100
AcDbEntity
  8
Edge.Cuts
  6
CONTINUOUS
100
AcDbLine
 10
140.3674900000000036
 20
-118.2342159999999893
 30
0
 11
140.3128979999999899
 21
-118.2340370000000007
 31
0
  0
LINE
  5
A39
330
1A
100
AcDbEntity
  8
Edge.Cuts
  6
CONTINUOUS
100
AcDbLine
 10
140.3128979999999899
 20
-118.2340370000000007
 30
0
 11
140.2583359999999857
 21
-118.2338769999999926
 31
0
  0
LINE
  5
A3A
330
1A
100
AcDbEntity
  8
Edge.Cuts
  6
CONTINUOUS
100
AcDbLine
 10
140.2583359999999857
 20
-118.2338769999999926
 30
0
 11
140.2038320000000056
 21
-118.2337369999999908
 31
0
  0
LINE
  5
A3B
330
1A
100
AcDbEntity
  8
Edge.Cuts
  6
CONTINUOUS
100
AcDbLine
 10
140.2038320000000056
 20
-118.2337369999999908
 30
0
 11
140.1493569999999806
 21
-118.2336179999999928
 31
0
  0
LINE
  5
A3C
330
1A
100
AcDbEntity
  8
Edge.Cuts
  6
CONTINUOUS
100
AcDbLine
 10
140.1493569999999806
 20
-118.2336179999999928
 30
0
 11
140.0949399999999798
 21
-118.2335190000000011
 31
0
  0
LINE
  5
A3D
330
1A
100
AcDbEntity
  8
Edge.Cuts
  6
CONTINUOUS
100
AcDbLine
 10
140.0949399999999798
 20
-118.2335190000000011
 30
0
 11
140.0405529999999885
 21
-118.2334400000000016
 31
0
  0
LINE
  5
A3E
330
1A
100
AcDbEntity
  8
Edge.Cuts
  6
CONTINUOUS
100
AcDbLine
 10
140.0405529999999885
 20
-118.2334400000000016
 30
0
 11
139.9862229999999954
 21
-118.2333799999999968
 31
0
  0
LINE
  5
A3F
330
1A
100
AcDbEntity
  8
Edge.Cuts
  6
CONTINUOUS
100
AcDbLine
 10
139.9862229999999954
 20
-118.2333799999999968
 30
0
 11
139.9319229999999834
 21
-118.2333409999999958
 31
0
  0
LINE
  5
A40
330
1A
100
AcDbEntity
  8
Edge.Cuts
  6
CONTINUOUS
100
AcDbLine
 10
139.9319229999999834
 20
-118.2333409999999958
 30
0
 11
139.8776809999999955
 21
-118.2333220000000011
 31
0
  0
LINE
  5
A41
330
1A
100
AcDbEntity
  8
Edge.Cuts
  6
CONTINUOUS
100
AcDbLine
 10
139.8776809999999955
 20
-118.2333220000000011
 30
0
 11
139.8234679999999912
 21
-118.2333229999999986
 31
0
  0
LINE
  5
A42
330
1A
100
AcDbEntity
  8
Edge.Cuts
  6
CONTINUOUS
100
AcDbLine
 10
139.8234679999999912
 20
-118.2333229999999986
 30
0
 11
139.7693139999999801
 21
-118.2333439999999882
 31
0
  0
LINE
  5
A43
330
1A
100
AcDbEntity
  8
Edge.Cuts
  6
CONTINUOUS
100
AcDbLine
 10
139.7693139999999801
 20
-118.2333439999999882
 30
0
 11
139.715188999999981
 21
-118.2333849999999984
 31
0
  0
LINE
  5
A44
330
1A
100
AcDbEntity
  8
Edge.Cuts
  6
CONTINUOUS
100
AcDbLine
 10
139.715188999999981
 20
-118.2333849999999984
 30
0
 11
139.6611230000000035
 21
-118.233444999999989
 31
0
  0
LINE
  5
A45
330
1A
100
AcDbEntity
  8
Edge.Cuts
  6
CONTINUOUS
100
AcDbLine
 10
139.6611230000000035
 20
-118.233444999999989
 30
0
 11
139.6070859999999811
 21
-118.2335259999999977
 31
0
  0
LINE
  5
A46
330
1A
100
AcDbEntity
  8
Edge.Cuts
  6
CONTINUOUS
100
AcDbLine
 10
139.6070859999999811
 20
-118.2335259999999977
 30
0
 11
139.5531079999999804
 21
-118.2336269999999985
 31
0
  0
LINE
  5
A47
330
1A
100
AcDbEntity
  8
Edge.Cuts
  6
CONTINUOUS
100
AcDbLine
 10
139.5531079999999804
 20
-118.2336269999999985
 30
0
 11
139.4991589999999917
 21
-118.2337469999999939
 31
0
  0
LINE
  5
A48
330
1A
100
AcDbEntity
  8
Edge.Cuts
  6
CONTINUOUS
100
AcDbLine
 10
139.4991589999999917
 20
-118.2337469999999939
 30
0
 11
139.4452689999999961
 21
-118.2338869999999957
 31
0
  0
LINE
  5
A49
330
1A
100
AcDbEntity
  8
Edge.Cuts
  6
CONTINUOUS
100
AcDbLine
 10
139.4452689999999961
 20
-118.2338869999999957
 30
0
 11
139.3914089999999817
 21
-118.2340480000000014
 31
0
  0
LINE
  5
A4A
330
1A
100
AcDbEntity
  8
Edge.Cuts
  6
CONTINUOUS
100
AcDbLine
 10
139.3914089999999817
 20
-118.2340480000000014
 30
0
 11
139.3376069999999913
 21
-118.2342280000000017
 31
0
  0
LINE
  5
A4B
330
1A
100
AcDbEntity
  8
Edge.Cuts
  6
CONTINUOUS
100
AcDbLine
 10
139.3376069999999913
 20
-118.2342280000000017
 30
0
 11
139.2838359999999795
 21
-118.2344279999999941
 31
0
  0
LINE
  5
A4C
330
1A
100
AcDbEntity
  8
Edge.Cuts
  6
CONTINUOUS
100
AcDbLine
 10
139.2838359999999795
 20
-118.2344279999999941
 30
0
 11
139.2301219999999944
 21
-118.2346469999999954
 31
0
  0
LINE
  5
A4D
330
1A
100
AcDbEntity
  8
Edge.Cuts
  6
CONTINUOUS
100
AcDbLine
 10
139.2301219999999944
 20
-118.2346469999999954
 30
0
 11
139.1764389999999878
 21
-118.2348870000000005
 31
0
  0
LINE
  5
A4E
330
1A
100
AcDbEntity
  8
Edge.Cuts
  6
CONTINUOUS
100
AcDbLine
 10
139.1764389999999878
 20
-118.2348870000000005
 30
0
 11
139.1228150000000028
 21
-118.2351460000000003
 31
0
  0
LINE
  5
A4F
330
1A
100
AcDbEntity
  8
Edge.Cuts
  6
CONTINUOUS
100
AcDbLine
 10
139.1228150000000028
 20
-118.2351460000000003
 30
0
 11
139.0692209999999989
 21
-118.2354249999999922
 31
0
  0
LINE
  5
A50
330
1A
100
AcDbEntity
  8
Edge.Cuts
  6
CONTINUOUS
100
AcDbLine
 10
139.0692209999999989
 20
-118.2354249999999922
 30
0
 11
139.0156849999999906
 21
-118.2357239999999905
 31
0
  0
LINE
  5
A51
330
1A
100
AcDbEntity
  8
Edge.Cuts
  6
CONTINUOUS
100
AcDbLine
 10
139.0156849999999906
 20
-118.2357239999999905
 30
0
 11
138.9621799999999894
 21
-118.2360429999999951
 31
0
  0
LINE
  5
A52
330
1A
100
AcDbEntity
  8
Edge.Cuts
  6
CONTINUOUS
100
AcDbLine
 10
138.9621799999999894
 20
-118.2360429999999951
 30
0
 11
138.9087329999999838
 21
-118.2363809999999944
 31
0
  0
LINE
  5
A53
330
1A
100
AcDbEntity
  8
Edge.Cuts
  6
CONTINUOUS
100
AcDbLine
 10
138.9087329999999838
 20
-118.2363809999999944
 30
0
 11
138.8553169999999852
 21
-118.236739
 31
0
  0
LINE
  5
A54
330
1A
100
AcDbEntity
  8
Edge.Cuts
  6
CONTINUOUS
100
AcDbLine
 10
138.8553169999999852
 20
-118.236739
 30
0
 11
138.8019599999999798
 21
-118.2371169999999978
 31
0
  0
LINE
  5
A55
330
1A
100
AcDbEntity
  8
Edge.Cuts
  6
CONTINUOUS
100
AcDbLine
 10
138.8019599999999798
 20
-118.2371169999999978
 30
0
 11
138.7486339999999814
 21
-118.2375139999999902
 31
0
  0
LINE
  5
A56
330
1A
100
AcDbEntity
  8
Edge.Cuts
  6
CONTINUOUS
100
AcDbLine
 10
138.7486339999999814
 20
-118.2375139999999902
 30
0
 11
138.695366000000007
 21
-118.237930999999989
 31
0
  0
LINE
  5
A57
330
1A
100
AcDbEntity
  8
Edge.Cuts
  6
CONTINUOUS
100
AcDbLine
 10
138.695366000000007
 20
-118.237930999999989
 30
0
 11
138.6421289999999829
 21
-118.2383679999999941
 31
0
  0
LINE
  5
A58
330
1A
100
AcDbEntity
  8
Edge.Cuts
  6
CONTINUOUS
100
AcDbLine
 10
138.6421289999999829
 20
-118.2383679999999941
 30
0
 11
138.5889499999999828
 21
-118.2388239999999939
 31
0
  0
LINE
  5
A59
330
1A
100
AcDbEntity
  8
Edge.Cuts
  6
CONTINUOUS
100
AcDbLine
 10
138.5889499999999828
 20
-118.2388239999999939
 30
0
 11
138.5358029999999872
 21
-118.2393000000000001
 31
0
  0
LINE
  5
A5A
330
1A
100
AcDbEntity
  8
Edge.Cuts
  6
CONTINUOUS
100
AcDbLine
 10
138.5358029999999872
 20
-118.2393000000000001
 30
0
 11
138.4827139999999872
 21
-118.2397950000000009
 31
0
  0
LINE
  5
A5B
330
1A
100
AcDbEntity
  8
Edge.Cuts
  6
CONTINUOUS
100
AcDbLine
 10
138.4827139999999872
 20
-118.2397950000000009
 30
0
 11
138.4296569999999917
 21
-118.2403099999999938
 31
0
  0
LINE
  5
A5C
330
1A
100
AcDbEntity
  8
Edge.Cuts
  6
CONTINUOUS
100
AcDbLine
 10
138.4296569999999917
 20
-118.2403099999999938
 30
0
 11
138.3766579999999919
 21
-118.2408449999999931
 31
0
  0
LINE
  5
A5D
330
1A
100
AcDbEntity
  8
Edge.Cuts
  6
CONTINUOUS
100
AcDbLine
 10
138.3766579999999919
 20
-118.2408449999999931
 30
0
 11
138.3236909999999966
 21
-118.2413990000000013
 31
0
  0
LINE
  5
A5E
330
1A
100
AcDbEntity
  8
Edge.Cuts
  6
CONTINUOUS
100
AcDbLine
 10
138.3236909999999966
 20
-118.2413990000000013
 30
0
 11
138.270781999999997
 21
-118.2419719999999899
 31
0
  0
LINE
  5
A5F
330
1A
100
AcDbEntity
  8
Edge.Cuts
  6
CONTINUOUS
100
AcDbLine
 10
138.270781999999997
 20
-118.2419719999999899
 30
0
 11
138.2179050000000018
 21
-118.242564999999999
 31
0
  0
LINE
  5
A60
330
1A
100
AcDbEntity
  8
Edge.Cuts
  6
CONTINUOUS
100
AcDbLine
 10
138.2179050000000018
 20
-118.242564999999999
 30
0
 11
138.1650869999999998
 21
-118.2431780000000003
 31
0
  0
LINE
  5
A61
330
1A
100
AcDbEntity
  8
Edge.Cuts
  6
CONTINUOUS
100
AcDbLine
 10
138.1650869999999998
 20
-118.2431780000000003
 30
0
 11
138.1123000000000047
 21
-118.2438099999999963
 31
0
  0
LINE
  5
A62
330
1A
100
AcDbEntity
  8
Edge.Cuts
  6
CONTINUOUS
100
AcDbLine
 10
138.1123000000000047
 20
-118.2438099999999963
 30
0
 11
138.0595720000000028
 21
-118.2444610000000011
 31
0
  0
LINE
  5
A63
330
1A
100
AcDbEntity
  8
Edge.Cuts
  6
CONTINUOUS
100
AcDbLine
 10
138.0595720000000028
 20
-118.2444610000000011
 30
0
 11
138.0068760000000054
 21
-118.2451319999999981
 31
0
  0
LINE
  5
A64
330
1A
100
AcDbEntity
  8
Edge.Cuts
  6
CONTINUOUS
100
AcDbLine
 10
138.0068760000000054
 20
-118.2451319999999981
 30
0
 11
137.9542390000000012
 21
-118.2458219999999898
 31
0
  0
LINE
  5
A65
330
1A
100
AcDbEntity
  8
Edge.Cuts
  6
CONTINUOUS
100
AcDbLine
 10
137.9542390000000012
 20
-118.2458219999999898
 30
0
 11
137.9016340000000014
 21
-118.2465319999999878
 31
0
  0
LINE
  5
A66
330
1A
100
AcDbEntity
  8
Edge.Cuts
  6
CONTINUOUS
100
AcDbLine
 10
137.9016340000000014
 20
-118.2465319999999878
 30
0
 11
137.8490869999999973
 21
-118.2472609999999946
 31
0
  0
LINE
  5
A67
330
1A
100
AcDbEntity
  8
Edge.Cuts
  6
CONTINUOUS
100
AcDbLine
 10
137.8490869999999973
 20
-118.2472609999999946
 30
0
 11
137.7965729999999951
 21
-118.2480089999999961
 31
0
  0
LINE
  5
A68
330
1A
100
AcDbEntity
  8
Edge.Cuts
  6
CONTINUOUS
100
AcDbLine
 10
137.7965729999999951
 20
-118.2480089999999961
 30
0
 11
137.7441179999999861
 21
-118.2487769999999898
 31
0
  0
LINE
  5
A69
330
1A
100
AcDbEntity
  8
Edge.Cuts
  6
CONTINUOUS
100
AcDbLine
 10
137.7441179999999861
 20
-118.2487769999999898
 30
0
 11
137.691693999999984
 21
-118.2495639999999923
 31
0
  0
LINE
  5
A6A
330
1A
100
AcDbEntity
  8
Edge.Cuts
  6
CONTINUOUS
100
AcDbLine
 10
137.691693999999984
 20
-118.2495639999999923
 30
0
 11
137.6393300000000011
 21
-118.2503699999999895
 31
0
  0
LINE
  5
A6B
330
1A
100
AcDbEntity
  8
Edge.Cuts
  6
CONTINUOUS
100
AcDbLine
 10
137.6393300000000011
 20
-118.2503699999999895
 30
0
 11
137.5869979999999941
 21
-118.2511959999999931
 31
0
  0
LINE
  5
A6C
330
1A
100
AcDbEntity
  8
Edge.Cuts
  6
CONTINUOUS
100
AcDbLine
 10
137.5869979999999941
 20
-118.2511959999999931
 30
0
 11
137.5347249999999804
 21
-118.2520409999999913
 31
0
  0
LINE
  5
A6D
330
1A
100
AcDbEntity
  8
Edge.Cuts
  6
CONTINUOUS
100
AcDbLine
 10
137.5347249999999804
 20
-118.2520409999999913
 30
0
 11
137.4824849999999969
 21
-118.2529049999999984
 31
0
  0
LINE
  5
A6E
330
1A
100
AcDbEntity
  8
Edge.Cuts
  6
CONTINUOUS
100
AcDbLine
 10
137.4824849999999969
 20
-118.2529049999999984
 30
0
 11
137.4303040000000067
 21
-118.2537880000000001
 31
0
  0
LINE
  5
A6F
330
1A
100
AcDbEntity
  8
Edge.Cuts
  6
CONTINUOUS
100
AcDbLine
 10
137.4303040000000067
 20
-118.2537880000000001
 30
0
 11
137.3781549999999925
 21
-118.254690999999994
 31
0
  0
LINE
  5
A70
330
1A
100
AcDbEntity
  8
Edge.Cuts
  6
CONTINUOUS
100
AcDbLine
 10
137.3781549999999925
 20
-118.254690999999994
 30
0
 11
137.3260649999999998
 21
-118.2556119999999993
 31
0
  0
LINE
  5
A71
330
1A
100
AcDbEntity
  8
Edge.Cuts
  6
CONTINUOUS
100
AcDbLine
 10
137.3260649999999998
 20
-118.2556119999999993
 30
0
 11
137.2740079999999807
 21
-118.2565529999999967
 31
0
  0
LINE
  5
A72
330
1A
100
AcDbEntity
  8
Edge.Cuts
  6
CONTINUOUS
100
AcDbLine
 10
137.2740079999999807
 20
-118.2565529999999967
 30
0
 11
137.2220109999999806
 21
-118.2575129999999888
 31
0
  0
LINE
  5
A73
330
1A
100
AcDbEntity
  8
Edge.Cuts
  6
CONTINUOUS
100
AcDbLine
 10
137.2220109999999806
 20
-118.2575129999999888
 30
0
 11
137.170045999999985
 21
-118.2584930000000014
 31
0
  0
LINE
  5
A74
330
1A
100
AcDbEntity
  8
Edge.Cuts
  6
CONTINUOUS
100
AcDbLine
 10
137.170045999999985
 20
-118.2584930000000014
 30
0
 11
137.1181399999999826
 21
-118.259490999999997
 31
0
  0
LINE
  5
A75
330
1A
100
AcDbEntity
  8
Edge.Cuts
  6
CONTINUOUS
100
AcDbLine
 10
137.1181399999999826
 20
-118.259490999999997
 30
0
 11
137.066268000000008
 21
-118.2605080000000015
 31
0
  0
LINE
  5
A76
330
1A
100
AcDbEntity
  8
Edge.Cuts
  6
CONTINUOUS
100
AcDbLine
 10
137.066268000000008
 20
-118.2605080000000015
 30
0
 11
137.0144549999999981
 21
-118.2615449999999981
 31
0
  0
LINE
  5
A77
330
1A
100
AcDbEntity
  8
Edge.Cuts
  6
CONTINUOUS
100
AcDbLine
 10
137.0144549999999981
 20
-118.2615449999999981
 30
0
 11
136.9626739999999927
 21
-118.262599999999992
 31
0
  0
LINE
  5
A78
330
1A
100
AcDbEntity
  8
Edge.Cuts
  6
CONTINUOUS
100
AcDbLine
 10
136.9626739999999927
 20
-118.262599999999992
 30
0
 11
136.9109540000000038
 21
-118.2636749999999921
 31
0
  0
LINE
  5
A79
330
1A
100
AcDbEntity
  8
Edge.Cuts
  6
CONTINUOUS
100
AcDbLine
 10
136.9109540000000038
 20
-118.2636749999999921
 30
0
 11
136.859265999999991
 21
-118.2647679999999895
 31
0
  0
LINE
  5
A7A
330
1A
100
AcDbEntity
  8
Edge.Cuts
  6
CONTINUOUS
100
AcDbLine
 10
136.859265999999991
 20
-118.2647679999999895
 30
0
 11
136.8076379999999972
 21
-118.2658809999999932
 31
0
  0
LINE
  5
A7B
330
1A
100
AcDbEntity
  8
Edge.Cuts
  6
CONTINUOUS
100
AcDbLine
 10
136.8076379999999972
 20
-118.2658809999999932
 30
0
 11
136.7560430000000053
 21
-118.2670129999999915
 31
0
  0
LINE
  5
A7C
330
1A
100
AcDbEntity
  8
Edge.Cuts
  6
CONTINUOUS
100
AcDbLine
 10
136.7560430000000053
 20
-118.2670129999999915
 30
0
 11
136.7045080000000041
 21
-118.2681630000000013
 31
0
  0
LINE
  5
A7D
330
1A
100
AcDbEntity
  8
Edge.Cuts
  6
CONTINUOUS
100
AcDbLine
 10
136.7045080000000041
 20
-118.2681630000000013
 30
0
 11
136.6530060000000049
 21
-118.2693329999999889
 31
0
  0
LINE
  5
A7E
330
1A
100
AcDbEntity
  8
Edge.Cuts
  6
CONTINUOUS
100
AcDbLine
 10
136.6530060000000049
 20
-118.2693329999999889
 30
0
 11
136.6015639999999962
 21
-118.270520999999988
 31
0
  0
LINE
  5
A7F
330
1A
100
AcDbEntity
  8
Edge.Cuts
  6
CONTINUOUS
100
AcDbLine
 10
136.6015639999999962
 20
-118.270520999999988
 30
0
 11
136.5501549999999895
 21
-118.271727999999996
 31
0
  0
LINE
  5
A80
330
1A
100
AcDbEntity
  8
Edge.Cuts
  6
CONTINUOUS
100
AcDbLine
 10
136.5501549999999895
 20
-118.271727999999996
 30
0
 11
136.4988060000000019
 21
-118.2729539999999986
 31
0
  0
LINE
  5
A81
330
1A
100
AcDbEntity
  8
Edge.Cuts
  6
CONTINUOUS
100
AcDbLine
 10
136.4988060000000019
 20
-118.2729539999999986
 30
0
 11
136.4474899999999877
 21
-118.2741999999999933
 31
0
  0
LINE
  5
A82
330
1A
100
AcDbEntity
  8
Edge.Cuts
  6
CONTINUOUS
100
AcDbLine
 10
136.4474899999999877
 20
-118.2741999999999933
 30
0
 11
136.3962349999999901
 21
-118.2754629999999878
 31
0
  0
LINE
  5
A83
330
1A
100
AcDbEntity
  8
Edge.Cuts
  6
CONTINUOUS
100
AcDbLine
 10
136.3962349999999901
 20
-118.2754629999999878
 30
0
 11
136.3450129999999945
 21
-118.2767459999999886
 31
0
  0
LINE
  5
A84
330
1A
100
AcDbEntity
  8
Edge.Cuts
  6
CONTINUOUS
100
AcDbLine
 10
136.3450129999999945
 20
-118.2767459999999886
 30
0
 11
136.2938509999999894
 21
-118.2780479999999983
 31
0
  0
LINE
  5
A85
330
1A
100
AcDbEntity
  8
Edge.Cuts
  6
CONTINUOUS
100
AcDbLine
 10
136.2938509999999894
 20
-118.2780479999999983
 30
0
 11
136.2427229999999838
 21
-118.279367999999991
 31
0
  0
LINE
  5
A86
330
1A
100
AcDbEntity
  8
Edge.Cuts
  6
CONTINUOUS
100
AcDbLine
 10
136.2427229999999838
 20
-118.279367999999991
 30
0
 11
136.1916549999999972
 21
-118.2807069999999925
 31
0
  0
LINE
  5
A87
330
1A
100
AcDbEntity
  8
Edge.Cuts
  6
CONTINUOUS
100
AcDbLine
 10
136.1916549999999972
 20
-118.2807069999999925
 30
0
 11
136.1406209999999817
 21
-118.2820649999999887
 31
0
  0
LINE
  5
A88
330
1A
100
AcDbEntity
  8
Edge.Cuts
  6
CONTINUOUS
100
AcDbLine
 10
136.1406209999999817
 20
-118.2820649999999887
 30
0
 11
136.0896459999999877
 21
-118.2834419999999938
 31
0
  0
LINE
  5
A89
330
1A
100
AcDbEntity
  8
Edge.Cuts
  6
CONTINUOUS
100
AcDbLine
 10
136.0896459999999877
 20
-118.2834419999999938
 30
0
 11
136.0387059999999906
 21
-118.284836999999996
 31
0
  0
LINE
  5
A8A
330
1A
100
AcDbEntity
  8
Edge.Cuts
  6
CONTINUOUS
100
AcDbLine
 10
136.0387059999999906
 20
-118.284836999999996
 30
0
 11
135.9878259999999841
 21
-118.2862509999999929
 31
0
  0
LINE
  5
A8B
330
1A
100
AcDbEntity
  8
Edge.Cuts
  6
CONTINUOUS
100
AcDbLine
 10
135.9878259999999841
 20
-118.2862509999999929
 30
0
 11
135.936981000000003
 21
-118.2876839999999987
 31
0
  0
LINE
  5
A8C
330
1A
100
AcDbEntity
  8
Edge.Cuts
  6
CONTINUOUS
100
AcDbLine
 10
135.936981000000003
 20
-118.2876839999999987
 30
0
 11
135.8861949999999865
 21
-118.2891359999999992
 31
0
  0
LINE
  5
A8D
330
1A
100
AcDbEntity
  8
Edge.Cuts
  6
CONTINUOUS
100
AcDbLine
 10
135.8861949999999865
 20
-118.2891359999999992
 30
0
 11
135.8354439999999954
 21
-118.2906059999999968
 31
0
  0
LINE
  5
A8E
330
1A
100
AcDbEntity
  8
Edge.Cuts
  6
CONTINUOUS
100
AcDbLine
 10
135.8354439999999954
 20
-118.2906059999999968
 30
0
 11
135.7847529999999949
 21
-118.2920939999999916
 31
0
  0
LINE
  5
A8F
330
1A
100
AcDbEntity
  8
Edge.Cuts
  6
CONTINUOUS
100
AcDbLine
 10
135.7847529999999949
 20
-118.2920939999999916
 30
0
 11
135.7340959999999939
 21
-118.2936019999999928
 31
0
  0
LINE
  5
A90
330
1A
100
AcDbEntity
  8
Edge.Cuts
  6
CONTINUOUS
100
AcDbLine
 10
135.7340959999999939
 20
-118.2936019999999928
 30
0
 11
135.6834999999999809
 21
-118.2951269999999937
 31
0
  0
LINE
  5
A91
330
1A
100
AcDbEntity
  8
Edge.Cuts
  6
CONTINUOUS
100
AcDbLine
 10
135.6834999999999809
 20
-118.2951269999999937
 30
0
 11
135.6329379999999958
 21
-118.2966720000000009
 31
0
  0
LINE
  5
A92
330
1A
100
AcDbEntity
  8
Edge.Cuts
  6
CONTINUOUS
100
AcDbLine
 10
135.6329379999999958
 20
-118.2966720000000009
 30
0
 11
135.5824369999999988
 21
-118.2982349999999911
 31
0
  0
LINE
  5
A93
330
1A
100
AcDbEntity
  8
Edge.Cuts
  6
CONTINUOUS
100
AcDbLine
 10
135.5824369999999988
 20
-118.2982349999999911
 30
0
 11
135.5319700000000012
 21
-118.2998159999999928
 31
0
  0
LINE
  5
A94
330
1A
100
AcDbEntity
  8
Edge.Cuts
  6
CONTINUOUS
100
AcDbLine
 10
135.5319700000000012
 20
-118.2998159999999928
 30
0
 11
135.4815639999999917
 21
-118.301415999999989
 31
0
  0
LINE
  5
A95
330
1A
100
AcDbEntity
  8
Edge.Cuts
  6
CONTINUOUS
100
AcDbLine
 10
135.4815639999999917
 20
-118.301415999999989
 30
0
 11
135.4311930000000075
 21
-118.3030349999999942
 31
0
  0
LINE
  5
A96
330
1A
100
AcDbEntity
  8
Edge.Cuts
  6
CONTINUOUS
100
AcDbLine
 10
135.4311930000000075
 20
-118.3030349999999942
 30
0
 11
135.3808819999999855
 21
-118.304670999999999
 31
0
  0
LINE
  5
A97
330
1A
100
AcDbEntity
  8
Edge.Cuts
  6
CONTINUOUS
100
AcDbLine
 10
135.3808819999999855
 20
-118.304670999999999
 30
0
 11
135.3306059999999889
 21
-118.306326999999996
 31
0
  0
LINE
  5
A98
330
1A
100
AcDbEntity
  8
Edge.Cuts
  6
CONTINUOUS
100
AcDbLine
 10
135.3306059999999889
 20
-118.306326999999996
 30
0
 11
135.2803909999999803
 21
-118.3079999999999927
 31
0
  0
LINE
  5
A99
330
1A
100
AcDbEntity
  8
Edge.Cuts
  6
CONTINUOUS
100
AcDbLine
 10
135.2803909999999803
 20
-118.3079999999999927
 30
0
 11
135.2302109999999971
 21
-118.3096929999999958
 31
0
  0
LINE
  5
A9A
330
1A
100
AcDbEntity
  8
Edge.Cuts
  6
CONTINUOUS
100
AcDbLine
 10
135.2302109999999971
 20
-118.3096929999999958
 30
0
 11
135.1800910000000044
 21
-118.3114029999999985
 31
0
  0
LINE
  5
A9B
330
1A
100
AcDbEntity
  8
Edge.Cuts
  6
CONTINUOUS
100
AcDbLine
 10
135.1800910000000044
 20
-118.3114029999999985
 30
0
 11
135.1300070000000062
 21
-118.313131999999996
 31
0
  0
LINE
  5
A9C
330
1A
100
AcDbEntity
  8
Edge.Cuts
  6
CONTINUOUS
100
AcDbLine
 10
135.1300070000000062
 20
-118.313131999999996
 30
0
 11
135.0799829999999986
 21
-118.3148789999999906
 31
0
  0
LINE
  5
A9D
330
1A
100
AcDbEntity
  8
Edge.Cuts
  6
CONTINUOUS
100
AcDbLine
 10
135.0799829999999986
 20
-118.3148789999999906
 30
0
 11
135.0299949999999853
 21
-118.3166449999999941
 31
0
  0
LINE
  5
A9E
330
1A
100
AcDbEntity
  8
Edge.Cuts
  6
CONTINUOUS
100
AcDbLine
 10
135.0299949999999853
 20
-118.3166449999999941
 30
0
 11
134.9800679999999886
 21
-118.3184279999999973
 31
0
  0
LINE
  5
A9F
330
1A
100
AcDbEntity
  8
Edge.Cuts
  6
CONTINUOUS
100
AcDbLine
 10
134.9800679999999886
 20
-118.3184279999999973
 30
0
 11
134.9301759999999888
 21
-118.3202309999999926
 31
0
  0
LINE
  5
AA0
330
1A
100
AcDbEntity
  8
Edge.Cuts
  6
CONTINUOUS
100
AcDbLine
 10
134.9301759999999888
 20
-118.3202309999999926
 30
0
 11
134.8803450000000055
 21
-118.3220509999999877
 31
0
  0
LINE
  5
AA1
330
1A
100
AcDbEntity
  8
Edge.Cuts
  6
CONTINUOUS
100
AcDbLine
 10
134.8803450000000055
 20
-118.3220509999999877
 30
0
 11
134.8305489999999907
 21
-118.3238899999999916
 31
0
  0
LINE
  5
AA2
330
1A
100
AcDbEntity
  8
Edge.Cuts
  6
CONTINUOUS
100
AcDbLine
 10
134.8305489999999907
 20
-118.3238899999999916
 30
0
 11
134.7808149999999898
 21
-118.3257459999999952
 31
0
  0
LINE
  5
AA3
330
1A
100
AcDbEntity
  8
Edge.Cuts
  6
CONTINUOUS
100
AcDbLine
 10
134.7808149999999898
 20
-118.3257459999999952
 30
0
 11
134.7311159999999859
 21
-118.3276209999999935
 31
0
  0
LINE
  5
AA4
330
1A
100
AcDbEntity
  8
Edge.Cuts
  6
CONTINUOUS
100
AcDbLine
 10
134.7311159999999859
 20
-118.3276209999999935
 30
0
 11
134.6814789999999959
 21
-118.329513999999989
 31
0
  0
LINE
  5
AA5
330
1A
100
AcDbEntity
  8
Edge.Cuts
  6
CONTINUOUS
100
AcDbLine
 10
134.6814789999999959
 20
-118.329513999999989
 30
0
 11
134.6318770000000029
 21
-118.3314259999999933
 31
0
  0
LINE
  5
AA6
330
1A
100
AcDbEntity
  8
Edge.Cuts
  6
CONTINUOUS
100
AcDbLine
 10
134.6318770000000029
 20
-118.3314259999999933
 30
0
 11
134.582335999999998
 21
-118.3333549999999974
 31
0
  0
LINE
  5
AA7
330
1A
100
AcDbEntity
  8
Edge.Cuts
  6
CONTINUOUS
100
AcDbLine
 10
134.582335999999998
 20
-118.3333549999999974
 30
0
 11
134.5328309999999874
 21
-118.3353029999999961
 31
0
  0
LINE
  5
AA8
330
1A
100
AcDbEntity
  8
Edge.Cuts
  6
CONTINUOUS
100
AcDbLine
 10
134.5328309999999874
 20
-118.3353029999999961
 30
0
 11
134.4833879999999908
 21
-118.3372679999999946
 31
0
  0
LINE
  5
AA9
330
1A
100
AcDbEntity
  8
Edge.Cuts
  6
CONTINUOUS
100
AcDbLine
 10
134.4833879999999908
 20
-118.3372679999999946
 30
0
 11
134.4339799999999912
 21
-118.3392519999999877
 31
0
  0
LINE
  5
AAA
330
1A
100
AcDbEntity
  8
Edge.Cuts
  6
CONTINUOUS
100
AcDbLine
 10
134.4339799999999912
 20
-118.3392519999999877
 30
0
 11
134.3846340000000055
 21
-118.3412529999999947
 31
0
  0
LINE
  5
AAB
330
1A
100
AcDbEntity
  8
Edge.Cuts
  6
CONTINUOUS
100
AcDbLine
 10
134.3846340000000055
 20
-118.3412529999999947
 30
0
 11
134.3353239999999857
 21
-118.3432729999999964
 31
0
  0
LINE
  5
AAC
330
1A
100
AcDbEntity
  8
Edge.Cuts
  6
CONTINUOUS
100
AcDbLine
 10
134.3353239999999857
 20
-118.3432729999999964
 30
0
 11
134.2860749999999825
 21
-118.3453109999999953
 31
0
  0
LINE
  5
AAD
330
1A
100
AcDbEntity
  8
Edge.Cuts
  6
CONTINUOUS
100
AcDbLine
 10
134.2860749999999825
 20
-118.3453109999999953
 30
0
 11
134.2368629999999996
 21
-118.3473669999999913
 31
0
  0
LINE
  5
AAE
330
1A
100
AcDbEntity
  8
Edge.Cuts
  6
CONTINUOUS
100
AcDbLine
 10
134.2368629999999996
 20
-118.3473669999999913
 30
0
 11
134.1877120000000048
 21
-118.3494400000000013
 31
0
  0
LINE
  5
AAF
330
1A
100
AcDbEntity
  8
Edge.Cuts
  6
CONTINUOUS
100
AcDbLine
 10
134.1877120000000048
 20
-118.3494400000000013
 30
0
 11
134.1385980000000018
 21
-118.3515319999999917
 31
0
  0
LINE
  5
AB0
330
1A
100
AcDbEntity
  8
Edge.Cuts
  6
CONTINUOUS
100
AcDbLine
 10
134.1385980000000018
 20
-118.3515319999999917
 30
0
 11
134.0895449999999869
 21
-118.3536409999999961
 31
0
  0
LINE
  5
AB1
330
1A
100
AcDbEntity
  8
Edge.Cuts
  6
CONTINUOUS
100
AcDbLine
 10
134.0895449999999869
 20
-118.3536409999999961
 30
0
 11
134.0405289999999923
 21
-118.3557689999999951
 31
0
  0
LINE
  5
AB2
330
1A
100
AcDbEntity
  8
Edge.Cuts
  6
CONTINUOUS
100
AcDbLine
 10
134.0405289999999923
 20
-118.3557689999999951
 30
0
 11
133.9915739999999857
 21
-118.3579139999999938
 31
0
  0
LINE
  5
AB3
330
1A
100
AcDbEntity
  8
Edge.Cuts
  6
CONTINUOUS
100
AcDbLine
 10
133.9915739999999857
 20
-118.3579139999999938
 30
0
 11
133.942656999999997
 21
-118.3600769999999898
 31
0
  0
LINE
  5
AB4
330
1A
100
AcDbEntity
  8
Edge.Cuts
  6
CONTINUOUS
100
AcDbLine
 10
133.942656999999997
 20
-118.3600769999999898
 30
0
 11
133.8937999999999988
 21
-118.3622579999999971
 31
0
  0
LINE
  5
AB5
330
1A
100
AcDbEntity
  8
Edge.Cuts
  6
CONTINUOUS
100
AcDbLine
 10
133.8937999999999988
 20
-118.3622579999999971
 30
0
 11
133.84498099999999
 21
-118.3644570000000016
 31
0
  0
LINE
  5
AB6
330
1A
100
AcDbEntity
  8
Edge.Cuts
  6
CONTINUOUS
100
AcDbLine
 10
133.84498099999999
 20
-118.3644570000000016
 30
0
 11
133.7962229999999977
 21
-118.3666729999999916
 31
0
  0
LINE
  5
AB7
330
1A
100
AcDbEntity
  8
Edge.Cuts
  6
CONTINUOUS
100
AcDbLine
 10
133.7962229999999977
 20
-118.3666729999999916
 30
0
 11
133.7475029999999947
 21
-118.368906999999993
 31
0
  0
LINE
  5
AB8
330
1A
100
AcDbEntity
  8
Edge.Cuts
  6
CONTINUOUS
100
AcDbLine
 10
133.7475029999999947
 20
-118.368906999999993
 30
0
 11
133.6988439999999798
 21
-118.3711589999999916
 31
0
  0
LINE
  5
AB9
330
1A
100
AcDbEntity
  8
Edge.Cuts
  6
CONTINUOUS
100
AcDbLine
 10
133.6988439999999798
 20
-118.3711589999999916
 30
0
 11
133.6502229999999827
 21
-118.3734290000000016
 31
0
  0
LINE
  5
ABA
330
1A
100
AcDbEntity
  8
Edge.Cuts
  6
CONTINUOUS
100
AcDbLine
 10
133.6502229999999827
 20
-118.3734290000000016
 30
0
 11
133.6016630000000021
 21
-118.3757159999999971
 31
0
  0
LINE
  5
ABB
330
1A
100
AcDbEntity
  8
Edge.Cuts
  6
CONTINUOUS
100
AcDbLine
 10
133.6016630000000021
 20
-118.3757159999999971
 30
0
 11
133.5531409999999823
 21
-118.3780209999999897
 31
0
  0
LINE
  5
ABC
330
1A
100
AcDbEntity
  8
Edge.Cuts
  6
CONTINUOUS
100
AcDbLine
 10
133.5531409999999823
 20
-118.3780209999999897
 30
0
 11
133.5046800000000076
 21
-118.3803439999999938
 31
0
  0
LINE
  5
ABD
330
1A
100
AcDbEntity
  8
Edge.Cuts
  6
CONTINUOUS
100
AcDbLine
 10
133.5046800000000076
 20
-118.3803439999999938
 30
0
 11
133.4562569999999937
 21
-118.3826839999999976
 31
0
  0
LINE
  5
ABE
330
1A
100
AcDbEntity
  8
Edge.Cuts
  6
CONTINUOUS
100
AcDbLine
 10
133.4562569999999937
 20
-118.3826839999999976
 30
0
 11
133.4078959999999938
 21
-118.3850419999999986
 31
0
  0
LINE
  5
ABF
330
1A
100
AcDbEntity
  8
Edge.Cuts
  6
CONTINUOUS
100
AcDbLine
 10
133.4078959999999938
 20
-118.3850419999999986
 30
0
 11
133.3595729999999833
 21
-118.3874179999999967
 31
0
  0
LINE
  5
AC0
330
1A
100
AcDbEntity
  8
Edge.Cuts
  6
CONTINUOUS
100
AcDbLine
 10
133.3595729999999833
 20
-118.3874179999999967
 30
0
 11
133.3113109999999892
 21
-118.3898099999999971
 31
0
  0
LINE
  5
AC1
330
1A
100
AcDbEntity
  8
Edge.Cuts
  6
CONTINUOUS
100
AcDbLine
 10
133.3113109999999892
 20
-118.3898099999999971
 30
0
 11
133.263087999999982
 21
-118.3922209999999922
 31
0
  0
LINE
  5
AC2
330
1A
100
AcDbEntity
  8
Edge.Cuts
  6
CONTINUOUS
100
AcDbLine
 10
133.263087999999982
 20
-118.3922209999999922
 30
0
 11
133.2149259999999913
 21
-118.3946490000000011
 31
0
  0
LINE
  5
AC3
330
1A
100
AcDbEntity
  8
Edge.Cuts
  6
CONTINUOUS
100
AcDbLine
 10
133.2149259999999913
 20
-118.3946490000000011
 30
0
 11
133.1668029999999874
 21
-118.3970949999999931
 31
0
  0
LINE
  5
AC4
330
1A
100
AcDbEntity
  8
Edge.Cuts
  6
CONTINUOUS
100
AcDbLine
 10
133.1668029999999874
 20
-118.3970949999999931
 30
0
 11
133.1187419999999975
 21
-118.399557999999999
 31
0
  0
LINE
  5
AC5
330
1A
100
AcDbEntity
  8
Edge.Cuts
  6
CONTINUOUS
100
AcDbLine
 10
133.1187419999999975
 20
-118.399557999999999
 30
0
 11
133.0707179999999994
 21
-118.4020379999999903
 31
0
  0
LINE
  5
AC6
330
1A
100
AcDbEntity
  8
Edge.Cuts
  6
CONTINUOUS
100
AcDbLine
 10
133.0707179999999994
 20
-118.4020379999999903
 30
0
 11
133.0227569999999844
 21
-118.4045359999999931
 31
0
  0
LINE
  5
AC7
330
1A
100
AcDbEntity
  8
Edge.Cuts
  6
CONTINUOUS
100
AcDbLine
 10
133.0227569999999844
 20
-118.4045359999999931
 30
0
 11
132.9748349999999846
 21
-118.4070509999999956
 31
0
  0
LINE
  5
AC8
330
1A
100
AcDbEntity
  8
Edge.Cuts
  6
CONTINUOUS
100
AcDbLine
 10
132.9748349999999846
 20
-118.4070509999999956
 30
0
 11
132.9269740000000013
 21
-118.4095839999999953
 31
0
  0
LINE
  5
AC9
330
1A
100
AcDbEntity
  8
Edge.Cuts
  6
CONTINUOUS
100
AcDbLine
 10
132.9269740000000013
 20
-118.4095839999999953
 30
0
 11
132.8791520000000048
 21
-118.4121339999999947
 31
0
  0
LINE
  5
ACA
330
1A
100
AcDbEntity
  8
Edge.Cuts
  6
CONTINUOUS
100
AcDbLine
 10
132.8791520000000048
 20
-118.4121339999999947
 30
0
 11
132.8313919999999939
 21
-118.4147009999999938
 31
0
  0
LINE
  5
ACB
330
1A
100
AcDbEntity
  8
Edge.Cuts
  6
CONTINUOUS
100
AcDbLine
 10
132.8313919999999939
 20
-118.4147009999999938
 30
0
 11
132.7836709999999982
 21
-118.4172859999999901
 31
0
  0
LINE
  5
ACC
330
1A
100
AcDbEntity
  8
Edge.Cuts
  6
CONTINUOUS
100
AcDbLine
 10
132.7836709999999982
 20
-118.4172859999999901
 30
0
 11
132.7360129999999856
 21
-118.4198869999999886
 31
0
  0
LINE
  5
ACD
330
1A
100
AcDbEntity
  8
Edge.Cuts
  6
CONTINUOUS
100
AcDbLine
 10
132.7360129999999856
 20
-118.4198869999999886
 30
0
 11
132.6883929999999907
 21
-118.422506999999996
 31
0
  0
LINE
  5
ACE
330
1A
100
AcDbEntity
  8
Edge.Cuts
  6
CONTINUOUS
100
AcDbLine
 10
132.6883929999999907
 20
-118.422506999999996
 30
0
 11
132.6408349999999814
 21
-118.4251429999999914
 31
0
  0
LINE
  5
ACF
330
1A
100
AcDbEntity
  8
Edge.Cuts
  6
CONTINUOUS
100
AcDbLine
 10
132.6408349999999814
 20
-118.4251429999999914
 30
0
 11
132.5933159999999873
 21
-118.4277960000000007
 31
0
  0
LINE
  5
AD0
330
1A
100
AcDbEntity
  8
Edge.Cuts
  6
CONTINUOUS
100
AcDbLine
 10
132.5933159999999873
 20
-118.4277960000000007
 30
0
 11
132.5458600000000047
 21
-118.430466999999993
 31
0
  0
LINE
  5
AD1
330
1A
100
AcDbEntity
  8
Edge.Cuts
  6
CONTINUOUS
100
AcDbLine
 10
132.5458600000000047
 20
-118.430466999999993
 30
0
 11
132.4984429999999804
 21
-118.4331549999999993
 31
0
  0
LINE
  5
AD2
330
1A
100
AcDbEntity
  8
Edge.Cuts
  6
CONTINUOUS
100
AcDbLine
 10
132.4984429999999804
 20
-118.4331549999999993
 30
0
 11
132.4510889999999961
 21
-118.435859999999991
 31
0
  0
LINE
  5
AD3
330
1A
100
AcDbEntity
  8
Edge.Cuts
  6
CONTINUOUS
100
AcDbLine
 10
132.4510889999999961
 20
-118.435859999999991
 30
0
 11
132.4037739999999985
 21
-118.4385819999999967
 31
0
  0
LINE
  5
AD4
330
1A
100
AcDbEntity
  8
Edge.Cuts
  6
CONTINUOUS
100
AcDbLine
 10
132.4037739999999985
 20
-118.4385819999999967
 30
0
 11
132.3565209999999865
 21
-118.4413209999999879
 31
0
  0
LINE
  5
AD5
330
1A
100
AcDbEntity
  8
Edge.Cuts
  6
CONTINUOUS
100
AcDbLine
 10
132.3565209999999865
 20
-118.4413209999999879
 30
0
 11
132.3093079999999873
 21
-118.4440769999999929
 31
0
  0
LINE
  5
AD6
330
1A
100
AcDbEntity
  8
Edge.Cuts
  6
CONTINUOUS
100
AcDbLine
 10
132.3093079999999873
 20
-118.4440769999999929
 30
0
 11
132.262157000000002
 21
-118.4468499999999977
 31
0
  0
LINE
  5
AD7
330
1A
100
AcDbEntity
  8
Edge.Cuts
  6
CONTINUOUS
100
AcDbLine
 10
132.262157000000002
 20
-118.4468499999999977
 30
0
 11
132.215046000000001
 21
-118.4496409999999997
 31
0
  0
LINE
  5
AD8
330
1A
100
AcDbEntity
  8
Edge.Cuts
  6
CONTINUOUS
100
AcDbLine
 10
132.215046000000001
 20
-118.4496409999999997
 30
0
 11
132.167997999999983
 21
-118.4524479999999897
 31
0
  0
LINE
  5
AD9
330
1A
100
AcDbEntity
  8
Edge.Cuts
  6
CONTINUOUS
100
AcDbLine
 10
132.167997999999983
 20
-118.4524479999999897
 30
0
 11
132.1209900000000061
 21
-118.4552719999999937
 31
0
  0
LINE
  5
ADA
330
1A
100
AcDbEntity
  8
Edge.Cuts
  6
CONTINUOUS
100
AcDbLine
 10
132.1209900000000061
 20
-118.4552719999999937
 30
0
 11
132.0740439999999865
 21
-118.4581129999999973
 31
0
  0
LINE
  5
ADB
330
1A
100
AcDbEntity
  8
Edge.Cuts
  6
CONTINUOUS
100
AcDbLine
 10
132.0740439999999865
 20
-118.4581129999999973
 30
0
 11
132.0271380000000079
 21
-118.4609710000000007
 31
0
  0
LINE
  5
ADC
330
1A
100
AcDbEntity
  8
Edge.Cuts
  6
CONTINUOUS
100
AcDbLine
 10
132.0271380000000079
 20
-118.4609710000000007
 30
0
 11
131.9802949999999839
 21
-118.4638459999999895
 31
0
  0
LINE
  5
ADD
330
1A
100
AcDbEntity
  8
Edge.Cuts
  6
CONTINUOUS
100
AcDbLine
 10
131.9802949999999839
 20
-118.4638459999999895
 30
0
 11
131.9334920000000011
 21
-118.4667379999999923
 31
0
  0
LINE
  5
ADE
330
1A
100
AcDbEntity
  8
Edge.Cuts
  6
CONTINUOUS
100
AcDbLine
 10
131.9334920000000011
 20
-118.4667379999999923
 30
0
 11
131.8867520000000013
 21
-118.4696459999999973
 31
0
  0
LINE
  5
ADF
330
1A
100
AcDbEntity
  8
Edge.Cuts
  6
CONTINUOUS
100
AcDbLine
 10
131.8867520000000013
 20
-118.4696459999999973
 30
0
 11
131.8400529999999833
 21
-118.4725719999999995
 31
0
  0
LINE
  5
AE0
330
1A
100
AcDbEntity
  8
Edge.Cuts
  6
CONTINUOUS
100
AcDbLine
 10
131.8400529999999833
 20
-118.4725719999999995
 30
0
 11
131.7934160000000077
 21
-118.4755139999999898
 31
0
  0
LINE
  5
AE1
330
1A
100
AcDbEntity
  8
Edge.Cuts
  6
CONTINUOUS
100
AcDbLine
 10
131.7934160000000077
 20
-118.4755139999999898
 30
0
 11
131.7468199999999854
 21
-118.4784729999999939
 31
0
  0
LINE
  5
AE2
330
1A
100
AcDbEntity
  8
Edge.Cuts
  6
CONTINUOUS
100
AcDbLine
 10
131.7468199999999854
 20
-118.4784729999999939
 30
0
 11
131.7002860000000055
 21
-118.4814480000000003
 31
0
  0
LINE
  5
AE3
330
1A
100
AcDbEntity
  8
Edge.Cuts
  6
CONTINUOUS
100
AcDbLine
 10
131.7002860000000055
 20
-118.4814480000000003
 30
0
 11
131.6537940000000049
 21
-118.4844409999999897
 31
0
  0
LINE
  5
AE4
330
1A
100
AcDbEntity
  8
Edge.Cuts
  6
CONTINUOUS
100
AcDbLine
 10
131.6537940000000049
 20
-118.4844409999999897
 30
0
 11
131.6073639999999898
 21
-118.4874499999999955
 31
0
  0
LINE
  5
AE5
330
1A
100
AcDbEntity
  8
Edge.Cuts
  6
CONTINUOUS
100
AcDbLine
 10
131.6073639999999898
 20
-118.4874499999999955
 30
0
 11
131.5609749999999849
 21
-118.490476000000001
 31
0
  0
LINE
  5
AE6
330
1A
100
AcDbEntity
  8
Edge.Cuts
  6
CONTINUOUS
100
AcDbLine
 10
131.5609749999999849
 20
-118.490476000000001
 30
0
 11
131.5146489999999915
 21
-118.4935179999999946
 31
0
  0
LINE
  5
AE7
330
1A
100
AcDbEntity
  8
Edge.Cuts
  6
CONTINUOUS
100
AcDbLine
 10
131.5146489999999915
 20
-118.4935179999999946
 30
0
 11
131.4683650000000057
 21
-118.4965769999999878
 31
0
  0
LINE
  5
AE8
330
1A
100
AcDbEntity
  8
Edge.Cuts
  6
CONTINUOUS
100
AcDbLine
 10
131.4683650000000057
 20
-118.4965769999999878
 30
0
 11
131.4221430000000055
 21
-118.4996519999999975
 31
0
  0
LINE
  5
AE9
330
1A
100
AcDbEntity
  8
Edge.Cuts
  6
CONTINUOUS
100
AcDbLine
 10
131.4221430000000055
 20
-118.4996519999999975
 30
0
 11
131.375961999999987
 21
-118.5027449999999902
 31
0
  0
LINE
  5
AEA
330
1A
100
AcDbEntity
  8
Edge.Cuts
  6
CONTINUOUS
100
AcDbLine
 10
131.375961999999987
 20
-118.5027449999999902
 30
0
 11
131.3298450000000059
 21
-118.5058529999999877
 31
0
  0
LINE
  5
AEB
330
1A
100
AcDbEntity
  8
Edge.Cuts
  6
CONTINUOUS
100
AcDbLine
 10
131.3298450000000059
 20
-118.5058529999999877
 30
0
 11
131.2837690000000066
 21
-118.5089789999999965
 31
0
  0
LINE
  5
AEC
330
1A
100
AcDbEntity
  8
Edge.Cuts
  6
CONTINUOUS
100
AcDbLine
 10
131.2837690000000066
 20
-118.5089789999999965
 30
0
 11
131.2377569999999878
 21
-118.5121199999999959
 31
0
  0
LINE
  5
AED
330
1A
100
AcDbEntity
  8
Edge.Cuts
  6
CONTINUOUS
100
AcDbLine
 10
131.2377569999999878
 20
-118.5121199999999959
 30
0
 11
131.1917849999999817
 21
-118.515277999999995
 31
0
  0
LINE
  5
AEE
330
1A
100
AcDbEntity
  8
Edge.Cuts
  6
CONTINUOUS
100
AcDbLine
 10
131.1917849999999817
 20
-118.515277999999995
 30
0
 11
131.1458769999999845
 21
-118.5184519999999964
 31
0
  0
LINE
  5
AEF
330
1A
100
AcDbEntity
  8
Edge.Cuts
  6
CONTINUOUS
100
AcDbLine
 10
131.1458769999999845
 20
-118.5184519999999964
 30
0
 11
131.100010999999995
 21
-118.5216429999999974
 31
0
  0
LINE
  5
AF0
330
1A
100
AcDbEntity
  8
Edge.Cuts
  6
CONTINUOUS
100
AcDbLine
 10
131.100010999999995
 20
-118.5216429999999974
 30
0
 11
131.0542079999999885
 21
-118.5248500000000007
 31
0
  0
LINE
  5
AF1
330
1A
100
AcDbEntity
  8
Edge.Cuts
  6
CONTINUOUS
100
AcDbLine
 10
131.0542079999999885
 20
-118.5248500000000007
 30
0
 11
131.0084479999999871
 21
-118.5280739999999895
 31
0
  0
LINE
  5
AF2
330
1A
100
AcDbEntity
  8
Edge.Cuts
  6
CONTINUOUS
100
AcDbLine
 10
131.0084479999999871
 20
-118.5280739999999895
 30
0
 11
130.9627499999999998
 21
-118.5313139999999947
 31
0
  0
LINE
  5
AF3
330
1A
100
AcDbEntity
  8
Edge.Cuts
  6
CONTINUOUS
100
AcDbLine
 10
130.9627499999999998
 20
-118.5313139999999947
 30
0
 11
130.9170939999999916
 21
-118.534569999999988
 31
0
  0
LINE
  5
AF4
330
1A
100
AcDbEntity
  8
Edge.Cuts
  6
CONTINUOUS
100
AcDbLine
 10
130.9170939999999916
 20
-118.534569999999988
 30
0
 11
130.8715019999999924
 21
-118.5378419999999977
 31
0
  0
LINE
  5
AF5
330
1A
100
AcDbEntity
  8
Edge.Cuts
  6
CONTINUOUS
100
AcDbLine
 10
130.8715019999999924
 20
-118.5378419999999977
 30
0
 11
130.8259529999999984
 21
-118.5411309999999929
 31
0
  0
LINE
  5
AF6
330
1A
100
AcDbEntity
  8
Edge.Cuts
  6
CONTINUOUS
100
AcDbLine
 10
130.8259529999999984
 20
-118.5411309999999929
 30
0
 11
130.7804659999999899
 21
-118.5444359999999904
 31
0
  0
LINE
  5
AF7
330
1A
100
AcDbEntity
  8
Edge.Cuts
  6
CONTINUOUS
100
AcDbLine
 10
130.7804659999999899
 20
-118.5444359999999904
 30
0
 11
130.735022999999984
 21
-118.5477569999999901
 31
0
  0
LINE
  5
AF8
330
1A
100
AcDbEntity
  8
Edge.Cuts
  6
CONTINUOUS
100
AcDbLine
 10
130.735022999999984
 20
-118.5477569999999901
 30
0
 11
130.6896419999999921
 21
-118.551093999999992
 31
0
  0
LINE
  5
AF9
330
1A
100
AcDbEntity
  8
Edge.Cuts
  6
CONTINUOUS
100
AcDbLine
 10
130.6896419999999921
 20
-118.551093999999992
 30
0
 11
130.6443050000000028
 21
-118.5544479999999936
 31
0
  0
LINE
  5
AFA
330
1A
100
AcDbEntity
  8
Edge.Cuts
  6
CONTINUOUS
100
AcDbLine
 10
130.6443050000000028
 20
-118.5544479999999936
 30
0
 11
130.5990309999999965
 21
-118.557817
 31
0
  0
LINE
  5
AFB
330
1A
100
AcDbEntity
  8
Edge.Cuts
  6
CONTINUOUS
100
AcDbLine
 10
130.5990309999999965
 20
-118.557817
 30
0
 11
130.5537989999999979
 21
-118.5612029999999919
 31
0
  0
LINE
  5
AFC
330
1A
100
AcDbEntity
  8
Edge.Cuts
  6
CONTINUOUS
100
AcDbLine
 10
130.5537989999999979
 20
-118.5612029999999919
 30
0
 11
130.5086320000000057
 21
-118.5646039999999886
 31
0
  0
LINE
  5
AFD
330
1A
100
AcDbEntity
  8
Edge.Cuts
  6
CONTINUOUS
100
AcDbLine
 10
130.5086320000000057
 20
-118.5646039999999886
 30
0
 11
130.4635069999999928
 21
-118.5680219999999991
 31
0
  0
LINE
  5
AFE
330
1A
100
AcDbEntity
  8
Edge.Cuts
  6
CONTINUOUS
100
AcDbLine
 10
130.4635069999999928
 20
-118.5680219999999991
 30
0
 11
130.4184459999999888
 21
-118.5714550000000003
 31
0
  0
LINE
  5
AFF
330
1A
100
AcDbEntity
  8
Edge.Cuts
  6
CONTINUOUS
100
AcDbLine
 10
130.4184459999999888
 20
-118.5714550000000003
 30
0
 11
130.3734289999999874
 21
-118.5749050000000011
 31
0
  0
LINE
  5
B00
330
1A
100
AcDbEntity
  8
Edge.Cuts
  6
CONTINUOUS
100
AcDbLine
 10
130.3734289999999874
 20
-118.5749050000000011
 30
0
 11
130.3284749999999974
 21
-118.5783699999999925
 31
0
  0
LINE
  5
B01
330
1A
100
AcDbEntity
  8
Edge.Cuts
  6
CONTINUOUS
100
AcDbLine
 10
130.3284749999999974
 20
-118.5783699999999925
 30
0
 11
130.2835639999999842
 21
-118.5818519999999978
 31
0
  0
LINE
  5
B02
330
1A
100
AcDbEntity
  8
Edge.Cuts
  6
CONTINUOUS
100
AcDbLine
 10
130.2835639999999842
 20
-118.5818519999999978
 30
0
 11
130.2387180000000058
 21
-118.5853489999999937
 31
0
  0
LINE
  5
B03
330
1A
100
AcDbEntity
  8
Edge.Cuts
  6
CONTINUOUS
100
AcDbLine
 10
130.2387180000000058
 20
-118.5853489999999937
 30
0
 11
130.1939140000000066
 21
-118.5888629999999893
 31
0
  0
LINE
  5
B04
330
1A
100
AcDbEntity
  8
Edge.Cuts
  6
CONTINUOUS
100
AcDbLine
 10
130.1939140000000066
 20
-118.5888629999999893
 30
0
 11
130.1491749999999854
 21
-118.5923909999999921
 31
0
  0
LINE
  5
B05
330
1A
100
AcDbEntity
  8
Edge.Cuts
  6
CONTINUOUS
100
AcDbLine
 10
130.1491749999999854
 20
-118.5923909999999921
 30
0
 11
130.1044799999999952
 21
-118.5959359999999947
 31
0
  0
LINE
  5
B06
330
1A
100
AcDbEntity
  8
Edge.Cuts
  6
CONTINUOUS
100
AcDbLine
 10
130.1044799999999952
 20
-118.5959359999999947
 30
0
 11
130.0598479999999881
 21
-118.5994959999999878
 31
0
  0
LINE
  5
B07
330
1A
100
AcDbEntity
  8
Edge.Cuts
  6
CONTINUOUS
100
AcDbLine
 10
130.0598479999999881
 20
-118.5994959999999878
 30
0
 11
130.0152599999999836
 21
-118.6030729999999949
 31
0
  0
LINE
  5
B08
330
1A
100
AcDbEntity
  8
Edge.Cuts
  6
CONTINUOUS
100
AcDbLine
 10
130.0152599999999836
 20
-118.6030729999999949
 30
0
 11
129.9707369999999855
 21
-118.6066649999999925
 31
0
  0
LINE
  5
B09
330
1A
100
AcDbEntity
  8
Edge.Cuts
  6
CONTINUOUS
100
AcDbLine
 10
129.9707369999999855
 20
-118.6066649999999925
 30
0
 11
129.9262569999999926
 21
-118.6102729999999923
 31
0
  0
LINE
  5
B0A
330
1A
100
AcDbEntity
  8
Edge.Cuts
  6
CONTINUOUS
100
AcDbLine
 10
129.9262569999999926
 20
-118.6102729999999923
 30
0
 11
129.8818409999999801
 21
-118.6138959999999969
 31
0
  0
LINE
  5
B0B
330
1A
100
AcDbEntity
  8
Edge.Cuts
  6
CONTINUOUS
100
AcDbLine
 10
129.8818409999999801
 20
-118.6138959999999969
 30
0
 11
129.8374699999999962
 21
-118.6175349999999895
 31
0
  0
LINE
  5
B0C
330
1A
100
AcDbEntity
  8
Edge.Cuts
  6
CONTINUOUS
100
AcDbLine
 10
129.8374699999999962
 20
-118.6175349999999895
 30
0
 11
129.7931629999999927
 21
-118.6211890000000011
 31
0
  0
LINE
  5
B0D
330
1A
100
AcDbEntity
  8
Edge.Cuts
  6
CONTINUOUS
100
AcDbLine
 10
129.7931629999999927
 20
-118.6211890000000011
 30
0
 11
129.7488999999999919
 21
-118.6248599999999982
 31
0
  0
LINE
  5
B0E
330
1A
100
AcDbEntity
  8
Edge.Cuts
  6
CONTINUOUS
100
AcDbLine
 10
129.7488999999999919
 20
-118.6248599999999982
 30
0
 11
129.7047019999999975
 21
-118.6285449999999884
 31
0
  0
LINE
  5
B0F
330
1A
100
AcDbEntity
  8
Edge.Cuts
  6
CONTINUOUS
100
AcDbLine
 10
129.7047019999999975
 20
-118.6285449999999884
 30
0
 11
129.6605480000000057
 21
-118.632245999999995
 31
0
  0
LINE
  5
B10
330
1A
100
AcDbEntity
  8
Edge.Cuts
  6
CONTINUOUS
100
AcDbLine
 10
129.6605480000000057
 20
-118.632245999999995
 30
0
 11
129.6164579999999944
 21
-118.6359629999999896
 31
0
  0
LINE
  5
B11
330
1A
100
AcDbEntity
  8
Edge.Cuts
  6
CONTINUOUS
100
AcDbLine
 10
129.6164579999999944
 20
-118.6359629999999896
 30
0
 11
129.5724139999999807
 21
-118.639694999999989
 31
0
  0
LINE
  5
B12
330
1A
100
AcDbEntity
  8
Edge.Cuts
  6
CONTINUOUS
100
AcDbLine
 10
129.5724139999999807
 20
-118.639694999999989
 30
0
 11
129.5284330000000068
 21
-118.6434419999999932
 31
0
  0
LINE
  5
B13
330
1A
100
AcDbEntity
  8
Edge.Cuts
  6
CONTINUOUS
100
AcDbLine
 10
129.5284330000000068
 20
-118.6434419999999932
 30
0
 11
129.4844980000000021
 21
-118.6472049999999996
 31
0
  0
LINE
  5
B14
330
1A
100
AcDbEntity
  8
Edge.Cuts
  6
CONTINUOUS
100
AcDbLine
 10
129.4844980000000021
 20
-118.6472049999999996
 30
0
 11
129.4406270000000063
 21
-118.6509829999999965
 31
0
  0
LINE
  5
B15
330
1A
100
AcDbEntity
  8
Edge.Cuts
  6
CONTINUOUS
100
AcDbLine
 10
129.4406270000000063
 20
-118.6509829999999965
 30
0
 11
129.3968009999999822
 21
-118.6547769999999957
 31
0
  0
LINE
  5
B16
330
1A
100
AcDbEntity
  8
Edge.Cuts
  6
CONTINUOUS
100
AcDbLine
 10
129.3968009999999822
 20
-118.6547769999999957
 30
0
 11
129.3530399999999929
 21
-118.6585859999999997
 31
0
  0
LINE
  5
B17
330
1A
100
AcDbEntity
  8
Edge.Cuts
  6
CONTINUOUS
100
AcDbLine
 10
129.3530399999999929
 20
-118.6585859999999997
 30
0
 11
129.3093240000000037
 21
-118.6624099999999942
 31
0
  0
LINE
  5
B18
330
1A
100
AcDbEntity
  8
Edge.Cuts
  6
CONTINUOUS
100
AcDbLine
 10
129.3093240000000037
 20
-118.6624099999999942
 30
0
 11
129.265671999999995
 21
-118.6662489999999934
 31
0
  0
LINE
  5
B19
330
1A
100
AcDbEntity
  8
Edge.Cuts
  6
CONTINUOUS
100
AcDbLine
 10
129.265671999999995
 20
-118.6662489999999934
 30
0
 11
129.2220659999999839
 21
-118.6701039999999949
 31
0
  0
LINE
  5
B1A
330
1A
100
AcDbEntity
  8
Edge.Cuts
  6
CONTINUOUS
100
AcDbLine
 10
129.2220659999999839
 20
-118.6701039999999949
 30
0
 11
129.1785250000000076
 21
-118.6739740000000012
 31
0
  0
LINE
  5
B1B
330
1A
100
AcDbEntity
  8
Edge.Cuts
  6
CONTINUOUS
100
AcDbLine
 10
129.1785250000000076
 20
-118.6739740000000012
 30
0
 11
129.135029000000003
 21
-118.677858999999998
 31
0
  0
LINE
  5
B1C
330
1A
100
AcDbEntity
  8
Edge.Cuts
  6
CONTINUOUS
100
AcDbLine
 10
129.135029000000003
 20
-118.677858999999998
 30
0
 11
129.0915980000000047
 21
-118.6817589999999996
 31
0
  0
LINE
  5
B1D
330
1A
100
AcDbEntity
  8
Edge.Cuts
  6
CONTINUOUS
100
AcDbLine
 10
129.0915980000000047
 20
-118.6817589999999996
 30
0
 11
129.0482130000000041
 21
-118.6856739999999917
 31
0
  0
LINE
  5
B1E
330
1A
100
AcDbEntity
  8
Edge.Cuts
  6
CONTINUOUS
100
AcDbLine
 10
129.0482130000000041
 20
-118.6856739999999917
 30
0
 11
129.0048929999999814
 21
-118.6896039999999886
 31
0
  0
LINE
  5
B1F
330
1A
100
AcDbEntity
  8
Edge.Cuts
  6
CONTINUOUS
100
AcDbLine
 10
129.0048929999999814
 20
-118.6896039999999886
 30
0
 11
128.9616179999999872
 21
-118.6935499999999877
 31
0
  0
LINE
  5
B20
330
1A
100
AcDbEntity
  8
Edge.Cuts
  6
CONTINUOUS
100
AcDbLine
 10
128.9616179999999872
 20
-118.6935499999999877
 30
0
 11
128.9184089999999969
 21
-118.6975099999999941
 31
0
  0
LINE
  5
B21
330
1A
100
AcDbEntity
  8
Edge.Cuts
  6
CONTINUOUS
100
AcDbLine
 10
128.9184089999999969
 20
-118.6975099999999941
 30
0
 11
128.8752460000000042
 21
-118.7014859999999885
 31
0
  0
LINE
  5
B22
330
1A
100
AcDbEntity
  8
Edge.Cuts
  6
CONTINUOUS
100
AcDbLine
 10
128.8752460000000042
 20
-118.7014859999999885
 30
0
 11
128.832146999999992
 21
-118.7054749999999927
 31
0
  0
LINE
  5
B23
330
1A
100
AcDbEntity
  8
Edge.Cuts
  6
CONTINUOUS
100
AcDbLine
 10
128.832146999999992
 20
-118.7054749999999927
 30
0
 11
128.7890960000000007
 21
-118.7094809999999967
 31
0
  0
LINE
  5
B24
330
1A
100
AcDbEntity
  8
Edge.Cuts
  6
CONTINUOUS
100
AcDbLine
 10
128.7890960000000007
 20
-118.7094809999999967
 30
0
 11
128.7461089999999899
 21
-118.7134999999999962
 31
0
  0
LINE
  5
B25
330
1A
100
AcDbEntity
  8
Edge.Cuts
  6
CONTINUOUS
100
AcDbLine
 10
128.7461089999999899
 20
-118.7134999999999962
 30
0
 11
128.7031680000000051
 21
-118.7175359999999955
 31
0
  0
LINE
  5
B26
330
1A
100
AcDbEntity
  8
Edge.Cuts
  6
CONTINUOUS
100
AcDbLine
 10
128.7031680000000051
 20
-118.7175359999999955
 30
0
 11
128.6602929999999958
 21
-118.7215849999999904
 31
0
  0
LINE
  5
B27
330
1A
100
AcDbEntity
  8
Edge.Cuts
  6
CONTINUOUS
100
AcDbLine
 10
128.6602929999999958
 20
-118.7215849999999904
 30
0
 11
128.6174649999999815
 21
-118.7256500000000017
 31
0
  0
LINE
  5
B28
330
1A
100
AcDbEntity
  8
Edge.Cuts
  6
CONTINUOUS
100
AcDbLine
 10
128.6174649999999815
 20
-118.7256500000000017
 30
0
 11
128.5747010000000046
 21
-118.7297279999999944
 31
0
  0
LINE
  5
B29
330
1A
100
AcDbEntity
  8
Edge.Cuts
  6
CONTINUOUS
100
AcDbLine
 10
128.5747010000000046
 20
-118.7297279999999944
 30
0
 11
128.5319849999999917
 21
-118.733823000000001
 31
0
  0
LINE
  5
B2A
330
1A
100
AcDbEntity
  8
Edge.Cuts
  6
CONTINUOUS
100
AcDbLine
 10
128.5319849999999917
 20
-118.733823000000001
 30
0
 11
128.4893339999999853
 21
-118.737930999999989
 31
0
  0
LINE
  5
B2B
330
1A
100
AcDbEntity
  8
Edge.Cuts
  6
CONTINUOUS
100
AcDbLine
 10
128.4893339999999853
 20
-118.737930999999989
 30
0
 11
128.4467300000000023
 21
-118.7420549999999935
 31
0
  0
LINE
  5
B2C
330
1A
100
AcDbEntity
  8
Edge.Cuts
  6
CONTINUOUS
100
AcDbLine
 10
128.4467300000000023
 20
-118.7420549999999935
 30
0
 11
128.4041909999999973
 21
-118.7461919999999935
 31
0
  0
LINE
  5
B2D
330
1A
100
AcDbEntity
  8
Edge.Cuts
  6
CONTINUOUS
100
AcDbLine
 10
128.4041909999999973
 20
-118.7461919999999935
 30
0
 11
128.3616999999999848
 21
-118.7503449999999958
 31
0
  0
LINE
  5
B2E
330
1A
100
AcDbEntity
  8
Edge.Cuts
  6
CONTINUOUS
100
AcDbLine
 10
128.3616999999999848
 20
-118.7503449999999958
 30
0
 11
128.3192740000000072
 21
-118.7545119999999912
 31
0
  0
LINE
  5
B2F
330
1A
100
AcDbEntity
  8
Edge.Cuts
  6
CONTINUOUS
100
AcDbLine
 10
128.3192740000000072
 20
-118.7545119999999912
 30
0
 11
128.2768949999999961
 21
-118.7586939999999913
 31
0
  0
LINE
  5
B30
330
1A
100
AcDbEntity
  8
Edge.Cuts
  6
CONTINUOUS
100
AcDbLine
 10
128.2768949999999961
 20
-118.7586939999999913
 30
0
 11
128.234581999999989
 21
-118.7628890000000013
 31
0
  0
LINE
  5
B31
330
1A
100
AcDbEntity
  8
Edge.Cuts
  6
CONTINUOUS
100
AcDbLine
 10
128.234581999999989
 20
-118.7628890000000013
 30
0
 11
128.1923170000000027
 21
-118.7670999999999992
 31
0
  0
LINE
  5
B32
330
1A
100
AcDbEntity
  8
Edge.Cuts
  6
CONTINUOUS
100
AcDbLine
 10
128.1923170000000027
 20
-118.7670999999999992
 30
0
 11
128.150115999999997
 21
-118.7713249999999903
 31
0
  0
LINE
  5
B33
330
1A
100
AcDbEntity
  8
Edge.Cuts
  6
CONTINUOUS
100
AcDbLine
 10
128.150115999999997
 20
-118.7713249999999903
 30
0
 11
128.1079650000000072
 21
-118.7755650000000003
 31
0
  0
LINE
  5
B34
330
1A
100
AcDbEntity
  8
Edge.Cuts
  6
CONTINUOUS
100
AcDbLine
 10
128.1079650000000072
 20
-118.7755650000000003
 30
0
 11
128.0658779999999979
 21
-118.7798179999999917
 31
0
  0
LINE
  5
B35
330
1A
100
AcDbEntity
  8
Edge.Cuts
  6
CONTINUOUS
100
AcDbLine
 10
128.0658779999999979
 20
-118.7798179999999917
 30
0
 11
128.023840000000007
 21
-118.7840869999999995
 31
0
  0
LINE
  5
B36
330
1A
100
AcDbEntity
  8
Edge.Cuts
  6
CONTINUOUS
100
AcDbLine
 10
128.023840000000007
 20
-118.7840869999999995
 30
0
 11
127.9818669999999941
 21
-118.7883679999999913
 31
0
  0
LINE
  5
B37
330
1A
100
AcDbEntity
  8
Edge.Cuts
  6
CONTINUOUS
100
AcDbLine
 10
127.9818669999999941
 20
-118.7883679999999913
 30
0
 11
127.9399419999999878
 21
-118.792665999999997
 31
0
  0
LINE
  5
B38
330
1A
100
AcDbEntity
  8
Edge.Cuts
  6
CONTINUOUS
100
AcDbLine
 10
127.9399419999999878
 20
-118.792665999999997
 30
0
 11
127.8980829999999997
 21
-118.7969760000000008
 31
0
  0
LINE
  5
B39
330
1A
100
AcDbEntity
  8
Edge.Cuts
  6
CONTINUOUS
100
AcDbLine
 10
127.8980829999999997
 20
-118.7969760000000008
 30
0
 11
127.8562729999999874
 21
-118.8013019999999926
 31
0
  0
LINE
  5
B3A
330
1A
100
AcDbEntity
  8
Edge.Cuts
  6
CONTINUOUS
100
AcDbLine
 10
127.8562729999999874
 20
-118.8013019999999926
 30
0
 11
127.8145279999999957
 21
-118.8056399999999968
 31
0
  0
LINE
  5
B3B
330
1A
100
AcDbEntity
  8
Edge.Cuts
  6
CONTINUOUS
100
AcDbLine
 10
127.8145279999999957
 20
-118.8056399999999968
 30
0
 11
127.772831999999994
 21
-118.809993999999989
 31
0
  0
LINE
  5
B3C
330
1A
100
AcDbEntity
  8
Edge.Cuts
  6
CONTINUOUS
100
AcDbLine
 10
127.772831999999994
 20
-118.809993999999989
 30
0
 11
127.7312019999999961
 21
-118.814360999999991
 31
0
  0
LINE
  5
B3D
330
1A
100
AcDbEntity
  8
Edge.Cuts
  6
CONTINUOUS
100
AcDbLine
 10
127.7312019999999961
 20
-118.814360999999991
 30
0
 11
127.6896209999999883
 21
-118.8187429999999978
 31
0
  0
LINE
  5
B3E
330
1A
100
AcDbEntity
  8
Edge.Cuts
  6
CONTINUOUS
100
AcDbLine
 10
127.6896209999999883
 20
-118.8187429999999978
 30
0
 11
127.648105000000001
 21
-118.8231389999999976
 31
0
  0
LINE
  5
B3F
330
1A
100
AcDbEntity
  8
Edge.Cuts
  6
CONTINUOUS
100
AcDbLine
 10
127.648105000000001
 20
-118.8231389999999976
 30
0
 11
127.6066390000000013
 21
-118.8275489999999905
 31
0
  0
LINE
  5
B40
330
1A
100
AcDbEntity
  8
Edge.Cuts
  6
CONTINUOUS
100
AcDbLine
 10
127.6066390000000013
 20
-118.8275489999999905
 30
0
 11
127.5652389999999912
 21
-118.8319719999999933
 31
0
  0
LINE
  5
B41
330
1A
100
AcDbEntity
  8
Edge.Cuts
  6
CONTINUOUS
100
AcDbLine
 10
127.5652389999999912
 20
-118.8319719999999933
 30
0
 11
127.5238879999999995
 21
-118.8364100000000008
 31
0
  0
LINE
  5
B42
330
1A
100
AcDbEntity
  8
Edge.Cuts
  6
CONTINUOUS
100
AcDbLine
 10
127.5238879999999995
 20
-118.8364100000000008
 30
0
 11
127.482602
 21
-118.8408609999999896
 31
0
  0
LINE
  5
B43
330
1A
100
AcDbEntity
  8
Edge.Cuts
  6
CONTINUOUS
100
AcDbLine
 10
127.482602
 20
-118.8408609999999896
 30
0
 11
127.4413669999999996
 21
-118.8453269999999975
 31
0
  0
LINE
  5
B44
330
1A
100
AcDbEntity
  8
Edge.Cuts
  6
CONTINUOUS
100
AcDbLine
 10
127.4413669999999996
 20
-118.8453269999999975
 30
0
 11
127.4001969999999915
 21
-118.8498049999999893
 31
0
  0
LINE
  5
B45
330
1A
100
AcDbEntity
  8
Edge.Cuts
  6
CONTINUOUS
100
AcDbLine
 10
127.4001969999999915
 20
-118.8498049999999893
 30
0
 11
127.3590769999999992
 21
-118.8542989999999975
 31
0
  0
LINE
  5
B46
330
1A
100
AcDbEntity
  8
Edge.Cuts
  6
CONTINUOUS
100
AcDbLine
 10
127.3590769999999992
 20
-118.8542989999999975
 30
0
 11
127.3180229999999966
 21
-118.8588049999999896
 31
0
  0
LINE
  5
B47
330
1A
100
AcDbEntity
  8
Edge.Cuts
  6
CONTINUOUS
100
AcDbLine
 10
127.3180229999999966
 20
-118.8588049999999896
 30
0
 11
127.2770199999999932
 21
-118.8633260000000007
 31
0
  0
LINE
  5
B48
330
1A
100
AcDbEntity
  8
Edge.Cuts
  6
CONTINUOUS
100
AcDbLine
 10
127.2770199999999932
 20
-118.8633260000000007
 30
0
 11
127.2360819999999961
 21
-118.8678599999999932
 31
0
  0
LINE
  5
B49
330
1A
100
AcDbEntity
  8
Edge.Cuts
  6
CONTINUOUS
100
AcDbLine
 10
127.2360819999999961
 20
-118.8678599999999932
 30
0
 11
127.1951940000000008
 21
-118.872407999999993
 31
0
  0
LINE
  5
B4A
330
1A
100
AcDbEntity
  8
Edge.Cuts
  6
CONTINUOUS
100
AcDbLine
 10
127.1951940000000008
 20
-118.872407999999993
 30
0
 11
127.1543729999999925
 21
-118.8769689999999883
 31
0
  0
LINE
  5
B4B
330
1A
100
AcDbEntity
  8
Edge.Cuts
  6
CONTINUOUS
100
AcDbLine
 10
127.1543729999999925
 20
-118.8769689999999883
 30
0
 11
127.1136020000000002
 21
-118.881543999999991
 31
0
  0
LINE
  5
B4C
330
1A
100
AcDbEntity
  8
Edge.Cuts
  6
CONTINUOUS
100
AcDbLine
 10
127.1136020000000002
 20
-118.881543999999991
 30
0
 11
127.0728969999999975
 21
-118.8861319999999893
 31
0
  0
LINE
  5
B4D
330
1A
100
AcDbEntity
  8
Edge.Cuts
  6
CONTINUOUS
100
AcDbLine
 10
127.0728969999999975
 20
-118.8861319999999893
 30
0
 11
127.032242999999994
 21
-118.8907349999999923
 31
0
  0
LINE
  5
B4E
330
1A
100
AcDbEntity
  8
Edge.Cuts
  6
CONTINUOUS
100
AcDbLine
 10
127.032242999999994
 20
-118.8907349999999923
 30
0
 11
126.9916539999999969
 21
-118.8953499999999934
 31
0
  0
LINE
  5
B4F
330
1A
100
AcDbEntity
  8
Edge.Cuts
  6
CONTINUOUS
100
AcDbLine
 10
126.9916539999999969
 20
-118.8953499999999934
 30
0
 11
126.9511169999999964
 21
-118.8999799999999993
 31
0
  0
LINE
  5
B50
330
1A
100
AcDbEntity
  8
Edge.Cuts
  6
CONTINUOUS
100
AcDbLine
 10
126.9511169999999964
 20
-118.8999799999999993
 30
0
 11
126.9106459999999998
 21
-118.9046219999999892
 31
0
  0
LINE
  5
B51
330
1A
100
AcDbEntity
  8
Edge.Cuts
  6
CONTINUOUS
100
AcDbLine
 10
126.9106459999999998
 20
-118.9046219999999892
 30
0
 11
126.8702259999999882
 21
-118.9092780000000005
 31
0
  0
LINE
  5
B52
330
1A
100
AcDbEntity
  8
Edge.Cuts
  6
CONTINUOUS
100
AcDbLine
 10
126.8702259999999882
 20
-118.9092780000000005
 30
0
 11
126.8298729999999921
 21
-118.9139469999999932
 31
0
  0
LINE
  5
B53
330
1A
100
AcDbEntity
  8
Edge.Cuts
  6
CONTINUOUS
100
AcDbLine
 10
126.8298729999999921
 20
-118.9139469999999932
 30
0
 11
126.7895709999999951
 21
-118.9186299999999932
 31
0
  0
LINE
  5
B54
330
1A
100
AcDbEntity
  8
Edge.Cuts
  6
CONTINUOUS
100
AcDbLine
 10
126.7895709999999951
 20
-118.9186299999999932
 30
0
 11
126.7493339999999904
 21
-118.9233249999999913
 31
0
  0
LINE
  5
B55
330
1A
100
AcDbEntity
  8
Edge.Cuts
  6
CONTINUOUS
100
AcDbLine
 10
126.7493339999999904
 20
-118.9233249999999913
 30
0
 11
126.709149999999994
 21
-118.9280339999999967
 31
0
  0
LINE
  5
B56
330
1A
100
AcDbEntity
  8
Edge.Cuts
  6
CONTINUOUS
100
AcDbLine
 10
126.709149999999994
 20
-118.9280339999999967
 30
0
 11
126.6690319999999872
 21
-118.9327559999999977
 31
0
  0
LINE
  5
B57
330
1A
100
AcDbEntity
  8
Edge.Cuts
  6
CONTINUOUS
100
AcDbLine
 10
126.6690319999999872
 20
-118.9327559999999977
 30
0
 11
126.6289659999999913
 21
-118.9374919999999918
 31
0
  0
LINE
  5
B58
330
1A
100
AcDbEntity
  8
Edge.Cuts
  6
CONTINUOUS
100
AcDbLine
 10
126.6289659999999913
 20
-118.9374919999999918
 30
0
 11
126.5889659999999992
 21
-118.9422399999999982
 31
0
  0
LINE
  5
B59
330
1A
100
AcDbEntity
  8
Edge.Cuts
  6
CONTINUOUS
100
AcDbLine
 10
126.5889659999999992
 20
-118.9422399999999982
 30
0
 11
126.5490179999999896
 21
-118.9470019999999977
 31
0
  0
LINE
  5
B5A
330
1A
100
AcDbEntity
  8
Edge.Cuts
  6
CONTINUOUS
100
AcDbLine
 10
126.5490179999999896
 20
-118.9470019999999977
 30
0
 11
126.5091369999999955
 21
-118.9517759999999953
 31
0
  0
LINE
  5
B5B
330
1A
100
AcDbEntity
  8
Edge.Cuts
  6
CONTINUOUS
100
AcDbLine
 10
126.5091369999999955
 20
-118.9517759999999953
 30
0
 11
126.4693079999999981
 21
-118.9565640000000002
 31
0
  0
LINE
  5
B5C
330
1A
100
AcDbEntity
  8
Edge.Cuts
  6
CONTINUOUS
100
AcDbLine
 10
126.4693079999999981
 20
-118.9565640000000002
 30
0
 11
126.4295449999999903
 21
-118.961363999999989
 31
0
  0
LINE
  5
B5D
330
1A
100
AcDbEntity
  8
Edge.Cuts
  6
CONTINUOUS
100
AcDbLine
 10
126.4295449999999903
 20
-118.961363999999989
 30
0
 11
126.3898349999999908
 21
-118.9661779999999993
 31
0
  0
LINE
  5
B5E
330
1A
100
AcDbEntity
  8
Edge.Cuts
  6
CONTINUOUS
100
AcDbLine
 10
126.3898349999999908
 20
-118.9661779999999993
 30
0
 11
126.3501909999999953
 21
-118.9710039999999935
 31
0
  0
LINE
  5
B5F
330
1A
100
AcDbEntity
  8
Edge.Cuts
  6
CONTINUOUS
100
AcDbLine
 10
126.3501909999999953
 20
-118.9710039999999935
 30
0
 11
126.3105999999999938
 21
-118.975843999999995
 31
0
  0
LINE
  5
B60
330
1A
100
AcDbEntity
  8
Edge.Cuts
  6
CONTINUOUS
100
AcDbLine
 10
126.3105999999999938
 20
-118.975843999999995
 30
0
 11
126.2710749999999962
 21
-118.9806959999999947
 31
0
  0
LINE
  5
B61
330
1A
100
AcDbEntity
  8
Edge.Cuts
  6
CONTINUOUS
100
AcDbLine
 10
126.2710749999999962
 20
-118.9806959999999947
 30
0
 11
126.2316039999999902
 21
-118.9855609999999899
 31
0
  0
LINE
  5
B62
330
1A
100
AcDbEntity
  8
Edge.Cuts
  6
CONTINUOUS
100
AcDbLine
 10
126.2316039999999902
 20
-118.9855609999999899
 30
0
 11
126.192198999999988
 21
-118.990438999999995
 31
0
  0
LINE
  5
B63
330
1A
100
AcDbEntity
  8
Edge.Cuts
  6
CONTINUOUS
100
AcDbLine
 10
126.192198999999988
 20
-118.990438999999995
 30
0
 11
126.1528469999999942
 21
-118.9953299999999956
 31
0
  0
LINE
  5
B64
330
1A
100
AcDbEntity
  8
Edge.Cuts
  6
CONTINUOUS
100
AcDbLine
 10
126.1528469999999942
 20
-118.9953299999999956
 30
0
 11
126.1135619999999875
 21
-119.0002319999999969
 31
0
  0
LINE
  5
B65
330
1A
100
AcDbEntity
  8
Edge.Cuts
  6
CONTINUOUS
100
AcDbLine
 10
126.1135619999999875
 20
-119.0002319999999969
 30
0
 11
126.0743299999999891
 21
-119.0051479999999913
 31
0
  0
LINE
  5
B66
330
1A
100
AcDbEntity
  8
Edge.Cuts
  6
CONTINUOUS
100
AcDbLine
 10
126.0743299999999891
 20
-119.0051479999999913
 30
0
 11
126.0351649999999921
 21
-119.010075999999998
 31
0
  0
LINE
  5
B67
330
1A
100
AcDbEntity
  8
Edge.Cuts
  6
CONTINUOUS
100
AcDbLine
 10
126.0351649999999921
 20
-119.010075999999998
 30
0
 11
125.9960540000000009
 21
-119.0150179999999978
 31
0
  0
LINE
  5
B68
330
1A
100
AcDbEntity
  8
Edge.Cuts
  6
CONTINUOUS
100
AcDbLine
 10
125.9960540000000009
 20
-119.0150179999999978
 30
0
 11
125.9570089999999993
 21
-119.0199709999999982
 31
0
  0
LINE
  5
B69
330
1A
100
AcDbEntity
  8
Edge.Cuts
  6
CONTINUOUS
100
AcDbLine
 10
125.9570089999999993
 20
-119.0199709999999982
 30
0
 11
125.9180179999999893
 21
-119.0249369999999942
 31
0
  0
LINE
  5
B6A
330
1A
100
AcDbEntity
  8
Edge.Cuts
  6
CONTINUOUS
100
AcDbLine
 10
125.9180179999999893
 20
-119.0249369999999942
 30
0
 11
125.8790939999999949
 21
-119.0299149999999884
 31
0
  0
LINE
  5
B6B
330
1A
100
AcDbEntity
  8
Edge.Cuts
  6
CONTINUOUS
100
AcDbLine
 10
125.8790939999999949
 20
-119.0299149999999884
 30
0
 11
125.8402239999999921
 21
-119.0349059999999923
 31
0
  0
LINE
  5
B6C
330
1A
100
AcDbEntity
  8
Edge.Cuts
  6
CONTINUOUS
100
AcDbLine
 10
125.8402239999999921
 20
-119.0349059999999923
 30
0
 11
125.8014209999999906
 21
-119.0399089999999944
 31
0
  0
LINE
  5
B6D
330
1A
100
AcDbEntity
  8
Edge.Cuts
  6
CONTINUOUS
100
AcDbLine
 10
125.8014209999999906
 20
-119.0399089999999944
 30
0
 11
125.7626719999999949
 21
-119.0449249999999921
 31
0
  0
LINE
  5
B6E
330
1A
100
AcDbEntity
  8
Edge.Cuts
  6
CONTINUOUS
100
AcDbLine
 10
125.7626719999999949
 20
-119.0449249999999921
 30
0
 11
125.7239900000000006
 21
-119.0499529999999879
 31
0
  0
LINE
  5
B6F
330
1A
100
AcDbEntity
  8
Edge.Cuts
  6
CONTINUOUS
100
AcDbLine
 10
125.7239900000000006
 20
-119.0499529999999879
 30
0
 11
125.6853629999999953
 21
-119.0549929999999961
 31
0
  0
LINE
  5
B70
330
1A
100
AcDbEntity
  8
Edge.Cuts
  6
CONTINUOUS
100
AcDbLine
 10
125.6853629999999953
 20
-119.0549929999999961
 30
0
 11
125.6468019999999939
 21
-119.0600449999999881
 31
0
  0
LINE
  5
B71
330
1A
100
AcDbEntity
  8
Edge.Cuts
  6
CONTINUOUS
100
AcDbLine
 10
125.6468019999999939
 20
-119.0600449999999881
 30
0
 11
125.6082959999999957
 21
-119.06510999999999
 31
0
  0
LINE
  5
B72
330
1A
100
AcDbEntity
  8
Edge.Cuts
  6
CONTINUOUS
100
AcDbLine
 10
125.6082959999999957
 20
-119.06510999999999
 30
0
 11
125.5698569999999989
 21
-119.0701859999999925
 31
0
  0
LINE
  5
B73
330
1A
100
AcDbEntity
  8
Edge.Cuts
  6
CONTINUOUS
100
AcDbLine
 10
125.5698569999999989
 20
-119.0701859999999925
 30
0
 11
125.5314729999999912
 21
-119.0752749999999907
 31
0
  0
LINE
  5
B74
330
1A
100
AcDbEntity
  8
Edge.Cuts
  6
CONTINUOUS
100
AcDbLine
 10
125.5314729999999912
 20
-119.0752749999999907
 30
0
 11
125.493155999999999
 21
-119.0803760000000011
 31
0
  0
LINE
  5
B75
330
1A
100
AcDbEntity
  8
Edge.Cuts
  6
CONTINUOUS
100
AcDbLine
 10
125.493155999999999
 20
-119.0803760000000011
 30
0
 11
125.4548949999999934
 21
-119.0854889999999955
 31
0
  0
LINE
  5
B76
330
1A
100
AcDbEntity
  8
Edge.Cuts
  6
CONTINUOUS
100
AcDbLine
 10
125.4548949999999934
 20
-119.0854889999999955
 30
0
 11
125.4166999999999916
 21
-119.0906129999999905
 31
0
  0
LINE
  5
B77
330
1A
100
AcDbEntity
  8
Edge.Cuts
  6
CONTINUOUS
100
AcDbLine
 10
125.4166999999999916
 20
-119.0906129999999905
 30
0
 11
125.3785609999999906
 21
-119.0957499999999953
 31
0
  0
LINE
  5
B78
330
1A
100
AcDbEntity
  8
Edge.Cuts
  6
CONTINUOUS
100
AcDbLine
 10
125.3785609999999906
 20
-119.0957499999999953
 30
0
 11
125.3404879999999935
 21
-119.1008980000000008
 31
0
  0
LINE
  5
B79
330
1A
100
AcDbEntity
  8
Edge.Cuts
  6
CONTINUOUS
100
AcDbLine
 10
125.3404879999999935
 20
-119.1008980000000008
 30
0
 11
125.3024719999999945
 21
-119.1060589999999877
 31
0
  0
LINE
  5
B7A
330
1A
100
AcDbEntity
  8
Edge.Cuts
  6
CONTINUOUS
100
AcDbLine
 10
125.3024719999999945
 20
-119.1060589999999877
 30
0
 11
125.2645219999999995
 21
-119.1112309999999894
 31
0
  0
LINE
  5
B7B
330
1A
100
AcDbEntity
  8
Edge.Cuts
  6
CONTINUOUS
100
AcDbLine
 10
125.2645219999999995
 20
-119.1112309999999894
 30
0
 11
125.2266289999999884
 21
-119.116416000000001
 31
0
  0
LINE
  5
B7C
330
1A
100
AcDbEntity
  8
Edge.Cuts
  6
CONTINUOUS
100
AcDbLine
 10
125.2266289999999884
 20
-119.116416000000001
 30
0
 11
125.1888029999999929
 21
-119.1216110000000015
 31
0
  0
LINE
  5
B7D
330
1A
100
AcDbEntity
  8
Edge.Cuts
  6
CONTINUOUS
100
AcDbLine
 10
125.1888029999999929
 20
-119.1216110000000015
 30
0
 11
125.1510329999999982
 21
-119.1268189999999976
 31
0
  0
LINE
  5
B7E
330
1A
100
AcDbEntity
  8
Edge.Cuts
  6
CONTINUOUS
100
AcDbLine
 10
125.1510329999999982
 20
-119.1268189999999976
 30
0
 11
125.1133299999999906
 21
-119.1320379999999943
 31
0
  0
LINE
  5
B7F
330
1A
100
AcDbEntity
  8
Edge.Cuts
  6
CONTINUOUS
100
AcDbLine
 10
125.1133299999999906
 20
-119.1320379999999943
 30
0
 11
125.0756829999999979
 21
-119.1372689999999892
 31
0
  0
LINE
  5
B80
330
1A
100
AcDbEntity
  8
Edge.Cuts
  6
CONTINUOUS
100
AcDbLine
 10
125.0756829999999979
 20
-119.1372689999999892
 30
0
 11
125.0381039999999899
 21
-119.1425109999999989
 31
0
  0
LINE
  5
B81
330
1A
100
AcDbEntity
  8
Edge.Cuts
  6
CONTINUOUS
100
AcDbLine
 10
125.0381039999999899
 20
-119.1425109999999989
 30
0
 11
125.0005809999999968
 21
-119.1477649999999926
 31
0
  0
LINE
  5
B82
330
1A
100
AcDbEntity
  8
Edge.Cuts
  6
CONTINUOUS
100
AcDbLine
 10
125.0005809999999968
 20
-119.1477649999999926
 30
0
 11
124.9631259999999884
 21
-119.1530300000000011
 31
0
  0
LINE
  5
B83
330
1A
100
AcDbEntity
  8
Edge.Cuts
  6
CONTINUOUS
100
AcDbLine
 10
124.9631259999999884
 20
-119.1530300000000011
 30
0
 11
124.9257269999999949
 21
-119.1583069999999935
 31
0
  0
LINE
  5
B84
330
1A
100
AcDbEntity
  8
Edge.Cuts
  6
CONTINUOUS
100
AcDbLine
 10
124.9257269999999949
 20
-119.1583069999999935
 30
0
 11
124.8883960000000002
 21
-119.1635950000000008
 31
0
  0
LINE
  5
B85
330
1A
100
AcDbEntity
  8
Edge.Cuts
  6
CONTINUOUS
100
AcDbLine
 10
124.8883960000000002
 20
-119.1635950000000008
 30
0
 11
124.8511219999999895
 21
-119.168894999999992
 31
0
  0
LINE
  5
B86
330
1A
100
AcDbEntity
  8
Edge.Cuts
  6
CONTINUOUS
100
AcDbLine
 10
124.8511219999999895
 20
-119.168894999999992
 30
0
 11
124.8139149999999944
 21
-119.1742059999999981
 31
0
  0
LINE
  5
B87
330
1A
100
AcDbEntity
  8
Edge.Cuts
  6
CONTINUOUS
100
AcDbLine
 10
124.8139149999999944
 20
-119.1742059999999981
 30
0
 11
124.7767649999999975
 21
-119.1795279999999906
 31
0
  0
LINE
  5
B88
330
1A
100
AcDbEntity
  8
Edge.Cuts
  6
CONTINUOUS
100
AcDbLine
 10
124.7767649999999975
 20
-119.1795279999999906
 30
0
 11
124.7396829999999994
 21
-119.1848619999999954
 31
0
  0
LINE
  5
B89
330
1A
100
AcDbEntity
  8
Edge.Cuts
  6
CONTINUOUS
100
AcDbLine
 10
124.7396829999999994
 20
-119.1848619999999954
 30
0
 11
124.702658999999997
 21
-119.1902070000000009
 31
0
  0
LINE
  5
B8A
330
1A
100
AcDbEntity
  8
Edge.Cuts
  6
CONTINUOUS
100
AcDbLine
 10
124.702658999999997
 20
-119.1902070000000009
 30
0
 11
124.6657009999999985
 21
-119.1955619999999954
 31
0
  0
LINE
  5
B8B
330
1A
100
AcDbEntity
  8
Edge.Cuts
  6
CONTINUOUS
100
AcDbLine
 10
124.6657009999999985
 20
-119.1955619999999954
 30
0
 11
124.6288019999999932
 21
-119.2009289999999879
 31
0
  0
LINE
  5
B8C
330
1A
100
AcDbEntity
  8
Edge.Cuts
  6
CONTINUOUS
100
AcDbLine
 10
124.6288019999999932
 20
-119.2009289999999879
 30
0
 11
124.5919699999999892
 21
-119.2063069999999954
 31
0
  0
LINE
  5
B8D
330
1A
100
AcDbEntity
  8
Edge.Cuts
  6
CONTINUOUS
100
AcDbLine
 10
124.5919699999999892
 20
-119.2063069999999954
 30
0
 11
124.5551969999999926
 21
-119.2116959999999892
 31
0
  0
LINE
  5
B8E
330
1A
100
AcDbEntity
  8
Edge.Cuts
  6
CONTINUOUS
100
AcDbLine
 10
124.5551969999999926
 20
-119.2116959999999892
 30
0
 11
124.5184899999999999
 21
-119.217095999999998
 31
0
  0
LINE
  5
B8F
330
1A
100
AcDbEntity
  8
Edge.Cuts
  6
CONTINUOUS
100
AcDbLine
 10
124.5184899999999999
 20
-119.217095999999998
 30
0
 11
124.4818420000000003
 21
-119.2225069999999931
 31
0
  0
LINE
  5
B90
330
1A
100
AcDbEntity
  8
Edge.Cuts
  6
CONTINUOUS
100
AcDbLine
 10
124.4818420000000003
 20
-119.2225069999999931
 30
0
 11
124.4452619999999996
 21
-119.2279289999999889
 31
0
  0
LINE
  5
B91
330
1A
100
AcDbEntity
  8
Edge.Cuts
  6
CONTINUOUS
100
AcDbLine
 10
124.4452619999999996
 20
-119.2279289999999889
 30
0
 11
124.4087399999999946
 21
-119.2333619999999996
 31
0
  0
LINE
  5
B92
330
1A
100
AcDbEntity
  8
Edge.Cuts
  6
CONTINUOUS
100
AcDbLine
 10
124.4087399999999946
 20
-119.2333619999999996
 30
0
 11
124.3722849999999909
 21
-119.2388049999999993
 31
0
  0
LINE
  5
B93
330
1A
100
AcDbEntity
  8
Edge.Cuts
  6
CONTINUOUS
100
AcDbLine
 10
124.3722849999999909
 20
-119.2388049999999993
 30
0
 11
124.335889999999992
 21
-119.244259999999997
 31
0
  0
LINE
  5
B94
330
1A
100
AcDbEntity
  8
Edge.Cuts
  6
CONTINUOUS
100
AcDbLine
 10
124.335889999999992
 20
-119.244259999999997
 30
0
 11
124.2995609999999971
 21
-119.2497240000000005
 31
0
  0
LINE
  5
B95
330
1A
100
AcDbEntity
  8
Edge.Cuts
  6
CONTINUOUS
100
AcDbLine
 10
124.2995609999999971
 20
-119.2497240000000005
 30
0
 11
124.2632929999999902
 21
-119.2551999999999879
 31
0
  0
LINE
  5
B96
330
1A
100
AcDbEntity
  8
Edge.Cuts
  6
CONTINUOUS
100
AcDbLine
 10
124.2632929999999902
 20
-119.2551999999999879
 30
0
 11
124.2270909999999873
 21
-119.2606859999999926
 31
0
  0
LINE
  5
B97
330
1A
100
AcDbEntity
  8
Edge.Cuts
  6
CONTINUOUS
100
AcDbLine
 10
124.2270909999999873
 20
-119.2606859999999926
 30
0
 11
124.1909489999999892
 21
-119.2661829999999981
 31
0
  0
LINE
  5
B98
330
1A
100
AcDbEntity
  8
Edge.Cuts
  6
CONTINUOUS
100
AcDbLine
 10
124.1909489999999892
 20
-119.2661829999999981
 30
0
 11
124.1548739999999924
 21
-119.2716909999999899
 31
0
  0
LINE
  5
B99
330
1A
100
AcDbEntity
  8
Edge.Cuts
  6
CONTINUOUS
100
AcDbLine
 10
124.1548739999999924
 20
-119.2716909999999899
 30
0
 11
124.118859999999998
 21
-119.2772089999999992
 31
0
  0
LINE
  5
B9A
330
1A
100
AcDbEntity
  8
Edge.Cuts
  6
CONTINUOUS
100
AcDbLine
 10
124.118859999999998
 20
-119.2772089999999992
 30
0
 11
124.0829119999999932
 21
-119.2827369999999974
 31
0
  0
LINE
  5
B9B
330
1A
100
AcDbEntity
  8
Edge.Cuts
  6
CONTINUOUS
100
AcDbLine
 10
124.0829119999999932
 20
-119.2827369999999974
 30
0
 11
124.0470249999999908
 21
-119.2882759999999962
 31
0
  0
LINE
  5
B9C
330
1A
100
AcDbEntity
  8
Edge.Cuts
  6
CONTINUOUS
100
AcDbLine
 10
124.0470249999999908
 20
-119.2882759999999962
 30
0
 11
124.0112049999999897
 21
-119.2938249999999982
 31
0
  0
LINE
  5
B9D
330
1A
100
AcDbEntity
  8
Edge.Cuts
  6
CONTINUOUS
100
AcDbLine
 10
124.0112049999999897
 20
-119.2938249999999982
 30
0
 11
123.9754449999999935
 21
-119.2993850000000009
 31
0
  0
LINE
  5
B9E
330
1A
100
AcDbEntity
  8
Edge.Cuts
  6
CONTINUOUS
100
AcDbLine
 10
123.9754449999999935
 20
-119.2993850000000009
 30
0
 11
123.9397529999999961
 21
-119.3049539999999951
 31
0
  0
LINE
  5
B9F
330
1A
100
AcDbEntity
  8
Edge.Cuts
  6
CONTINUOUS
100
AcDbLine
 10
123.9397529999999961
 20
-119.3049539999999951
 30
0
 11
123.9041209999999893
 21
-119.3105350000000016
 31
0
  0
LINE
  5
BA0
330
1A
100
AcDbEntity
  8
Edge.Cuts
  6
CONTINUOUS
100
AcDbLine
 10
123.9041209999999893
 20
-119.3105350000000016
 30
0
 11
123.8685569999999956
 21
-119.3161249999999995
 31
0
  0
LINE
  5
BA1
330
1A
100
AcDbEntity
  8
Edge.Cuts
  6
CONTINUOUS
100
AcDbLine
 10
123.8685569999999956
 20
-119.3161249999999995
 30
0
 11
123.8330529999999925
 21
-119.3217250000000007
 31
0
  0
LINE
  5
BA2
330
1A
100
AcDbEntity
  8
Edge.Cuts
  6
CONTINUOUS
100
AcDbLine
 10
123.8330529999999925
 20
-119.3217250000000007
 30
0
 11
123.7976169999999883
 21
-119.3273359999999883
 31
0
  0
LINE
  5
BA3
330
1A
100
AcDbEntity
  8
Edge.Cuts
  6
CONTINUOUS
100
AcDbLine
 10
123.7976169999999883
 20
-119.3273359999999883
 30
0
 11
123.7622420000000005
 21
-119.3329559999999958
 31
0
  0
LINE
  5
BA4
330
1A
100
AcDbEntity
  8
Edge.Cuts
  6
CONTINUOUS
100
AcDbLine
 10
123.7622420000000005
 20
-119.3329559999999958
 30
0
 11
123.7269349999999974
 21
-119.3385869999999898
 31
0
  0
LINE
  5
BA5
330
1A
100
AcDbEntity
  8
Edge.Cuts
  6
CONTINUOUS
100
AcDbLine
 10
123.7269349999999974
 20
-119.3385869999999898
 30
0
 11
123.6916889999999967
 21
-119.3442269999999894
 31
0
  0
LINE
  5
BA6
330
1A
100
AcDbEntity
  8
Edge.Cuts
  6
CONTINUOUS
100
AcDbLine
 10
123.6916889999999967
 20
-119.3442269999999894
 30
0
 11
123.6565099999999973
 21
-119.3498779999999897
 31
0
  0
LINE
  5
BA7
330
1A
100
AcDbEntity
  8
Edge.Cuts
  6
CONTINUOUS
100
AcDbLine
 10
123.6565099999999973
 20
-119.3498779999999897
 30
0
 11
123.6213929999999976
 21
-119.3555379999999957
 31
0
  0
LINE
  5
BA8
330
1A
100
AcDbEntity
  8
Edge.Cuts
  6
CONTINUOUS
100
AcDbLine
 10
123.6213929999999976
 20
-119.3555379999999957
 30
0
 11
123.5863429999999994
 21
-119.3612079999999906
 31
0
  0
LINE
  5
BA9
330
1A
100
AcDbEntity
  8
Edge.Cuts
  6
CONTINUOUS
100
AcDbLine
 10
123.5863429999999994
 20
-119.3612079999999906
 30
0
 11
123.5513550000000009
 21
-119.3668879999999888
 31
0
  0
LINE
  5
BAA
330
1A
100
AcDbEntity
  8
Edge.Cuts
  6
CONTINUOUS
100
AcDbLine
 10
123.5513550000000009
 20
-119.3668879999999888
 30
0
 11
123.5164350000000013
 21
-119.3725769999999926
 31
0
  0
LINE
  5
BAB
330
1A
100
AcDbEntity
  8
Edge.Cuts
  6
CONTINUOUS
100
AcDbLine
 10
123.5164350000000013
 20
-119.3725769999999926
 30
0
 11
123.4815770000000015
 21
-119.3782769999999971
 31
0
  0
LINE
  5
BAC
330
1A
100
AcDbEntity
  8
Edge.Cuts
  6
CONTINUOUS
100
AcDbLine
 10
123.4815770000000015
 20
-119.3782769999999971
 30
0
 11
123.4467870000000005
 21
-119.3839859999999931
 31
0
  0
LINE
  5
BAD
330
1A
100
AcDbEntity
  8
Edge.Cuts
  6
CONTINUOUS
100
AcDbLine
 10
123.4467870000000005
 20
-119.3839859999999931
 30
0
 11
123.4120579999999876
 21
-119.3897039999999947
 31
0
  0
LINE
  5
BAE
330
1A
100
AcDbEntity
  8
Edge.Cuts
  6
CONTINUOUS
100
AcDbLine
 10
123.4120579999999876
 20
-119.3897039999999947
 30
0
 11
123.3773979999999995
 21
-119.3954319999999996
 31
0
  0
LINE
  5
BAF
330
1A
100
AcDbEntity
  8
Edge.Cuts
  6
CONTINUOUS
100
AcDbLine
 10
123.3773979999999995
 20
-119.3954319999999996
 30
0
 11
123.3427999999999969
 21
-119.4011699999999934
 31
0
  0
LINE
  5
BB0
330
1A
100
AcDbEntity
  8
Edge.Cuts
  6
CONTINUOUS
100
AcDbLine
 10
123.3427999999999969
 20
-119.4011699999999934
 30
0
 11
123.3082689999999957
 21
-119.4069169999999929
 31
0
  0
LINE
  5
BB1
330
1A
100
AcDbEntity
  8
Edge.Cuts
  6
CONTINUOUS
100
AcDbLine
 10
123.3082689999999957
 20
-119.4069169999999929
 30
0
 11
123.2738009999999917
 21
-119.4126729999999981
 31
0
  0
LINE
  5
BB2
330
1A
100
AcDbEntity
  8
Edge.Cuts
  6
CONTINUOUS
100
AcDbLine
 10
123.2738009999999917
 20
-119.4126729999999981
 30
0
 11
123.2394010000000009
 21
-119.4184389999999922
 31
0
  0
LINE
  5
BB3
330
1A
100
AcDbEntity
  8
Edge.Cuts
  6
CONTINUOUS
100
AcDbLine
 10
123.2394010000000009
 20
-119.4184389999999922
 30
0
 11
123.2050649999999905
 21
-119.4242139999999921
 31
0
  0
LINE
  5
BB4
330
1A
100
AcDbEntity
  8
Edge.Cuts
  6
CONTINUOUS
100
AcDbLine
 10
123.2050649999999905
 20
-119.4242139999999921
 30
0
 11
123.1707949999999983
 21
-119.4299979999999977
 31
0
  0
LINE
  5
BB5
330
1A
100
AcDbEntity
  8
Edge.Cuts
  6
CONTINUOUS
100
AcDbLine
 10
123.1707949999999983
 20
-119.4299979999999977
 30
0
 11
123.1365890000000007
 21
-119.4357919999999922
 31
0
  0
LINE
  5
BB6
330
1A
100
AcDbEntity
  8
Edge.Cuts
  6
CONTINUOUS
100
AcDbLine
 10
123.1365890000000007
 20
-119.4357919999999922
 30
0
 11
123.1024509999999879
 21
-119.4415949999999924
 31
0
  0
LINE
  5
BB7
330
1A
100
AcDbEntity
  8
Edge.Cuts
  6
CONTINUOUS
100
AcDbLine
 10
123.1024509999999879
 20
-119.4415949999999924
 30
0
 11
123.0683760000000007
 21
-119.4474069999999983
 31
0
  0
LINE
  5
BB8
330
1A
100
AcDbEntity
  8
Edge.Cuts
  6
CONTINUOUS
100
AcDbLine
 10
123.0683760000000007
 20
-119.4474069999999983
 30
0
 11
123.0343689999999981
 21
-119.4532269999999983
 31
0
  0
LINE
  5
BB9
330
1A
100
AcDbEntity
  8
Edge.Cuts
  6
CONTINUOUS
100
AcDbLine
 10
123.0343689999999981
 20
-119.4532269999999983
 30
0
 11
123.0004259999999903
 21
-119.4590570000000014
 31
0
  0
LINE
  5
BBA
330
1A
100
AcDbEntity
  8
Edge.Cuts
  6
CONTINUOUS
100
AcDbLine
 10
123.0004259999999903
 20
-119.4590570000000014
 30
0
 11
122.966549999999998
 21
-119.464895999999996
 31
0
  0
LINE
  5
BBB
330
1A
100
AcDbEntity
  8
Edge.Cuts
  6
CONTINUOUS
100
AcDbLine
 10
122.966549999999998
 20
-119.464895999999996
 30
0
 11
122.932738999999998
 21
-119.4707439999999963
 31
0
  0
LINE
  5
BBC
330
1A
100
AcDbEntity
  8
Edge.Cuts
  6
CONTINUOUS
100
AcDbLine
 10
122.932738999999998
 20
-119.4707439999999963
 30
0
 11
122.8989949999999993
 21
-119.4765999999999906
 31
0
  0
LINE
  5
BBD
330
1A
100
AcDbEntity
  8
Edge.Cuts
  6
CONTINUOUS
100
AcDbLine
 10
122.8989949999999993
 20
-119.4765999999999906
 30
0
 11
122.8653149999999954
 21
-119.4824659999999881
 31
0
  0
LINE
  5
BBE
330
1A
100
AcDbEntity
  8
Edge.Cuts
  6
CONTINUOUS
100
AcDbLine
 10
122.8653149999999954
 20
-119.4824659999999881
 30
0
 11
122.8317039999999878
 21
-119.4883399999999938
 31
0
  0
LINE
  5
BBF
330
1A
100
AcDbEntity
  8
Edge.Cuts
  6
CONTINUOUS
100
AcDbLine
 10
122.8317039999999878
 20
-119.4883399999999938
 30
0
 11
122.7981569999999891
 21
-119.494222999999991
 31
0
  0
LINE
  5
BC0
330
1A
100
AcDbEntity
  8
Edge.Cuts
  6
CONTINUOUS
100
AcDbLine
 10
122.7981569999999891
 20
-119.494222999999991
 30
0
 11
122.7646769999999918
 21
-119.5001149999999939
 31
0
  0
LINE
  5
BC1
330
1A
100
AcDbEntity
  8
Edge.Cuts
  6
CONTINUOUS
100
AcDbLine
 10
122.7646769999999918
 20
-119.5001149999999939
 30
0
 11
122.7312629999999984
 21
-119.5060149999999908
 31
0
  0
LINE
  5
BC2
330
1A
100
AcDbEntity
  8
Edge.Cuts
  6
CONTINUOUS
100
AcDbLine
 10
122.7312629999999984
 20
-119.5060149999999908
 30
0
 11
122.6979159999999922
 21
-119.5119239999999934
 31
0
  0
LINE
  5
BC3
330
1A
100
AcDbEntity
  8
Edge.Cuts
  6
CONTINUOUS
100
AcDbLine
 10
122.6979159999999922
 20
-119.5119239999999934
 30
0
 11
122.6646339999999924
 21
-119.51784099999999
 31
0
  0
LINE
  5
BC4
330
1A
100
AcDbEntity
  8
Edge.Cuts
  6
CONTINUOUS
100
AcDbLine
 10
122.6646339999999924
 20
-119.51784099999999
 30
0
 11
122.6314199999999914
 21
-119.5237669999999923
 31
0
  0
LINE
  5
BC5
330
1A
100
AcDbEntity
  8
Edge.Cuts
  6
CONTINUOUS
100
AcDbLine
 10
122.6314199999999914
 20
-119.5237669999999923
 30
0
 11
122.5982709999999969
 21
-119.5297009999999887
 31
0
  0
LINE
  5
BC6
330
1A
100
AcDbEntity
  8
Edge.Cuts
  6
CONTINUOUS
100
AcDbLine
 10
122.5982709999999969
 20
-119.5297009999999887
 30
0
 11
122.5651900000000012
 21
-119.5356439999999907
 31
0
  0
LINE
  5
BC7
330
1A
100
AcDbEntity
  8
Edge.Cuts
  6
CONTINUOUS
100
AcDbLine
 10
122.5651900000000012
 20
-119.5356439999999907
 30
0
 11
122.5321749999999952
 21
-119.5415950000000009
 31
0
  0
LINE
  5
BC8
330
1A
100
AcDbEntity
  8
Edge.Cuts
  6
CONTINUOUS
100
AcDbLine
 10
122.5321749999999952
 20
-119.5415950000000009
 30
0
 11
122.499227999999988
 21
-119.547553999999991
 31
0
  0
LINE
  5
BC9
330
1A
100
AcDbEntity
  8
Edge.Cuts
  6
CONTINUOUS
100
AcDbLine
 10
122.499227999999988
 20
-119.547553999999991
 30
0
 11
122.4663460000000015
 21
-119.5535209999999893
 31
0
  0
LINE
  5
BCA
330
1A
100
AcDbEntity
  8
Edge.Cuts
  6
CONTINUOUS
100
AcDbLine
 10
122.4663460000000015
 20
-119.5535209999999893
 30
0
 11
122.4335319999999996
 21
-119.5594969999999932
 31
0
  0
LINE
  5
BCB
330
1A
100
AcDbEntity
  8
Edge.Cuts
  6
CONTINUOUS
100
AcDbLine
 10
122.4335319999999996
 20
-119.5594969999999932
 30
0
 11
122.4007839999999874
 21
-119.5654809999999912
 31
0
  0
LINE
  5
BCC
330
1A
100
AcDbEntity
  8
Edge.Cuts
  6
CONTINUOUS
100
AcDbLine
 10
122.4007839999999874
 20
-119.5654809999999912
 30
0
 11
122.3681039999999882
 21
-119.571472
 31
0
  0
LINE
  5
BCD
330
1A
100
AcDbEntity
  8
Edge.Cuts
  6
CONTINUOUS
100
AcDbLine
 10
122.3681039999999882
 20
-119.571472
 30
0
 11
122.3354909999999904
 21
-119.5774720000000002
 31
0
  0
LINE
  5
BCE
330
1A
100
AcDbEntity
  8
Edge.Cuts
  6
CONTINUOUS
100
AcDbLine
 10
122.3354909999999904
 20
-119.5774720000000002
 30
0
 11
122.302944999999994
 21
-119.5834799999999944
 31
0
  0
LINE
  5
BCF
330
1A
100
AcDbEntity
  8
Edge.Cuts
  6
CONTINUOUS
100
AcDbLine
 10
122.302944999999994
 20
-119.5834799999999944
 30
0
 11
122.270465999999999
 21
-119.5894959999999969
 31
0
  0
LINE
  5
BD0
330
1A
100
AcDbEntity
  8
Edge.Cuts
  6
CONTINUOUS
100
AcDbLine
 10
122.270465999999999
 20
-119.5894959999999969
 30
0
 11
122.2380539999999911
 21
-119.5955189999999959
 31
0
  0
LINE
  5
BD1
330
1A
100
AcDbEntity
  8
Edge.Cuts
  6
CONTINUOUS
100
AcDbLine
 10
122.2380539999999911
 20
-119.5955189999999959
 30
0
 11
122.2057089999999988
 21
-119.6015510000000006
 31
0
  0
LINE
  5
BD2
330
1A
100
AcDbEntity
  8
Edge.Cuts
  6
CONTINUOUS
100
AcDbLine
 10
122.2057089999999988
 20
-119.6015510000000006
 30
0
 11
122.1734329999999886
 21
-119.6075899999999876
 31
0
  0
LINE
  5
BD3
330
1A
100
AcDbEntity
  8
Edge.Cuts
  6
CONTINUOUS
100
AcDbLine
 10
122.1734329999999886
 20
-119.6075899999999876
 30
0
 11
122.1412229999999965
 21
-119.6136359999999996
 31
0
  0
LINE
  5
BD4
330
1A
100
AcDbEntity
  8
Edge.Cuts
  6
CONTINUOUS
100
AcDbLine
 10
122.1412229999999965
 20
-119.6136359999999996
 30
0
 11
122.1090809999999891
 21
-119.6196909999999889
 31
0
  0
LINE
  5
BD5
330
1A
100
AcDbEntity
  8
Edge.Cuts
  6
CONTINUOUS
100
AcDbLine
 10
122.1090809999999891
 20
-119.6196909999999889
 30
0
 11
122.0770069999999947
 21
-119.6257529999999889
 31
0
  0
LINE
  5
BD6
330
1A
100
AcDbEntity
  8
Edge.Cuts
  6
CONTINUOUS
100
AcDbLine
 10
122.0770069999999947
 20
-119.6257529999999889
 30
0
 11
122.0449999999999875
 21
-119.6318219999999997
 31
0
  0
LINE
  5
BD7
330
1A
100
AcDbEntity
  8
Edge.Cuts
  6
CONTINUOUS
100
AcDbLine
 10
122.0449999999999875
 20
-119.6318219999999997
 30
0
 11
122.0130609999999933
 21
-119.6378999999999877
 31
0
  0
LINE
  5
BD8
330
1A
100
AcDbEntity
  8
Edge.Cuts
  6
CONTINUOUS
100
AcDbLine
 10
122.0130609999999933
 20
-119.6378999999999877
 30
0
 11
121.9811890000000005
 21
-119.643983999999989
 31
0
  0
LINE
  5
BD9
330
1A
100
AcDbEntity
  8
Edge.Cuts
  6
CONTINUOUS
100
AcDbLine
 10
121.9811890000000005
 20
-119.643983999999989
 30
0
 11
121.9493859999999898
 21
-119.6500759999999985
 31
0
  0
LINE
  5
BDA
330
1A
100
AcDbEntity
  8
Edge.Cuts
  6
CONTINUOUS
100
AcDbLine
 10
121.9493859999999898
 20
-119.6500759999999985
 30
0
 11
121.9176499999999947
 21
-119.6561749999999904
 31
0
  0
LINE
  5
BDB
330
1A
100
AcDbEntity
  8
Edge.Cuts
  6
CONTINUOUS
100
AcDbLine
 10
121.9176499999999947
 20
-119.6561749999999904
 30
0
 11
121.885982999999996
 21
-119.6622819999999905
 31
0
  0
LINE
  5
BDC
330
1A
100
AcDbEntity
  8
Edge.Cuts
  6
CONTINUOUS
100
AcDbLine
 10
121.885982999999996
 20
-119.6622819999999905
 30
0
 11
121.8543829999999986
 21
-119.6683960000000013
 31
0
  0
LINE
  5
BDD
330
1A
100
AcDbEntity
  8
Edge.Cuts
  6
CONTINUOUS
100
AcDbLine
 10
121.8543829999999986
 20
-119.6683960000000013
 30
0
 11
121.8228519999999975
 21
-119.6745169999999945
 31
0
  0
LINE
  5
BDE
330
1A
100
AcDbEntity
  8
Edge.Cuts
  6
CONTINUOUS
100
AcDbLine
 10
121.8228519999999975
 20
-119.6745169999999945
 30
0
 11
121.7913879999999978
 21
-119.6806449999999984
 31
0
  0
LINE
  5
BDF
330
1A
100
AcDbEntity
  8
Edge.Cuts
  6
CONTINUOUS
100
AcDbLine
 10
121.7913879999999978
 20
-119.6806449999999984
 30
0
 11
121.7599929999999944
 21
-119.6867799999999988
 31
0
  0
LINE
  5
BE0
330
1A
100
AcDbEntity
  8
Edge.Cuts
  6
CONTINUOUS
100
AcDbLine
 10
121.7599929999999944
 20
-119.6867799999999988
 30
0
 11
121.7286659999999898
 21
-119.6929219999999958
 31
0
  0
LINE
  5
BE1
330
1A
100
AcDbEntity
  8
Edge.Cuts
  6
CONTINUOUS
100
AcDbLine
 10
121.7286659999999898
 20
-119.6929219999999958
 30
0
 11
121.6974079999999958
 21
-119.6990709999999893
 31
0
  0
LINE
  5
BE2
330
1A
100
AcDbEntity
  8
Edge.Cuts
  6
CONTINUOUS
100
AcDbLine
 10
121.6974079999999958
 20
-119.6990709999999893
 30
0
 11
121.6662180000000006
 21
-119.7052269999999936
 31
0
  0
LINE
  5
BE3
330
1A
100
AcDbEntity
  8
Edge.Cuts
  6
CONTINUOUS
100
AcDbLine
 10
121.6662180000000006
 20
-119.7052269999999936
 30
0
 11
121.6350959999999901
 21
-119.7113899999999944
 31
0
  0
LINE
  5
BE4
330
1A
100
AcDbEntity
  8
Edge.Cuts
  6
CONTINUOUS
100
AcDbLine
 10
121.6350959999999901
 20
-119.7113899999999944
 30
0
 11
121.6040429999999901
 21
-119.7175599999999918
 31
0
  0
LINE
  5
BE5
330
1A
100
AcDbEntity
  8
Edge.Cuts
  6
CONTINUOUS
100
AcDbLine
 10
121.6040429999999901
 20
-119.7175599999999918
 30
0
 11
121.5730590000000007
 21
-119.7237359999999882
 31
0
  0
LINE
  5
BE6
330
1A
100
AcDbEntity
  8
Edge.Cuts
  6
CONTINUOUS
100
AcDbLine
 10
121.5730590000000007
 20
-119.7237359999999882
 30
0
 11
121.5421419999999983
 21
-119.7299189999999953
 31
0
  0
LINE
  5
BE7
330
1A
100
AcDbEntity
  8
Edge.Cuts
  6
CONTINUOUS
100
AcDbLine
 10
121.5421419999999983
 20
-119.7299189999999953
 30
0
 11
121.5112949999999898
 21
-119.736108999999999
 31
0
  0
LINE
  5
BE8
330
1A
100
AcDbEntity
  8
Edge.Cuts
  6
CONTINUOUS
100
AcDbLine
 10
121.5112949999999898
 20
-119.736108999999999
 30
0
 11
121.4805159999999944
 21
-119.7423059999999992
 31
0
  0
LINE
  5
BE9
330
1A
100
AcDbEntity
  8
Edge.Cuts
  6
CONTINUOUS
100
AcDbLine
 10
121.4805159999999944
 20
-119.7423059999999992
 30
0
 11
121.4498069999999927
 21
-119.7485080000000011
 31
0
  0
LINE
  5
BEA
330
1A
100
AcDbEntity
  8
Edge.Cuts
  6
CONTINUOUS
100
AcDbLine
 10
121.4498069999999927
 20
-119.7485080000000011
 30
0
 11
121.4191659999999899
 21
-119.7547179999999969
 31
0
  0
LINE
  5
BEB
330
1A
100
AcDbEntity
  8
Edge.Cuts
  6
CONTINUOUS
100
AcDbLine
 10
121.4191659999999899
 20
-119.7547179999999969
 30
0
 11
121.3885949999999951
 21
-119.7609329999999943
 31
0
  0
LINE
  5
BEC
330
1A
100
AcDbEntity
  8
Edge.Cuts
  6
CONTINUOUS
100
AcDbLine
 10
121.3885949999999951
 20
-119.7609329999999943
 30
0
 11
121.3580909999999875
 21
-119.7671559999999999
 31
0
  0
LINE
  5
BED
330
1A
100
AcDbEntity
  8
Edge.Cuts
  6
CONTINUOUS
100
AcDbLine
 10
121.3580909999999875
 20
-119.7671559999999999
 30
0
 11
121.3276579999999996
 21
-119.773383999999993
 31
0
  0
LINE
  5
BEE
330
1A
100
AcDbEntity
  8
Edge.Cuts
  6
CONTINUOUS
100
AcDbLine
 10
121.3276579999999996
 20
-119.773383999999993
 30
0
 11
121.2972929999999963
 21
-119.7796189999999967
 31
0
  0
LINE
  5
BEF
330
1A
100
AcDbEntity
  8
Edge.Cuts
  6
CONTINUOUS
100
AcDbLine
 10
121.2972929999999963
 20
-119.7796189999999967
 30
0
 11
121.266998000000001
 21
-119.7858589999999879
 31
0
  0
LINE
  5
BF0
330
1A
100
AcDbEntity
  8
Edge.Cuts
  6
CONTINUOUS
100
AcDbLine
 10
121.266998000000001
 20
-119.7858589999999879
 30
0
 11
121.2367709999999903
 21
-119.7921070000000014
 31
0
  0
LINE
  5
BF1
330
1A
100
AcDbEntity
  8
Edge.Cuts
  6
CONTINUOUS
100
AcDbLine
 10
121.2367709999999903
 20
-119.7921070000000014
 30
0
 11
121.2066149999999993
 21
-119.7983599999999882
 31
0
  0
LINE
  5
BF2
330
1A
100
AcDbEntity
  8
Edge.Cuts
  6
CONTINUOUS
100
AcDbLine
 10
121.2066149999999993
 20
-119.7983599999999882
 30
0
 11
121.1765259999999955
 21
-119.8046189999999882
 31
0
  0
LINE
  5
BF3
330
1A
100
AcDbEntity
  8
Edge.Cuts
  6
CONTINUOUS
100
AcDbLine
 10
121.1765259999999955
 20
-119.8046189999999882
 30
0
 11
121.1465089999999947
 21
-119.8108840000000015
 31
0
  0
LINE
  5
BF4
330
1A
100
AcDbEntity
  8
Edge.Cuts
  6
CONTINUOUS
100
AcDbLine
 10
121.1465089999999947
 20
-119.8108840000000015
 30
0
 11
121.1165589999999952
 21
-119.8171549999999996
 31
0
  0
LINE
  5
BF5
330
1A
100
AcDbEntity
  8
Edge.Cuts
  6
CONTINUOUS
100
AcDbLine
 10
121.1165589999999952
 20
-119.8171549999999996
 30
0
 11
121.0866809999999987
 21
-119.8234319999999968
 31
0
  0
LINE
  5
BF6
330
1A
100
AcDbEntity
  8
Edge.Cuts
  6
CONTINUOUS
100
AcDbLine
 10
121.0866809999999987
 20
-119.8234319999999968
 30
0
 11
121.0568699999999893
 21
-119.8297149999999931
 31
0
  0
LINE
  5
BF7
330
1A
100
AcDbEntity
  8
Edge.Cuts
  6
CONTINUOUS
100
AcDbLine
 10
121.0568699999999893
 20
-119.8297149999999931
 30
0
 11
121.0271309999999971
 21
-119.8360029999999909
 31
0
  0
LINE
  5
BF8
330
1A
100
AcDbEntity
  8
Edge.Cuts
  6
CONTINUOUS
100
AcDbLine
 10
121.0271309999999971
 20
-119.8360029999999909
 30
0
 11
120.9974599999999896
 21
-119.8422969999999879
 31
0
  0
LINE
  5
BF9
330
1A
100
AcDbEntity
  8
Edge.Cuts
  6
CONTINUOUS
100
AcDbLine
 10
120.9974599999999896
 20
-119.8422969999999879
 30
0
 11
120.9678599999999875
 21
-119.848596999999998
 31
0
  0
LINE
  5
BFA
330
1A
100
AcDbEntity
  8
Edge.Cuts
  6
CONTINUOUS
100
AcDbLine
 10
120.9678599999999875
 20
-119.848596999999998
 30
0
 11
120.9383279999999985
 21
-119.8549019999999956
 31
0
  0
LINE
  5
BFB
330
1A
100
AcDbEntity
  8
Edge.Cuts
  6
CONTINUOUS
100
AcDbLine
 10
120.9383279999999985
 20
-119.8549019999999956
 30
0
 11
120.9088689999999957
 21
-119.8612129999999922
 31
0
  0
LINE
  5
BFC
330
1A
100
AcDbEntity
  8
Edge.Cuts
  6
CONTINUOUS
100
AcDbLine
 10
120.9088689999999957
 20
-119.8612129999999922
 30
0
 11
120.8794759999999968
 21
-119.8675289999999904
 31
0
  0
LINE
  5
BFD
330
1A
100
AcDbEntity
  8
Edge.Cuts
  6
CONTINUOUS
100
AcDbLine
 10
120.8794759999999968
 20
-119.8675289999999904
 30
0
 11
120.8501569999999958
 21
-119.8738509999999877
 31
0
  0
LINE
  5
BFE
330
1A
100
AcDbEntity
  8
Edge.Cuts
  6
CONTINUOUS
100
AcDbLine
 10
120.8501569999999958
 20
-119.8738509999999877
 30
0
 11
120.8209039999999987
 21
-119.8801780000000008
 31
0
  0
LINE
  5
BFF
330
1A
100
AcDbEntity
  8
Edge.Cuts
  6
CONTINUOUS
100
AcDbLine
 10
120.8209039999999987
 20
-119.8801780000000008
 30
0
 11
120.7917249999999996
 21
-119.8865100000000012
 31
0
  0
LINE
  5
C00
330
1A
100
AcDbEntity
  8
Edge.Cuts
  6
CONTINUOUS
100
AcDbLine
 10
120.7917249999999996
 20
-119.8865100000000012
 30
0
 11
120.7626119999999901
 21
-119.8928480000000008
 31
0
  0
LINE
  5
C01
330
1A
100
AcDbEntity
  8
Edge.Cuts
  6
CONTINUOUS
100
AcDbLine
 10
120.7626119999999901
 20
-119.8928480000000008
 30
0
 11
120.7335729999999927
 21
-119.8991899999999902
 31
0
  0
LINE
  5
C02
330
1A
100
AcDbEntity
  8
Edge.Cuts
  6
CONTINUOUS
100
AcDbLine
 10
120.7335729999999927
 20
-119.8991899999999902
 30
0
 11
120.7046009999999967
 21
-119.9055379999999928
 31
0
  0
LINE
  5
C03
330
1A
100
AcDbEntity
  8
Edge.Cuts
  6
CONTINUOUS
100
AcDbLine
 10
120.7046009999999967
 20
-119.9055379999999928
 30
0
 11
120.6757029999999986
 21
-119.9118909999999971
 31
0
  0
LINE
  5
C04
330
1A
100
AcDbEntity
  8
Edge.Cuts
  6
CONTINUOUS
100
AcDbLine
 10
120.6757029999999986
 20
-119.9118909999999971
 30
0
 11
120.6468709999999902
 21
-119.9182489999999888
 31
0
  0
LINE
  5
C05
330
1A
100
AcDbEntity
  8
Edge.Cuts
  6
CONTINUOUS
100
AcDbLine
 10
120.6468709999999902
 20
-119.9182489999999888
 30
0
 11
120.6181129999999939
 21
-119.9246109999999987
 31
0
  0
LINE
  5
C06
330
1A
100
AcDbEntity
  8
Edge.Cuts
  6
CONTINUOUS
100
AcDbLine
 10
120.6181129999999939
 20
-119.9246109999999987
 30
0
 11
120.5894229999999965
 21
-119.930979999999991
 31
0
  0
LINE
  5
C07
330
1A
100
AcDbEntity
  8
Edge.Cuts
  6
CONTINUOUS
100
AcDbLine
 10
120.5894229999999965
 20
-119.930979999999991
 30
0
 11
120.5608059999999995
 21
-119.93735199999999
 31
0
  0
LINE
  5
C08
330
1A
100
AcDbEntity
  8
Edge.Cuts
  6
CONTINUOUS
100
AcDbLine
 10
120.5608059999999995
 20
-119.93735199999999
 30
0
 11
120.5322570000000013
 21
-119.9437289999999905
 31
0
  0
LINE
  5
C09
330
1A
100
AcDbEntity
  8
Edge.Cuts
  6
CONTINUOUS
100
AcDbLine
 10
120.5322570000000013
 20
-119.9437289999999905
 30
0
 11
120.5037809999999894
 21
-119.9501109999999926
 31
0
  0
LINE
  5
C0A
330
1A
100
AcDbEntity
  8
Edge.Cuts
  6
CONTINUOUS
100
AcDbLine
 10
120.5037809999999894
 20
-119.9501109999999926
 30
0
 11
120.4753729999999905
 21
-119.9564979999999963
 31
0
  0
LINE
  5
C0B
330
1A
100
AcDbEntity
  8
Edge.Cuts
  6
CONTINUOUS
100
AcDbLine
 10
120.4753729999999905
 20
-119.9564979999999963
 30
0
 11
120.4470389999999895
 21
-119.9628889999999899
 31
0
  0
LINE
  5
C0C
330
1A
100
AcDbEntity
  8
Edge.Cuts
  6
CONTINUOUS
100
AcDbLine
 10
120.4470389999999895
 20
-119.9628889999999899
 30
0
 11
120.4187719999999899
 21
-119.9692849999999993
 31
0
  0
LINE
  5
C0D
330
1A
100
AcDbEntity
  8
Edge.Cuts
  6
CONTINUOUS
100
AcDbLine
 10
120.4187719999999899
 20
-119.9692849999999993
 30
0
 11
120.3905789999999882
 21
-119.9756849999999986
 31
0
  0
LINE
  5
C0E
330
1A
100
AcDbEntity
  8
Edge.Cuts
  6
CONTINUOUS
100
AcDbLine
 10
120.3905789999999882
 20
-119.9756849999999986
 30
0
 11
120.3624539999999996
 21
-119.9820899999999995
 31
0
  0
LINE
  5
C0F
330
1A
100
AcDbEntity
  8
Edge.Cuts
  6
CONTINUOUS
100
AcDbLine
 10
120.3624539999999996
 20
-119.9820899999999995
 30
0
 11
120.3344029999999947
 21
-119.9884979999999928
 31
0
  0
LINE
  5
C10
330
1A
100
AcDbEntity
  8
Edge.Cuts
  6
CONTINUOUS
100
AcDbLine
 10
120.3344029999999947
 20
-119.9884979999999928
 30
0
 11
120.3064189999999911
 21
-119.9949119999999994
 31
0
  0
LINE
  5
C11
330
1A
100
AcDbEntity
  8
Edge.Cuts
  6
CONTINUOUS
100
AcDbLine
 10
120.3064189999999911
 20
-119.9949119999999994
 30
0
 11
120.2785109999999946
 21
-120.0013289999999984
 31
0
  0
LINE
  5
C12
330
1A
100
AcDbEntity
  8
Edge.Cuts
  6
CONTINUOUS
100
AcDbLine
 10
120.2785109999999946
 20
-120.0013289999999984
 30
0
 11
120.2506689999999878
 21
-120.007750999999999
 31
0
  0
LINE
  5
C13
330
1A
100
AcDbEntity
  8
Edge.Cuts
  6
CONTINUOUS
100
AcDbLine
 10
120.2506689999999878
 20
-120.007750999999999
 30
0
 11
120.2229029999999881
 21
-120.014175999999992
 31
0
  0
LINE
  5
C14
330
1A
100
AcDbEntity
  8
Edge.Cuts
  6
CONTINUOUS
100
AcDbLine
 10
120.2229029999999881
 20
-120.014175999999992
 30
0
 11
120.1952029999999922
 21
-120.0206060000000008
 31
0
  0
LINE
  5
C15
330
1A
100
AcDbEntity
  8
Edge.Cuts
  6
CONTINUOUS
100
AcDbLine
 10
120.1952029999999922
 20
-120.0206060000000008
 30
0
 11
120.1675789999999893
 21
-120.0270399999999995
 31
0
  0
LINE
  5
C16
330
1A
100
AcDbEntity
  8
Edge.Cuts
  6
CONTINUOUS
100
AcDbLine
 10
120.1675789999999893
 20
-120.0270399999999995
 30
0
 11
120.1400219999999877
 21
-120.0334779999999881
 31
0
  0
LINE
  5
C17
330
1A
100
AcDbEntity
  8
Edge.Cuts
  6
CONTINUOUS
100
AcDbLine
 10
120.1400219999999877
 20
-120.0334779999999881
 30
0
 11
120.1125409999999931
 21
-120.0399189999999976
 31
0
  0
LINE
  5
C18
330
1A
100
AcDbEntity
  8
Edge.Cuts
  6
CONTINUOUS
100
AcDbLine
 10
120.1125409999999931
 20
-120.0399189999999976
 30
0
 11
120.0851259999999883
 21
-120.0463649999999944
 31
0
  0
LINE
  5
C19
330
1A
100
AcDbEntity
  8
Edge.Cuts
  6
CONTINUOUS
100
AcDbLine
 10
120.0851259999999883
 20
-120.0463649999999944
 30
0
 11
120.057787999999988
 21
-120.0528130000000004
 31
0
  0
LINE
  5
C1A
330
1A
100
AcDbEntity
  8
Edge.Cuts
  6
CONTINUOUS
100
AcDbLine
 10
120.057787999999988
 20
-120.0528130000000004
 30
0
 11
120.0305159999999915
 21
-120.0592659999999938
 31
0
  0
LINE
  5
C1B
330
1A
100
AcDbEntity
  8
Edge.Cuts
  6
CONTINUOUS
100
AcDbLine
 10
120.0305159999999915
 20
-120.0592659999999938
 30
0
 11
120.003319999999988
 21
-120.0657219999999938
 31
0
  0
LINE
  5
C1C
330
1A
100
AcDbEntity
  8
Edge.Cuts
  6
CONTINUOUS
100
AcDbLine
 10
120.003319999999988
 20
-120.0657219999999938
 30
0
 11
119.976191
 21
-120.0721829999999954
 31
0
  0
LINE
  5
C1D
330
1A
100
AcDbEntity
  8
Edge.Cuts
  6
CONTINUOUS
100
AcDbLine
 10
119.976191
 20
-120.0721829999999954
 30
0
 11
119.9491389999999882
 21
-120.078645999999992
 31
0
  0
LINE
  5
C1E
330
1A
100
AcDbEntity
  8
Edge.Cuts
  6
CONTINUOUS
100
AcDbLine
 10
119.9491389999999882
 20
-120.078645999999992
 30
0
 11
119.9221529999999944
 21
-120.0851129999999927
 31
0
  0
LINE
  5
C1F
330
1A
100
AcDbEntity
  8
Edge.Cuts
  6
CONTINUOUS
100
AcDbLine
 10
119.9221529999999944
 20
-120.0851129999999927
 30
0
 11
119.895243999999991
 21
-120.091583
 31
0
  0
LINE
  5
C20
330
1A
100
AcDbEntity
  8
Edge.Cuts
  6
CONTINUOUS
100
AcDbLine
 10
119.895243999999991
 20
-120.091583
 30
0
 11
119.8684009999999915
 21
-120.0980569999999972
 31
0
  0
LINE
  5
C21
330
1A
100
AcDbEntity
  8
Edge.Cuts
  6
CONTINUOUS
100
AcDbLine
 10
119.8684009999999915
 20
-120.0980569999999972
 30
0
 11
119.8416359999999941
 21
-120.1045329999999893
 31
0
  0
LINE
  5
C22
330
1A
100
AcDbEntity
  8
Edge.Cuts
  6
CONTINUOUS
100
AcDbLine
 10
119.8416359999999941
 20
-120.1045329999999893
 30
0
 11
119.8149370000000005
 21
-120.1110139999999973
 31
0
  0
LINE
  5
C23
330
1A
100
AcDbEntity
  8
Edge.Cuts
  6
CONTINUOUS
100
AcDbLine
 10
119.8149370000000005
 20
-120.1110139999999973
 30
0
 11
119.7883139999999997
 21
-120.1174959999999885
 31
0
  0
LINE
  5
C24
330
1A
100
AcDbEntity
  8
Edge.Cuts
  6
CONTINUOUS
100
AcDbLine
 10
119.7883139999999997
 20
-120.1174959999999885
 30
0
 11
119.7617589999999979
 21
-120.1239829999999955
 31
0
  0
LINE
  5
C25
330
1A
100
AcDbEntity
  8
Edge.Cuts
  6
CONTINUOUS
100
AcDbLine
 10
119.7617589999999979
 20
-120.1239829999999955
 30
0
 11
119.7352810000000005
 21
-120.1304719999999975
 31
0
  0
LINE
  5
C26
330
1A
100
AcDbEntity
  8
Edge.Cuts
  6
CONTINUOUS
100
AcDbLine
 10
119.7352810000000005
 20
-120.1304719999999975
 30
0
 11
119.7088689999999929
 21
-120.1369649999999893
 31
0
  0
LINE
  5
C27
330
1A
100
AcDbEntity
  8
Edge.Cuts
  6
CONTINUOUS
100
AcDbLine
 10
119.7088689999999929
 20
-120.1369649999999893
 30
0
 11
119.6825350000000014
 21
-120.1434589999999929
 31
0
  0
LINE
  5
C28
330
1A
100
AcDbEntity
  8
Edge.Cuts
  6
CONTINUOUS
100
AcDbLine
 10
119.6825350000000014
 20
-120.1434589999999929
 30
0
 11
119.6562669999999997
 21
-120.149957999999998
 31
0
  0
LINE
  5
C29
330
1A
100
AcDbEntity
  8
Edge.Cuts
  6
CONTINUOUS
100
AcDbLine
 10
119.6562669999999997
 20
-120.149957999999998
 30
0
 11
119.630077
 21
-120.1564580000000007
 31
0
  0
LINE
  5
C2A
330
1A
100
AcDbEntity
  8
Edge.Cuts
  6
CONTINUOUS
100
AcDbLine
 10
119.630077
 20
-120.1564580000000007
 30
0
 11
119.60395299999999
 21
-120.1629619999999932
 31
0
  0
LINE
  5
C2B
330
1A
100
AcDbEntity
  8
Edge.Cuts
  6
CONTINUOUS
100
AcDbLine
 10
119.60395299999999
 20
-120.1629619999999932
 30
0
 11
119.5779069999999962
 21
-120.1694669999999974
 31
0
  0
LINE
  5
C2C
330
1A
100
AcDbEntity
  8
Edge.Cuts
  6
CONTINUOUS
100
AcDbLine
 10
119.5779069999999962
 20
-120.1694669999999974
 30
0
 11
119.5519279999999895
 21
-120.1759759999999915
 31
0
  0
LINE
  5
C2D
330
1A
100
AcDbEntity
  8
Edge.Cuts
  6
CONTINUOUS
100
AcDbLine
 10
119.5519279999999895
 20
-120.1759759999999915
 30
0
 11
119.5260260000000017
 21
-120.1824869999999947
 31
0
  0
LINE
  5
C2E
330
1A
100
AcDbEntity
  8
Edge.Cuts
  6
CONTINUOUS
100
AcDbLine
 10
119.5260260000000017
 20
-120.1824869999999947
 30
0
 11
119.5001910000000009
 21
-120.1890009999999904
 31
0
  0
LINE
  5
C2F
330
1A
100
AcDbEntity
  8
Edge.Cuts
  6
CONTINUOUS
100
AcDbLine
 10
119.5001910000000009
 20
-120.1890009999999904
 30
0
 11
119.4744349999999997
 21
-120.1955159999999978
 31
0
  0
LINE
  5
C30
330
1A
100
AcDbEntity
  8
Edge.Cuts
  6
CONTINUOUS
100
AcDbLine
 10
119.4744349999999997
 20
-120.1955159999999978
 30
0
 11
119.4487439999999907
 21
-120.2020349999999951
 31
0
  0
LINE
  5
C31
330
1A
100
AcDbEntity
  8
Edge.Cuts
  6
CONTINUOUS
100
AcDbLine
 10
119.4487439999999907
 20
-120.2020349999999951
 30
0
 11
119.4231319999999954
 21
-120.2085549999999898
 31
0
  0
LINE
  5
C32
330
1A
100
AcDbEntity
  8
Edge.Cuts
  6
CONTINUOUS
100
AcDbLine
 10
119.4231319999999954
 20
-120.2085549999999898
 30
0
 11
119.3975859999999898
 21
-120.2150779999999912
 31
0
  0
LINE
  5
C33
330
1A
100
AcDbEntity
  8
Edge.Cuts
  6
CONTINUOUS
100
AcDbLine
 10
119.3975859999999898
 20
-120.2150779999999912
 30
0
 11
119.3721189999999979
 21
-120.2216019999999901
 31
0
  0
LINE
  5
C34
330
1A
100
AcDbEntity
  8
Edge.Cuts
  6
CONTINUOUS
100
AcDbLine
 10
119.3721189999999979
 20
-120.2216019999999901
 30
0
 11
119.3467179999999956
 21
-120.2281299999999931
 31
0
  0
LINE
  5
C35
330
1A
100
AcDbEntity
  8
Edge.Cuts
  6
CONTINUOUS
100
AcDbLine
 10
119.3467179999999956
 20
-120.2281299999999931
 30
0
 11
119.3213949999999954
 21
-120.234657999999996
 31
0
  0
LINE
  5
C36
330
1A
100
AcDbEntity
  8
Edge.Cuts
  6
CONTINUOUS
100
AcDbLine
 10
119.3213949999999954
 20
-120.234657999999996
 30
0
 11
119.2961389999999966
 21
-120.2411899999999889
 31
0
  0
LINE
  5
C37
330
1A
100
AcDbEntity
  8
Edge.Cuts
  6
CONTINUOUS
100
AcDbLine
 10
119.2961389999999966
 20
-120.2411899999999889
 30
0
 11
119.2709619999999973
 21
-120.2477209999999985
 31
0
  0
LINE
  5
C38
330
1A
100
AcDbEntity
  8
Edge.Cuts
  6
CONTINUOUS
100
AcDbLine
 10
119.2709619999999973
 20
-120.2477209999999985
 30
0
 11
119.2458509999999876
 21
-120.2542569999999955
 31
0
  0
LINE
  5
C39
330
1A
100
AcDbEntity
  8
Edge.Cuts
  6
CONTINUOUS
100
AcDbLine
 10
119.2458509999999876
 20
-120.2542569999999955
 30
0
 11
119.2208189999999917
 21
-120.260791999999995
 31
0
  0
LINE
  5
C3A
330
1A
100
AcDbEntity
  8
Edge.Cuts
  6
CONTINUOUS
100
AcDbLine
 10
119.2208189999999917
 20
-120.260791999999995
 30
0
 11
119.1958539999999971
 21
-120.2673309999999987
 31
0
  0
LINE
  5
C3B
330
1A
100
AcDbEntity
  8
Edge.Cuts
  6
CONTINUOUS
100
AcDbLine
 10
119.1958539999999971
 20
-120.2673309999999987
 30
0
 11
119.1709669999999903
 21
-120.2738699999999881
 31
0
  0
LINE
  5
C3C
330
1A
100
AcDbEntity
  8
Edge.Cuts
  6
CONTINUOUS
100
AcDbLine
 10
119.1709669999999903
 20
-120.2738699999999881
 30
0
 11
119.1461469999999991
 21
-120.2804119999999983
 31
0
  0
LINE
  5
C3D
330
1A
100
AcDbEntity
  8
Edge.Cuts
  6
CONTINUOUS
100
AcDbLine
 10
119.1461469999999991
 20
-120.2804119999999983
 30
0
 11
119.1214059999999932
 21
-120.2869529999999969
 31
0
  0
LINE
  5
C3E
330
1A
100
AcDbEntity
  8
Edge.Cuts
  6
CONTINUOUS
100
AcDbLine
 10
119.1214059999999932
 20
-120.2869529999999969
 30
0
 11
119.0967299999999938
 21
-120.2934979999999996
 31
0
  0
LINE
  5
C3F
330
1A
100
AcDbEntity
  8
Edge.Cuts
  6
CONTINUOUS
100
AcDbLine
 10
119.0967299999999938
 20
-120.2934979999999996
 30
0
 11
119.0721349999999887
 21
-120.3000429999999881
 31
0
  0
LINE
  5
C40
330
1A
100
AcDbEntity
  8
Edge.Cuts
  6
CONTINUOUS
100
AcDbLine
 10
119.0721349999999887
 20
-120.3000429999999881
 30
0
 11
119.0476059999999876
 21
-120.3065909999999974
 31
0
  0
LINE
  5
C41
330
1A
100
AcDbEntity
  8
Edge.Cuts
  6
CONTINUOUS
100
AcDbLine
 10
119.0476059999999876
 20
-120.3065909999999974
 30
0
 11
119.0231560000000002
 21
-120.313137999999995
 31
0
  0
LINE
  5
C42
330
1A
100
AcDbEntity
  8
Edge.Cuts
  6
CONTINUOUS
100
AcDbLine
 10
119.0231560000000002
 20
-120.313137999999995
 30
0
 11
118.9987719999999882
 21
-120.3196879999999993
 31
0
  0
LINE
  5
C43
330
1A
100
AcDbEntity
  8
Edge.Cuts
  6
CONTINUOUS
100
AcDbLine
 10
118.9987719999999882
 20
-120.3196879999999993
 30
0
 11
118.9744680000000017
 21
-120.3262369999999919
 31
0
  0
LINE
  5
C44
330
1A
100
AcDbEntity
  8
Edge.Cuts
  6
CONTINUOUS
100
AcDbLine
 10
118.9744680000000017
 20
-120.3262369999999919
 30
0
 11
118.9502299999999906
 21
-120.3327889999999911
 31
0
  0
LINE
  5
C45
330
1A
100
AcDbEntity
  8
Edge.Cuts
  6
CONTINUOUS
100
AcDbLine
 10
118.9502299999999906
 20
-120.3327889999999911
 30
0
 11
118.9260719999999907
 21
-120.3393409999999903
 31
0
  0
LINE
  5
C46
330
1A
100
AcDbEntity
  8
Edge.Cuts
  6
CONTINUOUS
100
AcDbLine
 10
118.9260719999999907
 20
-120.3393409999999903
 30
0
 11
118.9019799999999947
 21
-120.3458949999999987
 31
0
  0
LINE
  5
C47
330
1A
100
AcDbEntity
  8
Edge.Cuts
  6
CONTINUOUS
100
AcDbLine
 10
118.9019799999999947
 20
-120.3458949999999987
 30
0
 11
118.8779679999999956
 21
-120.3524479999999954
 31
0
  0
LINE
  5
C48
330
1A
100
AcDbEntity
  8
Edge.Cuts
  6
CONTINUOUS
100
AcDbLine
 10
118.8779679999999956
 20
-120.3524479999999954
 30
0
 11
118.8540220000000005
 21
-120.3590039999999988
 31
0
  0
LINE
  5
C49
330
1A
100
AcDbEntity
  8
Edge.Cuts
  6
CONTINUOUS
100
AcDbLine
 10
118.8540220000000005
 20
-120.3590039999999988
 30
0
 11
118.8301559999999881
 21
-120.3655579999999929
 31
0
  0
LINE
  5
C4A
330
1A
100
AcDbEntity
  8
Edge.Cuts
  6
CONTINUOUS
100
AcDbLine
 10
118.8301559999999881
 20
-120.3655579999999929
 30
0
 11
118.8063559999999939
 21
-120.3721149999999938
 31
0
  0
LINE
  5
C4B
330
1A
100
AcDbEntity
  8
Edge.Cuts
  6
CONTINUOUS
100
AcDbLine
 10
118.8063559999999939
 20
-120.3721149999999938
 30
0
 11
118.7826359999999966
 21
-120.3786709999999971
 31
0
  0
LINE
  5
C4C
330
1A
100
AcDbEntity
  8
Edge.Cuts
  6
CONTINUOUS
100
AcDbLine
 10
118.7826359999999966
 20
-120.3786709999999971
 30
0
 11
118.7589819999999889
 21
-120.3852299999999929
 31
0
  0
LINE
  5
C4D
330
1A
100
AcDbEntity
  8
Edge.Cuts
  6
CONTINUOUS
100
AcDbLine
 10
118.7589819999999889
 20
-120.3852299999999929
 30
0
 11
118.73540899999999
 21
-120.3917859999999962
 31
0
  0
LINE
  5
C4E
330
1A
100
AcDbEntity
  8
Edge.Cuts
  6
CONTINUOUS
100
AcDbLine
 10
118.73540899999999
 20
-120.3917859999999962
 30
0
 11
118.7119009999999975
 21
-120.3983459999999894
 31
0
  0
LINE
  5
C4F
330
1A
100
AcDbEntity
  8
Edge.Cuts
  6
CONTINUOUS
100
AcDbLine
 10
118.7119009999999975
 20
-120.3983459999999894
 30
0
 11
118.6884739999999994
 21
-120.4049029999999902
 31
0
  0
LINE
  5
C50
330
1A
100
AcDbEntity
  8
Edge.Cuts
  6
CONTINUOUS
100
AcDbLine
 10
118.6884739999999994
 20
-120.4049029999999902
 30
0
 11
118.6651119999999935
 21
-120.4114629999999977
 31
0
  0
LINE
  5
C51
330
1A
100
AcDbEntity
  8
Edge.Cuts
  6
CONTINUOUS
100
AcDbLine
 10
118.6651119999999935
 20
-120.4114629999999977
 30
0
 11
118.6418319999999937
 21
-120.418020999999996
 31
0
  0
LINE
  5
C52
330
1A
100
AcDbEntity
  8
Edge.Cuts
  6
CONTINUOUS
100
AcDbLine
 10
118.6418319999999937
 20
-120.418020999999996
 30
0
 11
118.6186170000000004
 21
-120.4245809999999892
 31
0
  0
LINE
  5
C53
330
1A
100
AcDbEntity
  8
Edge.Cuts
  6
CONTINUOUS
100
AcDbLine
 10
118.6186170000000004
 20
-120.4245809999999892
 30
0
 11
118.5954830000000015
 21
-120.4311389999999875
 31
0
  0
LINE
  5
C54
330
1A
100
AcDbEntity
  8
Edge.Cuts
  6
CONTINUOUS
100
AcDbLine
 10
118.5954830000000015
 20
-120.4311389999999875
 30
0
 11
118.5724139999999949
 21
-120.4376999999999924
 31
0
  0
LINE
  5
C55
330
1A
100
AcDbEntity
  8
Edge.Cuts
  6
CONTINUOUS
100
AcDbLine
 10
118.5724139999999949
 20
-120.4376999999999924
 30
0
 11
118.5494269999999943
 21
-120.4442579999999907
 31
0
  0
LINE
  5
C56
330
1A
100
AcDbEntity
  8
Edge.Cuts
  6
CONTINUOUS
100
AcDbLine
 10
118.5494269999999943
 20
-120.4442579999999907
 30
0
 11
118.5265039999999885
 21
-120.4508179999999982
 31
0
  0
LINE
  5
C57
330
1A
100
AcDbEntity
  8
Edge.Cuts
  6
CONTINUOUS
100
AcDbLine
 10
118.5265039999999885
 20
-120.4508179999999982
 30
0
 11
118.5036629999999889
 21
-120.4573759999999965
 31
0
  0
LINE
  5
C58
330
1A
100
AcDbEntity
  8
Edge.Cuts
  6
CONTINUOUS
100
AcDbLine
 10
118.5036629999999889
 20
-120.4573759999999965
 30
0
 11
118.4808869999999956
 21
-120.4639359999999897
 31
0
  0
LINE
  5
C59
330
1A
100
AcDbEntity
  8
Edge.Cuts
  6
CONTINUOUS
100
AcDbLine
 10
118.4808869999999956
 20
-120.4639359999999897
 30
0
 11
118.4581929999999943
 21
-120.4704929999999905
 31
0
  0
LINE
  5
C5A
330
1A
100
AcDbEntity
  8
Edge.Cuts
  6
CONTINUOUS
100
AcDbLine
 10
118.4581929999999943
 20
-120.4704929999999905
 30
0
 11
118.4355639999999994
 21
-120.4770520000000005
 31
0
  0
LINE
  5
C5B
330
1A
100
AcDbEntity
  8
Edge.Cuts
  6
CONTINUOUS
100
AcDbLine
 10
118.4355639999999994
 20
-120.4770520000000005
 30
0
 11
118.4130169999999964
 21
-120.4836079999999896
 31
0
  0
LINE
  5
C5C
330
1A
100
AcDbEntity
  8
Edge.Cuts
  6
CONTINUOUS
100
AcDbLine
 10
118.4130169999999964
 20
-120.4836079999999896
 30
0
 11
118.3905339999999882
 21
-120.4901659999999879
 31
0
  0
LINE
  5
C5D
330
1A
100
AcDbEntity
  8
Edge.Cuts
  6
CONTINUOUS
100
AcDbLine
 10
118.3905339999999882
 20
-120.4901659999999879
 30
0
 11
118.3681330000000003
 21
-120.4967209999999938
 31
0
  0
LINE
  5
C5E
330
1A
100
AcDbEntity
  8
Edge.Cuts
  6
CONTINUOUS
100
AcDbLine
 10
118.3681330000000003
 20
-120.4967209999999938
 30
0
 11
118.3457969999999904
 21
-120.5032779999999946
 31
0
  0
LINE
  5
C5F
330
1A
100
AcDbEntity
  8
Edge.Cuts
  6
CONTINUOUS
100
AcDbLine
 10
118.3457969999999904
 20
-120.5032779999999946
 30
0
 11
118.3235430000000008
 21
-120.5098319999999887
 31
0
  0
LINE
  5
C60
330
1A
100
AcDbEntity
  8
Edge.Cuts
  6
CONTINUOUS
100
AcDbLine
 10
118.3235430000000008
 20
-120.5098319999999887
 30
0
 11
118.3013539999999892
 21
-120.5163879999999921
 31
0
  0
LINE
  5
C61
330
1A
100
AcDbEntity
  8
Edge.Cuts
  6
CONTINUOUS
100
AcDbLine
 10
118.3013539999999892
 20
-120.5163879999999921
 30
0
 11
118.279246999999998
 21
-120.5229399999999913
 31
0
  0
LINE
  5
C62
330
1A
100
AcDbEntity
  8
Edge.Cuts
  6
CONTINUOUS
100
AcDbLine
 10
118.279246999999998
 20
-120.5229399999999913
 30
0
 11
118.2572040000000015
 21
-120.5294939999999997
 31
0
  0
LINE
  5
C63
330
1A
100
AcDbEntity
  8
Edge.Cuts
  6
CONTINUOUS
100
AcDbLine
 10
118.2572040000000015
 20
-120.5294939999999997
 30
0
 11
118.2352439999999945
 21
-120.5360439999999898
 31
0
  0
LINE
  5
C64
330
1A
100
AcDbEntity
  8
Edge.Cuts
  6
CONTINUOUS
100
AcDbLine
 10
118.2352439999999945
 20
-120.5360439999999898
 30
0
 11
118.2133479999999963
 21
-120.542595999999989
 31
0
  0
LINE
  5
C65
330
1A
100
AcDbEntity
  8
Edge.Cuts
  6
CONTINUOUS
100
AcDbLine
 10
118.2133479999999963
 20
-120.542595999999989
 30
0
 11
118.1915349999999876
 21
-120.5491439999999983
 31
0
  0
LINE
  5
C66
330
1A
100
AcDbEntity
  8
Edge.Cuts
  6
CONTINUOUS
100
AcDbLine
 10
118.1915349999999876
 20
-120.5491439999999983
 30
0
 11
118.1697859999999878
 21
-120.5556929999999909
 31
0
  0
LINE
  5
C67
330
1A
100
AcDbEntity
  8
Edge.Cuts
  6
CONTINUOUS
100
AcDbLine
 10
118.1697859999999878
 20
-120.5556929999999909
 30
0
 11
118.1481199999999916
 21
-120.5622389999999911
 31
0
  0
LINE
  5
C68
330
1A
100
AcDbEntity
  8
Edge.Cuts
  6
CONTINUOUS
100
AcDbLine
 10
118.1481199999999916
 20
-120.5622389999999911
 30
0
 11
118.1265169999999927
 21
-120.5687859999999887
 31
0
  0
LINE
  5
C69
330
1A
100
AcDbEntity
  8
Edge.Cuts
  6
CONTINUOUS
100
AcDbLine
 10
118.1265169999999927
 20
-120.5687859999999887
 30
0
 11
118.1049979999999948
 21
-120.5753289999999964
 31
0
  0
LINE
  5
C6A
330
1A
100
AcDbEntity
  8
Edge.Cuts
  6
CONTINUOUS
100
AcDbLine
 10
118.1049979999999948
 20
-120.5753289999999964
 30
0
 11
118.0835419999999942
 21
-120.5818730000000016
 31
0
  0
LINE
  5
C6B
330
1A
100
AcDbEntity
  8
Edge.Cuts
  6
CONTINUOUS
100
AcDbLine
 10
118.0835419999999942
 20
-120.5818730000000016
 30
0
 11
118.0621689999999973
 21
-120.5884129999999885
 31
0
  0
LINE
  5
C6C
330
1A
100
AcDbEntity
  8
Edge.Cuts
  6
CONTINUOUS
100
AcDbLine
 10
118.0621689999999973
 20
-120.5884129999999885
 30
0
 11
118.040859999999995
 21
-120.5949549999999988
 31
0
  0
LINE
  5
C6D
330
1A
100
AcDbEntity
  8
Edge.Cuts
  6
CONTINUOUS
100
AcDbLine
 10
118.040859999999995
 20
-120.5949549999999988
 30
0
 11
118.0196349999999939
 21
-120.6014909999999958
 31
0
  0
LINE
  5
C6E
330
1A
100
AcDbEntity
  8
Edge.Cuts
  6
CONTINUOUS
100
AcDbLine
 10
118.0196349999999939
 20
-120.6014909999999958
 30
0
 11
117.99847299999999
 21
-120.6080289999999877
 31
0
  0
LINE
  5
C6F
330
1A
100
AcDbEntity
  8
Edge.Cuts
  6
CONTINUOUS
100
AcDbLine
 10
117.99847299999999
 20
-120.6080289999999877
 30
0
 11
117.9773939999999897
 21
-120.6145619999999923
 31
0
  0
LINE
  5
C70
330
1A
100
AcDbEntity
  8
Edge.Cuts
  6
CONTINUOUS
100
AcDbLine
 10
117.9773939999999897
 20
-120.6145619999999923
 30
0
 11
117.9563780000000008
 21
-120.6210969999999918
 31
0
  0
LINE
  5
C71
330
1A
100
AcDbEntity
  8
Edge.Cuts
  6
CONTINUOUS
100
AcDbLine
 10
117.9563780000000008
 20
-120.6210969999999918
 30
0
 11
117.9354469999999964
 21
-120.6276259999999922
 31
0
  0
LINE
  5
C72
330
1A
100
AcDbEntity
  8
Edge.Cuts
  6
CONTINUOUS
100
AcDbLine
 10
117.9354469999999964
 20
-120.6276259999999922
 30
0
 11
117.9145779999999917
 21
-120.6341569999999876
 31
0
  0
LINE
  5
C73
330
1A
100
AcDbEntity
  8
Edge.Cuts
  6
CONTINUOUS
100
AcDbLine
 10
117.9145779999999917
 20
-120.6341569999999876
 30
0
 11
117.8937929999999881
 21
-120.6406829999999957
 31
0
  0
LINE
  5
C74
330
1A
100
AcDbEntity
  8
Edge.Cuts
  6
CONTINUOUS
100
AcDbLine
 10
117.8937929999999881
 20
-120.6406829999999957
 30
0
 11
117.8730709999999959
 21
-120.6472089999999895
 31
0
  0
LINE
  5
C75
330
1A
100
AcDbEntity
  8
Edge.Cuts
  6
CONTINUOUS
100
AcDbLine
 10
117.8730709999999959
 20
-120.6472089999999895
 30
0
 11
117.8524319999999932
 21
-120.6537299999999959
 31
0
  0
LINE
  5
C76
330
1A
100
AcDbEntity
  8
Edge.Cuts
  6
CONTINUOUS
100
AcDbLine
 10
117.8524319999999932
 20
-120.6537299999999959
 30
0
 11
117.8318569999999994
 21
-120.6602529999999973
 31
0
  0
LINE
  5
C77
330
1A
100
AcDbEntity
  8
Edge.Cuts
  6
CONTINUOUS
100
AcDbLine
 10
117.8318569999999994
 20
-120.6602529999999973
 30
0
 11
117.8113659999999925
 21
-120.666768999999988
 31
0
  0
LINE
  5
C78
330
1A
100
AcDbEntity
  8
Edge.Cuts
  6
CONTINUOUS
100
AcDbLine
 10
117.8113659999999925
 20
-120.666768999999988
 30
0
 11
117.7909369999999996
 21
-120.6732869999999878
 31
0
  0
LINE
  5
C79
330
1A
100
AcDbEntity
  8
Edge.Cuts
  6
CONTINUOUS
100
AcDbLine
 10
117.7909369999999996
 20
-120.6732869999999878
 30
0
 11
117.7705919999999935
 21
-120.6797989999999885
 31
0
  0
LINE
  5
C7A
330
1A
100
AcDbEntity
  8
Edge.Cuts
  6
CONTINUOUS
100
AcDbLine
 10
117.7705919999999935
 20
-120.6797989999999885
 30
0
 11
117.7503099999999989
 21
-120.6863120000000009
 31
0
  0
LINE
  5
C7B
330
1A
100
AcDbEntity
  8
Edge.Cuts
  6
CONTINUOUS
100
AcDbLine
 10
117.7503099999999989
 20
-120.6863120000000009
 30
0
 11
117.7301119999999912
 21
-120.6928179999999884
 31
0
  0
LINE
  5
C7C
330
1A
100
AcDbEntity
  8
Edge.Cuts
  6
CONTINUOUS
100
AcDbLine
 10
117.7301119999999912
 20
-120.6928179999999884
 30
0
 11
117.7099759999999975
 21
-120.6993259999999992
 31
0
  0
LINE
  5
C7D
330
1A
100
AcDbEntity
  8
Edge.Cuts
  6
CONTINUOUS
100
AcDbLine
 10
117.7099759999999975
 20
-120.6993259999999992
 30
0
 11
117.6899249999999881
 21
-120.7058279999999968
 31
0
  0
LINE
  5
C7E
330
1A
100
AcDbEntity
  8
Edge.Cuts
  6
CONTINUOUS
100
AcDbLine
 10
117.6899249999999881
 20
-120.7058279999999968
 30
0
 11
117.6699359999999928
 21
-120.7123299999999944
 31
0
  0
LINE
  5
C7F
330
1A
100
AcDbEntity
  8
Edge.Cuts
  6
CONTINUOUS
100
AcDbLine
 10
117.6699359999999928
 20
-120.7123299999999944
 30
0
 11
117.6500309999999985
 21
-120.7188259999999929
 31
0
  0
LINE
  5
C80
330
1A
100
AcDbEntity
  8
Edge.Cuts
  6
CONTINUOUS
100
AcDbLine
 10
117.6500309999999985
 20
-120.7188259999999929
 30
0
 11
117.6301879999999898
 21
-120.7253219999999914
 31
0
  0
LINE
  5
C81
330
1A
100
AcDbEntity
  8
Edge.Cuts
  6
CONTINUOUS
100
AcDbLine
 10
117.6301879999999898
 20
-120.7253219999999914
 30
0
 11
117.6104299999999938
 21
-120.7318129999999883
 31
0
  0
LINE
  5
C82
330
1A
100
AcDbEntity
  8
Edge.Cuts
  6
CONTINUOUS
100
AcDbLine
 10
117.6104299999999938
 20
-120.7318129999999883
 30
0
 11
117.5907330000000002
 21
-120.7383029999999877
 31
0
  0
LINE
  5
C83
330
1A
100
AcDbEntity
  8
Edge.Cuts
  6
CONTINUOUS
100
AcDbLine
 10
117.5907330000000002
 20
-120.7383029999999877
 30
0
 11
117.5711209999999909
 21
-120.7447869999999881
 31
0
  0
LINE
  5
C84
330
1A
100
AcDbEntity
  8
Edge.Cuts
  6
CONTINUOUS
100
AcDbLine
 10
117.5711209999999909
 20
-120.7447869999999881
 30
0
 11
117.5515709999999956
 21
-120.7512720000000002
 31
0
  0
LINE
  5
C85
330
1A
100
AcDbEntity
  8
Edge.Cuts
  6
CONTINUOUS
100
AcDbLine
 10
117.5515709999999956
 20
-120.7512720000000002
 30
0
 11
117.5321050000000014
 21
-120.7577489999999898
 31
0
  0
LINE
  5
C86
330
1A
100
AcDbEntity
  8
Edge.Cuts
  6
CONTINUOUS
100
AcDbLine
 10
117.5321050000000014
 20
-120.7577489999999898
 30
0
 11
117.5127019999999902
 21
-120.7642279999999886
 31
0
  0
LINE
  5
C87
330
1A
100
AcDbEntity
  8
Edge.Cuts
  6
CONTINUOUS
100
AcDbLine
 10
117.5127019999999902
 20
-120.7642279999999886
 30
0
 11
117.4933819999999969
 21
-120.7706989999999934
 31
0
  0
LINE
  5
C88
330
1A
100
AcDbEntity
  8
Edge.Cuts
  6
CONTINUOUS
100
AcDbLine
 10
117.4933819999999969
 20
-120.7706989999999934
 30
0
 11
117.4741239999999891
 21
-120.7771699999999981
 31
0
  0
LINE
  5
C89
330
1A
100
AcDbEntity
  8
Edge.Cuts
  6
CONTINUOUS
100
AcDbLine
 10
117.4741239999999891
 20
-120.7771699999999981
 30
0
 11
117.4549509999999941
 21
-120.7836339999999922
 31
0
  0
LINE
  5
C8A
330
1A
100
AcDbEntity
  8
Edge.Cuts
  6
CONTINUOUS
100
AcDbLine
 10
117.4549509999999941
 20
-120.7836339999999922
 30
0
 11
117.4358390000000014
 21
-120.7900989999999979
 31
0
  0
LINE
  5
C8B
330
1A
100
AcDbEntity
  8
Edge.Cuts
  6
CONTINUOUS
100
AcDbLine
 10
117.4358390000000014
 20
-120.7900989999999979
 30
0
 11
117.4168119999999931
 21
-120.7965559999999954
 31
0
  0
LINE
  5
C8C
330
1A
100
AcDbEntity
  8
Edge.Cuts
  6
CONTINUOUS
100
AcDbLine
 10
117.4168119999999931
 20
-120.7965559999999954
 30
0
 11
117.3978460000000013
 21
-120.8030129999999929
 31
0
  0
LINE
  5
C8D
330
1A
100
AcDbEntity
  8
Edge.Cuts
  6
CONTINUOUS
100
AcDbLine
 10
117.3978460000000013
 20
-120.8030129999999929
 30
0
 11
117.3789649999999938
 21
-120.8094619999999964
 31
0
  0
LINE
  5
C8E
330
1A
100
AcDbEntity
  8
Edge.Cuts
  6
CONTINUOUS
100
AcDbLine
 10
117.3789649999999938
 20
-120.8094619999999964
 30
0
 11
117.3601449999999886
 21
-120.8159119999999973
 31
0
  0
LINE
  5
C8F
330
1A
100
AcDbEntity
  8
Edge.Cuts
  6
CONTINUOUS
100
AcDbLine
 10
117.3601449999999886
 20
-120.8159119999999973
 30
0
 11
117.3414089999999987
 21
-120.82235399999999
 31
0
  0
LINE
  5
C90
330
1A
100
AcDbEntity
  8
Edge.Cuts
  6
CONTINUOUS
100
AcDbLine
 10
117.3414089999999987
 20
-120.82235399999999
 30
0
 11
117.3227349999999944
 21
-120.828795999999997
 31
0
  0
LINE
  5
C91
330
1A
100
AcDbEntity
  8
Edge.Cuts
  6
CONTINUOUS
100
AcDbLine
 10
117.3227349999999944
 20
-120.828795999999997
 30
0
 11
117.3041449999999912
 21
-120.8352299999999957
 31
0
  0
LINE
  5
C92
330
1A
100
AcDbEntity
  8
Edge.Cuts
  6
CONTINUOUS
100
AcDbLine
 10
117.3041449999999912
 20
-120.8352299999999957
 30
0
 11
117.2856159999999903
 21
-120.8416649999999919
 31
0
  0
LINE
  5
C93
330
1A
100
AcDbEntity
  8
Edge.Cuts
  6
CONTINUOUS
100
AcDbLine
 10
117.2856159999999903
 20
-120.8416649999999919
 30
0
 11
117.267171999999988
 21
-120.8480899999999991
 31
0
  0
LINE
  5
C94
330
1A
100
AcDbEntity
  8
Edge.Cuts
  6
CONTINUOUS
100
AcDbLine
 10
117.267171999999988
 20
-120.8480899999999991
 30
0
 11
117.2487879999999905
 21
-120.8545159999999896
 31
0
  0
LINE
  5
C95
330
1A
100
AcDbEntity
  8
Edge.Cuts
  6
CONTINUOUS
100
AcDbLine
 10
117.2487879999999905
 20
-120.8545159999999896
 30
0
 11
117.2304889999999915
 21
-120.8609340000000003
 31
0
  0
LINE
  5
C96
330
1A
100
AcDbEntity
  8
Edge.Cuts
  6
CONTINUOUS
100
AcDbLine
 10
117.2304889999999915
 20
-120.8609340000000003
 30
0
 11
117.2122509999999949
 21
-120.8673509999999993
 31
0
  0
LINE
  5
C97
330
1A
100
AcDbEntity
  8
Edge.Cuts
  6
CONTINUOUS
100
AcDbLine
 10
117.2122509999999949
 20
-120.8673509999999993
 30
0
 11
117.1940969999999993
 21
-120.8737599999999901
 31
0
  0
LINE
  5
C98
330
1A
100
AcDbEntity
  8
Edge.Cuts
  6
CONTINUOUS
100
AcDbLine
 10
117.1940969999999993
 20
-120.8737599999999901
 30
0
 11
117.1760039999999918
 21
-120.8801689999999951
 31
0
  0
LINE
  5
C99
330
1A
100
AcDbEntity
  8
Edge.Cuts
  6
CONTINUOUS
100
AcDbLine
 10
117.1760039999999918
 20
-120.8801689999999951
 30
0
 11
117.1579959999999971
 21
-120.8865689999999944
 31
0
  0
LINE
  5
C9A
330
1A
100
AcDbEntity
  8
Edge.Cuts
  6
CONTINUOUS
100
AcDbLine
 10
117.1579959999999971
 20
-120.8865689999999944
 30
0
 11
117.1400479999999931
 21
-120.8929679999999962
 31
0
  0
LINE
  5
C9B
330
1A
100
AcDbEntity
  8
Edge.Cuts
  6
CONTINUOUS
100
AcDbLine
 10
117.1400479999999931
 20
-120.8929679999999962
 30
0
 11
117.1221839999999901
 21
-120.8993589999999898
 31
0
  0
LINE
  5
C9C
330
1A
100
AcDbEntity
  8
Edge.Cuts
  6
CONTINUOUS
100
AcDbLine
 10
117.1221839999999901
 20
-120.8993589999999898
 30
0
 11
117.1043809999999894
 21
-120.9057490000000001
 31
0
  0
LINE
  5
C9D
330
1A
100
AcDbEntity
  8
Edge.Cuts
  6
CONTINUOUS
100
AcDbLine
 10
117.1043809999999894
 20
-120.9057490000000001
 30
0
 11
117.0866619999999898
 21
-120.912130999999988
 31
0
  0
LINE
  5
C9E
330
1A
100
AcDbEntity
  8
Edge.Cuts
  6
CONTINUOUS
100
AcDbLine
 10
117.0866619999999898
 20
-120.912130999999988
 30
0
 11
117.0690039999999925
 21
-120.9185119999999927
 31
0
  0
LINE
  5
C9F
330
1A
100
AcDbEntity
  8
Edge.Cuts
  6
CONTINUOUS
100
AcDbLine
 10
117.0690039999999925
 20
-120.9185119999999927
 30
0
 11
117.0514289999999988
 21
-120.9248829999999941
 31
0
  0
LINE
  5
CA0
330
1A
100
AcDbEntity
  8
Edge.Cuts
  6
CONTINUOUS
100
AcDbLine
 10
117.0514289999999988
 20
-120.9248829999999941
 30
0
 11
117.0339149999999933
 21
-120.9312539999999956
 31
0
  0
LINE
  5
CA1
330
1A
100
AcDbEntity
  8
Edge.Cuts
  6
CONTINUOUS
100
AcDbLine
 10
117.0339149999999933
 20
-120.9312539999999956
 30
0
 11
117.0164860000000004
 21
-120.9376159999999913
 31
0
  0
LINE
  5
CA2
330
1A
100
AcDbEntity
  8
Edge.Cuts
  6
CONTINUOUS
100
AcDbLine
 10
117.0164860000000004
 20
-120.9376159999999913
 30
0
 11
116.9991160000000008
 21
-120.9439769999999896
 31
0
  0
LINE
  5
CA3
330
1A
100
AcDbEntity
  8
Edge.Cuts
  6
CONTINUOUS
100
AcDbLine
 10
116.9991160000000008
 20
-120.9439769999999896
 30
0
 11
116.981829999999988
 21
-120.9503289999999964
 31
0
  0
LINE
  5
CA4
330
1A
100
AcDbEntity
  8
Edge.Cuts
  6
CONTINUOUS
100
AcDbLine
 10
116.981829999999988
 20
-120.9503289999999964
 30
0
 11
116.9646039999999942
 21
-120.9566789999999941
 31
0
  0
LINE
  5
CA5
330
1A
100
AcDbEntity
  8
Edge.Cuts
  6
CONTINUOUS
100
AcDbLine
 10
116.9646039999999942
 20
-120.9566789999999941
 30
0
 11
116.9474629999999991
 21
-120.9630200000000002
 31
0
  0
LINE
  5
CA6
330
1A
100
AcDbEntity
  8
Edge.Cuts
  6
CONTINUOUS
100
AcDbLine
 10
116.9474629999999991
 20
-120.9630200000000002
 30
0
 11
116.930380999999997
 21
-120.9693609999999921
 31
0
  0
LINE
  5
CA7
330
1A
100
AcDbEntity
  8
Edge.Cuts
  6
CONTINUOUS
100
AcDbLine
 10
116.930380999999997
 20
-120.9693609999999921
 30
0
 11
116.9133839999999935
 21
-120.9756909999999976
 31
0
  0
LINE
  5
CA8
330
1A
100
AcDbEntity
  8
Edge.Cuts
  6
CONTINUOUS
100
AcDbLine
 10
116.9133839999999935
 20
-120.9756909999999976
 30
0
 11
116.8964449999999999
 21
-120.9820209999999889
 31
0
  0
LINE
  5
CA9
330
1A
100
AcDbEntity
  8
Edge.Cuts
  6
CONTINUOUS
100
AcDbLine
 10
116.8964449999999999
 20
-120.9820209999999889
 30
0
 11
116.8795919999999882
 21
-120.9883399999999938
 31
0
  0
LINE
  5
CAA
330
1A
100
AcDbEntity
  8
Edge.Cuts
  6
CONTINUOUS
100
AcDbLine
 10
116.8795919999999882
 20
-120.9883399999999938
 30
0
 11
116.8627970000000005
 21
-120.9946589999999986
 31
0
  0
LINE
  5
CAB
330
1A
100
AcDbEntity
  8
Edge.Cuts
  6
CONTINUOUS
100
AcDbLine
 10
116.8627970000000005
 20
-120.9946589999999986
 30
0
 11
116.8460859999999997
 21
-121.0009669999999886
 31
0
  0
LINE
  5
CAC
330
1A
100
AcDbEntity
  8
Edge.Cuts
  6
CONTINUOUS
100
AcDbLine
 10
116.8460859999999997
 20
-121.0009669999999886
 30
0
 11
116.8294349999999895
 21
-121.0072749999999928
 31
0
  0
LINE
  5
CAD
330
1A
100
AcDbEntity
  8
Edge.Cuts
  6
CONTINUOUS
100
AcDbLine
 10
116.8294349999999895
 20
-121.0072749999999928
 30
0
 11
116.8128679999999946
 21
-121.0135709999999989
 31
0
  0
LINE
  5
CAE
330
1A
100
AcDbEntity
  8
Edge.Cuts
  6
CONTINUOUS
100
AcDbLine
 10
116.8128679999999946
 20
-121.0135709999999989
 30
0
 11
116.7963589999999954
 21
-121.0198669999999908
 31
0
  0
LINE
  5
CAF
330
1A
100
AcDbEntity
  8
Edge.Cuts
  6
CONTINUOUS
100
AcDbLine
 10
116.7963589999999954
 20
-121.0198669999999908
 30
0
 11
116.7799349999999947
 21
-121.0261529999999937
 31
0
  0
LINE
  5
CB0
330
1A
100
AcDbEntity
  8
Edge.Cuts
  6
CONTINUOUS
100
AcDbLine
 10
116.7799349999999947
 20
-121.0261529999999937
 30
0
 11
116.7635689999999897
 21
-121.0324370000000016
 31
0
  0
LINE
  5
CB1
330
1A
100
AcDbEntity
  8
Edge.Cuts
  6
CONTINUOUS
100
AcDbLine
 10
116.7635689999999897
 20
-121.0324370000000016
 30
0
 11
116.747287
 21
-121.0387099999999947
 31
0
  0
LINE
  5
CB2
330
1A
100
AcDbEntity
  8
Edge.Cuts
  6
CONTINUOUS
100
AcDbLine
 10
116.747287
 20
-121.0387099999999947
 30
0
 11
116.7310639999999893
 21
-121.0449819999999903
 31
0
  0
LINE
  5
CB3
330
1A
100
AcDbEntity
  8
Edge.Cuts
  6
CONTINUOUS
100
AcDbLine
 10
116.7310639999999893
 20
-121.0449819999999903
 30
0
 11
116.7149249999999938
 21
-121.0512429999999995
 31
0
  0
LINE
  5
CB4
330
1A
100
AcDbEntity
  8
Edge.Cuts
  6
CONTINUOUS
100
AcDbLine
 10
116.7149249999999938
 20
-121.0512429999999995
 30
0
 11
116.698843999999994
 21
-121.0575039999999944
 31
0
  0
LINE
  5
CB5
330
1A
100
AcDbEntity
  8
Edge.Cuts
  6
CONTINUOUS
100
AcDbLine
 10
116.698843999999994
 20
-121.0575039999999944
 30
0
 11
116.6828469999999953
 21
-121.0637519999999938
 31
0
  0
LINE
  5
CB6
330
1A
100
AcDbEntity
  8
Edge.Cuts
  6
CONTINUOUS
100
AcDbLine
 10
116.6828469999999953
 20
-121.0637519999999938
 30
0
 11
116.6669079999999923
 21
-121.0699999999999932
 31
0
  0
LINE
  5
CB7
330
1A
100
AcDbEntity
  8
Edge.Cuts
  6
CONTINUOUS
100
AcDbLine
 10
116.6669079999999923
 20
-121.0699999999999932
 30
0
 11
116.6510529999999903
 21
-121.0762359999999944
 31
0
  0
LINE
  5
CB8
330
1A
100
AcDbEntity
  8
Edge.Cuts
  6
CONTINUOUS
100
AcDbLine
 10
116.6510529999999903
 20
-121.0762359999999944
 30
0
 11
116.6352559999999983
 21
-121.0824709999999982
 31
0
  0
LINE
  5
CB9
330
1A
100
AcDbEntity
  8
Edge.Cuts
  6
CONTINUOUS
100
AcDbLine
 10
116.6352559999999983
 20
-121.0824709999999982
 30
0
 11
116.6195429999999931
 21
-121.0886939999999896
 31
0
  0
LINE
  5
CBA
330
1A
100
AcDbEntity
  8
Edge.Cuts
  6
CONTINUOUS
100
AcDbLine
 10
116.6195429999999931
 20
-121.0886939999999896
 30
0
 11
116.6038870000000003
 21
-121.0949159999999978
 31
0
  0
LINE
  5
CBB
330
1A
100
AcDbEntity
  8
Edge.Cuts
  6
CONTINUOUS
100
AcDbLine
 10
116.6038870000000003
 20
-121.0949159999999978
 30
0
 11
116.5883149999999944
 21
-121.1011259999999936
 31
0
  0
LINE
  5
CBC
330
1A
100
AcDbEntity
  8
Edge.Cuts
  6
CONTINUOUS
100
AcDbLine
 10
116.5883149999999944
 20
-121.1011259999999936
 30
0
 11
116.5728009999999983
 21
-121.107334999999992
 31
0
  0
LINE
  5
CBD
330
1A
100
AcDbEntity
  8
Edge.Cuts
  6
CONTINUOUS
100
AcDbLine
 10
116.5728009999999983
 20
-121.107334999999992
 30
0
 11
116.5573699999999917
 21
-121.1135319999999922
 31
0
  0
LINE
  5
CBE
330
1A
100
AcDbEntity
  8
Edge.Cuts
  6
CONTINUOUS
100
AcDbLine
 10
116.5573699999999917
 20
-121.1135319999999922
 30
0
 11
116.5419959999999975
 21
-121.1197279999999949
 31
0
  0
LINE
  5
CBF
330
1A
100
AcDbEntity
  8
Edge.Cuts
  6
CONTINUOUS
100
AcDbLine
 10
116.5419959999999975
 20
-121.1197279999999949
 30
0
 11
116.5267070000000018
 21
-121.1259109999999879
 31
0
  0
LINE
  5
CC0
330
1A
100
AcDbEntity
  8
Edge.Cuts
  6
CONTINUOUS
100
AcDbLine
 10
116.5267070000000018
 20
-121.1259109999999879
 30
0
 11
116.5114729999999952
 21
-121.1320929999999976
 31
0
  0
LINE
  5
CC1
330
1A
100
AcDbEntity
  8
Edge.Cuts
  6
CONTINUOUS
100
AcDbLine
 10
116.5114729999999952
 20
-121.1320929999999976
 30
0
 11
116.4963240000000013
 21
-121.1382619999999974
 31
0
  0
LINE
  5
CC2
330
1A
100
AcDbEntity
  8
Edge.Cuts
  6
CONTINUOUS
100
AcDbLine
 10
116.4963240000000013
 20
-121.1382619999999974
 30
0
 11
116.481230999999994
 21
-121.1444299999999998
 31
0
  0
LINE
  5
CC3
330
1A
100
AcDbEntity
  8
Edge.Cuts
  6
CONTINUOUS
100
AcDbLine
 10
116.481230999999994
 20
-121.1444299999999998
 30
0
 11
116.4662219999999877
 21
-121.1505859999999899
 31
0
  0
LINE
  5
CC4
330
1A
100
AcDbEntity
  8
Edge.Cuts
  6
CONTINUOUS
100
AcDbLine
 10
116.4662219999999877
 20
-121.1505859999999899
 30
0
 11
116.4512689999999964
 21
-121.1567399999999992
 31
0
  0
LINE
  5
CC5
330
1A
100
AcDbEntity
  8
Edge.Cuts
  6
CONTINUOUS
100
AcDbLine
 10
116.4512689999999964
 20
-121.1567399999999992
 30
0
 11
116.4363999999999919
 21
-121.1628809999999987
 31
0
  0
LINE
  5
CC6
330
1A
100
AcDbEntity
  8
Edge.Cuts
  6
CONTINUOUS
100
AcDbLine
 10
116.4363999999999919
 20
-121.1628809999999987
 30
0
 11
116.4215869999999882
 21
-121.1690199999999891
 31
0
  0
LINE
  5
CC7
330
1A
100
AcDbEntity
  8
Edge.Cuts
  6
CONTINUOUS
100
AcDbLine
 10
116.4215869999999882
 20
-121.1690199999999891
 30
0
 11
116.406856999999988
 21
-121.1751469999999955
 31
0
  0
LINE
  5
CC8
330
1A
100
AcDbEntity
  8
Edge.Cuts
  6
CONTINUOUS
100
AcDbLine
 10
116.406856999999988
 20
-121.1751469999999955
 30
0
 11
116.3921829999999886
 21
-121.1812719999999928
 31
0
  0
LINE
  5
CC9
330
1A
100
AcDbEntity
  8
Edge.Cuts
  6
CONTINUOUS
100
AcDbLine
 10
116.3921829999999886
 20
-121.1812719999999928
 30
0
 11
116.3775919999999928
 21
-121.1873839999999944
 31
0
  0
LINE
  5
CCA
330
1A
100
AcDbEntity
  8
Edge.Cuts
  6
CONTINUOUS
100
AcDbLine
 10
116.3775919999999928
 20
-121.1873839999999944
 30
0
 11
116.3630579999999952
 21
-121.1934949999999986
 31
0
  0
LINE
  5
CCB
330
1A
100
AcDbEntity
  8
Edge.Cuts
  6
CONTINUOUS
100
AcDbLine
 10
116.3630579999999952
 20
-121.1934949999999986
 30
0
 11
116.3486059999999895
 21
-121.1995919999999956
 31
0
  0
LINE
  5
CCC
330
1A
100
AcDbEntity
  8
Edge.Cuts
  6
CONTINUOUS
100
AcDbLine
 10
116.3486059999999895
 20
-121.1995919999999956
 30
0
 11
116.3342099999999988
 21
-121.2056869999999975
 31
0
  0
LINE
  5
CCD
330
1A
100
AcDbEntity
  8
Edge.Cuts
  6
CONTINUOUS
100
AcDbLine
 10
116.3342099999999988
 20
-121.2056869999999975
 30
0
 11
116.319896
 21
-121.2117689999999897
 31
0
  0
LINE
  5
CCE
330
1A
100
AcDbEntity
  8
Edge.Cuts
  6
CONTINUOUS
100
AcDbLine
 10
116.319896
 20
-121.2117689999999897
 30
0
 11
116.3056379999999876
 21
-121.2178490000000011
 31
0
  0
LINE
  5
CCF
330
1A
100
AcDbEntity
  8
Edge.Cuts
  6
CONTINUOUS
100
AcDbLine
 10
116.3056379999999876
 20
-121.2178490000000011
 30
0
 11
116.2914629999999931
 21
-121.2239159999999885
 31
0
  0
LINE
  5
CD0
330
1A
100
AcDbEntity
  8
Edge.Cuts
  6
CONTINUOUS
100
AcDbLine
 10
116.2914629999999931
 20
-121.2239159999999885
 30
0
 11
116.2773429999999877
 21
-121.2299809999999951
 31
0
  0
LINE
  5
CD1
330
1A
100
AcDbEntity
  8
Edge.Cuts
  6
CONTINUOUS
100
AcDbLine
 10
116.2773429999999877
 20
-121.2299809999999951
 30
0
 11
116.263306
 21
-121.2360319999999945
 31
0
  0
LINE
  5
CD2
330
1A
100
AcDbEntity
  8
Edge.Cuts
  6
CONTINUOUS
100
AcDbLine
 10
116.263306
 20
-121.2360319999999945
 30
0
 11
116.2493240000000014
 21
-121.2420809999999989
 31
0
  0
LINE
  5
CD3
330
1A
100
AcDbEntity
  8
Edge.Cuts
  6
CONTINUOUS
100
AcDbLine
 10
116.2493240000000014
 20
-121.2420809999999989
 30
0
 11
116.2354239999999947
 21
-121.248115999999996
 31
0
  0
LINE
  5
CD4
330
1A
100
AcDbEntity
  8
Edge.Cuts
  6
CONTINUOUS
100
AcDbLine
 10
116.2354239999999947
 20
-121.248115999999996
 30
0
 11
116.2215779999999938
 21
-121.2541489999999982
 31
0
  0
LINE
  5
CD5
330
1A
100
AcDbEntity
  8
Edge.Cuts
  6
CONTINUOUS
100
AcDbLine
 10
116.2215779999999938
 20
-121.2541489999999982
 30
0
 11
116.2078149999999965
 21
-121.2601689999999905
 31
0
  0
LINE
  5
CD6
330
1A
100
AcDbEntity
  8
Edge.Cuts
  6
CONTINUOUS
100
AcDbLine
 10
116.2078149999999965
 20
-121.2601689999999905
 30
0
 11
116.1941069999999883
 21
-121.2661859999999905
 31
0
  0
LINE
  5
CD7
330
1A
100
AcDbEntity
  8
Edge.Cuts
  6
CONTINUOUS
100
AcDbLine
 10
116.1941069999999883
 20
-121.2661859999999905
 30
0
 11
116.1804799999999886
 21
-121.2721889999999973
 31
0
  0
LINE
  5
CD8
330
1A
100
AcDbEntity
  8
Edge.Cuts
  6
CONTINUOUS
100
AcDbLine
 10
116.1804799999999886
 20
-121.2721889999999973
 30
0
 11
116.1669079999999923
 21
-121.2781899999999951
 31
0
  0
LINE
  5
CD9
330
1A
100
AcDbEntity
  8
Edge.Cuts
  6
CONTINUOUS
100
AcDbLine
 10
116.1669079999999923
 20
-121.2781899999999951
 30
0
 11
116.1534179999999878
 21
-121.2841769999999997
 31
0
  0
LINE
  5
CDA
330
1A
100
AcDbEntity
  8
Edge.Cuts
  6
CONTINUOUS
100
AcDbLine
 10
116.1534179999999878
 20
-121.2841769999999997
 30
0
 11
116.1399819999999892
 21
-121.2901609999999977
 31
0
  0
LINE
  5
CDB
330
1A
100
AcDbEntity
  8
Edge.Cuts
  6
CONTINUOUS
100
AcDbLine
 10
116.1399819999999892
 20
-121.2901609999999977
 30
0
 11
116.1266279999999966
 21
-121.2961309999999884
 31
0
  0
LINE
  5
CDC
330
1A
100
AcDbEntity
  8
Edge.Cuts
  6
CONTINUOUS
100
AcDbLine
 10
116.1266279999999966
 20
-121.2961309999999884
 30
0
 11
116.1133269999999982
 21
-121.3020989999999983
 31
0
  0
LINE
  5
CDD
330
1A
100
AcDbEntity
  8
Edge.Cuts
  6
CONTINUOUS
100
AcDbLine
 10
116.1133269999999982
 20
-121.3020989999999983
 30
0
 11
116.1001079999999916
 21
-121.3080519999999893
 31
0
  0
LINE
  5
CDE
330
1A
100
AcDbEntity
  8
Edge.Cuts
  6
CONTINUOUS
100
AcDbLine
 10
116.1001079999999916
 20
-121.3080519999999893
 30
0
 11
116.0869429999999909
 21
-121.3140029999999996
 31
0
  0
LINE
  5
CDF
330
1A
100
AcDbEntity
  8
Edge.Cuts
  6
CONTINUOUS
100
AcDbLine
 10
116.0869429999999909
 20
-121.3140029999999996
 30
0
 11
116.0738589999999988
 21
-121.3199389999999909
 31
0
  0
LINE
  5
CE0
330
1A
100
AcDbEntity
  8
Edge.Cuts
  6
CONTINUOUS
100
AcDbLine
 10
116.0738589999999988
 20
-121.3199389999999909
 30
0
 11
116.0608280000000008
 21
-121.3258730000000014
 31
0
  0
LINE
  5
CE1
330
1A
100
AcDbEntity
  8
Edge.Cuts
  6
CONTINUOUS
100
AcDbLine
 10
116.0608280000000008
 20
-121.3258730000000014
 30
0
 11
116.0478789999999947
 21
-121.331791999999993
 31
0
  0
LINE
  5
CE2
330
1A
100
AcDbEntity
  8
Edge.Cuts
  6
CONTINUOUS
100
AcDbLine
 10
116.0478789999999947
 20
-121.331791999999993
 30
0
 11
116.0349829999999969
 21
-121.3377079999999921
 31
0
  0
LINE
  5
CE3
330
1A
100
AcDbEntity
  8
Edge.Cuts
  6
CONTINUOUS
100
AcDbLine
 10
116.0349829999999969
 20
-121.3377079999999921
 30
0
 11
116.0221669999999961
 21
-121.3436099999999982
 31
0
  0
LINE
  5
CE4
330
1A
100
AcDbEntity
  8
Edge.Cuts
  6
CONTINUOUS
100
AcDbLine
 10
116.0221669999999961
 20
-121.3436099999999982
 30
0
 11
116.009405000000001
 21
-121.3495089999999976
 31
0
  0
LINE
  5
CE5
330
1A
100
AcDbEntity
  8
Edge.Cuts
  6
CONTINUOUS
100
AcDbLine
 10
116.009405000000001
 20
-121.3495089999999976
 30
0
 11
115.9967229999999887
 21
-121.3553929999999923
 31
0
  0
LINE
  5
CE6
330
1A
100
AcDbEntity
  8
Edge.Cuts
  6
CONTINUOUS
100
AcDbLine
 10
115.9967229999999887
 20
-121.3553929999999923
 30
0
 11
115.9840939999999989
 21
-121.3612739999999945
 31
0
  0
LINE
  5
CE7
330
1A
100
AcDbEntity
  8
Edge.Cuts
  6
CONTINUOUS
100
AcDbLine
 10
115.9840939999999989
 20
-121.3612739999999945
 30
0
 11
115.9715459999999894
 21
-121.367139999999992
 31
0
  0
LINE
  5
CE8
330
1A
100
AcDbEntity
  8
Edge.Cuts
  6
CONTINUOUS
100
AcDbLine
 10
115.9715459999999894
 20
-121.367139999999992
 30
0
 11
115.9590489999999932
 21
-121.3730039999999946
 31
0
  0
LINE
  5
CE9
330
1A
100
AcDbEntity
  8
Edge.Cuts
  6
CONTINUOUS
100
AcDbLine
 10
115.9590489999999932
 20
-121.3730039999999946
 30
0
 11
115.9466339999999889
 21
-121.3788509999999974
 31
0
  0
LINE
  5
CEA
330
1A
100
AcDbEntity
  8
Edge.Cuts
  6
CONTINUOUS
100
AcDbLine
 10
115.9466339999999889
 20
-121.3788509999999974
 30
0
 11
115.9342699999999979
 21
-121.3846969999999885
 31
0
  0
LINE
  5
CEB
330
1A
100
AcDbEntity
  8
Edge.Cuts
  6
CONTINUOUS
100
AcDbLine
 10
115.9342699999999979
 20
-121.3846969999999885
 30
0
 11
115.9219870000000014
 21
-121.3905269999999916
 31
0
  0
LINE
  5
CEC
330
1A
100
AcDbEntity
  8
Edge.Cuts
  6
CONTINUOUS
100
AcDbLine
 10
115.9219870000000014
 20
-121.3905269999999916
 30
0
 11
115.9097549999999899
 21
-121.3963539999999881
 31
0
  0
LINE
  5
CED
330
1A
100
AcDbEntity
  8
Edge.Cuts
  6
CONTINUOUS
100
AcDbLine
 10
115.9097549999999899
 20
-121.3963539999999881
 30
0
 11
115.8976029999999895
 21
-121.4021649999999966
 31
0
  0
LINE
  5
CEE
330
1A
100
AcDbEntity
  8
Edge.Cuts
  6
CONTINUOUS
100
AcDbLine
 10
115.8976029999999895
 20
-121.4021649999999966
 30
0
 11
115.8855029999999999
 21
-121.4079739999999958
 31
0
  0
LINE
  5
CEF
330
1A
100
AcDbEntity
  8
Edge.Cuts
  6
CONTINUOUS
100
AcDbLine
 10
115.8855029999999999
 20
-121.4079739999999958
 30
0
 11
115.8734829999999931
 21
-121.4137669999999929
 31
0
  0
LINE
  5
CF0
330
1A
100
AcDbEntity
  8
Edge.Cuts
  6
CONTINUOUS
100
AcDbLine
 10
115.8734829999999931
 20
-121.4137669999999929
 30
0
 11
115.8615139999999997
 21
-121.4195569999999975
 31
0
  0
LINE
  5
CF1
330
1A
100
AcDbEntity
  8
Edge.Cuts
  6
CONTINUOUS
100
AcDbLine
 10
115.8615139999999997
 20
-121.4195569999999975
 30
0
 11
115.8496239999999915
 21
-121.4253309999999999
 31
0
  0
LINE
  5
CF2
330
1A
100
AcDbEntity
  8
Edge.Cuts
  6
CONTINUOUS
100
AcDbLine
 10
115.8496239999999915
 20
-121.4253309999999999
 30
0
 11
115.8377859999999941
 21
-121.4311019999999957
 31
0
  0
LINE
  5
CF3
330
1A
100
AcDbEntity
  8
Edge.Cuts
  6
CONTINUOUS
100
AcDbLine
 10
115.8377859999999941
 20
-121.4311019999999957
 30
0
 11
115.8260269999999963
 21
-121.4368569999999892
 31
0
  0
LINE
  5
CF4
330
1A
100
AcDbEntity
  8
Edge.Cuts
  6
CONTINUOUS
100
AcDbLine
 10
115.8260269999999963
 20
-121.4368569999999892
 30
0
 11
115.8143180000000001
 21
-121.4426089999999903
 31
0
  0
LINE
  5
CF5
330
1A
100
AcDbEntity
  8
Edge.Cuts
  6
CONTINUOUS
100
AcDbLine
 10
115.8143180000000001
 20
-121.4426089999999903
 30
0
 11
115.8026890000000009
 21
-121.4483449999999891
 31
0
  0
LINE
  5
CF6
330
1A
100
AcDbEntity
  8
Edge.Cuts
  6
CONTINUOUS
100
AcDbLine
 10
115.8026890000000009
 20
-121.4483449999999891
 30
0
 11
115.7911099999999891
 21
-121.454078999999993
 31
0
  0
LINE
  5
CF7
330
1A
100
AcDbEntity
  8
Edge.Cuts
  6
CONTINUOUS
100
AcDbLine
 10
115.7911099999999891
 20
-121.454078999999993
 30
0
 11
115.779609999999991
 21
-121.4597949999999997
 31
0
  0
LINE
  5
CF8
330
1A
100
AcDbEntity
  8
Edge.Cuts
  6
CONTINUOUS
100
AcDbLine
 10
115.779609999999991
 20
-121.4597949999999997
 30
0
 11
115.7681599999999946
 21
-121.4655089999999973
 31
0
  0
LINE
  5
CF9
330
1A
100
AcDbEntity
  8
Edge.Cuts
  6
CONTINUOUS
100
AcDbLine
 10
115.7681599999999946
 20
-121.4655089999999973
 30
0
 11
115.7567880000000002
 21
-121.4712059999999951
 31
0
  0
LINE
  5
CFA
330
1A
100
AcDbEntity
  8
Edge.Cuts
  6
CONTINUOUS
100
AcDbLine
 10
115.7567880000000002
 20
-121.4712059999999951
 30
0
 11
115.7454669999999908
 21
-121.4769000000000005
 31
0
  0
LINE
  5
CFB
330
1A
100
AcDbEntity
  8
Edge.Cuts
  6
CONTINUOUS
100
AcDbLine
 10
115.7454669999999908
 20
-121.4769000000000005
 30
0
 11
115.7342239999999975
 21
-121.4825779999999895
 31
0
  0
LINE
  5
CFC
330
1A
100
AcDbEntity
  8
Edge.Cuts
  6
CONTINUOUS
100
AcDbLine
 10
115.7342239999999975
 20
-121.4825779999999895
 30
0
 11
115.7230309999999918
 21
-121.4882530000000003
 31
0
  0
LINE
  5
CFD
330
1A
100
AcDbEntity
  8
Edge.Cuts
  6
CONTINUOUS
100
AcDbLine
 10
115.7230309999999918
 20
-121.4882530000000003
 30
0
 11
115.7119149999999905
 21
-121.4939099999999996
 31
0
  0
LINE
  5
CFE
330
1A
100
AcDbEntity
  8
Edge.Cuts
  6
CONTINUOUS
100
AcDbLine
 10
115.7119149999999905
 20
-121.4939099999999996
 30
0
 11
115.700848999999991
 21
-121.4995649999999898
 31
0
  0
LINE
  5
CFF
330
1A
100
AcDbEntity
  8
Edge.Cuts
  6
CONTINUOUS
100
AcDbLine
 10
115.700848999999991
 20
-121.4995649999999898
 30
0
 11
115.6999999999999886
 21
-121.5
 31
0
  0
ARC
  5
D00
330
1A
100
AcDbEntity
  8
Edge.Cuts
100
AcDbCircle
 10
159.0999999999999943
 20
-119.8999999999999915
 30
0
 40
0.6000003270907441
100
AcDbArc
 50
0.00000000
 51
98.13011586
  0
LINE
  5
D01
330
1A
100
AcDbEntity
  8
Edge.Cuts
  6
CONTINUOUS
100
AcDbLine
 10
159.6999999999999886
 20
-119.8999999999999915
 30
0
 11
159.2184799999999996
 21
-135.3877239999999915
 31
0
  0
ARC
  5
D02
330
1A
100
AcDbEntity
  8
Edge.Cuts
100
AcDbCircle
 10
160.1748000000000047
 20
-135.6800999999999817
 30
0
 40
1.0000008801846125
100
AcDbArc
 50
-196.99997999
 51
-107.00090098
  0
LINE
  5
D03
330
1A
100
AcDbEntity
  8
Edge.Cuts
  6
CONTINUOUS
100
AcDbLine
 10
171.1581979999999987
 20
-39.
 30
0
 11
114.5999999999999943
 21
-39.
 31
0
  0
LINE
  5
D04
330
1A
100
AcDbEntity
  8
Edge.Cuts
  6
CONTINUOUS
100
AcDbLine
 10
171.1581979999999987
 20
-56.9881089999999944
 30
0
 11
171.1581979999999987
 21
-39.
 31
0
  0
ARC
  5
D05
330
1A
100
AcDbEntity
  8
Edge.Cuts
100
AcDbCircle
 10
173.1569999999999823
 20
-57.0578999999999965
 30
0
 40
2.0000089710181301
100
AcDbArc
 50
-181.99975081
 51
-93.00056278
  0
ARC
  5
D06
330
1A
100
AcDbEntity
  8
Edge.Cuts
100
AcDbCircle
 10
2147.4835469999998168
 20
-2147.4835469999998168
 30
0
 40
2847.3443922048950299
100
AcDbArc
 50
133.46532055
 51
133.46532707
  0
LINE
  5
D07
330
1A
100
AcDbEntity
  8
Edge.Cuts
  6
CONTINUOUS
100
AcDbLine
 10
188.8516989999999964
 20
-59.8831779999999938
 30
0
 11
173.0523079999999823
 21
-59.0551669999999973
 31
0
  0
ARC
  5
D08
330
1A
100
AcDbEntity
  8
Edge.Cuts
100
AcDbCircle
 10
188.7993999999999915
 20
-60.8817999999999984
 30
0
 40
0.9999905420977739
100
AcDbArc
 50
-3.00056982
 51
87.00209196
  0
LINE
  5
D09
330
1A
100
AcDbEntity
  8
Edge.Cuts
  6
CONTINUOUS
100
AcDbLine
 10
189.7979929999999911
 20
-60.9341439999999963
 30
0
 11
187.8615629999999896
 21
-102.5
 31
0
  0
LINE
  5
D0A
330
1A
100
AcDbEntity
  8
Edge.Cuts
  6
CONTINUOUS
100
AcDbLine
 10
215.1348929999999768
 20
-154.9600570000000062
 30
0
 11
159.8824129999999855
 21
-136.6364010000000064
 31
0
  0
ARC
  5
D0B
330
1A
100
AcDbEntity
  8
Edge.Cuts
100
AcDbCircle
 10
215.4932000000000016
 20
-154.0263999999999953
 30
0
 40
1.0000838054968193
100
AcDbArc
 50
-110.99516775
 51
-21.00282396
  0
LINE
  5
D0C
330
1A
100
AcDbEntity
  8
Edge.Cuts
  6
CONTINUOUS
100
AcDbLine
 10
216.426840999999996
 20
-154.3848439999999869
 30
0
 11
230.4031909999999925
 21
-117.975207999999995
 31
0
  0
LINE
  5
D0D
330
1A
100
AcDbEntity
  8
Edge.Cuts
  6
CONTINUOUS
100
AcDbLine
 10
229.8279780000000017
 20
-116.6832589999999925
 30
0
 11
187.8615629999999896
 21
-102.5
 31
0
  0
ARC
  5
D0E
330
1A
100
AcDbEntity
  8
Edge.Cuts
100
AcDbCircle
 10
229.4696999999999889
 20
-117.6167999999999978
 30
0
 40
0.9999309595992115
100
AcDbArc
 50
-21.00397877
 51
69.00400215
  0
LINE
  5
D0F
330
1A
100
AcDbEntity
  8
Edge.Cuts
  6
CONTINUOUS
100
AcDbLine
 10
173.2456289999999797
 20
-122.6837589999999949
 30
0
 11
176.6883249999999919
 21
-123.7362969999999933
 31
0
  0
LINE
  5
D10
330
1A
100
AcDbEntity
  8
Edge.Cuts
  6
CONTINUOUS
100
AcDbLine
 10
176.6883249999999919
 20
-123.7362969999999933
 30
0
 11
175.7819709999999986
 21
-126.7008409999999969
 31
0
  0
LINE
  5
D11
330
1A
100
AcDbEntity
  8
Edge.Cuts
  6
CONTINUOUS
100
AcDbLine
 10
175.7819709999999986
 20
-126.7008409999999969
 30
0
 11
172.3392749999999864
 21
-125.6483029999999985
 31
0
  0
LINE
  5
D12
330
1A
100
AcDbEntity
  8
Edge.Cuts
  6
CONTINUOUS
100
AcDbLine
 10
172.3392749999999864
 20
-125.6483029999999985
 30
0
 11
173.2456289999999797
 21
-122.6837589999999949
 31
0
  0
LINE
  5
D13
330
1A
100
AcDbEntity
  8
Edge.Cuts
  6
CONTINUOUS
100
AcDbLine
 10
157.4531910000000039
 20
-68.3524249999999967
 30
0
 11
161.0509979999999928
 21
-68.4780629999999917
 31
0
  0
LINE
  5
D14
330
1A
100
AcDbEntity
  8
Edge.Cuts
  6
CONTINUOUS
100
AcDbLine
 10
161.0509979999999928
 20
-68.4780629999999917
 30
0
 11
160.9428089999999827
 21
-71.5761749999999921
 31
0
  0
LINE
  5
D15
330
1A
100
AcDbEntity
  8
Edge.Cuts
  6
CONTINUOUS
100
AcDbLine
 10
160.9428089999999827
 20
-71.5761749999999921
 30
0
 11
157.3450019999999938
 21
-71.4505369999999971
 31
0
  0
LINE
  5
D16
330
1A
100
AcDbEntity
  8
Edge.Cuts
  6
CONTINUOUS
100
AcDbLine
 10
157.3450019999999938
 20
-71.4505369999999971
 30
0
 11
157.4531910000000039
 21
-68.3524249999999967
 31
0
  0
LINE
  5
D17
330
1A
100
AcDbEntity
  8
Edge.Cuts
  6
CONTINUOUS
100
AcDbLine
 10
80.2171579999999977
 20
-79.3093789999999927
 30
0
 11
83.8034589999999895
 21
-78.9956179999999932
 31
0
  0
LINE
  5
D18
330
1A
100
AcDbEntity
  8
Edge.Cuts
  6
CONTINUOUS
100
AcDbLine
 10
83.8034589999999895
 20
-78.9956179999999932
 30
0
 11
84.0736419999999924
 21
-82.0838210000000004
 31
0
  0
LINE
  5
D19
330
1A
100
AcDbEntity
  8
Edge.Cuts
  6
CONTINUOUS
100
AcDbLine
 10
84.0736419999999924
 20
-82.0838210000000004
 30
0
 11
80.4873410000000007
 21
-82.3975819999999999
 31
0
  0
LINE
  5
D1A
330
1A
100
AcDbEntity
  8
Edge.Cuts
  6
CONTINUOUS
100
AcDbLine
 10
80.4873410000000007
 20
-82.3975819999999999
 30
0
 11
80.2171579999999977
 21
-79.3093789999999927
 31
0
  0
LINE
  5
D1B
330
1A
100
AcDbEntity
  8
Edge.Cuts
  6
CONTINUOUS
100
AcDbLine
 10
83.1804580000000016
 20
-113.1799789999999888
 30
0
 11
86.7667589999999933
 21
-112.8662179999999893
 31
0
  0
LINE
  5
D1C
330
1A
100
AcDbEntity
  8
Edge.Cuts
  6
CONTINUOUS
100
AcDbLine
 10
86.7667589999999933
 20
-112.8662179999999893
 30
0
 11
87.0369419999999963
 21
-115.9544209999999964
 31
0
  0
LINE
  5
D1D
330
1A
100
AcDbEntity
  8
Edge.Cuts
  6
CONTINUOUS
100
AcDbLine
 10
87.0369419999999963
 20
-115.9544209999999964
 30
0
 11
83.4506409999999903
 21
-116.2681819999999959
 31
0
  0
LINE
  5
D1E
330
1A
100
AcDbEntity
  8
Edge.Cuts
  6
CONTINUOUS
100
AcDbLine
 10
83.4506409999999903
 20
-116.2681819999999959
 30
0
 11
83.1804580000000016
 21
-113.1799789999999888
 31
0
  0
LINE
  5
D1F
330
1A
100
AcDbEntity
  8
Edge.Cuts
  6
CONTINUOUS
100
AcDbLine
 10
99.3252579999999909
 20
-91.1891789999999958
 30
0
 11
102.9115589999999969
 21
-90.8754179999999963
 31
0
  0
LINE
  5
D20
330
1A
100
AcDbEntity
  8
Edge.Cuts
  6
CONTINUOUS
100
AcDbLine
 10
102.9115589999999969
 20
-90.8754179999999963
 30
0
 11
103.1817419999999998
 21
-93.9636209999999892
 31
0
  0
LINE
  5
D21
330
1A
100
AcDbEntity
  8
Edge.Cuts
  6
CONTINUOUS
100
AcDbLine
 10
103.1817419999999998
 20
-93.9636209999999892
 30
0
 11
99.5954409999999939
 21
-94.2773819999999887
 31
0
  0
LINE
  5
D22
330
1A
100
AcDbEntity
  8
Edge.Cuts
  6
CONTINUOUS
100
AcDbLine
 10
99.5954409999999939
 20
-94.2773819999999887
 30
0
 11
99.3252579999999909
 21
-91.1891789999999958
 31
0
  0
LINE
  5
D23
330
1A
100
AcDbEntity
  8
Edge.Cuts
  6
CONTINUOUS
100
AcDbLine
 10
118.1155459999999948
 20
-85.9830290000000019
 30
0
 11
121.7106119999999976
 21
-85.7946189999999973
 31
0
  0
LINE
  5
D24
330
1A
100
AcDbEntity
  8
Edge.Cuts
  6
CONTINUOUS
100
AcDbLine
 10
121.7106119999999976
 20
-85.7946189999999973
 30
0
 11
121.8728539999999896
 21
-88.8903710000000018
 31
0
  0
LINE
  5
D25
330
1A
100
AcDbEntity
  8
Edge.Cuts
  6
CONTINUOUS
100
AcDbLine
 10
121.8728539999999896
 20
-88.8903710000000018
 30
0
 11
118.277788000000001
 21
-89.0787809999999922
 31
0
  0
LINE
  5
D26
330
1A
100
AcDbEntity
  8
Edge.Cuts
  6
CONTINUOUS
100
AcDbLine
 10
118.277788000000001
 20
-89.0787809999999922
 30
0
 11
118.1155459999999948
 21
-85.9830290000000019
 31
0
  0
LINE
  5
D27
330
1A
100
AcDbEntity
  8
Edge.Cuts
  6
CONTINUOUS
100
AcDbLine
 10
119.0052459999999996
 20
-102.9597289999999958
 30
0
 11
122.6003119999999882
 21
-102.7713189999999912
 31
0
  0
LINE
  5
D28
330
1A
100
AcDbEntity
  8
Edge.Cuts
  6
CONTINUOUS
100
AcDbLine
 10
122.6003119999999882
 20
-102.7713189999999912
 30
0
 11
122.7625539999999944
 21
-105.8670709999999957
 31
0
  0
LINE
  5
D29
330
1A
100
AcDbEntity
  8
Edge.Cuts
  6
CONTINUOUS
100
AcDbLine
 10
122.7625539999999944
 20
-105.8670709999999957
 30
0
 11
119.1674879999999916
 21
-106.0554810000000003
 31
0
  0
LINE
  5
D2A
330
1A
100
AcDbEntity
  8
Edge.Cuts
  6
CONTINUOUS
100
AcDbLine
 10
119.1674879999999916
 20
-106.0554810000000003
 30
0
 11
119.0052459999999996
 21
-102.9597289999999958
 31
0
  0
LINE
  5
D2B
330
1A
100
AcDbEntity
  8
Edge.Cuts
  6
CONTINUOUS
100
AcDbLine
 10
137.6873999999999967
 20
-98.8906999999999954
 30
0
 11
141.287399999999991
 21
-98.8906999999999954
 31
0
  0
LINE
  5
D2C
330
1A
100
AcDbEntity
  8
Edge.Cuts
  6
CONTINUOUS
100
AcDbLine
 10
141.287399999999991
 20
-98.8906999999999954
 30
0
 11
141.287399999999991
 21
-101.9906999999999897
 31
0
  0
LINE
  5
D2D
330
1A
100
AcDbEntity
  8
Edge.Cuts
  6
CONTINUOUS
100
AcDbLine
 10
141.287399999999991
 20
-101.9906999999999897
 30
0
 11
137.6873999999999967
 21
-101.9906999999999897
 31
0
  0
LINE
  5
D2E
330
1A
100
AcDbEntity
  8
Edge.Cuts
  6
CONTINUOUS
100
AcDbLine
 10
137.6873999999999967
 20
-101.9906999999999897
 30
0
 11
137.6873999999999967
 21
-98.8906999999999954
 31
0
  0
LINE
  5
D2F
330
1A
100
AcDbEntity
  8
Edge.Cuts
  6
CONTINUOUS
100
AcDbLine
 10
197.8281969999999887
 20
-110.2816239999999937
 30
0
 11
201.2320639999999798
 21
-111.4536689999999908
 31
0
  0
LINE
  5
D30
330
1A
100
AcDbEntity
  8
Edge.Cuts
  6
CONTINUOUS
100
AcDbLine
 10
201.2320639999999798
 20
-111.4536689999999908
 30
0
 11
200.222802999999999
 21
-114.384775999999988
 31
0
  0
LINE
  5
D31
330
1A
100
AcDbEntity
  8
Edge.Cuts
  6
CONTINUOUS
100
AcDbLine
 10
200.222802999999999
 20
-114.384775999999988
 30
0
 11
196.8189359999999795
 21
-113.2127309999999909
 31
0
  0
LINE
  5
D32
330
1A
100
AcDbEntity
  8
Edge.Cuts
  6
CONTINUOUS
100
AcDbLine
 10
196.8189359999999795
 20
-113.2127309999999909
 30
0
 11
197.8281969999999887
 21
-110.2816239999999937
 31
0
  0
LINE
  5
D33
330
1A
100
AcDbEntity
  8
Edge.Cuts
  6
CONTINUOUS
100
AcDbLine
 10
158.0464910000000032
 20
-51.3628250000000008
 30
0
 11
161.644297999999992
 21
-51.4884629999999959
 31
0
  0
LINE
  5
D34
330
1A
100
AcDbEntity
  8
Edge.Cuts
  6
CONTINUOUS
100
AcDbLine
 10
161.644297999999992
 20
-51.4884629999999959
 30
0
 11
161.536108999999982
 21
-54.5865749999999963
 31
0
  0
LINE
  5
D35
330
1A
100
AcDbEntity
  8
Edge.Cuts
  6
CONTINUOUS
100
AcDbLine
 10
161.536108999999982
 20
-54.5865749999999963
 30
0
 11
157.9383019999999931
 21
-54.4609369999999942
 31
0
  0
LINE
  5
D36
330
1A
100
AcDbEntity
  8
Edge.Cuts
  6
CONTINUOUS
100
AcDbLine
 10
157.9383019999999931
 20
-54.4609369999999942
 30
0
 11
158.0464910000000032
 21
-51.3628250000000008
 31
0
  0
LINE
  5
D37
330
1A
100
AcDbEntity
  8
Edge.Cuts
  6
CONTINUOUS
100
AcDbLine
 10
209.8337259999999844
 20
-134.4478880000000061
 30
0
 11
213.1946149999999989
 21
-135.7380129999999951
 31
0
  0
LINE
  5
D38
330
1A
100
AcDbEntity
  8
Edge.Cuts
  6
CONTINUOUS
100
AcDbLine
 10
213.1946149999999989
 20
-135.7380129999999951
 30
0
 11
212.083674000000002
 21
-138.6321120000000064
 31
0
  0
LINE
  5
D39
330
1A
100
AcDbEntity
  8
Edge.Cuts
  6
CONTINUOUS
100
AcDbLine
 10
212.083674000000002
 20
-138.6321120000000064
 30
0
 11
208.7227849999999876
 21
-137.3419869999999889
 31
0
  0
LINE
  5
D3A
330
1A
100
AcDbEntity
  8
Edge.Cuts
  6
CONTINUOUS
100
AcDbLine
 10
208.7227849999999876
 20
-137.3419869999999889
 30
0
 11
209.8337259999999844
 21
-134.4478880000000061
 31
0
  0
LINE
  5
D3B
330
1A
100
AcDbEntity
  8
Edge.Cuts
  6
CONTINUOUS
100
AcDbLine
 10
97.8435580000000016
 20
-74.2538789999999977
 30
0
 11
101.4298589999999933
 21
-73.9401179999999982
 31
0
  0
LINE
  5
D3C
330
1A
100
AcDbEntity
  8
Edge.Cuts
  6
CONTINUOUS
100
AcDbLine
 10
101.4298589999999933
 20
-73.9401179999999982
 30
0
 11
101.7000419999999963
 21
-77.0283209999999912
 31
0
  0
LINE
  5
D3D
330
1A
100
AcDbEntity
  8
Edge.Cuts
  6
CONTINUOUS
100
AcDbLine
 10
101.7000419999999963
 20
-77.0283209999999912
 30
0
 11
98.1137409999999903
 21
-77.3420819999999907
 31
0
  0
LINE
  5
D3E
330
1A
100
AcDbEntity
  8
Edge.Cuts
  6
CONTINUOUS
100
AcDbLine
 10
98.1137409999999903
 20
-77.3420819999999907
 30
0
 11
97.8435580000000016
 21
-74.2538789999999977
 31
0
  0
LINE
  5
D3F
330
1A
100
AcDbEntity
  8
Edge.Cuts
  6
CONTINUOUS
100
AcDbLine
 10
137.6873999999999967
 20
-64.8906999999999954
 30
0
 11
141.287399999999991
 21
-64.8906999999999954
 31
0
  0
LINE
  5
D40
330
1A
100
AcDbEntity
  8
Edge.Cuts
  6
CONTINUOUS
100
AcDbLine
 10
141.287399999999991
 20
-64.8906999999999954
 30
0
 11
141.287399999999991
 21
-67.9907000000000039
 31
0
  0
LINE
  5
D41
330
1A
100
AcDbEntity
  8
Edge.Cuts
  6
CONTINUOUS
100
AcDbLine
 10
141.287399999999991
 20
-67.9907000000000039
 30
0
 11
137.6873999999999967
 21
-67.9907000000000039
 31
0
  0
LINE
  5
D42
330
1A
100
AcDbEntity
  8
Edge.Cuts
  6
CONTINUOUS
100
AcDbLine
 10
137.6873999999999967
 20
-67.9907000000000039
 30
0
 11
137.6873999999999967
 21
-64.8906999999999954
 31
0
  0
LINE
  5
D43
330
1A
100
AcDbEntity
  8
Edge.Cuts
  6
CONTINUOUS
100
AcDbLine
 10
175.4302879999999902
 20
-80.9596189999999893
 30
0
 11
179.025353999999993
 21
-81.148028999999994
 31
0
  0
LINE
  5
D44
330
1A
100
AcDbEntity
  8
Edge.Cuts
  6
CONTINUOUS
100
AcDbLine
 10
179.025353999999993
 20
-81.148028999999994
 30
0
 11
178.863112000000001
 21
-84.2437809999999985
 31
0
  0
LINE
  5
D45
330
1A
100
AcDbEntity
  8
Edge.Cuts
  6
CONTINUOUS
100
AcDbLine
 10
178.863112000000001
 20
-84.2437809999999985
 30
0
 11
175.2680459999999982
 21
-84.0553709999999938
 31
0
  0
LINE
  5
D46
330
1A
100
AcDbEntity
  8
Edge.Cuts
  6
CONTINUOUS
100
AcDbLine
 10
175.2680459999999982
 20
-84.0553709999999938
 30
0
 11
175.4302879999999902
 21
-80.9596189999999893
 31
0
  0
LINE
  5
D47
330
1A
100
AcDbEntity
  8
Edge.Cuts
  6
CONTINUOUS
100
AcDbLine
 10
176.3199879999999951
 20
-63.9829189999999954
 30
0
 11
179.9150539999999978
 21
-64.1713290000000001
 31
0
  0
LINE
  5
D48
330
1A
100
AcDbEntity
  8
Edge.Cuts
  6
CONTINUOUS
100
AcDbLine
 10
179.9150539999999978
 20
-64.1713290000000001
 30
0
 11
179.7528120000000058
 21
-67.2670809999999904
 31
0
  0
LINE
  5
D49
330
1A
100
AcDbEntity
  8
Edge.Cuts
  6
CONTINUOUS
100
AcDbLine
 10
179.7528120000000058
 20
-67.2670809999999904
 30
0
 11
176.1577460000000031
 21
-67.0786709999999999
 31
0
  0
LINE
  5
D4A
330
1A
100
AcDbEntity
  8
Edge.Cuts
  6
CONTINUOUS
100
AcDbLine
 10
176.1577460000000031
 20
-67.0786709999999999
 30
0
 11
176.3199879999999951
 21
-63.9829189999999954
 31
0
  0
LINE
  5
D4B
330
1A
100
AcDbEntity
  8
Edge.Cuts
  6
CONTINUOUS
100
AcDbLine
 10
156.2666909999999802
 20
-102.3317249999999916
 30
0
 11
159.8644979999999975
 21
-102.4573630000000009
 31
0
  0
LINE
  5
D4C
330
1A
100
AcDbEntity
  8
Edge.Cuts
  6
CONTINUOUS
100
AcDbLine
 10
159.8644979999999975
 20
-102.4573630000000009
 30
0
 11
159.7563089999999875
 21
-105.5554750000000013
 31
0
  0
LINE
  5
D4D
330
1A
100
AcDbEntity
  8
Edge.Cuts
  6
CONTINUOUS
100
AcDbLine
 10
159.7563089999999875
 20
-105.5554750000000013
 30
0
 11
156.1585019999999986
 21
-105.429836999999992
 31
0
  0
LINE
  5
D4E
330
1A
100
AcDbEntity
  8
Edge.Cuts
  6
CONTINUOUS
100
AcDbLine
 10
156.1585019999999986
 20
-105.429836999999992
 30
0
 11
156.2666909999999802
 21
-102.3317249999999916
 31
0
  0
LINE
  5
D4F
330
1A
100
AcDbEntity
  8
Edge.Cuts
  6
CONTINUOUS
100
AcDbLine
 10
137.6873999999999967
 20
-81.8906999999999954
 30
0
 11
141.287399999999991
 21
-81.8906999999999954
 31
0
  0
LINE
  5
D50
330
1A
100
AcDbEntity
  8
Edge.Cuts
  6
CONTINUOUS
100
AcDbLine
 10
141.287399999999991
 20
-81.8906999999999954
 30
0
 11
141.287399999999991
 21
-84.9906999999999897
 31
0
  0
LINE
  5
D51
330
1A
100
AcDbEntity
  8
Edge.Cuts
  6
CONTINUOUS
100
AcDbLine
 10
141.287399999999991
 20
-84.9906999999999897
 30
0
 11
137.6873999999999967
 21
-84.9906999999999897
 31
0
  0
LINE
  5
D52
330
1A
100
AcDbEntity
  8
Edge.Cuts
  6
CONTINUOUS
100
AcDbLine
 10
137.6873999999999967
 20
-84.9906999999999897
 30
0
 11
137.6873999999999967
 21
-81.8906999999999954
 31
0
  0
LINE
  5
D53
330
1A
100
AcDbEntity
  8
Edge.Cuts
  6
CONTINUOUS
100
AcDbLine
 10
100.8068579999999912
 20
-108.1244789999999938
 30
0
 11
104.3931589999999971
 21
-107.8107179999999943
 31
0
  0
LINE
  5
D54
330
1A
100
AcDbEntity
  8
Edge.Cuts
  6
CONTINUOUS
100
AcDbLine
 10
104.3931589999999971
 20
-107.8107179999999943
 30
0
 11
104.6633420000000001
 21
-110.8989210000000014
 31
0
  0
LINE
  5
D55
330
1A
100
AcDbEntity
  8
Edge.Cuts
  6
CONTINUOUS
100
AcDbLine
 10
104.6633420000000001
 20
-110.8989210000000014
 30
0
 11
101.0770409999999941
 21
-111.2126820000000009
 31
0
  0
LINE
  5
D56
330
1A
100
AcDbEntity
  8
Edge.Cuts
  6
CONTINUOUS
100
AcDbLine
 10
101.0770409999999941
 20
-111.2126820000000009
 30
0
 11
100.8068579999999912
 21
-108.1244789999999938
 31
0
  0
LINE
  5
D57
330
1A
100
AcDbEntity
  8
Edge.Cuts
  6
CONTINUOUS
100
AcDbLine
 10
178.8007289999999898
 20
-104.5139589999999998
 30
0
 11
182.243425000000002
 21
-105.5664969999999983
 31
0
  0
LINE
  5
D58
330
1A
100
AcDbEntity
  8
Edge.Cuts
  6
CONTINUOUS
100
AcDbLine
 10
182.243425000000002
 20
-105.5664969999999983
 30
0
 11
181.3370709999999804
 21
-108.5310410000000019
 31
0
  0
LINE
  5
D59
330
1A
100
AcDbEntity
  8
Edge.Cuts
  6
CONTINUOUS
100
AcDbLine
 10
181.3370709999999804
 20
-108.5310410000000019
 30
0
 11
177.8943749999999966
 21
-107.4785029999999892
 31
0
  0
LINE
  5
D5A
330
1A
100
AcDbEntity
  8
Edge.Cuts
  6
CONTINUOUS
100
AcDbLine
 10
177.8943749999999966
 20
-107.4785029999999892
 30
0
 11
178.8007289999999898
 21
-104.5139589999999998
 31
0
  0
LINE
  5
D5B
330
1A
100
AcDbEntity
  8
Edge.Cuts
  6
CONTINUOUS
100
AcDbLine
 10
116.3360459999999961
 20
-52.0296289999999999
 30
0
 11
119.9311119999999988
 21
-51.8412189999999953
 31
0
  0
LINE
  5
D5C
330
1A
100
AcDbEntity
  8
Edge.Cuts
  6
CONTINUOUS
100
AcDbLine
 10
119.9311119999999988
 20
-51.8412189999999953
 30
0
 11
120.0933539999999908
 21
-54.9369709999999998
 31
0
  0
LINE
  5
D5D
330
1A
100
AcDbEntity
  8
Edge.Cuts
  6
CONTINUOUS
100
AcDbLine
 10
120.0933539999999908
 20
-54.9369709999999998
 30
0
 11
116.4982879999999881
 21
-55.1253809999999973
 31
0
  0
LINE
  5
D5E
330
1A
100
AcDbEntity
  8
Edge.Cuts
  6
CONTINUOUS
100
AcDbLine
 10
116.4982879999999881
 20
-55.1253809999999973
 30
0
 11
116.3360459999999961
 21
-52.0296289999999999
 31
0
  0
LINE
  5
D5F
330
1A
100
AcDbEntity
  8
Edge.Cuts
  6
CONTINUOUS
100
AcDbLine
 10
191.6423969999999883
 20
-128.2465239999999937
 30
0
 11
195.0462639999999794
 21
-129.4185689999999909
 31
0
  0
LINE
  5
D60
330
1A
100
AcDbEntity
  8
Edge.Cuts
  6
CONTINUOUS
100
AcDbLine
 10
195.0462639999999794
 20
-129.4185689999999909
 30
0
 11
194.0370029999999986
 21
-132.3496759999999881
 31
0
  0
LINE
  5
D61
330
1A
100
AcDbEntity
  8
Edge.Cuts
  6
CONTINUOUS
100
AcDbLine
 10
194.0370029999999986
 20
-132.3496759999999881
 30
0
 11
190.633135999999979
 21
-131.177630999999991
 31
0
  0
LINE
  5
D62
330
1A
100
AcDbEntity
  8
Edge.Cuts
  6
CONTINUOUS
100
AcDbLine
 10
190.633135999999979
 20
-131.177630999999991
 30
0
 11
191.6423969999999883
 21
-128.2465239999999937
 31
0
  0
LINE
  5
D63
330
1A
100
AcDbEntity
  8
Edge.Cuts
  6
CONTINUOUS
100
AcDbLine
 10
96.3619580000000013
 20
-57.3185789999999997
 30
0
 11
99.9482589999999931
 21
-57.0048180000000002
 31
0
  0
LINE
  5
D64
330
1A
100
AcDbEntity
  8
Edge.Cuts
  6
CONTINUOUS
100
AcDbLine
 10
99.9482589999999931
 20
-57.0048180000000002
 30
0
 11
100.218441999999996
 21
-60.0930210000000002
 31
0
  0
LINE
  5
D65
330
1A
100
AcDbEntity
  8
Edge.Cuts
  6
CONTINUOUS
100
AcDbLine
 10
100.218441999999996
 20
-60.0930210000000002
 30
0
 11
96.6321409999999901
 21
-60.4067819999999998
 31
0
  0
LINE
  5
D66
330
1A
100
AcDbEntity
  8
Edge.Cuts
  6
CONTINUOUS
100
AcDbLine
 10
96.6321409999999901
 20
-60.4067819999999998
 30
0
 11
96.3619580000000013
 21
-57.3185789999999997
 31
0
  0
LINE
  5
D67
330
1A
100
AcDbEntity
  8
Edge.Cuts
  6
CONTINUOUS
100
AcDbLine
 10
156.8599909999999795
 20
-85.3421249999999958
 30
0
 11
160.4577979999999968
 21
-85.4677629999999908
 31
0
  0
LINE
  5
D68
330
1A
100
AcDbEntity
  8
Edge.Cuts
  6
CONTINUOUS
100
AcDbLine
 10
160.4577979999999968
 20
-85.4677629999999908
 30
0
 11
160.3496089999999867
 21
-88.5658749999999912
 31
0
  0
LINE
  5
D69
330
1A
100
AcDbEntity
  8
Edge.Cuts
  6
CONTINUOUS
100
AcDbLine
 10
160.3496089999999867
 20
-88.5658749999999912
 30
0
 11
156.7518019999999979
 21
-88.4402369999999962
 31
0
  0
LINE
  5
D6A
330
1A
100
AcDbEntity
  8
Edge.Cuts
  6
CONTINUOUS
100
AcDbLine
 10
156.7518019999999979
 20
-88.4402369999999962
 30
0
 11
156.8599909999999795
 21
-85.3421249999999958
 31
0
  0
LINE
  5
D6B
330
1A
100
AcDbEntity
  8
Edge.Cuts
  6
CONTINUOUS
100
AcDbLine
 10
137.6873999999999967
 20
-47.8906999999999954
 30
0
 11
141.287399999999991
 21
-47.8906999999999954
 31
0
  0
LINE
  5
D6C
330
1A
100
AcDbEntity
  8
Edge.Cuts
  6
CONTINUOUS
100
AcDbLine
 10
141.287399999999991
 20
-47.8906999999999954
 30
0
 11
141.287399999999991
 21
-50.9906999999999968
 31
0
  0
LINE
  5
D6D
330
1A
100
AcDbEntity
  8
Edge.Cuts
  6
CONTINUOUS
100
AcDbLine
 10
141.287399999999991
 20
-50.9906999999999968
 30
0
 11
137.6873999999999967
 21
-50.9906999999999968
 31
0
  0
LINE
  5
D6E
330
1A
100
AcDbEntity
  8
Edge.Cuts
  6
CONTINUOUS
100
AcDbLine
 10
137.6873999999999967
 20
-50.9906999999999968
 30
0
 11
137.6873999999999967
 21
-47.8906999999999954
 31
0
  0
LINE
  5
D6F
330
1A
100
AcDbEntity
  8
Edge.Cuts
  6
CONTINUOUS
100
AcDbLine
 10
117.22584599999999
 20
-69.0063289999999938
 30
0
 11
120.8209119999999928
 21
-68.8179190000000034
 31
0
  0
LINE
  5
D70
330
1A
100
AcDbEntity
  8
Edge.Cuts
  6
CONTINUOUS
100
AcDbLine
 10
120.8209119999999928
 20
-68.8179190000000034
 30
0
 11
120.983153999999999
 21
-71.9136709999999937
 31
0
  0
LINE
  5
D71
330
1A
100
AcDbEntity
  8
Edge.Cuts
  6
CONTINUOUS
100
AcDbLine
 10
120.983153999999999
 20
-71.9136709999999937
 30
0
 11
117.3880879999999962
 21
-72.1020809999999983
 31
0
  0
LINE
  5
D72
330
1A
100
AcDbEntity
  8
Edge.Cuts
  6
CONTINUOUS
100
AcDbLine
 10
117.3880879999999962
 20
-72.1020809999999983
 30
0
 11
117.22584599999999
 21
-69.0063289999999938
 31
0
  0
LINE
  5
D73
330
1A
100
AcDbEntity
  8
Edge.Cuts
  6
CONTINUOUS
100
AcDbLine
 10
81.698757999999998
 20
-96.2446789999999908
 30
0
 11
85.2850589999999897
 21
-95.9309179999999913
 31
0
  0
LINE
  5
D74
330
1A
100
AcDbEntity
  8
Edge.Cuts
  6
CONTINUOUS
100
AcDbLine
 10
85.2850589999999897
 20
-95.9309179999999913
 30
0
 11
85.5552419999999927
 21
-99.0191209999999984
 31
0
  0
LINE
  5
D75
330
1A
100
AcDbEntity
  8
Edge.Cuts
  6
CONTINUOUS
100
AcDbLine
 10
85.5552419999999927
 20
-99.0191209999999984
 30
0
 11
81.9689410000000009
 21
-99.3328819999999979
 31
0
  0
LINE
  5
D76
330
1A
100
AcDbEntity
  8
Edge.Cuts
  6
CONTINUOUS
100
AcDbLine
 10
81.9689410000000009
 20
-99.3328819999999979
 30
0
 11
81.698757999999998
 21
-96.2446789999999908
 31
0
  0
LINE
  5
D77
330
1A
100
AcDbEntity
  8
Edge.Cuts
  6
CONTINUOUS
100
AcDbLine
 10
216.6427259999999819
 20
-116.7098879999999923
 30
0
 11
220.0036149999999964
 21
-118.0000129999999956
 31
0
  0
LINE
  5
D78
330
1A
100
AcDbEntity
  8
Edge.Cuts
  6
CONTINUOUS
100
AcDbLine
 10
220.0036149999999964
 20
-118.0000129999999956
 30
0
 11
218.8926739999999995
 21
-120.8941119999999927
 31
0
  0
LINE
  5
D79
330
1A
100
AcDbEntity
  8
Edge.Cuts
  6
CONTINUOUS
100
AcDbLine
 10
218.8926739999999995
 20
-120.8941119999999927
 30
0
 11
215.5317849999999851
 21
-119.6039869999999894
 31
0
  0
LINE
  5
D7A
330
1A
100
AcDbEntity
  8
Edge.Cuts
  6
CONTINUOUS
100
AcDbLine
 10
215.5317849999999851
 20
-119.6039869999999894
 30
0
 11
216.6427259999999819
 21
-116.7098879999999923
 31
0
  0
LINE
  5
D7B
330
1A
100
AcDbEntity
  8
Edge.Cuts
  6
CONTINUOUS
100
AcDbLine
 10
78.7354579999999942
 20
-62.3739789999999985
 30
0
 11
82.3217590000000001
 21
-62.060217999999999
 31
0
  0
LINE
  5
D7C
330
1A
100
AcDbEntity
  8
Edge.Cuts
  6
CONTINUOUS
100
AcDbLine
 10
82.3217590000000001
 20
-62.060217999999999
 30
0
 11
82.5919420000000031
 21
-65.148420999999999
 31
0
  0
LINE
  5
D7D
330
1A
100
AcDbEntity
  8
Edge.Cuts
  6
CONTINUOUS
100
AcDbLine
 10
82.5919420000000031
 20
-65.148420999999999
 30
0
 11
79.0056409999999971
 21
-65.4621819999999985
 31
0
  0
LINE
  5
D7E
330
1A
100
AcDbEntity
  8
Edge.Cuts
  6
CONTINUOUS
100
AcDbLine
 10
79.0056409999999971
 20
-65.4621819999999985
 30
0
 11
78.7354579999999942
 21
-62.3739789999999985
 31
0
  0
ENDSEC
  0
SECTION
  2
OBJECTS
  0
DICTIONARY
  5
20
330
0
100
AcDbDictionary
281
1
  3
ACAD_GROUP
350
D7F
  3
ACAD_LAYOUT
350
21
  3
ACAD_PLOTSTYLENAME
350
11
  0
DICTIONARY
  5
D7F
330
20
100
AcDbDictionary
281
1
  0
ACDBDICTIONARYWDFLT
  5
11
330
20
100
AcDbDictionary
281
1
  3
Normal
350
10
100
AcDbDictionaryWithDefault
340
10
  0
ACDBPLACEHOLDER
  5
10
330
11
  0
DICTIONARY
  5
21
330
20
100
AcDbDictionary
281
1
  3
Model
350
1D
  3
Layout1
350
1E
  3
Layout2
350
1F
  0
LAYOUT
  5
1D
330
21
100
AcDbPlotSettings
  1

  2
none_device
  4
A3
  6

 40
0.0
 41
0.0
 42
0.0
 43
0.0
 44
420.0
 45
297.0
 46
0.0
 47
0.0
 48
0.0
 49
0.0
140
0.0
141
0.0
142
1.0
143
1.0
 70
1024
 72
1
 73
0
 74
5
  7

 75
16
 76
0
 77
2
 78
300
147
1.0
148
0.0
149
0.0
100
AcDbLayout
  1
Model
 70
1
 71
0
 10
0.0
 20
0.0
 11
420.0
 21
297.0
 12
0.0
 22
0.0
 32
0.0
 14
1e+20
 24
1e+20
 34
1e+20
 15
-1e+20
 25
-1e+20
 35
-1e+20
146
0.0
 13
0.0
 23
0.0
 33
0.0
 16
1.0
 26
0.0
 36
0.0
 17
0.0
 27
1.0
 37
0.0
 76
0
330
1A
  0
LAYOUT
  5
1E
330
21
100
AcDbPlotSettings
  1

  2
none_device
  4
A3
  6

 40
0.0
 41
0.0
 42
0.0
 43
0.0
 44
420.0
 45
297.0
 46
0.0
 47
0.0
 48
0.0
 49
0.0
140
0.0
141
0.0
142
1.0
143
1.0
 70
0
 72
1
 73
0
 74
5
  7

 75
16
 76
0
 77
2
 78
300
147
1.0
148
0.0
149
0.0
100
AcDbLayout
  1
Layout1
 70
1
 71
1
 10
0.0
 20
0.0
 11
420.0
 21
297.0
 12
0.0
 22
0.0
 32
0.0
 14
1e+20
 24
1e+20
 34
1e+20
 15
-1e+20
 25
-1e+20
 35
-1e+20
146
0.0
 13
0.0
 23
0.0
 33
0.0
 16
1.0
 26
0.0
 36
0.0
 17
0.0
 27
1.0
 37
0.0
 76
0
330
1B
  0
LAYOUT
  5
1F
330
21
100
AcDbPlotSettings
  1

  2
none_device
  4
A3
  6

 40
0.0
 41
0.0
 42
0.0
 43
0.0
 44
420.0
 45
297.0
 46
0.0
 47
0.0
 48
0.0
 49
0.0
140
0.0
141
0.0
142
1.0
143
1.0
 70
0
 72
1
 73
0
 74
5
  7

 75
16
 76
0
 77
2
 78
300
147
1.0
148
0.0
149
0.0
100
AcDbLayout
  1
Layout2
 70
1
 71
2
 10
0.0
 20
0.0
 11
420.0
 21
297.0
 12
0.0
 22
0.0
 32
0.0
 14
1e+20
 24
1e+20
 34
1e+20
 15
-1e+20
 25
-1e+20
 35
-1e+20
146
0.0
 13
0.0
 23
0.0
 33
0.0
 16
1.0
 26
0.0
 36
0.0
 17
0.0
 27
1.0
 37
0.0
 76
0
330
1C
  0
ENDSEC
  0
EOF
