solid OpenSCAD_Model
  facet normal 0 0 -1
    outer loop
      vertex 101.36 34.9908 0
      vertex 90.0155 30.8181 0
      vertex 90.03 31.04 0
    endloop
  endfacet
  facet normal 0 0 -1
    outer loop
      vertex 97.0619 20.9331 0
      vertex 89.9721 30.6 0
      vertex 90.0155 30.8181 0
    endloop
  endfacet
  facet normal 0 0 -1
    outer loop
      vertex 89.8186 16.1402 0
      vertex 97.0619 20.9331 0
      vertex 89.925 16.0296 0
    endloop
  endfacet
  facet normal 0 0 -1
    outer loop
      vertex 97.0619 20.9331 0
      vertex 89.9006 30.3894 0
      vertex 89.9721 30.6 0
    endloop
  endfacet
  facet normal 0 0 -1
    outer loop
      vertex 89.7165 16.2531 0
      vertex 97.0619 20.9331 0
      vertex 89.8186 16.1402 0
    endloop
  endfacet
  facet normal 0 -0 -1
    outer loop
      vertex 89.8022 30.19 0
      vertex 97.0619 20.9331 0
      vertex 88.8289 27.0727 0
    endloop
  endfacet
  facet normal 0 0 -1
    outer loop
      vertex 89.6154 16.3729 0
      vertex 97.0619 20.9331 0
      vertex 89.7165 16.2531 0
    endloop
  endfacet
  facet normal 0 0 -1
    outer loop
      vertex 97.0619 20.9331 0
      vertex 89.8022 30.19 0
      vertex 89.9006 30.3894 0
    endloop
  endfacet
  facet normal 0 0 -1
    outer loop
      vertex 89.5202 16.4934 0
      vertex 97.0619 20.9331 0
      vertex 89.6154 16.3729 0
    endloop
  endfacet
  facet normal 0 0 -1
    outer loop
      vertex 89.8022 30.19 0
      vertex 88.8289 27.0727 0
      vertex 89.6787 30.0051 0
    endloop
  endfacet
  facet normal 0 0 -1
    outer loop
      vertex 89.4291 16.6167 0
      vertex 97.0619 20.9331 0
      vertex 89.5202 16.4934 0
    endloop
  endfacet
  facet normal 0 0 -1
    outer loop
      vertex 89.3431 16.7416 0
      vertex 97.0619 20.9331 0
      vertex 89.4291 16.6167 0
    endloop
  endfacet
  facet normal 0 0 -1
    outer loop
      vertex 89.6787 30.0051 0
      vertex 88.8289 27.0727 0
      vertex 89.5321 29.8379 0
    endloop
  endfacet
  facet normal 0 0 -1
    outer loop
      vertex 89.2581 16.8737 0
      vertex 97.0619 20.9331 0
      vertex 89.3431 16.7416 0
    endloop
  endfacet
  facet normal 0 0 -1
    outer loop
      vertex 89.1795 17.0061 0
      vertex 97.0619 20.9331 0
      vertex 89.2581 16.8737 0
    endloop
  endfacet
  facet normal 0 0 -1
    outer loop
      vertex 89.5321 29.8379 0
      vertex 88.8289 27.0727 0
      vertex 89.3649 29.6913 0
    endloop
  endfacet
  facet normal 0 0 -1
    outer loop
      vertex 89.1049 17.1406 0
      vertex 97.0619 20.9331 0
      vertex 89.1795 17.0061 0
    endloop
  endfacet
  facet normal 0 0 -1
    outer loop
      vertex 89.036 17.276 0
      vertex 97.0619 20.9331 0
      vertex 89.1049 17.1406 0
    endloop
  endfacet
  facet normal 0 0 -1
    outer loop
      vertex 88.97 17.4157 0
      vertex 97.0619 20.9331 0
      vertex 89.036 17.276 0
    endloop
  endfacet
  facet normal 0 0 -1
    outer loop
      vertex 89.3649 29.6913 0
      vertex 88.8289 27.0727 0
      vertex 89.18 29.5678 0
    endloop
  endfacet
  facet normal 0 0 -1
    outer loop
      vertex 88.9091 17.5578 0
      vertex 97.0619 20.9331 0
      vertex 88.97 17.4157 0
    endloop
  endfacet
  facet normal 0 0 -1
    outer loop
      vertex 88.8528 17.7005 0
      vertex 97.0619 20.9331 0
      vertex 88.9091 17.5578 0
    endloop
  endfacet
  facet normal 0 0 -1
    outer loop
      vertex 88.8011 17.8468 0
      vertex 97.0619 20.9331 0
      vertex 88.8528 17.7005 0
    endloop
  endfacet
  facet normal 0 0 -1
    outer loop
      vertex 89.18 29.5678 0
      vertex 88.8289 27.0727 0
      vertex 88.9806 29.4694 0
    endloop
  endfacet
  facet normal 0 0 -1
    outer loop
      vertex 88.8289 27.0727 0
      vertex 88.77 29.3979 0
      vertex 88.9806 29.4694 0
    endloop
  endfacet
  facet normal 0 0 -1
    outer loop
      vertex 88.8289 27.0727 0
      vertex 88.5519 29.3545 0
      vertex 88.77 29.3979 0
    endloop
  endfacet
  facet normal 0 0 -1
    outer loop
      vertex 88.33 29.34 0
      vertex 88.8289 27.0727 0
      vertex 88.33 27.04 0
    endloop
  endfacet
  facet normal 0 0 -1
    outer loop
      vertex 88.8289 27.0727 0
      vertex 88.33 29.34 0
      vertex 88.5519 29.3545 0
    endloop
  endfacet
  facet normal 0 0 -1
    outer loop
      vertex 88.33 27.04 0
      vertex 88.1081 29.3545 0
      vertex 88.33 29.34 0
    endloop
  endfacet
  facet normal 0 0 -1
    outer loop
      vertex 87.8079 27.0742 0
      vertex 88.1081 29.3545 0
      vertex 88.33 27.04 0
    endloop
  endfacet
  facet normal -0 0 -1
    outer loop
      vertex 88.1081 29.3545 0
      vertex 87.8079 27.0742 0
      vertex 87.89 29.3979 0
    endloop
  endfacet
  facet normal 0 0 -1
    outer loop
      vertex 87.2947 27.1763 0
      vertex 87.89 29.3979 0
      vertex 87.8079 27.0742 0
    endloop
  endfacet
  facet normal -0 0 -1
    outer loop
      vertex 87.89 29.3979 0
      vertex 87.2947 27.1763 0
      vertex 87.6794 29.4694 0
    endloop
  endfacet
  facet normal 0 0 -1
    outer loop
      vertex 86.7993 27.3445 0
      vertex 87.6794 29.4694 0
      vertex 87.2947 27.1763 0
    endloop
  endfacet
  facet normal -0 0 -1
    outer loop
      vertex 87.6794 29.4694 0
      vertex 86.7993 27.3445 0
      vertex 87.48 29.5678 0
    endloop
  endfacet
  facet normal 0 0 -1
    outer loop
      vertex 86.33 27.5759 0
      vertex 87.48 29.5678 0
      vertex 86.7993 27.3445 0
    endloop
  endfacet
  facet normal -0 0 -1
    outer loop
      vertex 87.48 29.5678 0
      vertex 86.33 27.5759 0
      vertex 87.2951 29.6913 0
    endloop
  endfacet
  facet normal 0 0 -1
    outer loop
      vertex 85.895 27.8666 0
      vertex 87.2951 29.6913 0
      vertex 86.33 27.5759 0
    endloop
  endfacet
  facet normal -0 0 -1
    outer loop
      vertex 87.2951 29.6913 0
      vertex 85.895 27.8666 0
      vertex 87.1279 29.8379 0
    endloop
  endfacet
  facet normal 0 0 -1
    outer loop
      vertex 85.5016 28.2116 0
      vertex 87.1279 29.8379 0
      vertex 85.895 27.8666 0
    endloop
  endfacet
  facet normal -0 0 -1
    outer loop
      vertex 87.1279 29.8379 0
      vertex 85.5016 28.2116 0
      vertex 86.9813 30.0051 0
    endloop
  endfacet
  facet normal 0 0 -1
    outer loop
      vertex 85.1566 28.605 0
      vertex 86.9813 30.0051 0
      vertex 85.5016 28.2116 0
    endloop
  endfacet
  facet normal -0 0 -1
    outer loop
      vertex 86.9813 30.0051 0
      vertex 85.1566 28.605 0
      vertex 86.8578 30.19 0
    endloop
  endfacet
  facet normal 0 0 -1
    outer loop
      vertex 84.8659 29.04 0
      vertex 86.8578 30.19 0
      vertex 85.1566 28.605 0
    endloop
  endfacet
  facet normal 0 0 -1
    outer loop
      vertex 150.18 -4.2 0
      vertex 152.48 -4.2 0
      vertex 152.446 -4.7221 0
    endloop
  endfacet
  facet normal 0 0 -1
    outer loop
      vertex 150.165 -4.42189 0
      vertex 152.446 -4.7221 0
      vertex 152.344 -5.23528 0
    endloop
  endfacet
  facet normal 0 0 -1
    outer loop
      vertex 152.48 -4.2 0
      vertex 150.18 -4.2 0
      vertex 152.446 -3.67789 0
    endloop
  endfacet
  facet normal 0 0 -1
    outer loop
      vertex 150.165 -4.42189 0
      vertex 152.344 -5.23528 0
      vertex 152.176 -5.73073 0
    endloop
  endfacet
  facet normal 0 0 -1
    outer loop
      vertex 150.165 -3.9781 0
      vertex 152.446 -3.67789 0
      vertex 150.18 -4.2 0
    endloop
  endfacet
  facet normal -0 0 -1
    outer loop
      vertex 152.446 -3.67789 0
      vertex 150.165 -3.9781 0
      vertex 152.344 -3.16472 0
    endloop
  endfacet
  facet normal 0 0 -1
    outer loop
      vertex 150.165 -4.42189 0
      vertex 152.176 -5.73073 0
      vertex 151.944 -6.2 0
    endloop
  endfacet
  facet normal 0 0 -1
    outer loop
      vertex 169.45 37.31 0
      vertex 171.75 37.31 0
      vertex 171.716 36.7879 0
    endloop
  endfacet
  facet normal 0 0 -1
    outer loop
      vertex 169.435 37.0881 0
      vertex 171.716 36.7879 0
      vertex 171.614 36.2747 0
    endloop
  endfacet
  facet normal 0 0 -1
    outer loop
      vertex 171.75 37.31 0
      vertex 169.45 37.31 0
      vertex 171.716 37.8321 0
    endloop
  endfacet
  facet normal 0 0 -1
    outer loop
      vertex 169.392 36.87 0
      vertex 171.614 36.2747 0
      vertex 171.446 35.7793 0
    endloop
  endfacet
  facet normal 0 0 -1
    outer loop
      vertex 169.435 37.5319 0
      vertex 171.716 37.8321 0
      vertex 169.45 37.31 0
    endloop
  endfacet
  facet normal 0 0 -1
    outer loop
      vertex 169.321 36.6594 0
      vertex 171.446 35.7793 0
      vertex 171.214 35.31 0
    endloop
  endfacet
  facet normal -0 0 -1
    outer loop
      vertex 171.716 37.8321 0
      vertex 169.435 37.5319 0
      vertex 171.614 38.3453 0
    endloop
  endfacet
  facet normal 0 0 -1
    outer loop
      vertex 169.222 36.46 0
      vertex 171.214 35.31 0
      vertex 170.923 34.875 0
    endloop
  endfacet
  facet normal 0 0 -1
    outer loop
      vertex 169.392 37.75 0
      vertex 171.614 38.3453 0
      vertex 169.435 37.5319 0
    endloop
  endfacet
  facet normal 0 0 -1
    outer loop
      vertex 169.099 36.2751 0
      vertex 170.923 34.875 0
      vertex 170.578 34.4816 0
    endloop
  endfacet
  facet normal -0 0 -1
    outer loop
      vertex 171.614 38.3453 0
      vertex 169.392 37.75 0
      vertex 171.446 38.8407 0
    endloop
  endfacet
  facet normal 0 0 -1
    outer loop
      vertex 168.952 36.1079 0
      vertex 170.578 34.4816 0
      vertex 170.185 34.1366 0
    endloop
  endfacet
  facet normal 0 0 -1
    outer loop
      vertex 169.321 37.9606 0
      vertex 171.446 38.8407 0
      vertex 169.392 37.75 0
    endloop
  endfacet
  facet normal 0 0 -1
    outer loop
      vertex 168.785 35.9613 0
      vertex 170.185 34.1366 0
      vertex 169.75 33.8459 0
    endloop
  endfacet
  facet normal -0 0 -1
    outer loop
      vertex 171.446 38.8407 0
      vertex 169.321 37.9606 0
      vertex 171.214 39.31 0
    endloop
  endfacet
  facet normal 0 0 -1
    outer loop
      vertex 169.222 38.16 0
      vertex 171.214 39.31 0
      vertex 169.321 37.9606 0
    endloop
  endfacet
  facet normal 0 0 -1
    outer loop
      vertex 171.716 36.7879 0
      vertex 169.435 37.0881 0
      vertex 169.45 37.31 0
    endloop
  endfacet
  facet normal 0 0 -1
    outer loop
      vertex 171.614 36.2747 0
      vertex 169.392 36.87 0
      vertex 169.435 37.0881 0
    endloop
  endfacet
  facet normal 0 0 -1
    outer loop
      vertex 171.446 35.7793 0
      vertex 169.321 36.6594 0
      vertex 169.392 36.87 0
    endloop
  endfacet
  facet normal 0 0 -1
    outer loop
      vertex 168.6 35.8378 0
      vertex 169.75 33.8459 0
      vertex 169.281 33.6145 0
    endloop
  endfacet
  facet normal 0 0 -1
    outer loop
      vertex 171.214 35.31 0
      vertex 169.222 36.46 0
      vertex 169.321 36.6594 0
    endloop
  endfacet
  facet normal 0 0 -1
    outer loop
      vertex 170.923 34.875 0
      vertex 169.099 36.2751 0
      vertex 169.222 36.46 0
    endloop
  endfacet
  facet normal 0 0 -1
    outer loop
      vertex 170.578 34.4816 0
      vertex 168.952 36.1079 0
      vertex 169.099 36.2751 0
    endloop
  endfacet
  facet normal 0 0 -1
    outer loop
      vertex 168.401 35.7394 0
      vertex 169.281 33.6145 0
      vertex 168.785 33.4463 0
    endloop
  endfacet
  facet normal 0 0 -1
    outer loop
      vertex 170.185 34.1366 0
      vertex 168.785 35.9613 0
      vertex 168.952 36.1079 0
    endloop
  endfacet
  facet normal 0 0 -1
    outer loop
      vertex 169.75 33.8459 0
      vertex 168.6 35.8378 0
      vertex 168.785 35.9613 0
    endloop
  endfacet
  facet normal 0 0 -1
    outer loop
      vertex 169.281 33.6145 0
      vertex 168.401 35.7394 0
      vertex 168.6 35.8378 0
    endloop
  endfacet
  facet normal 0 0 -1
    outer loop
      vertex 168.19 35.6679 0
      vertex 168.785 33.4463 0
      vertex 168.272 33.3442 0
    endloop
  endfacet
  facet normal 0 0 -1
    outer loop
      vertex 168.785 33.4463 0
      vertex 168.19 35.6679 0
      vertex 168.401 35.7394 0
    endloop
  endfacet
  facet normal 0 0 -1
    outer loop
      vertex 168.272 33.3442 0
      vertex 167.972 35.6245 0
      vertex 168.19 35.6679 0
    endloop
  endfacet
  facet normal 0 0 -1
    outer loop
      vertex 167.75 33.31 0
      vertex 167.972 35.6245 0
      vertex 168.272 33.3442 0
    endloop
  endfacet
  facet normal 0 0 -1
    outer loop
      vertex 167.75 33.31 0
      vertex 167.75 35.61 0
      vertex 167.972 35.6245 0
    endloop
  endfacet
  facet normal 0 0 -1
    outer loop
      vertex 167.75 33.31 0
      vertex 167.528 35.6245 0
      vertex 167.75 35.61 0
    endloop
  endfacet
  facet normal 0 0 -1
    outer loop
      vertex 167.228 33.3442 0
      vertex 167.528 35.6245 0
      vertex 167.75 33.31 0
    endloop
  endfacet
  facet normal -0 0 -1
    outer loop
      vertex 167.528 35.6245 0
      vertex 167.228 33.3442 0
      vertex 167.31 35.6679 0
    endloop
  endfacet
  facet normal 0 0 -1
    outer loop
      vertex 166.715 33.4463 0
      vertex 167.31 35.6679 0
      vertex 167.228 33.3442 0
    endloop
  endfacet
  facet normal -0 0 -1
    outer loop
      vertex 167.31 35.6679 0
      vertex 166.715 33.4463 0
      vertex 167.099 35.7394 0
    endloop
  endfacet
  facet normal 0 0 -1
    outer loop
      vertex 166.219 33.6145 0
      vertex 167.099 35.7394 0
      vertex 166.715 33.4463 0
    endloop
  endfacet
  facet normal 0 0 -1
    outer loop
      vertex 166.143 33.6522 0
      vertex 167.099 35.7394 0
      vertex 166.219 33.6145 0
    endloop
  endfacet
  facet normal -0 0 -1
    outer loop
      vertex 167.099 35.7394 0
      vertex 166.143 33.6522 0
      vertex 166.9 35.8378 0
    endloop
  endfacet
  facet normal -0 0 -1
    outer loop
      vertex 166.9 35.8378 0
      vertex 166.143 33.6522 0
      vertex 166.715 35.9613 0
    endloop
  endfacet
  facet normal -0 0 -1
    outer loop
      vertex 166.715 35.9613 0
      vertex 166.143 33.6522 0
      vertex 166.548 36.1079 0
    endloop
  endfacet
  facet normal -0 0 -1
    outer loop
      vertex 166.548 36.1079 0
      vertex 166.143 33.6522 0
      vertex 166.401 36.2751 0
    endloop
  endfacet
  facet normal -0 0 -1
    outer loop
      vertex 166.401 36.2751 0
      vertex 166.143 33.6522 0
      vertex 166.278 36.46 0
    endloop
  endfacet
  facet normal -0 0 -1
    outer loop
      vertex 166.278 36.46 0
      vertex 166.143 33.6522 0
      vertex 166.179 36.6594 0
    endloop
  endfacet
  facet normal 0 0 -1
    outer loop
      vertex 158.679 36.038 0
      vertex 166.179 36.6594 0
      vertex 166.143 33.6522 0
    endloop
  endfacet
  facet normal -0 0 -1
    outer loop
      vertex 166.179 36.6594 0
      vertex 158.679 36.038 0
      vertex 166.108 36.87 0
    endloop
  endfacet
  facet normal -0 0 -1
    outer loop
      vertex 166.108 36.87 0
      vertex 158.679 36.038 0
      vertex 166.065 37.0881 0
    endloop
  endfacet
  facet normal -0 0 -1
    outer loop
      vertex 166.065 37.0881 0
      vertex 158.679 36.038 0
      vertex 166.05 37.31 0
    endloop
  endfacet
  facet normal 0 -0 -1
    outer loop
      vertex 164.193 41.8149 0
      vertex 166.05 37.31 0
      vertex 158.679 36.038 0
    endloop
  endfacet
  facet normal 0 0 -1
    outer loop
      vertex 166.05 37.31 0
      vertex 165.674 40.9221 0
      vertex 165.805 40.8012 0
    endloop
  endfacet
  facet normal 0 0 -1
    outer loop
      vertex 165.805 40.8012 0
      vertex 165.674 40.9221 0
      vertex 165.787 40.8185 0
    endloop
  endfacet
  facet normal 0 0 -1
    outer loop
      vertex 166.05 37.31 0
      vertex 165.558 41.022 0
      vertex 165.674 40.9221 0
    endloop
  endfacet
  facet normal 0 0 -1
    outer loop
      vertex 166.05 37.31 0
      vertex 165.433 41.1228 0
      vertex 165.558 41.022 0
    endloop
  endfacet
  facet normal 0 0 -1
    outer loop
      vertex 166.05 37.31 0
      vertex 165.31 41.2148 0
      vertex 165.433 41.1228 0
    endloop
  endfacet
  facet normal 0 0 -1
    outer loop
      vertex 166.05 37.31 0
      vertex 165.186 41.3016 0
      vertex 165.31 41.2148 0
    endloop
  endfacet
  facet normal 0 0 -1
    outer loop
      vertex 166.05 37.31 0
      vertex 165.059 41.3848 0
      vertex 165.186 41.3016 0
    endloop
  endfacet
  facet normal 0 0 -1
    outer loop
      vertex 166.05 37.31 0
      vertex 164.929 41.4639 0
      vertex 165.059 41.3848 0
    endloop
  endfacet
  facet normal 0 0 -1
    outer loop
      vertex 166.05 37.31 0
      vertex 164.797 41.5387 0
      vertex 164.929 41.4639 0
    endloop
  endfacet
  facet normal 0 0 -1
    outer loop
      vertex 166.05 37.31 0
      vertex 164.656 41.6124 0
      vertex 164.797 41.5387 0
    endloop
  endfacet
  facet normal 0 0 -1
    outer loop
      vertex 166.05 37.31 0
      vertex 164.517 41.6788 0
      vertex 164.656 41.6124 0
    endloop
  endfacet
  facet normal 0 0 -1
    outer loop
      vertex 166.05 37.31 0
      vertex 164.38 41.7396 0
      vertex 164.517 41.6788 0
    endloop
  endfacet
  facet normal 0 0 -1
    outer loop
      vertex 166.05 37.31 0
      vertex 164.193 41.8149 0
      vertex 164.38 41.7396 0
    endloop
  endfacet
  facet normal -0 0 -1
    outer loop
      vertex 166.143 33.6522 0
      vertex 153.411 22.3144 0
      vertex 158.679 36.038 0
    endloop
  endfacet
  facet normal 0 0 -1
    outer loop
      vertex 151.87 18.3 0
      vertex 166.143 33.6522 0
      vertex 152.952 -0.710846 0
    endloop
  endfacet
  facet normal 0 0 -1
    outer loop
      vertex 148.92 -2.55793 0
      vertex 152.952 -0.710846 0
      vertex 152.906 -0.825882 0
    endloop
  endfacet
  facet normal 0 0 -1
    outer loop
      vertex 148.92 -2.55793 0
      vertex 152.906 -0.825882 0
      vertex 152.843 -0.968613 0
    endloop
  endfacet
  facet normal 0 0 -1
    outer loop
      vertex 149.131 -2.6294 0
      vertex 152.843 -0.968613 0
      vertex 152.777 -1.10541 0
    endloop
  endfacet
  facet normal 0 0 -1
    outer loop
      vertex 149.131 -2.6294 0
      vertex 152.777 -1.10541 0
      vertex 152.706 -1.24197 0
    endloop
  endfacet
  facet normal 0 0 -1
    outer loop
      vertex 149.131 -2.6294 0
      vertex 152.706 -1.24197 0
      vertex 152.629 -1.37849 0
    endloop
  endfacet
  facet normal 0 0 -1
    outer loop
      vertex 149.131 -2.6294 0
      vertex 152.629 -1.37849 0
      vertex 152.549 -1.50856 0
    endloop
  endfacet
  facet normal 0 0 -1
    outer loop
      vertex 149.131 -2.6294 0
      vertex 152.549 -1.50856 0
      vertex 152.466 -1.63577 0
    endloop
  endfacet
  facet normal 0 0 -1
    outer loop
      vertex 149.131 -2.6294 0
      vertex 152.466 -1.63577 0
      vertex 152.378 -1.76236 0
    endloop
  endfacet
  facet normal 0 0 -1
    outer loop
      vertex 149.131 -2.6294 0
      vertex 152.378 -1.76236 0
      vertex 152.285 -1.88596 0
    endloop
  endfacet
  facet normal 0 0 -1
    outer loop
      vertex 149.131 -2.6294 0
      vertex 152.285 -1.88596 0
      vertex 152.189 -2.00496 0
    endloop
  endfacet
  facet normal 0 0 -1
    outer loop
      vertex 149.131 -2.6294 0
      vertex 152.189 -2.00496 0
      vertex 152.087 -2.12366 0
    endloop
  endfacet
  facet normal 0 0 -1
    outer loop
      vertex 149.33 -2.72776 0
      vertex 152.087 -2.12366 0
      vertex 151.98 -2.23938 0
    endloop
  endfacet
  facet normal 0 0 -1
    outer loop
      vertex 149.33 -2.72776 0
      vertex 151.98 -2.23938 0
      vertex 151.969 -2.2508 0
    endloop
  endfacet
  facet normal 0 0 -1
    outer loop
      vertex 150.122 -3.76001 0
      vertex 152.344 -3.16472 0
      vertex 150.165 -3.9781 0
    endloop
  endfacet
  facet normal 0 0 -1
    outer loop
      vertex 166.143 33.6522 0
      vertex 151.87 18.3 0
      vertex 153.411 22.3144 0
    endloop
  endfacet
  facet normal 0 0 -1
    outer loop
      vertex 151.87 18.3 0
      vertex 139.687 27.5824 0
      vertex 153.411 22.3144 0
    endloop
  endfacet
  facet normal 0 -0 -1
    outer loop
      vertex 139.687 27.5824 0
      vertex 151.87 18.3 0
      vertex 138.146 23.568 0
    endloop
  endfacet
  facet normal -0 0 -1
    outer loop
      vertex 171.214 39.31 0
      vertex 169.222 38.16 0
      vertex 170.923 39.745 0
    endloop
  endfacet
  facet normal 0 0 -1
    outer loop
      vertex 169.099 38.3449 0
      vertex 170.923 39.745 0
      vertex 169.222 38.16 0
    endloop
  endfacet
  facet normal -0 0 -1
    outer loop
      vertex 170.923 39.745 0
      vertex 169.099 38.3449 0
      vertex 170.578 40.1384 0
    endloop
  endfacet
  facet normal 0 0 -1
    outer loop
      vertex 168.952 38.5121 0
      vertex 170.578 40.1384 0
      vertex 169.099 38.3449 0
    endloop
  endfacet
  facet normal -0 0 -1
    outer loop
      vertex 170.578 40.1384 0
      vertex 168.952 38.5121 0
      vertex 170.185 40.4834 0
    endloop
  endfacet
  facet normal 0 0 -1
    outer loop
      vertex 168.785 38.6587 0
      vertex 170.185 40.4834 0
      vertex 168.952 38.5121 0
    endloop
  endfacet
  facet normal -0 0 -1
    outer loop
      vertex 170.185 40.4834 0
      vertex 168.785 38.6587 0
      vertex 169.75 40.7741 0
    endloop
  endfacet
  facet normal 0 0 -1
    outer loop
      vertex 168.6 38.7822 0
      vertex 169.75 40.7741 0
      vertex 168.785 38.6587 0
    endloop
  endfacet
  facet normal -0 0 -1
    outer loop
      vertex 169.75 40.7741 0
      vertex 168.6 38.7822 0
      vertex 169.281 41.0055 0
    endloop
  endfacet
  facet normal 0 0 -1
    outer loop
      vertex 168.401 38.8806 0
      vertex 169.281 41.0055 0
      vertex 168.6 38.7822 0
    endloop
  endfacet
  facet normal -0 0 -1
    outer loop
      vertex 169.281 41.0055 0
      vertex 168.401 38.8806 0
      vertex 168.785 41.1737 0
    endloop
  endfacet
  facet normal 0 0 -1
    outer loop
      vertex 168.19 38.9521 0
      vertex 168.785 41.1737 0
      vertex 168.401 38.8806 0
    endloop
  endfacet
  facet normal -0 0 -1
    outer loop
      vertex 168.785 41.1737 0
      vertex 168.19 38.9521 0
      vertex 168.272 41.2758 0
    endloop
  endfacet
  facet normal 0 0 -1
    outer loop
      vertex 167.972 38.9955 0
      vertex 168.272 41.2758 0
      vertex 168.19 38.9521 0
    endloop
  endfacet
  facet normal 0 0 -1
    outer loop
      vertex 167.75 39.01 0
      vertex 168.272 41.2758 0
      vertex 167.972 38.9955 0
    endloop
  endfacet
  facet normal 0 0 -1
    outer loop
      vertex 167.75 39.01 0
      vertex 167.75 41.31 0
      vertex 168.272 41.2758 0
    endloop
  endfacet
  facet normal 0 0 -1
    outer loop
      vertex 167.528 38.9955 0
      vertex 167.75 41.31 0
      vertex 167.75 39.01 0
    endloop
  endfacet
  facet normal 0 0 -1
    outer loop
      vertex 167.228 41.2758 0
      vertex 167.528 38.9955 0
      vertex 167.31 38.9521 0
    endloop
  endfacet
  facet normal 0 0 -1
    outer loop
      vertex 167.528 38.9955 0
      vertex 167.228 41.2758 0
      vertex 167.75 41.31 0
    endloop
  endfacet
  facet normal 0 0 -1
    outer loop
      vertex 166.715 41.1737 0
      vertex 167.31 38.9521 0
      vertex 167.099 38.8806 0
    endloop
  endfacet
  facet normal 0 0 -1
    outer loop
      vertex 165.805 40.8012 0
      vertex 167.099 38.8806 0
      vertex 166.9 38.7822 0
    endloop
  endfacet
  facet normal 0 0 -1
    outer loop
      vertex 165.805 40.8012 0
      vertex 166.9 38.7822 0
      vertex 166.715 38.6587 0
    endloop
  endfacet
  facet normal 0 0 -1
    outer loop
      vertex 167.31 38.9521 0
      vertex 166.715 41.1737 0
      vertex 167.228 41.2758 0
    endloop
  endfacet
  facet normal 0 0 -1
    outer loop
      vertex 165.805 40.8012 0
      vertex 166.715 38.6587 0
      vertex 166.548 38.5121 0
    endloop
  endfacet
  facet normal 0 0 -1
    outer loop
      vertex 165.805 40.8012 0
      vertex 166.548 38.5121 0
      vertex 166.401 38.3449 0
    endloop
  endfacet
  facet normal 0 0 -1
    outer loop
      vertex 165.805 40.8012 0
      vertex 166.401 38.3449 0
      vertex 166.278 38.16 0
    endloop
  endfacet
  facet normal 0 0 -1
    outer loop
      vertex 167.099 38.8806 0
      vertex 166.219 41.0055 0
      vertex 166.715 41.1737 0
    endloop
  endfacet
  facet normal 0 0 -1
    outer loop
      vertex 165.805 40.8012 0
      vertex 166.278 38.16 0
      vertex 166.179 37.9606 0
    endloop
  endfacet
  facet normal 0 0 -1
    outer loop
      vertex 165.805 40.8012 0
      vertex 166.179 37.9606 0
      vertex 166.108 37.75 0
    endloop
  endfacet
  facet normal 0 0 -1
    outer loop
      vertex 165.805 40.8012 0
      vertex 166.108 37.75 0
      vertex 166.065 37.5319 0
    endloop
  endfacet
  facet normal 0 0 -1
    outer loop
      vertex 165.805 40.8012 0
      vertex 166.065 37.5319 0
      vertex 166.05 37.31 0
    endloop
  endfacet
  facet normal 0 0 -1
    outer loop
      vertex 167.099 38.8806 0
      vertex 165.805 40.8012 0
      vertex 166.219 41.0055 0
    endloop
  endfacet
  facet normal 0 0 -1
    outer loop
      vertex 144.955 41.306 0
      vertex 164.193 41.8149 0
      vertex 158.679 36.038 0
    endloop
  endfacet
  facet normal 0 0 -1
    outer loop
      vertex 124.768 55.139 0
      vertex 144.955 41.306 0
      vertex 139.938 42.7794 0
    endloop
  endfacet
  facet normal 0 0 -1
    outer loop
      vertex 124.768 55.139 0
      vertex 139.938 42.7794 0
      vertex 126.039 47.5653 0
    endloop
  endfacet
  facet normal 0 0 -1
    outer loop
      vertex 144.955 41.306 0
      vertex 124.768 55.139 0
      vertex 164.193 41.8149 0
    endloop
  endfacet
  facet normal 0 0 -1
    outer loop
      vertex 126.576 93.9377 0
      vertex 124.567 98.0018 0
      vertex 124.695 97.9096 0
    endloop
  endfacet
  facet normal 0 -0 -1
    outer loop
      vertex 118.615 91.6367 0
      vertex 126.576 93.9377 0
      vertex 117.846 76.9568 0
    endloop
  endfacet
  facet normal 0 -0 -1
    outer loop
      vertex 120.911 97.8694 0
      vertex 126.576 93.9377 0
      vertex 118.615 91.6367 0
    endloop
  endfacet
  facet normal 0 -0 -1
    outer loop
      vertex 121.11 97.9678 0
      vertex 126.576 93.9377 0
      vertex 120.911 97.8694 0
    endloop
  endfacet
  facet normal 0 0 -1
    outer loop
      vertex 126.576 93.9377 0
      vertex 121.11 97.9678 0
      vertex 124.567 98.0018 0
    endloop
  endfacet
  facet normal -0 0 -1
    outer loop
      vertex 124.567 98.0018 0
      vertex 121.11 97.9678 0
      vertex 124.439 98.0875 0
    endloop
  endfacet
  facet normal 0 -0 -1
    outer loop
      vertex 121.295 98.0913 0
      vertex 124.439 98.0875 0
      vertex 121.11 97.9678 0
    endloop
  endfacet
  facet normal 0 0 -1
    outer loop
      vertex 124.439 98.0875 0
      vertex 121.295 98.0913 0
      vertex 124.31 98.169 0
    endloop
  endfacet
  facet normal 0 -0 -1
    outer loop
      vertex 121.902 99 0
      vertex 124.086 98.2948 0
      vertex 121.831 98.7894 0
    endloop
  endfacet
  facet normal 0 0 -1
    outer loop
      vertex 121.945 99.6619 0
      vertex 123.956 100.971 0
      vertex 121.96 99.44 0
    endloop
  endfacet
  facet normal 0 0 -1
    outer loop
      vertex 121.831 100.091 0
      vertex 123.956 100.971 0
      vertex 121.902 99.88 0
    endloop
  endfacet
  facet normal 0 0 -1
    outer loop
      vertex 121.732 100.29 0
      vertex 123.724 101.44 0
      vertex 121.831 100.091 0
    endloop
  endfacet
  facet normal -0 0 -1
    outer loop
      vertex 123.956 100.971 0
      vertex 121.831 100.091 0
      vertex 123.724 101.44 0
    endloop
  endfacet
  facet normal 0 0 -1
    outer loop
      vertex 121.902 99.88 0
      vertex 123.956 100.971 0
      vertex 121.945 99.6619 0
    endloop
  endfacet
  facet normal 0 0 -1
    outer loop
      vertex 124.086 98.2948 0
      vertex 121.96 99.44 0
      vertex 123.956 100.971 0
    endloop
  endfacet
  facet normal 0 -0 -1
    outer loop
      vertex 121.96 99.44 0
      vertex 124.086 98.2948 0
      vertex 121.945 99.2181 0
    endloop
  endfacet
  facet normal 0 -0 -1
    outer loop
      vertex 121.945 99.2181 0
      vertex 124.086 98.2948 0
      vertex 121.902 99 0
    endloop
  endfacet
  facet normal 0 -0 -1
    outer loop
      vertex 121.732 98.59 0
      vertex 124.086 98.2948 0
      vertex 121.609 98.4051 0
    endloop
  endfacet
  facet normal 0 -0 -1
    outer loop
      vertex 121.831 98.7894 0
      vertex 124.086 98.2948 0
      vertex 121.732 98.59 0
    endloop
  endfacet
  facet normal 0 0 -1
    outer loop
      vertex 120.973 48.8627 0
      vertex 126.039 47.5653 0
      vertex 121.253 33.6662 0
    endloop
  endfacet
  facet normal 0 0 -1
    outer loop
      vertex 126.039 47.5653 0
      vertex 120.973 48.8627 0
      vertex 124.768 55.139 0
    endloop
  endfacet
  facet normal 0 0 -1
    outer loop
      vertex 116.956 59.9801 0
      vertex 124.768 55.139 0
      vertex 120.973 48.8627 0
    endloop
  endfacet
  facet normal 0 0 -1
    outer loop
      vertex 105.202 119.028 0
      vertex 107.939 119.575 0
      vertex 107.939 115.232 0
    endloop
  endfacet
  facet normal 0 -0 -1
    outer loop
      vertex 105.642 119.79 0
      vertex 107.939 119.575 0
      vertex 105.571 119.579 0
    endloop
  endfacet
  facet normal 0 -0 -1
    outer loop
      vertex 105.685 120.008 0
      vertex 107.939 119.575 0
      vertex 105.642 119.79 0
    endloop
  endfacet
  facet normal 0 0 -1
    outer loop
      vertex 107.939 119.575 0
      vertex 105.7 120.23 0
      vertex 107.864 121.265 0
    endloop
  endfacet
  facet normal 0 0 -1
    outer loop
      vertex 105.642 120.67 0
      vertex 107.864 121.265 0
      vertex 105.685 120.452 0
    endloop
  endfacet
  facet normal -0 0 -1
    outer loop
      vertex 107.864 121.265 0
      vertex 105.642 120.67 0
      vertex 107.696 121.761 0
    endloop
  endfacet
  facet normal -0 0 -1
    outer loop
      vertex 107.696 121.761 0
      vertex 105.571 120.881 0
      vertex 107.464 122.23 0
    endloop
  endfacet
  facet normal 0 0 -1
    outer loop
      vertex 105.472 121.08 0
      vertex 107.464 122.23 0
      vertex 105.571 120.881 0
    endloop
  endfacet
  facet normal 0 0 -1
    outer loop
      vertex 105.571 120.881 0
      vertex 107.696 121.761 0
      vertex 105.642 120.67 0
    endloop
  endfacet
  facet normal 0 0 -1
    outer loop
      vertex 105.685 120.452 0
      vertex 107.864 121.265 0
      vertex 105.7 120.23 0
    endloop
  endfacet
  facet normal 0 -0 -1
    outer loop
      vertex 105.7 120.23 0
      vertex 107.939 119.575 0
      vertex 105.685 120.008 0
    endloop
  endfacet
  facet normal -0 0 -1
    outer loop
      vertex 107.939 119.575 0
      vertex 105.472 119.38 0
      vertex 105.571 119.579 0
    endloop
  endfacet
  facet normal 0 0 -1
    outer loop
      vertex 107.939 119.575 0
      vertex 105.349 119.195 0
      vertex 105.472 119.38 0
    endloop
  endfacet
  facet normal 0 0 -1
    outer loop
      vertex 107.939 119.575 0
      vertex 105.202 119.028 0
      vertex 105.349 119.195 0
    endloop
  endfacet
  facet normal 0 0 -1
    outer loop
      vertex 107.939 115.232 0
      vertex 105.035 118.881 0
      vertex 105.202 119.028 0
    endloop
  endfacet
  facet normal 0 0 -1
    outer loop
      vertex 107.939 115.232 0
      vertex 104.85 118.758 0
      vertex 105.035 118.881 0
    endloop
  endfacet
  facet normal 0 0 -1
    outer loop
      vertex 107.939 115.232 0
      vertex 104.651 118.659 0
      vertex 104.85 118.758 0
    endloop
  endfacet
  facet normal 0 0 -1
    outer loop
      vertex 107.939 115.232 0
      vertex 104.44 118.588 0
      vertex 104.651 118.659 0
    endloop
  endfacet
  facet normal 0 0 -1
    outer loop
      vertex 107.939 115.232 0
      vertex 104.222 118.545 0
      vertex 104.44 118.588 0
    endloop
  endfacet
  facet normal 0 0 -1
    outer loop
      vertex 107.939 115.232 0
      vertex 104 118.53 0
      vertex 104.222 118.545 0
    endloop
  endfacet
  facet normal 0 0 -1
    outer loop
      vertex 107.939 115.232 0
      vertex 103.778 118.545 0
      vertex 104 118.53 0
    endloop
  endfacet
  facet normal 0 0 -1
    outer loop
      vertex 107.939 115.232 0
      vertex 103.56 118.588 0
      vertex 103.778 118.545 0
    endloop
  endfacet
  facet normal 0 0 -1
    outer loop
      vertex 107.939 115.232 0
      vertex 103.349 118.659 0
      vertex 103.56 118.588 0
    endloop
  endfacet
  facet normal 0 0 -1
    outer loop
      vertex 89.85 115.232 0
      vertex 103.349 118.659 0
      vertex 107.939 115.232 0
    endloop
  endfacet
  facet normal -0 0 -1
    outer loop
      vertex 103.349 118.659 0
      vertex 89.85 115.232 0
      vertex 103.15 118.758 0
    endloop
  endfacet
  facet normal 0 0 -1
    outer loop
      vertex 100 120.23 0
      vertex 102.3 120.23 0
      vertex 102.315 120.008 0
    endloop
  endfacet
  facet normal 0 0 -1
    outer loop
      vertex 102.3 120.23 0
      vertex 101.565 123.403 0
      vertex 102 123.694 0
    endloop
  endfacet
  facet normal 0 0 -1
    outer loop
      vertex 100.033 119.726 0
      vertex 102.315 120.008 0
      vertex 102.358 119.79 0
    endloop
  endfacet
  facet normal 0 0 -1
    outer loop
      vertex 102.3 120.23 0
      vertex 101.172 123.058 0
      vertex 101.565 123.403 0
    endloop
  endfacet
  facet normal 0 0 -1
    outer loop
      vertex 100.033 119.726 0
      vertex 102.358 119.79 0
      vertex 102.429 119.579 0
    endloop
  endfacet
  facet normal 0 0 -1
    outer loop
      vertex 102.3 120.23 0
      vertex 100.827 122.665 0
      vertex 101.172 123.058 0
    endloop
  endfacet
  facet normal 0 0 -1
    outer loop
      vertex 100.033 119.726 0
      vertex 102.429 119.579 0
      vertex 102.528 119.38 0
    endloop
  endfacet
  facet normal 0 0 -1
    outer loop
      vertex 102.3 120.23 0
      vertex 100.536 122.23 0
      vertex 100.827 122.665 0
    endloop
  endfacet
  facet normal 0 0 -1
    outer loop
      vertex 100.033 119.726 0
      vertex 102.528 119.38 0
      vertex 102.651 119.195 0
    endloop
  endfacet
  facet normal 0 0 -1
    outer loop
      vertex 102.3 120.23 0
      vertex 100.304 121.761 0
      vertex 100.536 122.23 0
    endloop
  endfacet
  facet normal 0 0 -1
    outer loop
      vertex 100.033 119.726 0
      vertex 102.651 119.195 0
      vertex 102.798 119.028 0
    endloop
  endfacet
  facet normal 0 0 -1
    outer loop
      vertex 102.3 120.23 0
      vertex 100.136 121.265 0
      vertex 100.304 121.761 0
    endloop
  endfacet
  facet normal 0 0 -1
    outer loop
      vertex 100.033 119.726 0
      vertex 102.798 119.028 0
      vertex 102.965 118.881 0
    endloop
  endfacet
  facet normal 0 0 -1
    outer loop
      vertex 102.3 120.23 0
      vertex 100.034 120.752 0
      vertex 100.136 121.265 0
    endloop
  endfacet
  facet normal 0 -0 -1
    outer loop
      vertex 100.033 119.726 0
      vertex 103.15 118.758 0
      vertex 89.85 115.232 0
    endloop
  endfacet
  facet normal -0 0 -1
    outer loop
      vertex 102.315 120.008 0
      vertex 100.033 119.726 0
      vertex 100 120.23 0
    endloop
  endfacet
  facet normal 0 0 -1
    outer loop
      vertex 103.15 118.758 0
      vertex 100.033 119.726 0
      vertex 102.965 118.881 0
    endloop
  endfacet
  facet normal 0 0 -1
    outer loop
      vertex 79.9374 91.2093 0
      vertex 85.1253 90.2392 0
      vertex 85.045 87.9405 0
    endloop
  endfacet
  facet normal 0 0 -1
    outer loop
      vertex 79.9374 74.2093 0
      vertex 84.532 73.2495 0
      vertex 84.4517 70.9509 0
    endloop
  endfacet
  facet normal 0 0 -1
    outer loop
      vertex 84.532 73.2495 0
      vertex 79.9374 76.5093 0
      vertex 85.045 87.9405 0
    endloop
  endfacet
  facet normal 0 0 -1
    outer loop
      vertex 79.9374 57.2093 0
      vertex 83.9387 56.2599 0
      vertex 83.8584 53.9613 0
    endloop
  endfacet
  facet normal 0 0 -1
    outer loop
      vertex 83.9387 56.2599 0
      vertex 79.9374 59.5093 0
      vertex 84.4517 70.9509 0
    endloop
  endfacet
  facet normal 0 0 -1
    outer loop
      vertex 81.7015 32.8458 0
      vertex 83.3454 39.2703 0
      vertex 83.051 32.7675 0
    endloop
  endfacet
  facet normal 0 0 -1
    outer loop
      vertex 83.3454 39.2703 0
      vertex 79.9374 42.5093 0
      vertex 83.8584 53.9613 0
    endloop
  endfacet
  facet normal 0 0 -1
    outer loop
      vertex 80.384 32.9126 0
      vertex 83.3454 39.2703 0
      vertex 81.7015 32.8458 0
    endloop
  endfacet
  facet normal 0 0 -1
    outer loop
      vertex 79.0885 32.9685 0
      vertex 83.3454 39.2703 0
      vertex 80.384 32.9126 0
    endloop
  endfacet
  facet normal -0 0 -1
    outer loop
      vertex 83.8584 53.9613 0
      vertex 79.9374 42.5093 0
      vertex 79.9374 57.2093 0
    endloop
  endfacet
  facet normal 0 0 -1
    outer loop
      vertex 83.9387 56.2599 0
      vertex 79.9374 57.2093 0
      vertex 79.9374 59.5093 0
    endloop
  endfacet
  facet normal -0 0 -1
    outer loop
      vertex 84.4517 70.9509 0
      vertex 79.9374 59.5093 0
      vertex 79.9374 74.2093 0
    endloop
  endfacet
  facet normal 0 0 -1
    outer loop
      vertex 84.532 73.2495 0
      vertex 79.9374 74.2093 0
      vertex 79.9374 76.5093 0
    endloop
  endfacet
  facet normal -0 0 -1
    outer loop
      vertex 85.045 87.9405 0
      vertex 79.9374 76.5093 0
      vertex 79.9374 91.2093 0
    endloop
  endfacet
  facet normal 0 0 -1
    outer loop
      vertex 85.1253 90.2392 0
      vertex 79.9374 91.2093 0
      vertex 79.9374 93.5093 0
    endloop
  endfacet
  facet normal 0 0 -1
    outer loop
      vertex 85.1253 90.2392 0
      vertex 79.9374 93.5093 0
      vertex 85.6383 104.93 0
    endloop
  endfacet
  facet normal 0 0 -1
    outer loop
      vertex 79.9374 108.209 0
      vertex 85.6383 104.93 0
      vertex 79.9374 93.5093 0
    endloop
  endfacet
  facet normal 0 0 -1
    outer loop
      vertex 85.6383 104.93 0
      vertex 79.9374 108.209 0
      vertex 89.85 115.232 0
    endloop
  endfacet
  facet normal 0 0 -1
    outer loop
      vertex 65.2374 108.209 0
      vertex 89.85 115.232 0
      vertex 79.9374 108.209 0
    endloop
  endfacet
  facet normal 0 0 -1
    outer loop
      vertex 50.6106 119.726 0
      vertex 89.85 115.232 0
      vertex 65.2374 108.209 0
    endloop
  endfacet
  facet normal 0 0 -1
    outer loop
      vertex 60.175 72.8912 0
      vertex 65.2374 74.2093 0
      vertex 60.2954 70.5944 0
    endloop
  endfacet
  facet normal 0 0 -1
    outer loop
      vertex 61.9545 38.9378 0
      vertex 63.8638 32.7719 0
      vertex 62.9833 32.7014 0
    endloop
  endfacet
  facet normal 0 0 -1
    outer loop
      vertex 61.9545 38.9378 0
      vertex 62.9833 32.7014 0
      vertex 62.1302 32.625 0
    endloop
  endfacet
  facet normal 0 0 -1
    outer loop
      vertex 63.8638 32.7719 0
      vertex 61.9545 38.9378 0
      vertex 61.1852 53.6177 0
    endloop
  endfacet
  facet normal -0 0 -1
    outer loop
      vertex 65.2374 74.2093 0
      vertex 60.175 72.8912 0
      vertex 65.2374 76.5093 0
    endloop
  endfacet
  facet normal 0 0 -1
    outer loop
      vertex 59.4057 87.5711 0
      vertex 65.2374 76.5093 0
      vertex 60.175 72.8912 0
    endloop
  endfacet
  facet normal 0 0 -1
    outer loop
      vertex 65.2374 76.5093 0
      vertex 59.4057 87.5711 0
      vertex 65.2374 91.2093 0
    endloop
  endfacet
  facet normal 0 0 -1
    outer loop
      vertex 59.2853 89.8679 0
      vertex 65.2374 91.2093 0
      vertex 59.4057 87.5711 0
    endloop
  endfacet
  facet normal -0 0 -1
    outer loop
      vertex 65.2374 91.2093 0
      vertex 59.2853 89.8679 0
      vertex 65.2374 93.5093 0
    endloop
  endfacet
  facet normal 0 0 -1
    outer loop
      vertex 58.516 104.548 0
      vertex 65.2374 93.5093 0
      vertex 59.2853 89.8679 0
    endloop
  endfacet
  facet normal 0 0 -1
    outer loop
      vertex 65.2374 93.5093 0
      vertex 58.516 104.548 0
      vertex 65.2374 108.209 0
    endloop
  endfacet
  facet normal 0 0 -1
    outer loop
      vertex 89.85 115.232 0
      vertex 50.6106 119.726 0
      vertex 100.033 119.726 0
    endloop
  endfacet
  facet normal 0 0 -1
    outer loop
      vertex 58.516 104.548 0
      vertex 50.6106 119.726 0
      vertex 65.2374 108.209 0
    endloop
  endfacet
  facet normal 0 0 -1
    outer loop
      vertex 40.9268 127.695 0
      vertex 47.6106 132.459 0
      vertex 50.6106 119.726 0
    endloop
  endfacet
  facet normal 0 0 -1
    outer loop
      vertex 45.5 132.96 0
      vertex 43.2 132.96 0
      vertex 45.4658 133.482 0
    endloop
  endfacet
  facet normal -0 0 -1
    outer loop
      vertex 45.4658 133.482 0
      vertex 43.1855 133.182 0
      vertex 45.3637 133.995 0
    endloop
  endfacet
  facet normal 0 0 -1
    outer loop
      vertex 43.1421 133.4 0
      vertex 45.3637 133.995 0
      vertex 43.1855 133.182 0
    endloop
  endfacet
  facet normal 0 0 -1
    outer loop
      vertex 43.0706 133.611 0
      vertex 45.1955 134.491 0
      vertex 43.1421 133.4 0
    endloop
  endfacet
  facet normal -0 0 -1
    outer loop
      vertex 45.1955 134.491 0
      vertex 43.0706 133.611 0
      vertex 44.9641 134.96 0
    endloop
  endfacet
  facet normal -0 0 -1
    outer loop
      vertex 44.9641 134.96 0
      vertex 42.9722 133.81 0
      vertex 44.6734 135.395 0
    endloop
  endfacet
  facet normal -0 0 -1
    outer loop
      vertex 47.6106 132.459 0
      vertex 40.9268 127.695 0
      vertex 45.4672 132.459 0
    endloop
  endfacet
  facet normal 0 0 -1
    outer loop
      vertex 42.8007 106.277 0
      vertex 58.516 104.548 0
      vertex 43.8361 103.778 0
    endloop
  endfacet
  facet normal 0 0 -1
    outer loop
      vertex 58.516 104.548 0
      vertex 42.8007 106.277 0
      vertex 50.6106 119.726 0
    endloop
  endfacet
  facet normal 0 -0 -1
    outer loop
      vertex 43.2 132.96 0
      vertex 45.4672 132.459 0
      vertex 43.1855 132.738 0
    endloop
  endfacet
  facet normal 0 0 -1
    outer loop
      vertex 107.939 119.575 0
      vertex 108 120.23 0
      vertex 107.966 119.708 0
    endloop
  endfacet
  facet normal -0 0 -1
    outer loop
      vertex 108 120.23 0
      vertex 107.939 119.575 0
      vertex 107.966 120.752 0
    endloop
  endfacet
  facet normal -0 0 -1
    outer loop
      vertex 107.966 120.752 0
      vertex 107.939 119.575 0
      vertex 107.864 121.265 0
    endloop
  endfacet
  facet normal -0 0 -1
    outer loop
      vertex 107.464 122.23 0
      vertex 105.472 121.08 0
      vertex 107.173 122.665 0
    endloop
  endfacet
  facet normal 0 0 -1
    outer loop
      vertex 105.349 121.265 0
      vertex 107.173 122.665 0
      vertex 105.472 121.08 0
    endloop
  endfacet
  facet normal -0 0 -1
    outer loop
      vertex 107.173 122.665 0
      vertex 105.349 121.265 0
      vertex 106.828 123.058 0
    endloop
  endfacet
  facet normal 0 0 -1
    outer loop
      vertex 105.202 121.432 0
      vertex 106.828 123.058 0
      vertex 105.349 121.265 0
    endloop
  endfacet
  facet normal -0 0 -1
    outer loop
      vertex 106.828 123.058 0
      vertex 105.202 121.432 0
      vertex 106.435 123.403 0
    endloop
  endfacet
  facet normal 0 0 -1
    outer loop
      vertex 105.035 121.579 0
      vertex 106.435 123.403 0
      vertex 105.202 121.432 0
    endloop
  endfacet
  facet normal -0 0 -1
    outer loop
      vertex 106.435 123.403 0
      vertex 105.035 121.579 0
      vertex 106 123.694 0
    endloop
  endfacet
  facet normal 0 0 -1
    outer loop
      vertex 104.85 121.702 0
      vertex 106 123.694 0
      vertex 105.035 121.579 0
    endloop
  endfacet
  facet normal -0 0 -1
    outer loop
      vertex 106 123.694 0
      vertex 104.85 121.702 0
      vertex 105.531 123.926 0
    endloop
  endfacet
  facet normal 0 0 -1
    outer loop
      vertex 104.651 121.801 0
      vertex 105.531 123.926 0
      vertex 104.85 121.702 0
    endloop
  endfacet
  facet normal -0 0 -1
    outer loop
      vertex 105.531 123.926 0
      vertex 104.651 121.801 0
      vertex 105.035 124.094 0
    endloop
  endfacet
  facet normal 0 0 -1
    outer loop
      vertex 104.44 121.872 0
      vertex 105.035 124.094 0
      vertex 104.651 121.801 0
    endloop
  endfacet
  facet normal -0 0 -1
    outer loop
      vertex 105.035 124.094 0
      vertex 104.44 121.872 0
      vertex 104.522 124.196 0
    endloop
  endfacet
  facet normal 0 0 -1
    outer loop
      vertex 104.222 121.915 0
      vertex 104.522 124.196 0
      vertex 104.44 121.872 0
    endloop
  endfacet
  facet normal 0 0 -1
    outer loop
      vertex 104 121.93 0
      vertex 104.522 124.196 0
      vertex 104.222 121.915 0
    endloop
  endfacet
  facet normal 0 0 -1
    outer loop
      vertex 104 121.93 0
      vertex 104 124.23 0
      vertex 104.522 124.196 0
    endloop
  endfacet
  facet normal 0 0 -1
    outer loop
      vertex 103.778 121.915 0
      vertex 104 124.23 0
      vertex 104 121.93 0
    endloop
  endfacet
  facet normal 0 0 -1
    outer loop
      vertex 103.478 124.196 0
      vertex 103.778 121.915 0
      vertex 103.56 121.872 0
    endloop
  endfacet
  facet normal 0 0 -1
    outer loop
      vertex 103.778 121.915 0
      vertex 103.478 124.196 0
      vertex 104 124.23 0
    endloop
  endfacet
  facet normal 0 0 -1
    outer loop
      vertex 102.965 124.094 0
      vertex 103.56 121.872 0
      vertex 103.349 121.801 0
    endloop
  endfacet
  facet normal 0 0 -1
    outer loop
      vertex 102.469 123.926 0
      vertex 103.349 121.801 0
      vertex 103.15 121.702 0
    endloop
  endfacet
  facet normal 0 0 -1
    outer loop
      vertex 102 123.694 0
      vertex 103.15 121.702 0
      vertex 102.965 121.579 0
    endloop
  endfacet
  facet normal 0 0 -1
    outer loop
      vertex 103.56 121.872 0
      vertex 102.965 124.094 0
      vertex 103.478 124.196 0
    endloop
  endfacet
  facet normal 0 0 -1
    outer loop
      vertex 102 123.694 0
      vertex 102.965 121.579 0
      vertex 102.798 121.432 0
    endloop
  endfacet
  facet normal 0 0 -1
    outer loop
      vertex 102 123.694 0
      vertex 102.798 121.432 0
      vertex 102.651 121.265 0
    endloop
  endfacet
  facet normal 0 0 -1
    outer loop
      vertex 102 123.694 0
      vertex 102.651 121.265 0
      vertex 102.528 121.08 0
    endloop
  endfacet
  facet normal 0 0 -1
    outer loop
      vertex 103.349 121.801 0
      vertex 102.469 123.926 0
      vertex 102.965 124.094 0
    endloop
  endfacet
  facet normal 0 0 -1
    outer loop
      vertex 102 123.694 0
      vertex 102.528 121.08 0
      vertex 102.429 120.881 0
    endloop
  endfacet
  facet normal 0 0 -1
    outer loop
      vertex 102 123.694 0
      vertex 102.429 120.881 0
      vertex 102.358 120.67 0
    endloop
  endfacet
  facet normal 0 0 -1
    outer loop
      vertex 102 123.694 0
      vertex 102.358 120.67 0
      vertex 102.315 120.452 0
    endloop
  endfacet
  facet normal 0 0 -1
    outer loop
      vertex 102 123.694 0
      vertex 102.315 120.452 0
      vertex 102.3 120.23 0
    endloop
  endfacet
  facet normal 0 0 -1
    outer loop
      vertex 103.15 121.702 0
      vertex 102 123.694 0
      vertex 102.469 123.926 0
    endloop
  endfacet
  facet normal 0 0 -1
    outer loop
      vertex 102.3 120.23 0
      vertex 100 120.23 0
      vertex 100.034 120.752 0
    endloop
  endfacet
  facet normal 0 0 -1
    outer loop
      vertex -2.55793 85.44 0
      vertex 6.21077 93.238 0
      vertex -2.51454 85.2219 0
    endloop
  endfacet
  facet normal 0 0 -1
    outer loop
      vertex -2.6294 85.6506 0
      vertex 6.21077 93.238 0
      vertex -2.55793 85.44 0
    endloop
  endfacet
  facet normal 0 0 -1
    outer loop
      vertex -2.72776 85.85 0
      vertex 6.21077 93.238 0
      vertex -2.6294 85.6506 0
    endloop
  endfacet
  facet normal 0 -0 -1
    outer loop
      vertex -3.6528 92.6948 0
      vertex 6.21077 93.238 0
      vertex -3.66371 91.8949 0
    endloop
  endfacet
  facet normal 0 -0 -1
    outer loop
      vertex -3.64218 93.3648 0
      vertex 6.21077 93.238 0
      vertex -3.6528 92.6948 0
    endloop
  endfacet
  facet normal 0 0 -1
    outer loop
      vertex -3.69076 88.9666 0
      vertex 6.21077 93.238 0
      vertex -2.72776 85.85 0
    endloop
  endfacet
  facet normal 0 -0 -1
    outer loop
      vertex -3.63266 93.8976 0
      vertex 6.21077 93.238 0
      vertex -3.64218 93.3648 0
    endloop
  endfacet
  facet normal 0 0 -1
    outer loop
      vertex -3.69076 88.9666 0
      vertex -2.72776 85.85 0
      vertex -2.8513 86.0349 0
    endloop
  endfacet
  facet normal 0 -0 -1
    outer loop
      vertex -3.62502 94.2884 0
      vertex 6.21077 93.238 0
      vertex -3.63266 93.8976 0
    endloop
  endfacet
  facet normal 0 -0 -1
    outer loop
      vertex -3.6198 94.5284 0
      vertex 6.21077 93.238 0
      vertex -3.62502 94.2884 0
    endloop
  endfacet
  facet normal 0 0 -1
    outer loop
      vertex -3.69076 88.9666 0
      vertex -2.8513 86.0349 0
      vertex -2.99792 86.2021 0
    endloop
  endfacet
  facet normal 0 0 -1
    outer loop
      vertex 6.21077 93.238 0
      vertex -3.6198 94.5284 0
      vertex -2.49899 97.6431 0
    endloop
  endfacet
  facet normal 0 0 -1
    outer loop
      vertex -2.49899 97.6431 0
      vertex -3.6198 94.5284 0
      vertex -2.59718 97.5198 0
    endloop
  endfacet
  facet normal 0 0 -1
    outer loop
      vertex -2.59718 97.5198 0
      vertex -3.6198 94.5284 0
      vertex -2.69049 97.3945 0
    endloop
  endfacet
  facet normal 0 0 -1
    outer loop
      vertex -3.69076 88.9666 0
      vertex -2.99792 86.2021 0
      vertex -3.1651 86.3487 0
    endloop
  endfacet
  facet normal 0 0 -1
    outer loop
      vertex -2.69049 97.3945 0
      vertex -3.6198 94.5284 0
      vertex -2.78078 97.2644 0
    endloop
  endfacet
  facet normal 0 0 -1
    outer loop
      vertex -2.78078 97.2644 0
      vertex -3.6198 94.5284 0
      vertex -2.85898 97.1434 0
    endloop
  endfacet
  facet normal 0 0 -1
    outer loop
      vertex -2.85898 97.1434 0
      vertex -3.6198 94.5284 0
      vertex -2.93279 97.0223 0
    endloop
  endfacet
  facet normal 0 0 -1
    outer loop
      vertex -2.93279 97.0223 0
      vertex -3.6198 94.5284 0
      vertex -3.00374 96.8972 0
    endloop
  endfacet
  facet normal 0 0 -1
    outer loop
      vertex -3.69076 88.9666 0
      vertex -3.1651 86.3487 0
      vertex -3.35 86.4722 0
    endloop
  endfacet
  facet normal 0 0 -1
    outer loop
      vertex -3.00374 96.8972 0
      vertex -3.6198 94.5284 0
      vertex -3.06903 96.7745 0
    endloop
  endfacet
  facet normal 0 0 -1
    outer loop
      vertex -3.06903 96.7745 0
      vertex -3.6198 94.5284 0
      vertex -3.1329 96.6456 0
    endloop
  endfacet
  facet normal 0 0 -1
    outer loop
      vertex -3.18858 96.5243 0
      vertex -3.6198 94.5284 0
      vertex -3.24007 96.4048 0
    endloop
  endfacet
  facet normal 0 0 -1
    outer loop
      vertex -3.24007 96.4048 0
      vertex -3.6198 94.5284 0
      vertex -3.29138 96.276 0
    endloop
  endfacet
  facet normal 0 0 -1
    outer loop
      vertex -3.29138 96.276 0
      vertex -3.6198 94.5284 0
      vertex -3.33626 96.1534 0
    endloop
  endfacet
  facet normal 0 0 -1
    outer loop
      vertex -3.33626 96.1534 0
      vertex -3.6198 94.5284 0
      vertex -3.3791 96.0274 0
    endloop
  endfacet
  facet normal 0 0 -1
    outer loop
      vertex -3.69076 88.9666 0
      vertex -3.35 86.4722 0
      vertex -3.54944 86.5706 0
    endloop
  endfacet
  facet normal 0 0 -1
    outer loop
      vertex -3.3791 96.0274 0
      vertex -3.6198 94.5284 0
      vertex -3.41881 95.8982 0
    endloop
  endfacet
  facet normal 0 -0 -1
    outer loop
      vertex -3.61824 94.5981 0
      vertex -3.41881 95.8982 0
      vertex -3.6198 94.5284 0
    endloop
  endfacet
  facet normal 0 0 -1
    outer loop
      vertex -3.45294 95.7764 0
      vertex -3.61824 94.5981 0
      vertex -3.48557 95.6479 0
    endloop
  endfacet
  facet normal 0 0 -1
    outer loop
      vertex -3.51564 95.5137 0
      vertex -3.61824 94.5981 0
      vertex -3.54112 95.3832 0
    endloop
  endfacet
  facet normal 0 0 -1
    outer loop
      vertex -3.58266 95.1128 0
      vertex -3.61824 94.5981 0
      vertex -3.59869 94.9673 0
    endloop
  endfacet
  facet normal 0 0 -1
    outer loop
      vertex -3.60968 94.8248 0
      vertex -3.61824 94.5981 0
      vertex -3.61691 94.6804 0
    endloop
  endfacet
  facet normal 0 0 -1
    outer loop
      vertex -3.59869 94.9673 0
      vertex -3.61824 94.5981 0
      vertex -3.60968 94.8248 0
    endloop
  endfacet
  facet normal 0 0 -1
    outer loop
      vertex -3.56346 95.2507 0
      vertex -3.61824 94.5981 0
      vertex -3.58266 95.1128 0
    endloop
  endfacet
  facet normal 0 0 -1
    outer loop
      vertex -3.54112 95.3832 0
      vertex -3.61824 94.5981 0
      vertex -3.56346 95.2507 0
    endloop
  endfacet
  facet normal 0 0 -1
    outer loop
      vertex -3.48557 95.6479 0
      vertex -3.61824 94.5981 0
      vertex -3.51564 95.5137 0
    endloop
  endfacet
  facet normal 0 0 -1
    outer loop
      vertex -3.41881 95.8982 0
      vertex -3.61824 94.5981 0
      vertex -3.45294 95.7764 0
    endloop
  endfacet
  facet normal 0 0 -1
    outer loop
      vertex -3.1329 96.6456 0
      vertex -3.6198 94.5284 0
      vertex -3.18858 96.5243 0
    endloop
  endfacet
  facet normal 0 0 -1
    outer loop
      vertex 6.21077 93.238 0
      vertex -3.67441 90.9716 0
      vertex -3.66371 91.8949 0
    endloop
  endfacet
  facet normal 0 0 -1
    outer loop
      vertex 6.21077 93.238 0
      vertex -3.6841 89.9306 0
      vertex -3.67441 90.9716 0
    endloop
  endfacet
  facet normal 0 0 -1
    outer loop
      vertex 6.21077 93.238 0
      vertex -3.69076 88.9666 0
      vertex -3.6841 89.9306 0
    endloop
  endfacet
  facet normal 0 0 -1
    outer loop
      vertex -3.76001 86.6421 0
      vertex -3.69076 88.9666 0
      vertex -3.54944 86.5706 0
    endloop
  endfacet
  facet normal 0 0 -1
    outer loop
      vertex -3.9781 86.6855 0
      vertex -3.69076 88.9666 0
      vertex -3.76001 86.6421 0
    endloop
  endfacet
  facet normal 0 0 -1
    outer loop
      vertex -4.2 86.7 0
      vertex -3.69076 88.9666 0
      vertex -3.9781 86.6855 0
    endloop
  endfacet
  facet normal 0 0 -1
    outer loop
      vertex -4.2 86.7 0
      vertex -4.2 89 0
      vertex -3.69076 88.9666 0
    endloop
  endfacet
  facet normal 0 0 -1
    outer loop
      vertex -4.42189 86.6855 0
      vertex -4.2 89 0
      vertex -4.2 86.7 0
    endloop
  endfacet
  facet normal 0 0 -1
    outer loop
      vertex -4.7221 88.9658 0
      vertex -4.42189 86.6855 0
      vertex -4.63999 86.6421 0
    endloop
  endfacet
  facet normal 0 0 -1
    outer loop
      vertex -4.42189 86.6855 0
      vertex -4.7221 88.9658 0
      vertex -4.2 89 0
    endloop
  endfacet
  facet normal 0 0 -1
    outer loop
      vertex -5.23528 88.8637 0
      vertex -4.63999 86.6421 0
      vertex -4.85056 86.5706 0
    endloop
  endfacet
  facet normal 0 0 -1
    outer loop
      vertex -5.73073 88.6955 0
      vertex -4.85056 86.5706 0
      vertex -5.05 86.4722 0
    endloop
  endfacet
  facet normal 0 0 -1
    outer loop
      vertex -6.2 88.4641 0
      vertex -5.05 86.4722 0
      vertex -5.23489 86.3487 0
    endloop
  endfacet
  facet normal 0 0 -1
    outer loop
      vertex -4.63999 86.6421 0
      vertex -5.23528 88.8637 0
      vertex -4.7221 88.9658 0
    endloop
  endfacet
  facet normal 0 0 -1
    outer loop
      vertex -6.63505 88.1734 0
      vertex -5.23489 86.3487 0
      vertex -5.40208 86.2021 0
    endloop
  endfacet
  facet normal 0 0 -1
    outer loop
      vertex -7.02843 87.8284 0
      vertex -5.40208 86.2021 0
      vertex -5.5487 86.0349 0
    endloop
  endfacet
  facet normal 0 0 -1
    outer loop
      vertex -7.37341 87.435 0
      vertex -5.5487 86.0349 0
      vertex -5.67224 85.85 0
    endloop
  endfacet
  facet normal 0 0 -1
    outer loop
      vertex -4.85056 86.5706 0
      vertex -5.73073 88.6955 0
      vertex -5.23528 88.8637 0
    endloop
  endfacet
  facet normal 0 0 -1
    outer loop
      vertex -7.6641 87 0
      vertex -5.67224 85.85 0
      vertex -5.77059 85.6506 0
    endloop
  endfacet
  facet normal 0 0 -1
    outer loop
      vertex -7.89552 86.5307 0
      vertex -5.77059 85.6506 0
      vertex -5.84207 85.44 0
    endloop
  endfacet
  facet normal 0 0 -1
    outer loop
      vertex -8.0637 86.0353 0
      vertex -5.84207 85.44 0
      vertex -5.88546 85.2219 0
    endloop
  endfacet
  facet normal 0 0 -1
    outer loop
      vertex -8.16578 85.5221 0
      vertex -5.88546 85.2219 0
      vertex -5.9 85 0
    endloop
  endfacet
  facet normal -0 0 -1
    outer loop
      vertex -5.67224 84.15 0
      vertex -7.6641 83 0
      vertex -5.77059 84.3494 0
    endloop
  endfacet
  facet normal 0 0 -1
    outer loop
      vertex -5.05 86.4722 0
      vertex -6.2 88.4641 0
      vertex -5.73073 88.6955 0
    endloop
  endfacet
  facet normal 0 0 -1
    outer loop
      vertex -7.89552 83.4693 0
      vertex -5.77059 84.3494 0
      vertex -7.6641 83 0
    endloop
  endfacet
  facet normal 0 0 -1
    outer loop
      vertex -5.23489 86.3487 0
      vertex -6.63505 88.1734 0
      vertex -6.2 88.4641 0
    endloop
  endfacet
  facet normal -0 0 -1
    outer loop
      vertex -5.77059 84.3494 0
      vertex -7.89552 83.4693 0
      vertex -5.84207 84.56 0
    endloop
  endfacet
  facet normal 0 0 -1
    outer loop
      vertex -5.40208 86.2021 0
      vertex -7.02843 87.8284 0
      vertex -6.63505 88.1734 0
    endloop
  endfacet
  facet normal 0 0 -1
    outer loop
      vertex -8.0637 83.9647 0
      vertex -5.84207 84.56 0
      vertex -7.89552 83.4693 0
    endloop
  endfacet
  facet normal 0 0 -1
    outer loop
      vertex -5.5487 86.0349 0
      vertex -7.37341 87.435 0
      vertex -7.02843 87.8284 0
    endloop
  endfacet
  facet normal -0 0 -1
    outer loop
      vertex -5.84207 84.56 0
      vertex -8.0637 83.9647 0
      vertex -5.88546 84.7781 0
    endloop
  endfacet
  facet normal 0 0 -1
    outer loop
      vertex -5.67224 85.85 0
      vertex -7.6641 87 0
      vertex -7.37341 87.435 0
    endloop
  endfacet
  facet normal 0 0 -1
    outer loop
      vertex -8.16578 84.4779 0
      vertex -5.88546 84.7781 0
      vertex -8.0637 83.9647 0
    endloop
  endfacet
  facet normal 0 0 -1
    outer loop
      vertex -5.77059 85.6506 0
      vertex -7.89552 86.5307 0
      vertex -7.6641 87 0
    endloop
  endfacet
  facet normal -0 0 -1
    outer loop
      vertex -5.88546 84.7781 0
      vertex -8.16578 84.4779 0
      vertex -5.9 85 0
    endloop
  endfacet
  facet normal 0 0 -1
    outer loop
      vertex -5.84207 85.44 0
      vertex -8.0637 86.0353 0
      vertex -7.89552 86.5307 0
    endloop
  endfacet
  facet normal 0 0 -1
    outer loop
      vertex -8.2 85 0
      vertex -5.9 85 0
      vertex -8.16578 84.4779 0
    endloop
  endfacet
  facet normal 0 0 -1
    outer loop
      vertex -5.88546 85.2219 0
      vertex -8.16578 85.5221 0
      vertex -8.0637 86.0353 0
    endloop
  endfacet
  facet normal 0 0 -1
    outer loop
      vertex -5.9 85 0
      vertex -8.2 85 0
      vertex -8.16578 85.5221 0
    endloop
  endfacet
  facet normal 0 0 -1
    outer loop
      vertex 0.281572 28.0484 0
      vertex 1.90792 26.4221 0
      vertex 1.7613 26.2549 0
    endloop
  endfacet
  facet normal 0 0 -1
    outer loop
      vertex -0.0634127 27.655 0
      vertex 1.7613 26.2549 0
      vertex 1.63776 26.07 0
    endloop
  endfacet
  facet normal 0 0 -1
    outer loop
      vertex 1.90792 26.4221 0
      vertex 1.57927 28.9155 0
      vertex 1.84006 29.004 0
    endloop
  endfacet
  facet normal 0 0 -1
    outer loop
      vertex -0.354101 27.22 0
      vertex 1.63776 26.07 0
      vertex 1.5394 25.8706 0
    endloop
  endfacet
  facet normal 0 0 -1
    outer loop
      vertex -0.585518 26.7507 0
      vertex 1.5394 25.8706 0
      vertex 1.46793 25.66 0
    endloop
  endfacet
  facet normal 0 0 -1
    outer loop
      vertex -0.753703 26.2553 0
      vertex 1.46793 25.66 0
      vertex 1.42454 25.4419 0
    endloop
  endfacet
  facet normal 0 0 -1
    outer loop
      vertex -0.855779 25.7421 0
      vertex 1.42454 25.4419 0
      vertex 1.41 25.22 0
    endloop
  endfacet
  facet normal -0 0 -1
    outer loop
      vertex 1.63776 24.37 0
      vertex -0.354101 23.22 0
      vertex 1.5394 24.5694 0
    endloop
  endfacet
  facet normal 0 0 -1
    outer loop
      vertex 1.90792 26.4221 0
      vertex 1.11 28.6841 0
      vertex 1.57927 28.9155 0
    endloop
  endfacet
  facet normal 0 0 -1
    outer loop
      vertex -0.585518 23.6893 0
      vertex 1.5394 24.5694 0
      vertex -0.354101 23.22 0
    endloop
  endfacet
  facet normal 0 0 -1
    outer loop
      vertex 1.90792 26.4221 0
      vertex 0.674953 28.3934 0
      vertex 1.11 28.6841 0
    endloop
  endfacet
  facet normal -0 0 -1
    outer loop
      vertex 1.5394 24.5694 0
      vertex -0.585518 23.6893 0
      vertex 1.46793 24.78 0
    endloop
  endfacet
  facet normal 0 0 -1
    outer loop
      vertex 1.90792 26.4221 0
      vertex 0.281572 28.0484 0
      vertex 0.674953 28.3934 0
    endloop
  endfacet
  facet normal 0 0 -1
    outer loop
      vertex -0.753703 24.1847 0
      vertex 1.46793 24.78 0
      vertex -0.585518 23.6893 0
    endloop
  endfacet
  facet normal 0 0 -1
    outer loop
      vertex 1.7613 26.2549 0
      vertex -0.0634127 27.655 0
      vertex 0.281572 28.0484 0
    endloop
  endfacet
  facet normal -0 0 -1
    outer loop
      vertex 1.46793 24.78 0
      vertex -0.753703 24.1847 0
      vertex 1.42454 24.9981 0
    endloop
  endfacet
  facet normal 0 0 -1
    outer loop
      vertex 1.63776 26.07 0
      vertex -0.354101 27.22 0
      vertex -0.0634127 27.655 0
    endloop
  endfacet
  facet normal 0 0 -1
    outer loop
      vertex -0.855779 24.6979 0
      vertex 1.42454 24.9981 0
      vertex -0.753703 24.1847 0
    endloop
  endfacet
  facet normal 0 0 -1
    outer loop
      vertex 1.5394 25.8706 0
      vertex -0.585518 26.7507 0
      vertex -0.354101 27.22 0
    endloop
  endfacet
  facet normal -0 0 -1
    outer loop
      vertex 1.42454 24.9981 0
      vertex -0.855779 24.6979 0
      vertex 1.41 25.22 0
    endloop
  endfacet
  facet normal 0 0 -1
    outer loop
      vertex 1.46793 25.66 0
      vertex -0.753703 26.2553 0
      vertex -0.585518 26.7507 0
    endloop
  endfacet
  facet normal 0 0 -1
    outer loop
      vertex -0.889999 25.22 0
      vertex 1.41 25.22 0
      vertex -0.855779 24.6979 0
    endloop
  endfacet
  facet normal 0 0 -1
    outer loop
      vertex 1.42454 25.4419 0
      vertex -0.855779 25.7421 0
      vertex -0.753703 26.2553 0
    endloop
  endfacet
  facet normal 0 0 -1
    outer loop
      vertex 1.41 25.22 0
      vertex -0.889999 25.22 0
      vertex -0.855779 25.7421 0
    endloop
  endfacet
  facet normal 0 0 -1
    outer loop
      vertex -0.961807 40.3171 0
      vertex 10.6557 42.4321 0
      vertex -0.648148 38.5136 0
    endloop
  endfacet
  facet normal 0 0 -1
    outer loop
      vertex -2.2097 50.0233 0
      vertex 10.4553 44.7234 0
      vertex -1.9994 48.0085 0
    endloop
  endfacet
  facet normal 0 0 -1
    outer loop
      vertex -3.01093 60.3571 0
      vertex 9.17408 59.3674 0
      vertex -2.88147 58.2757 0
    endloop
  endfacet
  facet normal 0 0 -1
    outer loop
      vertex -3.31924 66.5475 0
      vertex 8.97356 61.6587 0
      vertex -3.22908 64.4992 0
    endloop
  endfacet
  facet normal 0 0 -1
    outer loop
      vertex 10.4553 44.7234 0
      vertex -2.2097 50.0233 0
      vertex 9.17408 59.3674 0
    endloop
  endfacet
  facet normal 0 0 -1
    outer loop
      vertex -1.25261 42.1736 0
      vertex 10.6557 42.4321 0
      vertex -0.961807 40.3171 0
    endloop
  endfacet
  facet normal 0 0 -1
    outer loop
      vertex 0.0535889 35.0858 0
      vertex 4.4587 26.2549 0
      vertex 4.31208 26.4221 0
    endloop
  endfacet
  facet normal 0 0 -1
    outer loop
      vertex -3.3978 68.5727 0
      vertex 8.97356 61.6587 0
      vertex -3.31924 66.5475 0
    endloop
  endfacet
  facet normal 0 0 -1
    outer loop
      vertex 0.867432 31.9249 0
      vertex 4.31208 26.4221 0
      vertex 4.14489 26.5687 0
    endloop
  endfacet
  facet normal 0 0 -1
    outer loop
      vertex 1.32358 30.4531 0
      vertex 4.14489 26.5687 0
      vertex 3.96 26.6922 0
    endloop
  endfacet
  facet normal 0 0 -1
    outer loop
      vertex 8.97356 61.6587 0
      vertex -3.3978 68.5727 0
      vertex 7.69237 76.3027 0
    endloop
  endfacet
  facet normal 0 0 -1
    outer loop
      vertex 1.84006 29.004 0
      vertex 3.96 26.6922 0
      vertex 3.76056 26.7906 0
    endloop
  endfacet
  facet normal 0 0 -1
    outer loop
      vertex -3.22908 64.4992 0
      vertex 8.97356 61.6587 0
      vertex -3.1266 62.4336 0
    endloop
  endfacet
  facet normal 0 0 -1
    outer loop
      vertex 1.84006 29.004 0
      vertex 3.76056 26.7906 0
      vertex 3.54999 26.8621 0
    endloop
  endfacet
  facet normal 0 0 -1
    outer loop
      vertex 1.84006 29.004 0
      vertex 3.54999 26.8621 0
      vertex 3.33189 26.9055 0
    endloop
  endfacet
  facet normal 0 0 -1
    outer loop
      vertex 1.84006 29.004 0
      vertex 3.33189 26.9055 0
      vertex 3.11 26.92 0
    endloop
  endfacet
  facet normal 0 0 -1
    outer loop
      vertex -3.1266 62.4336 0
      vertex 8.97356 61.6587 0
      vertex -3.01093 60.3571 0
    endloop
  endfacet
  facet normal 0 0 -1
    outer loop
      vertex 1.84006 29.004 0
      vertex 3.11 26.92 0
      vertex 2.88811 26.9055 0
    endloop
  endfacet
  facet normal 0 0 -1
    outer loop
      vertex 1.84006 29.004 0
      vertex 2.88811 26.9055 0
      vertex 2.67001 26.8621 0
    endloop
  endfacet
  facet normal 0 0 -1
    outer loop
      vertex 9.17408 59.3674 0
      vertex -3.01093 60.3571 0
      vertex 8.97356 61.6587 0
    endloop
  endfacet
  facet normal 0 0 -1
    outer loop
      vertex 1.84006 29.004 0
      vertex 2.67001 26.8621 0
      vertex 2.45944 26.7906 0
    endloop
  endfacet
  facet normal 0 0 -1
    outer loop
      vertex 3.96 26.6922 0
      vertex 1.84006 29.004 0
      vertex 1.81854 29.0566 0
    endloop
  endfacet
  facet normal 0 0 -1
    outer loop
      vertex 1.84006 29.004 0
      vertex 2.45944 26.7906 0
      vertex 2.26 26.6922 0
    endloop
  endfacet
  facet normal 0 0 -1
    outer loop
      vertex 1.84006 29.004 0
      vertex 2.26 26.6922 0
      vertex 2.0751 26.5687 0
    endloop
  endfacet
  facet normal 0 0 -1
    outer loop
      vertex -3.46529 70.5682 0
      vertex 7.69237 76.3027 0
      vertex -3.3978 68.5727 0
    endloop
  endfacet
  facet normal 0 0 -1
    outer loop
      vertex 1.84006 29.004 0
      vertex 2.0751 26.5687 0
      vertex 1.90792 26.4221 0
    endloop
  endfacet
  facet normal 0 0 -1
    outer loop
      vertex 6.21077 93.238 0
      vertex 4.68031 107.721 0
      vertex 5.08171 108.593 0
    endloop
  endfacet
  facet normal 0 0 -1
    outer loop
      vertex 3.96 26.6922 0
      vertex 1.81854 29.0566 0
      vertex 1.32358 30.4531 0
    endloop
  endfacet
  facet normal 0 0 -1
    outer loop
      vertex -3.52264 72.5277 0
      vertex 7.69237 76.3027 0
      vertex -3.46529 70.5682 0
    endloop
  endfacet
  facet normal 0 0 -1
    outer loop
      vertex 6.21077 93.238 0
      vertex 4.29553 106.872 0
      vertex 4.68031 107.721 0
    endloop
  endfacet
  facet normal 0 0 -1
    outer loop
      vertex 4.14489 26.5687 0
      vertex 1.32358 30.4531 0
      vertex 0.867432 31.9249 0
    endloop
  endfacet
  facet normal 0 0 -1
    outer loop
      vertex -2.88147 58.2757 0
      vertex 9.17408 59.3674 0
      vertex -2.73738 56.1956 0
    endloop
  endfacet
  facet normal 0 0 -1
    outer loop
      vertex 6.21077 93.238 0
      vertex 3.92664 106.049 0
      vertex 4.29553 106.872 0
    endloop
  endfacet
  facet normal 0 0 -1
    outer loop
      vertex 4.31208 26.4221 0
      vertex 0.867432 31.9249 0
      vertex 0.445221 33.4701 0
    endloop
  endfacet
  facet normal 0 0 -1
    outer loop
      vertex -3.57065 74.4453 0
      vertex 7.69237 76.3027 0
      vertex -3.52264 72.5277 0
    endloop
  endfacet
  facet normal 0 0 -1
    outer loop
      vertex 6.21077 93.238 0
      vertex 3.57291 105.254 0
      vertex 3.92664 106.049 0
    endloop
  endfacet
  facet normal 0 0 -1
    outer loop
      vertex 6.21077 93.238 0
      vertex 2.90781 103.752 0
      vertex 3.57291 105.254 0
    endloop
  endfacet
  facet normal 0 0 -1
    outer loop
      vertex 4.31208 26.4221 0
      vertex 0.445221 33.4701 0
      vertex 0.0535889 35.0858 0
    endloop
  endfacet
  facet normal 0 0 -1
    outer loop
      vertex -2.51454 85.2219 0
      vertex 7.49196 78.594 0
      vertex -2.5 85 0
    endloop
  endfacet
  facet normal 0 0 -1
    outer loop
      vertex 6.21077 93.238 0
      vertex 2.59825 103.056 0
      vertex 2.90781 103.752 0
    endloop
  endfacet
  facet normal 0 0 -1
    outer loop
      vertex 4.4587 26.2549 0
      vertex 0.0535889 35.0858 0
      vertex -0.310211 36.7682 0
    endloop
  endfacet
  facet normal -0 0 -1
    outer loop
      vertex 10.6557 42.4321 0
      vertex -1.25261 42.1736 0
      vertex 10.4553 44.7234 0
    endloop
  endfacet
  facet normal 0 0 -1
    outer loop
      vertex -1.52177 44.078 0
      vertex 10.4553 44.7234 0
      vertex -1.25261 42.1736 0
    endloop
  endfacet
  facet normal 0 0 -1
    outer loop
      vertex 0.562363 99.2516 0
      vertex -2.49899 97.6431 0
      vertex 0.319412 99.2268 0
    endloop
  endfacet
  facet normal 0 0 -1
    outer loop
      vertex 0.319412 99.2268 0
      vertex -2.49899 97.6431 0
      vertex 0.0753021 99.1879 0
    endloop
  endfacet
  facet normal 0 0 -1
    outer loop
      vertex -1.77034 46.0248 0
      vertex 10.4553 44.7234 0
      vertex -1.52177 44.078 0
    endloop
  endfacet
  facet normal 0 0 -1
    outer loop
      vertex 0.0753021 99.1879 0
      vertex -2.49899 97.6431 0
      vertex -0.165634 99.1347 0
    endloop
  endfacet
  facet normal 0 0 -1
    outer loop
      vertex -1.9994 48.0085 0
      vertex 10.4553 44.7234 0
      vertex -1.77034 46.0248 0
    endloop
  endfacet
  facet normal 0 0 -1
    outer loop
      vertex -0.165634 99.1347 0
      vertex -2.49899 97.6431 0
      vertex -0.394989 99.0704 0
    endloop
  endfacet
  facet normal 0 0 -1
    outer loop
      vertex -0.620911 98.9933 0
      vertex -2.49899 97.6431 0
      vertex -0.832779 98.9075 0
    endloop
  endfacet
  facet normal 0 0 -1
    outer loop
      vertex -2.4023 52.0633 0
      vertex 9.17408 59.3674 0
      vertex -2.2097 50.0233 0
    endloop
  endfacet
  facet normal 0 0 -1
    outer loop
      vertex -0.832779 98.9075 0
      vertex -2.49899 97.6431 0
      vertex -1.03163 98.8152 0
    endloop
  endfacet
  facet normal 0 0 -1
    outer loop
      vertex -2.57793 54.1227 0
      vertex 9.17408 59.3674 0
      vertex -2.4023 52.0633 0
    endloop
  endfacet
  facet normal 0 0 -1
    outer loop
      vertex -1.03163 98.8152 0
      vertex -2.49899 97.6431 0
      vertex -1.22205 98.7147 0
    endloop
  endfacet
  facet normal 0 0 -1
    outer loop
      vertex -1.22205 98.7147 0
      vertex -2.49899 97.6431 0
      vertex -1.40373 98.6074 0
    endloop
  endfacet
  facet normal 0 0 -1
    outer loop
      vertex -2.73738 56.1956 0
      vertex 9.17408 59.3674 0
      vertex -2.57793 54.1227 0
    endloop
  endfacet
  facet normal 0 0 -1
    outer loop
      vertex -1.40373 98.6074 0
      vertex -2.49899 97.6431 0
      vertex -1.57417 98.4952 0
    endloop
  endfacet
  facet normal 0 0 -1
    outer loop
      vertex 6.21077 93.238 0
      vertex 2.30061 102.394 0
      vertex 2.59825 103.056 0
    endloop
  endfacet
  facet normal 0 0 -1
    outer loop
      vertex -1.57417 98.4952 0
      vertex -2.49899 97.6431 0
      vertex -1.73648 98.3779 0
    endloop
  endfacet
  facet normal 0 0 -1
    outer loop
      vertex -1.73648 98.3779 0
      vertex -2.49899 97.6431 0
      vertex -1.88568 98.2591 0
    endloop
  endfacet
  facet normal 0 0 -1
    outer loop
      vertex 6.21077 93.238 0
      vertex 2.01491 101.768 0
      vertex 2.30061 102.394 0
    endloop
  endfacet
  facet normal 0 0 -1
    outer loop
      vertex -1.88568 98.2591 0
      vertex -2.49899 97.6431 0
      vertex -2.02531 98.1388 0
    endloop
  endfacet
  facet normal 0 0 -1
    outer loop
      vertex -2.02531 98.1388 0
      vertex -2.49899 97.6431 0
      vertex -2.15889 98.0133 0
    endloop
  endfacet
  facet normal 0 0 -1
    outer loop
      vertex 6.21077 93.238 0
      vertex 1.74428 101.187 0
      vertex 2.01491 101.768 0
    endloop
  endfacet
  facet normal 0 0 -1
    outer loop
      vertex -2.15889 98.0133 0
      vertex -2.49899 97.6431 0
      vertex -2.28212 97.8885 0
    endloop
  endfacet
  facet normal 0 0 -1
    outer loop
      vertex -2.28212 97.8885 0
      vertex -2.49899 97.6431 0
      vertex -2.39514 97.7648 0
    endloop
  endfacet
  facet normal 0 0 -1
    outer loop
      vertex -0.394989 99.0704 0
      vertex -2.49899 97.6431 0
      vertex -0.620911 98.9933 0
    endloop
  endfacet
  facet normal 0 0 -1
    outer loop
      vertex 6.21077 93.238 0
      vertex 1.48628 100.65 0
      vertex 1.74428 101.187 0
    endloop
  endfacet
  facet normal 0 0 -1
    outer loop
      vertex 6.21077 93.238 0
      vertex 1.24303 100.162 0
      vertex 1.48628 100.65 0
    endloop
  endfacet
  facet normal 0 0 -1
    outer loop
      vertex 6.21077 93.238 0
      vertex 1.01535 99.7269 0
      vertex 1.24303 100.162 0
    endloop
  endfacet
  facet normal 0 0 -1
    outer loop
      vertex 6.21077 93.238 0
      vertex 0.805588 99.3485 0
      vertex 1.01535 99.7269 0
    endloop
  endfacet
  facet normal 0 0 -1
    outer loop
      vertex 0.752869 99.26 0
      vertex -2.49899 97.6431 0
      vertex 0.562363 99.2516 0
    endloop
  endfacet
  facet normal 0 0 -1
    outer loop
      vertex 6.21077 93.238 0
      vertex -2.49899 97.6431 0
      vertex 0.752869 99.26 0
    endloop
  endfacet
  facet normal 0 0 -1
    outer loop
      vertex 6.21077 93.238 0
      vertex 0.752869 99.26 0
      vertex 0.805588 99.3485 0
    endloop
  endfacet
  facet normal 0 0 -1
    outer loop
      vertex 7.49196 78.594 0
      vertex -2.51454 85.2219 0
      vertex 6.21077 93.238 0
    endloop
  endfacet
  facet normal 0 0 -1
    outer loop
      vertex -3.60974 76.3148 0
      vertex 7.69237 76.3027 0
      vertex -3.57065 74.4453 0
    endloop
  endfacet
  facet normal 0 0 -1
    outer loop
      vertex 7.69237 76.3027 0
      vertex -3.60974 76.3148 0
      vertex 7.49196 78.594 0
    endloop
  endfacet
  facet normal 0 -0 -1
    outer loop
      vertex -2.5 85 0
      vertex 7.49196 78.594 0
      vertex -2.51454 84.7781 0
    endloop
  endfacet
  facet normal 0 0 -1
    outer loop
      vertex -3.64079 78.1296 0
      vertex 7.49196 78.594 0
      vertex -3.60974 76.3148 0
    endloop
  endfacet
  facet normal 0 0 -1
    outer loop
      vertex -3.66444 79.8835 0
      vertex 7.49196 78.594 0
      vertex -3.64079 78.1296 0
    endloop
  endfacet
  facet normal 0 -0 -1
    outer loop
      vertex -2.55793 84.56 0
      vertex 7.49196 78.594 0
      vertex -2.6294 84.3494 0
    endloop
  endfacet
  facet normal 0 -0 -1
    outer loop
      vertex -2.51454 84.7781 0
      vertex 7.49196 78.594 0
      vertex -2.55793 84.56 0
    endloop
  endfacet
  facet normal 0 0 -1
    outer loop
      vertex -3.67614 81.0346 0
      vertex 7.49196 78.594 0
      vertex -3.66444 79.8835 0
    endloop
  endfacet
  facet normal 0 0 -1
    outer loop
      vertex 7.49196 78.594 0
      vertex -2.72776 84.15 0
      vertex -2.6294 84.3494 0
    endloop
  endfacet
  facet normal 0 0 -1
    outer loop
      vertex 7.49196 78.594 0
      vertex -3.67614 81.0346 0
      vertex -2.72776 84.15 0
    endloop
  endfacet
  facet normal 0 0 -1
    outer loop
      vertex -2.72776 84.15 0
      vertex -3.67614 81.0346 0
      vertex -2.8513 83.9651 0
    endloop
  endfacet
  facet normal 0 0 -1
    outer loop
      vertex -2.8513 83.9651 0
      vertex -3.67614 81.0346 0
      vertex -2.99792 83.7979 0
    endloop
  endfacet
  facet normal 0 0 -1
    outer loop
      vertex -2.99792 83.7979 0
      vertex -3.67614 81.0346 0
      vertex -3.1651 83.6513 0
    endloop
  endfacet
  facet normal 0 0 -1
    outer loop
      vertex -3.1651 83.6513 0
      vertex -3.67614 81.0346 0
      vertex -3.35 83.5278 0
    endloop
  endfacet
  facet normal 0 0 -1
    outer loop
      vertex -3.35 83.5278 0
      vertex -3.67614 81.0346 0
      vertex -3.54944 83.4294 0
    endloop
  endfacet
  facet normal 0 0 -1
    outer loop
      vertex -3.9781 83.3145 0
      vertex -3.67614 81.0346 0
      vertex -3.67789 81.0342 0
    endloop
  endfacet
  facet normal 0 0 -1
    outer loop
      vertex -3.67614 81.0346 0
      vertex -3.76001 83.3579 0
      vertex -3.54944 83.4294 0
    endloop
  endfacet
  facet normal 0 0 -1
    outer loop
      vertex -3.67614 81.0346 0
      vertex -3.9781 83.3145 0
      vertex -3.76001 83.3579 0
    endloop
  endfacet
  facet normal 0 0 -1
    outer loop
      vertex -4.2 81 0
      vertex -3.9781 83.3145 0
      vertex -3.67789 81.0342 0
    endloop
  endfacet
  facet normal 0 0 -1
    outer loop
      vertex -4.2 81 0
      vertex -4.2 83.3 0
      vertex -3.9781 83.3145 0
    endloop
  endfacet
  facet normal 0 0 -1
    outer loop
      vertex -4.2 81 0
      vertex -4.42189 83.3145 0
      vertex -4.2 83.3 0
    endloop
  endfacet
  facet normal 0 0 -1
    outer loop
      vertex -4.7221 81.0342 0
      vertex -4.42189 83.3145 0
      vertex -4.2 81 0
    endloop
  endfacet
  facet normal -0 0 -1
    outer loop
      vertex -4.42189 83.3145 0
      vertex -4.7221 81.0342 0
      vertex -4.63999 83.3579 0
    endloop
  endfacet
  facet normal 0 0 -1
    outer loop
      vertex -5.23528 81.1363 0
      vertex -4.63999 83.3579 0
      vertex -4.7221 81.0342 0
    endloop
  endfacet
  facet normal -0 0 -1
    outer loop
      vertex -4.63999 83.3579 0
      vertex -5.23528 81.1363 0
      vertex -4.85056 83.4294 0
    endloop
  endfacet
  facet normal 0 0 -1
    outer loop
      vertex -5.73073 81.3045 0
      vertex -4.85056 83.4294 0
      vertex -5.23528 81.1363 0
    endloop
  endfacet
  facet normal -0 0 -1
    outer loop
      vertex -4.85056 83.4294 0
      vertex -5.73073 81.3045 0
      vertex -5.05 83.5278 0
    endloop
  endfacet
  facet normal 0 0 -1
    outer loop
      vertex -6.2 81.5359 0
      vertex -5.05 83.5278 0
      vertex -5.73073 81.3045 0
    endloop
  endfacet
  facet normal -0 0 -1
    outer loop
      vertex -5.05 83.5278 0
      vertex -6.2 81.5359 0
      vertex -5.23489 83.6513 0
    endloop
  endfacet
  facet normal 0 0 -1
    outer loop
      vertex -6.63505 81.8266 0
      vertex -5.23489 83.6513 0
      vertex -6.2 81.5359 0
    endloop
  endfacet
  facet normal -0 0 -1
    outer loop
      vertex -5.23489 83.6513 0
      vertex -6.63505 81.8266 0
      vertex -5.40208 83.7979 0
    endloop
  endfacet
  facet normal 0 0 -1
    outer loop
      vertex -7.02843 82.1716 0
      vertex -5.40208 83.7979 0
      vertex -6.63505 81.8266 0
    endloop
  endfacet
  facet normal -0 0 -1
    outer loop
      vertex -5.40208 83.7979 0
      vertex -7.02843 82.1716 0
      vertex -5.5487 83.9651 0
    endloop
  endfacet
  facet normal 0 0 -1
    outer loop
      vertex -7.37341 82.565 0
      vertex -5.5487 83.9651 0
      vertex -7.02843 82.1716 0
    endloop
  endfacet
  facet normal -0 0 -1
    outer loop
      vertex -5.5487 83.9651 0
      vertex -7.37341 82.565 0
      vertex -5.67224 84.15 0
    endloop
  endfacet
  facet normal 0 0 -1
    outer loop
      vertex -7.6641 83 0
      vertex -5.67224 84.15 0
      vertex -7.37341 82.565 0
    endloop
  endfacet
  facet normal 0 0 -1
    outer loop
      vertex 9.17408 59.3674 0
      vertex 23.6176 62.9399 0
      vertex 23.8181 60.6486 0
    endloop
  endfacet
  facet normal 0 0 -1
    outer loop
      vertex 9.17408 59.3674 0
      vertex 8.97356 61.6587 0
      vertex 23.6176 62.9399 0
    endloop
  endfacet
  facet normal 0 0 -1
    outer loop
      vertex 4.68059 25.8706 0
      vertex 11.9369 27.7881 0
      vertex 4.75207 25.66 0
    endloop
  endfacet
  facet normal 0 0 -1
    outer loop
      vertex 4.81 25.22 0
      vertex 9.08057 21.1178 0
      vertex 8.94148 21.1199 0
    endloop
  endfacet
  facet normal 0 0 -1
    outer loop
      vertex 4.81 25.22 0
      vertex 8.94148 21.1199 0
      vertex 8.79268 21.1272 0
    endloop
  endfacet
  facet normal 0 0 -1
    outer loop
      vertex 4.81 25.22 0
      vertex 8.79268 21.1272 0
      vertex 8.64381 21.1399 0
    endloop
  endfacet
  facet normal 0 0 -1
    outer loop
      vertex 4.81 25.22 0
      vertex 8.64381 21.1399 0
      vertex 8.50595 21.1563 0
    endloop
  endfacet
  facet normal 0 0 -1
    outer loop
      vertex 4.81 25.22 0
      vertex 8.50595 21.1563 0
      vertex 8.36617 21.1773 0
    endloop
  endfacet
  facet normal 0 0 -1
    outer loop
      vertex 4.81 25.22 0
      vertex 8.36617 21.1773 0
      vertex 8.22023 21.2045 0
    endloop
  endfacet
  facet normal 0 0 -1
    outer loop
      vertex 4.81 25.22 0
      vertex 8.22023 21.2045 0
      vertex 8.07892 21.2359 0
    endloop
  endfacet
  facet normal 0 0 -1
    outer loop
      vertex 4.81 25.22 0
      vertex 8.07892 21.2359 0
      vertex 7.94827 21.2694 0
    endloop
  endfacet
  facet normal 0 0 -1
    outer loop
      vertex 4.81 25.22 0
      vertex 7.94827 21.2694 0
      vertex 7.8118 21.3087 0
    endloop
  endfacet
  facet normal 0 0 -1
    outer loop
      vertex 4.58224 26.07 0
      vertex 11.9369 27.7881 0
      vertex 4.68059 25.8706 0
    endloop
  endfacet
  facet normal 0 0 -1
    outer loop
      vertex 4.81 25.22 0
      vertex 7.8118 21.3087 0
      vertex 7.67363 21.3541 0
    endloop
  endfacet
  facet normal 0 0 -1
    outer loop
      vertex 23.9044 127.21 0
      vertex 28.0112 131.326 0
      vertex 28.3374 127.598 0
    endloop
  endfacet
  facet normal 0 0 -1
    outer loop
      vertex 22.341 131.326 0
      vertex 23.9044 127.21 0
      vertex 23.7751 127.19 0
    endloop
  endfacet
  facet normal 0 0 -1
    outer loop
      vertex 22.341 131.326 0
      vertex 23.7751 127.19 0
      vertex 23.6495 127.154 0
    endloop
  endfacet
  facet normal 0 0 -1
    outer loop
      vertex 22.341 131.326 0
      vertex 23.6495 127.154 0
      vertex 23.5298 127.101 0
    endloop
  endfacet
  facet normal 0 0 -1
    outer loop
      vertex 22.341 131.326 0
      vertex 23.5298 127.101 0
      vertex 23.4179 127.033 0
    endloop
  endfacet
  facet normal 0 0 -1
    outer loop
      vertex 22.341 131.326 0
      vertex 23.4179 127.033 0
      vertex 23.3159 126.951 0
    endloop
  endfacet
  facet normal 0 0 -1
    outer loop
      vertex 23.9044 127.21 0
      vertex 22.341 131.326 0
      vertex 28.0112 131.326 0
    endloop
  endfacet
  facet normal 0 0 -1
    outer loop
      vertex 23.2255 126.857 0
      vertex 22.341 131.326 0
      vertex 23.3159 126.951 0
    endloop
  endfacet
  facet normal 0 0 -1
    outer loop
      vertex 23.1481 126.751 0
      vertex 22.341 131.326 0
      vertex 23.2255 126.857 0
    endloop
  endfacet
  facet normal 0 0 -1
    outer loop
      vertex 23.0852 126.636 0
      vertex 22.341 131.326 0
      vertex 23.1481 126.751 0
    endloop
  endfacet
  facet normal 0 0 -1
    outer loop
      vertex 23.0378 126.515 0
      vertex 22.341 131.326 0
      vertex 23.0852 126.636 0
    endloop
  endfacet
  facet normal 0 0 -1
    outer loop
      vertex 23.0067 126.387 0
      vertex 22.341 131.326 0
      vertex 23.0378 126.515 0
    endloop
  endfacet
  facet normal 0 0 -1
    outer loop
      vertex 22.0741 131.9 0
      vertex 23.0067 126.387 0
      vertex 22.9925 126.257 0
    endloop
  endfacet
  facet normal 0 0 -1
    outer loop
      vertex 22.341 131.326 0
      vertex 22.0741 131.9 0
      vertex 22.3055 131.431 0
    endloop
  endfacet
  facet normal 0 0 -1
    outer loop
      vertex 5.08171 108.593 0
      vertex 23.8372 98.2935 0
      vertex 20.8548 94.5192 0
    endloop
  endfacet
  facet normal 0 0 -1
    outer loop
      vertex 23.8372 98.2935 0
      vertex 20.0822 129.05 0
      vertex 22.0741 131.9 0
    endloop
  endfacet
  facet normal 0 -0 -1
    outer loop
      vertex 20.2521 129.46 0
      vertex 22.0741 131.9 0
      vertex 20.1806 129.249 0
    endloop
  endfacet
  facet normal 0 -0 -1
    outer loop
      vertex 20.31 129.9 0
      vertex 22.0741 131.9 0
      vertex 20.2955 129.678 0
    endloop
  endfacet
  facet normal 0 0 -1
    outer loop
      vertex 20.2521 130.34 0
      vertex 22.0741 131.9 0
      vertex 20.2955 130.122 0
    endloop
  endfacet
  facet normal 0 0 -1
    outer loop
      vertex 20.1806 130.551 0
      vertex 22.0741 131.9 0
      vertex 20.2521 130.34 0
    endloop
  endfacet
  facet normal 0 0 -1
    outer loop
      vertex 20.0822 130.75 0
      vertex 22.0741 131.9 0
      vertex 20.1806 130.551 0
    endloop
  endfacet
  facet normal 0 0 -1
    outer loop
      vertex 20.2955 130.122 0
      vertex 22.0741 131.9 0
      vertex 20.31 129.9 0
    endloop
  endfacet
  facet normal 0 -0 -1
    outer loop
      vertex 20.2955 129.678 0
      vertex 22.0741 131.9 0
      vertex 20.2521 129.46 0
    endloop
  endfacet
  facet normal 0 0 -1
    outer loop
      vertex 22.0741 131.9 0
      vertex 20.0822 129.05 0
      vertex 20.1806 129.249 0
    endloop
  endfacet
  facet normal 0 0 -1
    outer loop
      vertex 23.8372 98.2935 0
      vertex 19.9587 128.865 0
      vertex 20.0822 129.05 0
    endloop
  endfacet
  facet normal 0 0 -1
    outer loop
      vertex 23.8372 98.2935 0
      vertex 19.8121 128.698 0
      vertex 19.9587 128.865 0
    endloop
  endfacet
  facet normal 0 0 -1
    outer loop
      vertex 23.8372 98.2935 0
      vertex 19.6449 128.551 0
      vertex 19.8121 128.698 0
    endloop
  endfacet
  facet normal 0 0 -1
    outer loop
      vertex 23.8372 98.2935 0
      vertex 19.46 128.428 0
      vertex 19.6449 128.551 0
    endloop
  endfacet
  facet normal 0 0 -1
    outer loop
      vertex 23.8372 98.2935 0
      vertex 13.6192 123.352 0
      vertex 19.46 128.428 0
    endloop
  endfacet
  facet normal 0 -0 -1
    outer loop
      vertex 14.3943 124.37 0
      vertex 19.46 128.428 0
      vertex 13.6192 123.352 0
    endloop
  endfacet
  facet normal 0 0 -1
    outer loop
      vertex 19.46 128.428 0
      vertex 14.3943 124.37 0
      vertex 19.2606 128.329 0
    endloop
  endfacet
  facet normal 0 -0 -1
    outer loop
      vertex 15.2001 125.382 0
      vertex 19.2606 128.329 0
      vertex 14.3943 124.37 0
    endloop
  endfacet
  facet normal 0 -0 -1
    outer loop
      vertex 16.0374 126.387 0
      vertex 19.05 128.258 0
      vertex 15.2001 125.382 0
    endloop
  endfacet
  facet normal 0 -0 -1
    outer loop
      vertex 16.2756 126.659 0
      vertex 19.05 128.258 0
      vertex 16.0374 126.387 0
    endloop
  endfacet
  facet normal 0 0 -1
    outer loop
      vertex 18.8319 128.215 0
      vertex 16.2756 126.659 0
      vertex 18.61 128.2 0
    endloop
  endfacet
  facet normal -0 0 -1
    outer loop
      vertex 18.17 128.258 0
      vertex 16.2756 126.659 0
      vertex 17.9594 128.329 0
    endloop
  endfacet
  facet normal -0 0 -1
    outer loop
      vertex 17.9594 128.329 0
      vertex 16.2756 126.659 0
      vertex 17.76 128.428 0
    endloop
  endfacet
  facet normal -0 0 -1
    outer loop
      vertex 17.76 128.428 0
      vertex 16.2756 126.659 0
      vertex 17.5751 128.551 0
    endloop
  endfacet
  facet normal 0 0 -1
    outer loop
      vertex 16.175 126.727 0
      vertex 17.5751 128.551 0
      vertex 16.2756 126.659 0
    endloop
  endfacet
  facet normal -0 0 -1
    outer loop
      vertex 17.5751 128.551 0
      vertex 16.175 126.727 0
      vertex 17.4079 128.698 0
    endloop
  endfacet
  facet normal 0 0 -1
    outer loop
      vertex 15.7816 127.072 0
      vertex 17.4079 128.698 0
      vertex 16.175 126.727 0
    endloop
  endfacet
  facet normal -0 0 -1
    outer loop
      vertex 17.4079 128.698 0
      vertex 15.7816 127.072 0
      vertex 17.2613 128.865 0
    endloop
  endfacet
  facet normal 0 0 -1
    outer loop
      vertex 15.4366 127.465 0
      vertex 17.2613 128.865 0
      vertex 15.7816 127.072 0
    endloop
  endfacet
  facet normal 0 0 -1
    outer loop
      vertex 14.61 129.9 0
      vertex 16.91 129.9 0
      vertex 16.9245 129.678 0
    endloop
  endfacet
  facet normal 0 0 -1
    outer loop
      vertex 15.1459 127.9 0
      vertex 17.1378 129.05 0
      vertex 15.4366 127.465 0
    endloop
  endfacet
  facet normal -0 0 -1
    outer loop
      vertex 17.2613 128.865 0
      vertex 15.4366 127.465 0
      vertex 17.1378 129.05 0
    endloop
  endfacet
  facet normal -0 0 -1
    outer loop
      vertex 18.3881 128.215 0
      vertex 16.2756 126.659 0
      vertex 18.17 128.258 0
    endloop
  endfacet
  facet normal -0 0 -1
    outer loop
      vertex 18.61 128.2 0
      vertex 16.2756 126.659 0
      vertex 18.3881 128.215 0
    endloop
  endfacet
  facet normal 0 0 -1
    outer loop
      vertex 19.05 128.258 0
      vertex 16.2756 126.659 0
      vertex 18.8319 128.215 0
    endloop
  endfacet
  facet normal 0 0 -1
    outer loop
      vertex 19.2606 128.329 0
      vertex 15.2001 125.382 0
      vertex 19.05 128.258 0
    endloop
  endfacet
  facet normal 0 0 -1
    outer loop
      vertex 23.8372 98.2935 0
      vertex 12.8738 122.33 0
      vertex 13.6192 123.352 0
    endloop
  endfacet
  facet normal 0 0 -1
    outer loop
      vertex 23.8372 98.2935 0
      vertex 12.1575 121.307 0
      vertex 12.8738 122.33 0
    endloop
  endfacet
  facet normal 0 0 -1
    outer loop
      vertex 23.8372 98.2935 0
      vertex 11.4694 120.283 0
      vertex 12.1575 121.307 0
    endloop
  endfacet
  facet normal 0 0 -1
    outer loop
      vertex 23.8372 98.2935 0
      vertex 10.8082 119.261 0
      vertex 11.4694 120.283 0
    endloop
  endfacet
  facet normal 0 0 -1
    outer loop
      vertex 23.8372 98.2935 0
      vertex 10.1732 118.242 0
      vertex 10.8082 119.261 0
    endloop
  endfacet
  facet normal 0 0 -1
    outer loop
      vertex 23.8372 98.2935 0
      vertex 9.56372 117.227 0
      vertex 10.1732 118.242 0
    endloop
  endfacet
  facet normal 0 0 -1
    outer loop
      vertex 23.8372 98.2935 0
      vertex 8.97874 116.219 0
      vertex 9.56372 117.227 0
    endloop
  endfacet
  facet normal 0 0 -1
    outer loop
      vertex 23.8372 98.2935 0
      vertex 8.4175 115.219 0
      vertex 8.97874 116.219 0
    endloop
  endfacet
  facet normal 0 0 -1
    outer loop
      vertex 23.8372 98.2935 0
      vertex 7.87917 114.23 0
      vertex 8.4175 115.219 0
    endloop
  endfacet
  facet normal 0 0 -1
    outer loop
      vertex 23.8372 98.2935 0
      vertex 7.36266 113.251 0
      vertex 7.87917 114.23 0
    endloop
  endfacet
  facet normal 0 0 -1
    outer loop
      vertex 23.8372 98.2935 0
      vertex 6.86726 112.286 0
      vertex 7.36266 113.251 0
    endloop
  endfacet
  facet normal 0 0 -1
    outer loop
      vertex 23.8372 98.2935 0
      vertex 6.39236 111.336 0
      vertex 6.86726 112.286 0
    endloop
  endfacet
  facet normal 0 0 -1
    outer loop
      vertex 5.08171 108.593 0
      vertex 20.8548 94.5192 0
      vertex 6.21077 93.238 0
    endloop
  endfacet
  facet normal 0 0 -1
    outer loop
      vertex -0.310211 36.7682 0
      vertex 11.9369 27.7881 0
      vertex 4.4587 26.2549 0
    endloop
  endfacet
  facet normal 0 0 -1
    outer loop
      vertex 5.97831 22.4371 0
      vertex 6.10294 22.3126 0
      vertex 5.99672 22.4175 0
    endloop
  endfacet
  facet normal 0 0 -1
    outer loop
      vertex 6.10294 22.3126 0
      vertex 5.97831 22.4371 0
      vertex 4.81 25.22 0
    endloop
  endfacet
  facet normal 0 0 -1
    outer loop
      vertex 4.31208 24.0179 0
      vertex 5.97831 22.4371 0
      vertex 5.93843 22.3916 0
    endloop
  endfacet
  facet normal 0 0 -1
    outer loop
      vertex 23.8372 98.2935 0
      vertex 5.93687 110.403 0
      vertex 6.39236 111.336 0
    endloop
  endfacet
  facet normal 0 0 -1
    outer loop
      vertex 11.9369 27.7881 0
      vertex -0.310211 36.7682 0
      vertex 10.6557 42.4321 0
    endloop
  endfacet
  facet normal 0 0 -1
    outer loop
      vertex 4.31208 24.0179 0
      vertex 5.93843 22.3916 0
      vertex 5.54504 22.0466 0
    endloop
  endfacet
  facet normal 0 0 -1
    outer loop
      vertex -0.648148 38.5136 0
      vertex 10.6557 42.4321 0
      vertex -0.310211 36.7682 0
    endloop
  endfacet
  facet normal 0 0 -1
    outer loop
      vertex 4.14489 23.8713 0
      vertex 5.54504 22.0466 0
      vertex 5.11 21.7559 0
    endloop
  endfacet
  facet normal 0 0 -1
    outer loop
      vertex 23.8372 98.2935 0
      vertex 5.50027 109.488 0
      vertex 5.93687 110.403 0
    endloop
  endfacet
  facet normal 0 0 -1
    outer loop
      vertex 23.8372 98.2935 0
      vertex 5.08171 108.593 0
      vertex 5.50027 109.488 0
    endloop
  endfacet
  facet normal 0 0 -1
    outer loop
      vertex 5.97831 22.4371 0
      vertex 4.79546 24.9981 0
      vertex 4.81 25.22 0
    endloop
  endfacet
  facet normal 0 0 -1
    outer loop
      vertex 5.97831 22.4371 0
      vertex 4.75207 24.78 0
      vertex 4.79546 24.9981 0
    endloop
  endfacet
  facet normal 0 0 -1
    outer loop
      vertex 5.97831 22.4371 0
      vertex 4.68059 24.5694 0
      vertex 4.75207 24.78 0
    endloop
  endfacet
  facet normal 0 0 -1
    outer loop
      vertex 3.96 23.7478 0
      vertex 5.11 21.7559 0
      vertex 4.64073 21.5245 0
    endloop
  endfacet
  facet normal 0 0 -1
    outer loop
      vertex 5.97831 22.4371 0
      vertex 4.58224 24.37 0
      vertex 4.68059 24.5694 0
    endloop
  endfacet
  facet normal 0 0 -1
    outer loop
      vertex 5.97831 22.4371 0
      vertex 4.4587 24.1851 0
      vertex 4.58224 24.37 0
    endloop
  endfacet
  facet normal 0 0 -1
    outer loop
      vertex 5.97831 22.4371 0
      vertex 4.31208 24.0179 0
      vertex 4.4587 24.1851 0
    endloop
  endfacet
  facet normal 0 0 -1
    outer loop
      vertex 3.76056 23.6494 0
      vertex 4.64073 21.5245 0
      vertex 4.14528 21.3563 0
    endloop
  endfacet
  facet normal 0 0 -1
    outer loop
      vertex 5.54504 22.0466 0
      vertex 4.14489 23.8713 0
      vertex 4.31208 24.0179 0
    endloop
  endfacet
  facet normal 0 0 -1
    outer loop
      vertex 5.11 21.7559 0
      vertex 3.96 23.7478 0
      vertex 4.14489 23.8713 0
    endloop
  endfacet
  facet normal 0 0 -1
    outer loop
      vertex 4.64073 21.5245 0
      vertex 3.76056 23.6494 0
      vertex 3.96 23.7478 0
    endloop
  endfacet
  facet normal 0 0 -1
    outer loop
      vertex 3.54999 23.5779 0
      vertex 4.14528 21.3563 0
      vertex 3.6321 21.2542 0
    endloop
  endfacet
  facet normal 0 0 -1
    outer loop
      vertex 4.14528 21.3563 0
      vertex 3.54999 23.5779 0
      vertex 3.76056 23.6494 0
    endloop
  endfacet
  facet normal 0 0 -1
    outer loop
      vertex 3.6321 21.2542 0
      vertex 3.33189 23.5345 0
      vertex 3.54999 23.5779 0
    endloop
  endfacet
  facet normal 0 0 -1
    outer loop
      vertex 3.11 21.22 0
      vertex 3.33189 23.5345 0
      vertex 3.6321 21.2542 0
    endloop
  endfacet
  facet normal 0 0 -1
    outer loop
      vertex 3.11 21.22 0
      vertex 3.11 23.52 0
      vertex 3.33189 23.5345 0
    endloop
  endfacet
  facet normal 0 0 -1
    outer loop
      vertex 3.11 21.22 0
      vertex 2.88811 23.5345 0
      vertex 3.11 23.52 0
    endloop
  endfacet
  facet normal 0 0 -1
    outer loop
      vertex 2.58789 21.2542 0
      vertex 2.88811 23.5345 0
      vertex 3.11 21.22 0
    endloop
  endfacet
  facet normal -0 0 -1
    outer loop
      vertex 2.88811 23.5345 0
      vertex 2.58789 21.2542 0
      vertex 2.67001 23.5779 0
    endloop
  endfacet
  facet normal 0 0 -1
    outer loop
      vertex 2.07472 21.3563 0
      vertex 2.67001 23.5779 0
      vertex 2.58789 21.2542 0
    endloop
  endfacet
  facet normal -0 0 -1
    outer loop
      vertex 2.67001 23.5779 0
      vertex 2.07472 21.3563 0
      vertex 2.45944 23.6494 0
    endloop
  endfacet
  facet normal 0 0 -1
    outer loop
      vertex 1.57927 21.5245 0
      vertex 2.45944 23.6494 0
      vertex 2.07472 21.3563 0
    endloop
  endfacet
  facet normal -0 0 -1
    outer loop
      vertex 2.45944 23.6494 0
      vertex 1.57927 21.5245 0
      vertex 2.26 23.7478 0
    endloop
  endfacet
  facet normal 0 0 -1
    outer loop
      vertex 1.11 21.7559 0
      vertex 2.26 23.7478 0
      vertex 1.57927 21.5245 0
    endloop
  endfacet
  facet normal -0 0 -1
    outer loop
      vertex 2.26 23.7478 0
      vertex 1.11 21.7559 0
      vertex 2.0751 23.8713 0
    endloop
  endfacet
  facet normal 0 0 -1
    outer loop
      vertex 0.674953 22.0466 0
      vertex 2.0751 23.8713 0
      vertex 1.11 21.7559 0
    endloop
  endfacet
  facet normal -0 0 -1
    outer loop
      vertex 2.0751 23.8713 0
      vertex 0.674953 22.0466 0
      vertex 1.90792 24.0179 0
    endloop
  endfacet
  facet normal 0 0 -1
    outer loop
      vertex 0.281572 22.3916 0
      vertex 1.90792 24.0179 0
      vertex 0.674953 22.0466 0
    endloop
  endfacet
  facet normal -0 0 -1
    outer loop
      vertex 1.90792 24.0179 0
      vertex 0.281572 22.3916 0
      vertex 1.7613 24.1851 0
    endloop
  endfacet
  facet normal 0 0 -1
    outer loop
      vertex -0.0634127 22.785 0
      vertex 1.7613 24.1851 0
      vertex 0.281572 22.3916 0
    endloop
  endfacet
  facet normal -0 0 -1
    outer loop
      vertex 1.7613 24.1851 0
      vertex -0.0634127 22.785 0
      vertex 1.63776 24.37 0
    endloop
  endfacet
  facet normal 0 0 -1
    outer loop
      vertex -0.354101 23.22 0
      vertex 1.63776 24.37 0
      vertex -0.0634127 22.785 0
    endloop
  endfacet
  facet normal -0 0 -1
    outer loop
      vertex 22.0741 131.9 0
      vertex 20.0822 130.75 0
      vertex 21.7834 132.335 0
    endloop
  endfacet
  facet normal 0 0 -1
    outer loop
      vertex 19.9587 130.935 0
      vertex 21.7834 132.335 0
      vertex 20.0822 130.75 0
    endloop
  endfacet
  facet normal -0 0 -1
    outer loop
      vertex 21.7834 132.335 0
      vertex 19.9587 130.935 0
      vertex 21.4384 132.728 0
    endloop
  endfacet
  facet normal 0 0 -1
    outer loop
      vertex 19.8121 131.102 0
      vertex 21.4384 132.728 0
      vertex 19.9587 130.935 0
    endloop
  endfacet
  facet normal -0 0 -1
    outer loop
      vertex 21.4384 132.728 0
      vertex 19.8121 131.102 0
      vertex 21.045 133.073 0
    endloop
  endfacet
  facet normal 0 0 -1
    outer loop
      vertex 19.6449 131.249 0
      vertex 21.045 133.073 0
      vertex 19.8121 131.102 0
    endloop
  endfacet
  facet normal -0 0 -1
    outer loop
      vertex 21.045 133.073 0
      vertex 19.6449 131.249 0
      vertex 20.61 133.364 0
    endloop
  endfacet
  facet normal 0 0 -1
    outer loop
      vertex 19.46 131.372 0
      vertex 20.61 133.364 0
      vertex 19.6449 131.249 0
    endloop
  endfacet
  facet normal -0 0 -1
    outer loop
      vertex 20.61 133.364 0
      vertex 19.46 131.372 0
      vertex 20.1407 133.596 0
    endloop
  endfacet
  facet normal 0 0 -1
    outer loop
      vertex 19.2606 131.471 0
      vertex 20.1407 133.596 0
      vertex 19.46 131.372 0
    endloop
  endfacet
  facet normal -0 0 -1
    outer loop
      vertex 20.1407 133.596 0
      vertex 19.2606 131.471 0
      vertex 19.6453 133.764 0
    endloop
  endfacet
  facet normal 0 0 -1
    outer loop
      vertex 19.05 131.542 0
      vertex 19.6453 133.764 0
      vertex 19.2606 131.471 0
    endloop
  endfacet
  facet normal -0 0 -1
    outer loop
      vertex 19.6453 133.764 0
      vertex 19.05 131.542 0
      vertex 19.1321 133.866 0
    endloop
  endfacet
  facet normal 0 0 -1
    outer loop
      vertex 18.8319 131.585 0
      vertex 19.1321 133.866 0
      vertex 19.05 131.542 0
    endloop
  endfacet
  facet normal 0 0 -1
    outer loop
      vertex 18.61 131.6 0
      vertex 19.1321 133.866 0
      vertex 18.8319 131.585 0
    endloop
  endfacet
  facet normal 0 0 -1
    outer loop
      vertex 18.61 131.6 0
      vertex 18.61 133.9 0
      vertex 19.1321 133.866 0
    endloop
  endfacet
  facet normal 0 0 -1
    outer loop
      vertex 18.3881 131.585 0
      vertex 18.61 133.9 0
      vertex 18.61 131.6 0
    endloop
  endfacet
  facet normal 0 0 -1
    outer loop
      vertex 18.0879 133.866 0
      vertex 18.3881 131.585 0
      vertex 18.17 131.542 0
    endloop
  endfacet
  facet normal 0 0 -1
    outer loop
      vertex 18.3881 131.585 0
      vertex 18.0879 133.866 0
      vertex 18.61 133.9 0
    endloop
  endfacet
  facet normal 0 0 -1
    outer loop
      vertex 17.5747 133.764 0
      vertex 18.17 131.542 0
      vertex 17.9594 131.471 0
    endloop
  endfacet
  facet normal 0 0 -1
    outer loop
      vertex 17.0793 133.596 0
      vertex 17.9594 131.471 0
      vertex 17.76 131.372 0
    endloop
  endfacet
  facet normal 0 0 -1
    outer loop
      vertex 16.61 133.364 0
      vertex 17.76 131.372 0
      vertex 17.5751 131.249 0
    endloop
  endfacet
  facet normal 0 0 -1
    outer loop
      vertex 18.17 131.542 0
      vertex 17.5747 133.764 0
      vertex 18.0879 133.866 0
    endloop
  endfacet
  facet normal 0 0 -1
    outer loop
      vertex 16.61 133.364 0
      vertex 17.5751 131.249 0
      vertex 17.4079 131.102 0
    endloop
  endfacet
  facet normal 0 0 -1
    outer loop
      vertex 16.61 133.364 0
      vertex 17.4079 131.102 0
      vertex 17.2613 130.935 0
    endloop
  endfacet
  facet normal 0 0 -1
    outer loop
      vertex 16.61 133.364 0
      vertex 17.2613 130.935 0
      vertex 17.1378 130.75 0
    endloop
  endfacet
  facet normal 0 0 -1
    outer loop
      vertex 17.9594 131.471 0
      vertex 17.0793 133.596 0
      vertex 17.5747 133.764 0
    endloop
  endfacet
  facet normal 0 0 -1
    outer loop
      vertex 16.61 133.364 0
      vertex 17.1378 130.75 0
      vertex 17.0394 130.551 0
    endloop
  endfacet
  facet normal 0 0 -1
    outer loop
      vertex 16.61 133.364 0
      vertex 17.0394 130.551 0
      vertex 16.9679 130.34 0
    endloop
  endfacet
  facet normal 0 0 -1
    outer loop
      vertex 16.61 133.364 0
      vertex 16.9679 130.34 0
      vertex 16.9245 130.122 0
    endloop
  endfacet
  facet normal 0 0 -1
    outer loop
      vertex 16.61 133.364 0
      vertex 16.9245 130.122 0
      vertex 16.91 129.9 0
    endloop
  endfacet
  facet normal 0 0 -1
    outer loop
      vertex 17.76 131.372 0
      vertex 16.61 133.364 0
      vertex 17.0793 133.596 0
    endloop
  endfacet
  facet normal -0 0 -1
    outer loop
      vertex 17.1378 129.05 0
      vertex 15.1459 127.9 0
      vertex 17.0394 129.249 0
    endloop
  endfacet
  facet normal 0 0 -1
    outer loop
      vertex 16.91 129.9 0
      vertex 16.175 133.073 0
      vertex 16.61 133.364 0
    endloop
  endfacet
  facet normal 0 0 -1
    outer loop
      vertex 14.9145 128.369 0
      vertex 17.0394 129.249 0
      vertex 15.1459 127.9 0
    endloop
  endfacet
  facet normal 0 0 -1
    outer loop
      vertex 16.91 129.9 0
      vertex 15.7816 132.728 0
      vertex 16.175 133.073 0
    endloop
  endfacet
  facet normal -0 0 -1
    outer loop
      vertex 17.0394 129.249 0
      vertex 14.9145 128.369 0
      vertex 16.9679 129.46 0
    endloop
  endfacet
  facet normal 0 0 -1
    outer loop
      vertex 16.91 129.9 0
      vertex 15.4366 132.335 0
      vertex 15.7816 132.728 0
    endloop
  endfacet
  facet normal 0 0 -1
    outer loop
      vertex 14.7463 128.865 0
      vertex 16.9679 129.46 0
      vertex 14.9145 128.369 0
    endloop
  endfacet
  facet normal 0 0 -1
    outer loop
      vertex 16.91 129.9 0
      vertex 15.1459 131.9 0
      vertex 15.4366 132.335 0
    endloop
  endfacet
  facet normal -0 0 -1
    outer loop
      vertex 16.9679 129.46 0
      vertex 14.7463 128.865 0
      vertex 16.9245 129.678 0
    endloop
  endfacet
  facet normal 0 0 -1
    outer loop
      vertex 16.91 129.9 0
      vertex 14.9145 131.431 0
      vertex 15.1459 131.9 0
    endloop
  endfacet
  facet normal 0 0 -1
    outer loop
      vertex 14.6442 129.378 0
      vertex 16.9245 129.678 0
      vertex 14.7463 128.865 0
    endloop
  endfacet
  facet normal 0 0 -1
    outer loop
      vertex 16.91 129.9 0
      vertex 14.7463 130.935 0
      vertex 14.9145 131.431 0
    endloop
  endfacet
  facet normal 0 0 -1
    outer loop
      vertex 14.61 129.9 0
      vertex 16.9245 129.678 0
      vertex 14.6442 129.378 0
    endloop
  endfacet
  facet normal 0 0 -1
    outer loop
      vertex 16.91 129.9 0
      vertex 14.6442 130.422 0
      vertex 14.7463 130.935 0
    endloop
  endfacet
  facet normal 0 0 -1
    outer loop
      vertex 16.91 129.9 0
      vertex 14.61 129.9 0
      vertex 14.6442 130.422 0
    endloop
  endfacet
  facet normal 0 0 -1
    outer loop
      vertex 22.3364 77.5839 0
      vertex 26.6001 66.7142 0
      vertex 23.6176 62.9399 0
    endloop
  endfacet
  facet normal 0 0 -1
    outer loop
      vertex 26.6001 66.7142 0
      vertex 22.3364 77.5839 0
      vertex 25.3189 81.3582 0
    endloop
  endfacet
  facet normal 0 0 -1
    outer loop
      vertex 23.8181 60.6486 0
      vertex 28.0817 49.7789 0
      vertex 25.0993 46.0046 0
    endloop
  endfacet
  facet normal 0 0 -1
    outer loop
      vertex 28.0817 49.7789 0
      vertex 23.8181 60.6486 0
      vertex 26.8005 64.4229 0
    endloop
  endfacet
  facet normal 0 0 -1
    outer loop
      vertex 25.3189 81.3582 0
      vertex 39.7624 84.9307 0
      vertex 39.9629 82.6394 0
    endloop
  endfacet
  facet normal 0 0 -1
    outer loop
      vertex 25.3189 81.3582 0
      vertex 25.1184 83.6495 0
      vertex 39.7624 84.9307 0
    endloop
  endfacet
  facet normal 0 0 -1
    outer loop
      vertex 23.6176 62.9399 0
      vertex 26.8005 64.4229 0
      vertex 23.8181 60.6486 0
    endloop
  endfacet
  facet normal -0 0 -1
    outer loop
      vertex 26.8005 64.4229 0
      vertex 23.6176 62.9399 0
      vertex 26.6001 66.7142 0
    endloop
  endfacet
  facet normal 0 0 -1
    outer loop
      vertex 10.6557 42.4321 0
      vertex 25.0993 46.0046 0
      vertex 25.2997 43.7133 0
    endloop
  endfacet
  facet normal 0 0 -1
    outer loop
      vertex 25.0993 46.0046 0
      vertex 10.6557 42.4321 0
      vertex 10.4553 44.7234 0
    endloop
  endfacet
  facet normal 0 0 -1
    outer loop
      vertex 26.8005 64.4229 0
      vertex 41.2441 67.9954 0
      vertex 41.4445 65.7041 0
    endloop
  endfacet
  facet normal 0 0 -1
    outer loop
      vertex 26.8005 64.4229 0
      vertex 26.6001 66.7142 0
      vertex 41.2441 67.9954 0
    endloop
  endfacet
  facet normal 0 0 -1
    outer loop
      vertex 25.0993 46.0046 0
      vertex 28.2822 47.4876 0
      vertex 25.2997 43.7133 0
    endloop
  endfacet
  facet normal -0 0 -1
    outer loop
      vertex 28.2822 47.4876 0
      vertex 25.0993 46.0046 0
      vertex 28.0817 49.7789 0
    endloop
  endfacet
  facet normal 0 0 -1
    outer loop
      vertex 25.0752 22.7659 0
      vertex 26.5809 29.0693 0
      vertex 26.6411 22.9704 0
    endloop
  endfacet
  facet normal 0 0 -1
    outer loop
      vertex 23.4307 22.5615 0
      vertex 26.5809 29.0693 0
      vertex 25.0752 22.7659 0
    endloop
  endfacet
  facet normal 0 0 -1
    outer loop
      vertex 21.7044 22.3573 0
      vertex 26.5809 29.0693 0
      vertex 23.4307 22.5615 0
    endloop
  endfacet
  facet normal 0 0 -1
    outer loop
      vertex 19.8945 22.1535 0
      vertex 26.5809 29.0693 0
      vertex 21.7044 22.3573 0
    endloop
  endfacet
  facet normal 0 0 -1
    outer loop
      vertex 11.9369 27.7881 0
      vertex 19.8945 22.1535 0
      vertex 17.9983 21.9499 0
    endloop
  endfacet
  facet normal 0 0 -1
    outer loop
      vertex 11.9369 27.7881 0
      vertex 17.9983 21.9499 0
      vertex 16.0132 21.7467 0
    endloop
  endfacet
  facet normal 0 0 -1
    outer loop
      vertex 11.9369 27.7881 0
      vertex 16.0132 21.7467 0
      vertex 13.9371 21.5441 0
    endloop
  endfacet
  facet normal 0 0 -1
    outer loop
      vertex 19.8945 22.1535 0
      vertex 11.9369 27.7881 0
      vertex 26.5809 29.0693 0
    endloop
  endfacet
  facet normal 0 0 -1
    outer loop
      vertex 11.7675 21.3419 0
      vertex 11.9369 27.7881 0
      vertex 13.9371 21.5441 0
    endloop
  endfacet
  facet normal 0 0 -1
    outer loop
      vertex 9.5811 21.1474 0
      vertex 11.9369 27.7881 0
      vertex 11.7675 21.3419 0
    endloop
  endfacet
  facet normal 0 0 -1
    outer loop
      vertex 9.08057 21.1178 0
      vertex 11.9369 27.7881 0
      vertex 9.5811 21.1474 0
    endloop
  endfacet
  facet normal 0 0 -1
    outer loop
      vertex 4.81 25.22 0
      vertex 11.9369 27.7881 0
      vertex 9.08057 21.1178 0
    endloop
  endfacet
  facet normal 0 0 -1
    outer loop
      vertex 9.35844 21.1267 0
      vertex 9.5811 21.1474 0
      vertex 9.5078 21.1386 0
    endloop
  endfacet
  facet normal 0 0 -1
    outer loop
      vertex 9.5811 21.1474 0
      vertex 9.35844 21.1267 0
      vertex 9.08057 21.1178 0
    endloop
  endfacet
  facet normal 0 0 -1
    outer loop
      vertex 9.08057 21.1178 0
      vertex 9.35844 21.1267 0
      vertex 9.21991 21.1199 0
    endloop
  endfacet
  facet normal 0 0 -1
    outer loop
      vertex 4.79546 25.4419 0
      vertex 11.9369 27.7881 0
      vertex 4.81 25.22 0
    endloop
  endfacet
  facet normal 0 0 -1
    outer loop
      vertex 4.75207 25.66 0
      vertex 11.9369 27.7881 0
      vertex 4.79546 25.4419 0
    endloop
  endfacet
  facet normal 0 0 -1
    outer loop
      vertex 41.2441 67.9954 0
      vertex 45.6155 69.8251 0
      vertex 41.4445 65.7041 0
    endloop
  endfacet
  facet normal -0 0 -1
    outer loop
      vertex 45.6155 69.8251 0
      vertex 41.2441 67.9954 0
      vertex 45.4951 72.1219 0
    endloop
  endfacet
  facet normal 0 0 -1
    outer loop
      vertex 42.8007 106.277 0
      vertex 43.8361 103.778 0
      vertex 42.8035 106.147 0
    endloop
  endfacet
  facet normal 0 0 -1
    outer loop
      vertex 40.9268 127.695 0
      vertex 50.6106 119.726 0
      vertex 42.8007 106.277 0
    endloop
  endfacet
  facet normal 0 0 -1
    outer loop
      vertex 45.4658 133.482 0
      vertex 43.2 132.96 0
      vertex 43.1855 133.182 0
    endloop
  endfacet
  facet normal -0 0 -1
    outer loop
      vertex 45.3637 133.995 0
      vertex 43.1421 133.4 0
      vertex 45.1955 134.491 0
    endloop
  endfacet
  facet normal 0 0 -1
    outer loop
      vertex 45.4672 132.459 0
      vertex 43.1421 132.52 0
      vertex 43.1855 132.738 0
    endloop
  endfacet
  facet normal 0 0 -1
    outer loop
      vertex 39.9629 82.6394 0
      vertex 45.4951 72.1219 0
      vertex 41.2441 67.9954 0
    endloop
  endfacet
  facet normal -0 0 -1
    outer loop
      vertex 45.4672 132.459 0
      vertex 43.0706 132.309 0
      vertex 43.1421 132.52 0
    endloop
  endfacet
  facet normal 0 0 -1
    outer loop
      vertex 45.4672 132.459 0
      vertex 42.9722 132.11 0
      vertex 43.0706 132.309 0
    endloop
  endfacet
  facet normal 0 0 -1
    outer loop
      vertex 45.4951 72.1219 0
      vertex 39.9629 82.6394 0
      vertex 44.7258 86.8018 0
    endloop
  endfacet
  facet normal 0 0 -1
    outer loop
      vertex 43.8361 103.778 0
      vertex 42.7893 106.016 0
      vertex 42.8035 106.147 0
    endloop
  endfacet
  facet normal 0 0 -1
    outer loop
      vertex 39.7624 84.9307 0
      vertex 44.7258 86.8018 0
      vertex 39.9629 82.6394 0
    endloop
  endfacet
  facet normal 0 0 -1
    outer loop
      vertex 28.2822 47.4876 0
      vertex 42.7257 51.0601 0
      vertex 42.9262 48.7688 0
    endloop
  endfacet
  facet normal 0 0 -1
    outer loop
      vertex 28.2822 47.4876 0
      vertex 28.0817 49.7789 0
      vertex 42.7257 51.0601 0
    endloop
  endfacet
  facet normal 0 0 -1
    outer loop
      vertex 32.1648 23.7902 0
      vertex 26.5809 29.0693 0
      vertex 29.5634 32.8436 0
    endloop
  endfacet
  facet normal 0 0 -1
    outer loop
      vertex 25.2997 43.7133 0
      vertex 29.5634 32.8436 0
      vertex 26.5809 29.0693 0
    endloop
  endfacet
  facet normal 0 0 -1
    outer loop
      vertex 29.5634 32.8436 0
      vertex 25.2997 43.7133 0
      vertex 28.2822 47.4876 0
    endloop
  endfacet
  facet normal 0 0 -1
    outer loop
      vertex 42.9722 133.81 0
      vertex 44.9641 134.96 0
      vertex 43.0706 133.611 0
    endloop
  endfacet
  facet normal 0 0 -1
    outer loop
      vertex 42.8487 133.995 0
      vertex 44.6734 135.395 0
      vertex 42.9722 133.81 0
    endloop
  endfacet
  facet normal -0 0 -1
    outer loop
      vertex 44.6734 135.395 0
      vertex 42.8487 133.995 0
      vertex 44.3284 135.788 0
    endloop
  endfacet
  facet normal 0 0 -1
    outer loop
      vertex 42.7021 134.162 0
      vertex 44.3284 135.788 0
      vertex 42.8487 133.995 0
    endloop
  endfacet
  facet normal -0 0 -1
    outer loop
      vertex 44.3284 135.788 0
      vertex 42.7021 134.162 0
      vertex 43.935 136.133 0
    endloop
  endfacet
  facet normal 0 0 -1
    outer loop
      vertex 42.5349 134.309 0
      vertex 43.935 136.133 0
      vertex 42.7021 134.162 0
    endloop
  endfacet
  facet normal -0 0 -1
    outer loop
      vertex 43.935 136.133 0
      vertex 42.5349 134.309 0
      vertex 43.5 136.424 0
    endloop
  endfacet
  facet normal 0 0 -1
    outer loop
      vertex 42.35 134.432 0
      vertex 43.5 136.424 0
      vertex 42.5349 134.309 0
    endloop
  endfacet
  facet normal -0 0 -1
    outer loop
      vertex 43.5 136.424 0
      vertex 42.35 134.432 0
      vertex 43.0307 136.656 0
    endloop
  endfacet
  facet normal 0 0 -1
    outer loop
      vertex 42.1506 134.531 0
      vertex 43.0307 136.656 0
      vertex 42.35 134.432 0
    endloop
  endfacet
  facet normal -0 0 -1
    outer loop
      vertex 43.0307 136.656 0
      vertex 42.1506 134.531 0
      vertex 42.5353 136.824 0
    endloop
  endfacet
  facet normal 0 0 -1
    outer loop
      vertex 41.94 134.602 0
      vertex 42.5353 136.824 0
      vertex 42.1506 134.531 0
    endloop
  endfacet
  facet normal -0 0 -1
    outer loop
      vertex 42.5353 136.824 0
      vertex 41.94 134.602 0
      vertex 42.0221 136.926 0
    endloop
  endfacet
  facet normal 0 0 -1
    outer loop
      vertex 41.7219 134.645 0
      vertex 42.0221 136.926 0
      vertex 41.94 134.602 0
    endloop
  endfacet
  facet normal 0 0 -1
    outer loop
      vertex 41.5 134.66 0
      vertex 42.0221 136.926 0
      vertex 41.7219 134.645 0
    endloop
  endfacet
  facet normal 0 0 -1
    outer loop
      vertex 41.5 134.66 0
      vertex 41.5 136.96 0
      vertex 42.0221 136.926 0
    endloop
  endfacet
  facet normal 0 0 -1
    outer loop
      vertex 41.2781 134.645 0
      vertex 41.5 136.96 0
      vertex 41.5 134.66 0
    endloop
  endfacet
  facet normal 0 0 -1
    outer loop
      vertex 40.9779 136.926 0
      vertex 41.2781 134.645 0
      vertex 41.06 134.602 0
    endloop
  endfacet
  facet normal 0 0 -1
    outer loop
      vertex 41.2781 134.645 0
      vertex 40.9779 136.926 0
      vertex 41.5 136.96 0
    endloop
  endfacet
  facet normal 0 0 -1
    outer loop
      vertex 40.4647 136.824 0
      vertex 41.06 134.602 0
      vertex 40.8494 134.531 0
    endloop
  endfacet
  facet normal 0 0 -1
    outer loop
      vertex 39.9693 136.656 0
      vertex 40.8494 134.531 0
      vertex 40.65 134.432 0
    endloop
  endfacet
  facet normal 0 0 -1
    outer loop
      vertex 39.5 136.424 0
      vertex 40.65 134.432 0
      vertex 40.4651 134.309 0
    endloop
  endfacet
  facet normal 0 0 -1
    outer loop
      vertex 41.06 134.602 0
      vertex 40.4647 136.824 0
      vertex 40.9779 136.926 0
    endloop
  endfacet
  facet normal 0 0 -1
    outer loop
      vertex 39.065 136.133 0
      vertex 40.4651 134.309 0
      vertex 40.2979 134.162 0
    endloop
  endfacet
  facet normal 0 0 -1
    outer loop
      vertex 38.6716 135.788 0
      vertex 40.2979 134.162 0
      vertex 40.1513 133.995 0
    endloop
  endfacet
  facet normal 0 0 -1
    outer loop
      vertex 38.3266 135.395 0
      vertex 40.1513 133.995 0
      vertex 40.0278 133.81 0
    endloop
  endfacet
  facet normal 0 0 -1
    outer loop
      vertex 40.8494 134.531 0
      vertex 39.9693 136.656 0
      vertex 40.4647 136.824 0
    endloop
  endfacet
  facet normal 0 0 -1
    outer loop
      vertex 38.0359 134.96 0
      vertex 40.0278 133.81 0
      vertex 39.9294 133.611 0
    endloop
  endfacet
  facet normal 0 0 -1
    outer loop
      vertex 37.8045 134.491 0
      vertex 39.9294 133.611 0
      vertex 39.8579 133.4 0
    endloop
  endfacet
  facet normal 0 0 -1
    outer loop
      vertex 37.6363 133.995 0
      vertex 39.8579 133.4 0
      vertex 39.8145 133.182 0
    endloop
  endfacet
  facet normal 0 0 -1
    outer loop
      vertex 37.5342 133.482 0
      vertex 39.8145 133.182 0
      vertex 39.8 132.96 0
    endloop
  endfacet
  facet normal 0 0 -1
    outer loop
      vertex 40.65 134.432 0
      vertex 39.5 136.424 0
      vertex 39.9693 136.656 0
    endloop
  endfacet
  facet normal 0 -0 -1
    outer loop
      vertex 42.5349 131.611 0
      vertex 45.4672 132.459 0
      vertex 40.9268 127.695 0
    endloop
  endfacet
  facet normal 0 0 -1
    outer loop
      vertex 45.4672 132.459 0
      vertex 42.8487 131.925 0
      vertex 42.9722 132.11 0
    endloop
  endfacet
  facet normal 0 0 -1
    outer loop
      vertex 45.4672 132.459 0
      vertex 42.7021 131.758 0
      vertex 42.8487 131.925 0
    endloop
  endfacet
  facet normal 0 0 -1
    outer loop
      vertex 45.4672 132.459 0
      vertex 42.5349 131.611 0
      vertex 42.7021 131.758 0
    endloop
  endfacet
  facet normal 0 0 -1
    outer loop
      vertex 40.9069 127.825 0
      vertex 42.5349 131.611 0
      vertex 40.9268 127.695 0
    endloop
  endfacet
  facet normal 0 0 -1
    outer loop
      vertex 42.5349 131.611 0
      vertex 40.9069 127.825 0
      vertex 42.35 131.488 0
    endloop
  endfacet
  facet normal 0 0 -1
    outer loop
      vertex 40.8703 127.95 0
      vertex 42.35 131.488 0
      vertex 40.9069 127.825 0
    endloop
  endfacet
  facet normal 0 0 -1
    outer loop
      vertex 42.35 131.488 0
      vertex 40.8703 127.95 0
      vertex 42.1506 131.389 0
    endloop
  endfacet
  facet normal 0 0 -1
    outer loop
      vertex 40.8176 128.07 0
      vertex 42.1506 131.389 0
      vertex 40.8703 127.95 0
    endloop
  endfacet
  facet normal 0 0 -1
    outer loop
      vertex 42.1506 131.389 0
      vertex 40.8176 128.07 0
      vertex 41.94 131.318 0
    endloop
  endfacet
  facet normal 0 0 -1
    outer loop
      vertex 40.7498 128.182 0
      vertex 41.94 131.318 0
      vertex 40.8176 128.07 0
    endloop
  endfacet
  facet normal 0 0 -1
    outer loop
      vertex 41.94 131.318 0
      vertex 40.7498 128.182 0
      vertex 41.7219 131.275 0
    endloop
  endfacet
  facet normal 0 0 -1
    outer loop
      vertex 40.6679 128.284 0
      vertex 41.7219 131.275 0
      vertex 40.7498 128.182 0
    endloop
  endfacet
  facet normal 0 0 -1
    outer loop
      vertex 40.5734 128.374 0
      vertex 41.7219 131.275 0
      vertex 40.6679 128.284 0
    endloop
  endfacet
  facet normal 0 0 -1
    outer loop
      vertex 41.7219 131.275 0
      vertex 40.5734 128.374 0
      vertex 41.5 131.26 0
    endloop
  endfacet
  facet normal 0 0 -1
    outer loop
      vertex 40.4679 128.452 0
      vertex 41.5 131.26 0
      vertex 40.5734 128.374 0
    endloop
  endfacet
  facet normal -0 0 -1
    outer loop
      vertex 41.5 131.26 0
      vertex 40.4679 128.452 0
      vertex 41.2781 131.275 0
    endloop
  endfacet
  facet normal 0 0 -1
    outer loop
      vertex 40.3532 128.515 0
      vertex 41.2781 131.275 0
      vertex 40.4679 128.452 0
    endloop
  endfacet
  facet normal -0 0 -1
    outer loop
      vertex 41.2781 131.275 0
      vertex 40.3532 128.515 0
      vertex 41.06 131.318 0
    endloop
  endfacet
  facet normal 0 0 -1
    outer loop
      vertex 40.2313 128.562 0
      vertex 41.06 131.318 0
      vertex 40.3532 128.515 0
    endloop
  endfacet
  facet normal 0 0 -1
    outer loop
      vertex 40.1043 128.593 0
      vertex 41.06 131.318 0
      vertex 40.2313 128.562 0
    endloop
  endfacet
  facet normal -0 0 -1
    outer loop
      vertex 41.06 131.318 0
      vertex 40.1043 128.593 0
      vertex 40.8494 131.389 0
    endloop
  endfacet
  facet normal 0 0 -1
    outer loop
      vertex 39.9742 128.607 0
      vertex 40.8494 131.389 0
      vertex 40.1043 128.593 0
    endloop
  endfacet
  facet normal -0 0 -1
    outer loop
      vertex 40.8494 131.389 0
      vertex 39.9742 128.607 0
      vertex 40.65 131.488 0
    endloop
  endfacet
  facet normal 0 0 -1
    outer loop
      vertex 39.8435 128.605 0
      vertex 40.65 131.488 0
      vertex 39.9742 128.607 0
    endloop
  endfacet
  facet normal -0 0 -1
    outer loop
      vertex 40.65 131.488 0
      vertex 39.8435 128.605 0
      vertex 40.4651 131.611 0
    endloop
  endfacet
  facet normal -0 0 -1
    outer loop
      vertex 40.4651 131.611 0
      vertex 39.8435 128.605 0
      vertex 40.2979 131.758 0
    endloop
  endfacet
  facet normal -0 0 -1
    outer loop
      vertex 40.2979 131.758 0
      vertex 39.8435 128.605 0
      vertex 40.1513 131.925 0
    endloop
  endfacet
  facet normal 0 0 -1
    outer loop
      vertex 37.5328 132.459 0
      vertex 40.1513 131.925 0
      vertex 39.8435 128.605 0
    endloop
  endfacet
  facet normal 0 0 -1
    outer loop
      vertex 40.1513 131.925 0
      vertex 37.5328 132.459 0
      vertex 40.0278 132.11 0
    endloop
  endfacet
  facet normal 0 0 -1
    outer loop
      vertex 40.0278 132.11 0
      vertex 37.5328 132.459 0
      vertex 39.9294 132.309 0
    endloop
  endfacet
  facet normal 0 0 -1
    outer loop
      vertex 39.9294 132.309 0
      vertex 37.5328 132.459 0
      vertex 39.8579 132.52 0
    endloop
  endfacet
  facet normal -0 0 -1
    outer loop
      vertex 39.8579 132.52 0
      vertex 37.5328 132.459 0
      vertex 39.8145 132.738 0
    endloop
  endfacet
  facet normal -0 0 -1
    outer loop
      vertex 39.8145 132.738 0
      vertex 37.5328 132.459 0
      vertex 39.8 132.96 0
    endloop
  endfacet
  facet normal 0 0 -1
    outer loop
      vertex 37.5 132.96 0
      vertex 39.8 132.96 0
      vertex 37.5328 132.459 0
    endloop
  endfacet
  facet normal 0 0 -1
    outer loop
      vertex 40.4651 134.309 0
      vertex 39.065 136.133 0
      vertex 39.5 136.424 0
    endloop
  endfacet
  facet normal 0 0 -1
    outer loop
      vertex 40.2979 134.162 0
      vertex 38.6716 135.788 0
      vertex 39.065 136.133 0
    endloop
  endfacet
  facet normal 0 0 -1
    outer loop
      vertex 40.1513 133.995 0
      vertex 38.3266 135.395 0
      vertex 38.6716 135.788 0
    endloop
  endfacet
  facet normal 0 0 -1
    outer loop
      vertex 40.0278 133.81 0
      vertex 38.0359 134.96 0
      vertex 38.3266 135.395 0
    endloop
  endfacet
  facet normal 0 0 -1
    outer loop
      vertex 39.9294 133.611 0
      vertex 37.8045 134.491 0
      vertex 38.0359 134.96 0
    endloop
  endfacet
  facet normal 0 0 -1
    outer loop
      vertex 39.8579 133.4 0
      vertex 37.6363 133.995 0
      vertex 37.8045 134.491 0
    endloop
  endfacet
  facet normal 0 0 -1
    outer loop
      vertex 39.8145 133.182 0
      vertex 37.5342 133.482 0
      vertex 37.6363 133.995 0
    endloop
  endfacet
  facet normal 0 0 -1
    outer loop
      vertex 35.4104 128.217 0
      vertex 37.5328 132.459 0
      vertex 39.8435 128.605 0
    endloop
  endfacet
  facet normal -0 0 -1
    outer loop
      vertex 37.5328 132.459 0
      vertex 35.4104 128.217 0
      vertex 35.0392 132.459 0
    endloop
  endfacet
  facet normal -0 0 -1
    outer loop
      vertex 44.7258 86.8018 0
      vertex 39.7624 84.9307 0
      vertex 44.6054 89.0986 0
    endloop
  endfacet
  facet normal 0 0 -1
    outer loop
      vertex 43.8361 103.778 0
      vertex 42.7582 105.889 0
      vertex 42.7893 106.016 0
    endloop
  endfacet
  facet normal 0 0 -1
    outer loop
      vertex 38.4812 99.5747 0
      vertex 44.6054 89.0986 0
      vertex 39.7624 84.9307 0
    endloop
  endfacet
  facet normal 0 0 -1
    outer loop
      vertex 44.6054 89.0986 0
      vertex 38.4812 99.5747 0
      vertex 43.8361 103.778 0
    endloop
  endfacet
  facet normal 0 0 -1
    outer loop
      vertex 43.8361 103.778 0
      vertex 42.7108 105.768 0
      vertex 42.7582 105.889 0
    endloop
  endfacet
  facet normal 0 0 -1
    outer loop
      vertex 43.8361 103.778 0
      vertex 42.6479 105.653 0
      vertex 42.7108 105.768 0
    endloop
  endfacet
  facet normal 0 0 -1
    outer loop
      vertex 43.8361 103.778 0
      vertex 42.5705 105.547 0
      vertex 42.6479 105.653 0
    endloop
  endfacet
  facet normal 0 0 -1
    outer loop
      vertex 43.8361 103.778 0
      vertex 42.4801 105.453 0
      vertex 42.5705 105.547 0
    endloop
  endfacet
  facet normal 0 -0 -1
    outer loop
      vertex 41.8916 105.194 0
      vertex 43.8361 103.778 0
      vertex 38.4812 99.5747 0
    endloop
  endfacet
  facet normal 0 0 -1
    outer loop
      vertex 43.8361 103.778 0
      vertex 42.3781 105.371 0
      vertex 42.4801 105.453 0
    endloop
  endfacet
  facet normal 0 0 -1
    outer loop
      vertex 43.8361 103.778 0
      vertex 42.2662 105.303 0
      vertex 42.3781 105.371 0
    endloop
  endfacet
  facet normal 0 0 -1
    outer loop
      vertex 43.8361 103.778 0
      vertex 42.1465 105.25 0
      vertex 42.2662 105.303 0
    endloop
  endfacet
  facet normal 0 0 -1
    outer loop
      vertex 43.8361 103.778 0
      vertex 42.0209 105.214 0
      vertex 42.1465 105.25 0
    endloop
  endfacet
  facet normal 0 0 -1
    outer loop
      vertex 43.8361 103.778 0
      vertex 41.8916 105.194 0
      vertex 42.0209 105.214 0
    endloop
  endfacet
  facet normal 0 0 -1
    outer loop
      vertex 38.4812 99.5747 0
      vertex 25.9525 103.799 0
      vertex 41.8916 105.194 0
    endloop
  endfacet
  facet normal 0 0 -1
    outer loop
      vertex 23.8372 98.2935 0
      vertex 25.9525 103.799 0
      vertex 38.4812 99.5747 0
    endloop
  endfacet
  facet normal 0 0 -1
    outer loop
      vertex 25.9525 103.799 0
      vertex 23.8372 98.2935 0
      vertex 25.8217 103.797 0
    endloop
  endfacet
  facet normal -0 0 -1
    outer loop
      vertex 25.8217 103.797 0
      vertex 23.8372 98.2935 0
      vertex 25.6917 103.811 0
    endloop
  endfacet
  facet normal -0 0 -1
    outer loop
      vertex 25.6917 103.811 0
      vertex 23.8372 98.2935 0
      vertex 25.5647 103.842 0
    endloop
  endfacet
  facet normal 0 0 -1
    outer loop
      vertex 23.8372 98.2935 0
      vertex 25.4427 103.889 0
      vertex 25.5647 103.842 0
    endloop
  endfacet
  facet normal 0 0 -1
    outer loop
      vertex 23.8372 98.2935 0
      vertex 25.328 103.952 0
      vertex 25.4427 103.889 0
    endloop
  endfacet
  facet normal 0 0 -1
    outer loop
      vertex 23.8372 98.2935 0
      vertex 25.2226 104.03 0
      vertex 25.328 103.952 0
    endloop
  endfacet
  facet normal 0 0 -1
    outer loop
      vertex 23.8372 98.2935 0
      vertex 25.1281 104.12 0
      vertex 25.2226 104.03 0
    endloop
  endfacet
  facet normal 0 0 -1
    outer loop
      vertex 23.8372 98.2935 0
      vertex 25.0462 104.222 0
      vertex 25.1281 104.12 0
    endloop
  endfacet
  facet normal 0 0 -1
    outer loop
      vertex 23.8372 98.2935 0
      vertex 24.9783 104.334 0
      vertex 25.0462 104.222 0
    endloop
  endfacet
  facet normal 0 0 -1
    outer loop
      vertex 23.8372 98.2935 0
      vertex 24.9257 104.454 0
      vertex 24.9783 104.334 0
    endloop
  endfacet
  facet normal 0 0 -1
    outer loop
      vertex 23.8372 98.2935 0
      vertex 24.8891 104.579 0
      vertex 24.9257 104.454 0
    endloop
  endfacet
  facet normal 0 0 -1
    outer loop
      vertex 23.8372 98.2935 0
      vertex 24.8692 104.708 0
      vertex 24.8891 104.579 0
    endloop
  endfacet
  facet normal 0 0 -1
    outer loop
      vertex 22.136 79.8752 0
      vertex 25.3189 81.3582 0
      vertex 22.3364 77.5839 0
    endloop
  endfacet
  facet normal 0 0 -1
    outer loop
      vertex 23.8372 98.2935 0
      vertex 22.9953 126.127 0
      vertex 24.8692 104.708 0
    endloop
  endfacet
  facet normal -0 0 -1
    outer loop
      vertex 25.3189 81.3582 0
      vertex 22.136 79.8752 0
      vertex 25.1184 83.6495 0
    endloop
  endfacet
  facet normal 0 0 -1
    outer loop
      vertex 20.8548 94.5192 0
      vertex 25.1184 83.6495 0
      vertex 22.136 79.8752 0
    endloop
  endfacet
  facet normal 0 0 -1
    outer loop
      vertex 25.1184 83.6495 0
      vertex 20.8548 94.5192 0
      vertex 23.8372 98.2935 0
    endloop
  endfacet
  facet normal 0 0 -1
    outer loop
      vertex 22.0741 131.9 0
      vertex 22.9953 126.127 0
      vertex 23.8372 98.2935 0
    endloop
  endfacet
  facet normal 0 0 -1
    outer loop
      vertex 22.0741 131.9 0
      vertex 22.9925 126.257 0
      vertex 22.9953 126.127 0
    endloop
  endfacet
  facet normal 0 0 -1
    outer loop
      vertex 23.0067 126.387 0
      vertex 22.0741 131.9 0
      vertex 22.341 131.326 0
    endloop
  endfacet
  facet normal 0 0 -1
    outer loop
      vertex 7.69237 76.3027 0
      vertex 22.136 79.8752 0
      vertex 22.3364 77.5839 0
    endloop
  endfacet
  facet normal 0 0 -1
    outer loop
      vertex 6.19966 22.2231 0
      vertex 7.67363 21.3541 0
      vertex 7.54248 21.4017 0
    endloop
  endfacet
  facet normal 0 0 -1
    outer loop
      vertex 7.69237 76.3027 0
      vertex 7.49196 78.594 0
      vertex 22.136 79.8752 0
    endloop
  endfacet
  facet normal 0 0 -1
    outer loop
      vertex 6.10294 22.3126 0
      vertex 7.67363 21.3541 0
      vertex 6.19966 22.2231 0
    endloop
  endfacet
  facet normal 0 0 -1
    outer loop
      vertex 6.19966 22.2231 0
      vertex 7.54248 21.4017 0
      vertex 7.4055 21.4567 0
    endloop
  endfacet
  facet normal 0 0 -1
    outer loop
      vertex 6.19966 22.2231 0
      vertex 7.4055 21.4567 0
      vertex 7.27078 21.5164 0
    endloop
  endfacet
  facet normal 0 0 -1
    outer loop
      vertex 6.19966 22.2231 0
      vertex 7.27078 21.5164 0
      vertex 7.14963 21.575 0
    endloop
  endfacet
  facet normal 0 0 -1
    outer loop
      vertex 6.19966 22.2231 0
      vertex 7.14963 21.575 0
      vertex 7.02203 21.6412 0
    endloop
  endfacet
  facet normal 0 0 -1
    outer loop
      vertex 6.19966 22.2231 0
      vertex 7.02203 21.6412 0
      vertex 6.8938 21.7142 0
    endloop
  endfacet
  facet normal 0 0 -1
    outer loop
      vertex 6.19966 22.2231 0
      vertex 6.8938 21.7142 0
      vertex 6.76884 21.7904 0
    endloop
  endfacet
  facet normal 0 0 -1
    outer loop
      vertex 6.19966 22.2231 0
      vertex 6.76884 21.7904 0
      vertex 6.65167 21.8681 0
    endloop
  endfacet
  facet normal 0 0 -1
    outer loop
      vertex 6.19966 22.2231 0
      vertex 6.65167 21.8681 0
      vertex 6.53976 21.9468 0
    endloop
  endfacet
  facet normal 0 0 -1
    outer loop
      vertex 6.19966 22.2231 0
      vertex 6.53976 21.9468 0
      vertex 6.42448 22.0341 0
    endloop
  endfacet
  facet normal 0 0 -1
    outer loop
      vertex 6.19966 22.2231 0
      vertex 6.42448 22.0341 0
      vertex 6.30775 22.1285 0
    endloop
  endfacet
  facet normal 0 0 -1
    outer loop
      vertex 4.81 25.22 0
      vertex 7.67363 21.3541 0
      vertex 6.10294 22.3126 0
    endloop
  endfacet
  facet normal 0 0 -1
    outer loop
      vertex 4.4587 26.2549 0
      vertex 11.9369 27.7881 0
      vertex 4.58224 26.07 0
    endloop
  endfacet
  facet normal 0 0 -1
    outer loop
      vertex 39.8 132.96 0
      vertex 37.5 132.96 0
      vertex 37.5342 133.482 0
    endloop
  endfacet
  facet normal 0 0 -1
    outer loop
      vertex 44.7258 86.8018 0
      vertex 59.2853 89.8679 0
      vertex 59.4057 87.5711 0
    endloop
  endfacet
  facet normal 0 0 -1
    outer loop
      vertex 44.7258 86.8018 0
      vertex 44.6054 89.0986 0
      vertex 59.2853 89.8679 0
    endloop
  endfacet
  facet normal 0 0 -1
    outer loop
      vertex 41.4445 65.7041 0
      vertex 46.3848 55.1452 0
      vertex 42.7257 51.0601 0
    endloop
  endfacet
  facet normal 0 0 -1
    outer loop
      vertex 46.3848 55.1452 0
      vertex 41.4445 65.7041 0
      vertex 45.6155 69.8251 0
    endloop
  endfacet
  facet normal 0 0 -1
    outer loop
      vertex 44.1819 26.6941 0
      vertex 44.2074 34.1248 0
      vertex 44.722 26.9078 0
    endloop
  endfacet
  facet normal 0 0 -1
    outer loop
      vertex 43.6093 26.4817 0
      vertex 44.2074 34.1248 0
      vertex 44.1819 26.6941 0
    endloop
  endfacet
  facet normal 0 0 -1
    outer loop
      vertex 43.0024 26.2708 0
      vertex 44.2074 34.1248 0
      vertex 43.6093 26.4817 0
    endloop
  endfacet
  facet normal 0 0 -1
    outer loop
      vertex 42.3587 26.0608 0
      vertex 44.2074 34.1248 0
      vertex 43.0024 26.2708 0
    endloop
  endfacet
  facet normal 0 0 -1
    outer loop
      vertex 41.6756 25.8518 0
      vertex 44.2074 34.1248 0
      vertex 42.3587 26.0608 0
    endloop
  endfacet
  facet normal 0 0 -1
    outer loop
      vertex 40.9517 25.6438 0
      vertex 44.2074 34.1248 0
      vertex 41.6756 25.8518 0
    endloop
  endfacet
  facet normal 0 0 -1
    outer loop
      vertex 40.1841 25.4365 0
      vertex 44.2074 34.1248 0
      vertex 40.9517 25.6438 0
    endloop
  endfacet
  facet normal 0 0 -1
    outer loop
      vertex 39.37 25.2296 0
      vertex 44.2074 34.1248 0
      vertex 40.1841 25.4365 0
    endloop
  endfacet
  facet normal 0 0 -1
    outer loop
      vertex 38.5071 25.0232 0
      vertex 44.2074 34.1248 0
      vertex 39.37 25.2296 0
    endloop
  endfacet
  facet normal 0 0 -1
    outer loop
      vertex 29.5634 32.8436 0
      vertex 38.5071 25.0232 0
      vertex 37.5929 24.8172 0
    endloop
  endfacet
  facet normal 0 0 -1
    outer loop
      vertex 29.5634 32.8436 0
      vertex 37.5929 24.8172 0
      vertex 36.625 24.6115 0
    endloop
  endfacet
  facet normal 0 0 -1
    outer loop
      vertex 29.5634 32.8436 0
      vertex 36.625 24.6115 0
      vertex 35.6008 24.406 0
    endloop
  endfacet
  facet normal 0 0 -1
    outer loop
      vertex 29.5634 32.8436 0
      vertex 35.6008 24.406 0
      vertex 34.5178 24.2007 0
    endloop
  endfacet
  facet normal 0 0 -1
    outer loop
      vertex 29.5634 32.8436 0
      vertex 34.5178 24.2007 0
      vertex 33.3733 23.9954 0
    endloop
  endfacet
  facet normal 0 0 -1
    outer loop
      vertex 29.5634 32.8436 0
      vertex 33.3733 23.9954 0
      vertex 32.1648 23.7902 0
    endloop
  endfacet
  facet normal 0 0 -1
    outer loop
      vertex 26.5809 29.0693 0
      vertex 32.1648 23.7902 0
      vertex 30.8898 23.5851 0
    endloop
  endfacet
  facet normal 0 0 -1
    outer loop
      vertex 38.5071 25.0232 0
      vertex 29.5634 32.8436 0
      vertex 44.2074 34.1248 0
    endloop
  endfacet
  facet normal 0 0 -1
    outer loop
      vertex 26.5809 29.0693 0
      vertex 30.8898 23.5851 0
      vertex 29.5459 23.3801 0
    endloop
  endfacet
  facet normal 0 0 -1
    outer loop
      vertex 26.5809 29.0693 0
      vertex 29.5459 23.3801 0
      vertex 28.1306 23.1752 0
    endloop
  endfacet
  facet normal 0 0 -1
    outer loop
      vertex 26.5809 29.0693 0
      vertex 28.1306 23.1752 0
      vertex 26.6411 22.9704 0
    endloop
  endfacet
  facet normal 0 0 -1
    outer loop
      vertex 45.6155 69.8251 0
      vertex 60.175 72.8912 0
      vertex 60.2954 70.5944 0
    endloop
  endfacet
  facet normal 0 0 -1
    outer loop
      vertex 60.175 72.8912 0
      vertex 45.6155 69.8251 0
      vertex 45.4951 72.1219 0
    endloop
  endfacet
  facet normal 0 0 -1
    outer loop
      vertex 46.5053 52.8484 0
      vertex 61.0647 55.9145 0
      vertex 61.1852 53.6177 0
    endloop
  endfacet
  facet normal 0 0 -1
    outer loop
      vertex 61.0647 55.9145 0
      vertex 46.5053 52.8484 0
      vertex 46.3848 55.1452 0
    endloop
  endfacet
  facet normal 0 0 -1
    outer loop
      vertex 61.3029 32.5431 0
      vertex 61.9545 38.9378 0
      vertex 62.1302 32.625 0
    endloop
  endfacet
  facet normal 0 0 -1
    outer loop
      vertex 60.5053 32.4564 0
      vertex 61.9545 38.9378 0
      vertex 61.3029 32.5431 0
    endloop
  endfacet
  facet normal 0 0 -1
    outer loop
      vertex 59.7333 32.3646 0
      vertex 61.9545 38.9378 0
      vertex 60.5053 32.4564 0
    endloop
  endfacet
  facet normal 0 0 -1
    outer loop
      vertex 58.9914 32.2688 0
      vertex 61.9545 38.9378 0
      vertex 59.7333 32.3646 0
    endloop
  endfacet
  facet normal 0 0 -1
    outer loop
      vertex 58.2777 32.1691 0
      vertex 61.9545 38.9378 0
      vertex 58.9914 32.2688 0
    endloop
  endfacet
  facet normal 0 0 -1
    outer loop
      vertex 57.5883 32.0652 0
      vertex 61.9545 38.9378 0
      vertex 58.2777 32.1691 0
    endloop
  endfacet
  facet normal 0 0 -1
    outer loop
      vertex 56.932 31.9588 0
      vertex 61.9545 38.9378 0
      vertex 57.5883 32.0652 0
    endloop
  endfacet
  facet normal 0 0 -1
    outer loop
      vertex 56.3021 31.8493 0
      vertex 61.9545 38.9378 0
      vertex 56.932 31.9588 0
    endloop
  endfacet
  facet normal 0 0 -1
    outer loop
      vertex 55.6988 31.737 0
      vertex 61.9545 38.9378 0
      vertex 56.3021 31.8493 0
    endloop
  endfacet
  facet normal 0 0 -1
    outer loop
      vertex 47.2746 38.1685 0
      vertex 55.6988 31.737 0
      vertex 55.1268 31.6232 0
    endloop
  endfacet
  facet normal 0 0 -1
    outer loop
      vertex 47.2746 38.1685 0
      vertex 55.1268 31.6232 0
      vertex 54.5823 31.5076 0
    endloop
  endfacet
  facet normal 0 0 -1
    outer loop
      vertex 47.2746 38.1685 0
      vertex 54.5823 31.5076 0
      vertex 54.0673 31.3909 0
    endloop
  endfacet
  facet normal 0 0 -1
    outer loop
      vertex 47.2746 38.1685 0
      vertex 54.0673 31.3909 0
      vertex 53.5812 31.2736 0
    endloop
  endfacet
  facet normal 0 0 -1
    outer loop
      vertex 47.2746 38.1685 0
      vertex 53.5812 31.2736 0
      vertex 53.1256 31.1562 0
    endloop
  endfacet
  facet normal 0 0 -1
    outer loop
      vertex 47.2746 38.1685 0
      vertex 53.1256 31.1562 0
      vertex 52.6991 31.0392 0
    endloop
  endfacet
  facet normal 0 0 -1
    outer loop
      vertex 47.2746 38.1685 0
      vertex 52.6991 31.0392 0
      vertex 52.3042 30.9237 0
    endloop
  endfacet
  facet normal 0 0 -1
    outer loop
      vertex 47.2746 38.1685 0
      vertex 52.3042 30.9237 0
      vertex 51.9399 30.8097 0
    endloop
  endfacet
  facet normal 0 0 -1
    outer loop
      vertex 47.2746 38.1685 0
      vertex 51.9399 30.8097 0
      vertex 51.6082 30.6989 0
    endloop
  endfacet
  facet normal 0 0 -1
    outer loop
      vertex 47.2746 38.1685 0
      vertex 51.6082 30.6989 0
      vertex 51.3088 30.5917 0
    endloop
  endfacet
  facet normal 0 0 -1
    outer loop
      vertex 47.2746 38.1685 0
      vertex 51.3088 30.5917 0
      vertex 51.0445 30.49 0
    endloop
  endfacet
  facet normal 0 0 -1
    outer loop
      vertex 47.2746 38.1685 0
      vertex 51.0445 30.49 0
      vertex 50.8149 30.3947 0
    endloop
  endfacet
  facet normal 0 0 -1
    outer loop
      vertex 47.2746 38.1685 0
      vertex 50.8149 30.3947 0
      vertex 50.6227 30.3083 0
    endloop
  endfacet
  facet normal 0 0 -1
    outer loop
      vertex 47.2746 38.1685 0
      vertex 50.6227 30.3083 0
      vertex 50.4642 30.2308 0
    endloop
  endfacet
  facet normal 0 0 -1
    outer loop
      vertex 44.2074 34.1248 0
      vertex 50.4642 30.2308 0
      vertex 50.3204 30.1542 0
    endloop
  endfacet
  facet normal 0 0 -1
    outer loop
      vertex 44.2074 34.1248 0
      vertex 50.3204 30.1542 0
      vertex 50.1768 30.072 0
    endloop
  endfacet
  facet normal 0 0 -1
    outer loop
      vertex 44.2074 34.1248 0
      vertex 50.1768 30.072 0
      vertex 50.0302 29.9825 0
    endloop
  endfacet
  facet normal 0 0 -1
    outer loop
      vertex 44.2074 34.1248 0
      vertex 50.0302 29.9825 0
      vertex 49.8761 29.8833 0
    endloop
  endfacet
  facet normal 0 0 -1
    outer loop
      vertex 44.2074 34.1248 0
      vertex 49.8761 29.8833 0
      vertex 49.7111 29.7726 0
    endloop
  endfacet
  facet normal 0 0 -1
    outer loop
      vertex 44.2074 34.1248 0
      vertex 49.7111 29.7726 0
      vertex 49.5307 29.6477 0
    endloop
  endfacet
  facet normal 0 0 -1
    outer loop
      vertex 44.2074 34.1248 0
      vertex 49.5307 29.6477 0
      vertex 49.3375 29.5114 0
    endloop
  endfacet
  facet normal 0 0 -1
    outer loop
      vertex 44.2074 34.1248 0
      vertex 49.3375 29.5114 0
      vertex 49.1192 29.3564 0
    endloop
  endfacet
  facet normal 0 0 -1
    outer loop
      vertex 44.2074 34.1248 0
      vertex 49.1192 29.3564 0
      vertex 48.884 29.19 0
    endloop
  endfacet
  facet normal 0 0 -1
    outer loop
      vertex 44.2074 34.1248 0
      vertex 48.884 29.19 0
      vertex 48.6264 29.0104 0
    endloop
  endfacet
  facet normal 0 0 -1
    outer loop
      vertex 44.2074 34.1248 0
      vertex 48.6264 29.0104 0
      vertex 48.3458 28.8197 0
    endloop
  endfacet
  facet normal 0 0 -1
    outer loop
      vertex 44.2074 34.1248 0
      vertex 48.3458 28.8197 0
      vertex 48.0427 28.6205 0
    endloop
  endfacet
  facet normal 0 0 -1
    outer loop
      vertex 44.2074 34.1248 0
      vertex 48.0427 28.6205 0
      vertex 47.7157 28.4141 0
    endloop
  endfacet
  facet normal 0 0 -1
    outer loop
      vertex 44.2074 34.1248 0
      vertex 47.7157 28.4141 0
      vertex 47.3649 28.2029 0
    endloop
  endfacet
  facet normal 0 0 -1
    outer loop
      vertex 55.6988 31.737 0
      vertex 47.2746 38.1685 0
      vertex 61.9545 38.9378 0
    endloop
  endfacet
  facet normal 0 0 -1
    outer loop
      vertex 44.2074 34.1248 0
      vertex 47.3649 28.2029 0
      vertex 46.9897 27.9884 0
    endloop
  endfacet
  facet normal 0 0 -1
    outer loop
      vertex 44.2074 34.1248 0
      vertex 46.9897 27.9884 0
      vertex 46.5895 27.7722 0
    endloop
  endfacet
  facet normal 0 0 -1
    outer loop
      vertex 44.2074 34.1248 0
      vertex 46.5895 27.7722 0
      vertex 46.1637 27.5552 0
    endloop
  endfacet
  facet normal 0 0 -1
    outer loop
      vertex 44.2074 34.1248 0
      vertex 46.1637 27.5552 0
      vertex 45.7108 27.3383 0
    endloop
  endfacet
  facet normal 0 0 -1
    outer loop
      vertex 44.2074 34.1248 0
      vertex 45.7108 27.3383 0
      vertex 45.2309 27.1225 0
    endloop
  endfacet
  facet normal 0 0 -1
    outer loop
      vertex 44.2074 34.1248 0
      vertex 45.2309 27.1225 0
      vertex 44.722 26.9078 0
    endloop
  endfacet
  facet normal 0 0 -1
    outer loop
      vertex 50.4642 30.2308 0
      vertex 44.2074 34.1248 0
      vertex 47.2746 38.1685 0
    endloop
  endfacet
  facet normal 0 0 -1
    outer loop
      vertex 42.9262 48.7688 0
      vertex 47.2746 38.1685 0
      vertex 44.2074 34.1248 0
    endloop
  endfacet
  facet normal 0 0 -1
    outer loop
      vertex 47.2746 38.1685 0
      vertex 42.9262 48.7688 0
      vertex 46.5053 52.8484 0
    endloop
  endfacet
  facet normal 0 0 -1
    outer loop
      vertex 42.7257 51.0601 0
      vertex 46.5053 52.8484 0
      vertex 42.9262 48.7688 0
    endloop
  endfacet
  facet normal -0 0 -1
    outer loop
      vertex 46.5053 52.8484 0
      vertex 42.7257 51.0601 0
      vertex 46.3848 55.1452 0
    endloop
  endfacet
  facet normal 0 0 -1
    outer loop
      vertex 43.2 132.96 0
      vertex 45.5 132.96 0
      vertex 45.4672 132.459 0
    endloop
  endfacet
  facet normal 0 0 -1
    outer loop
      vertex 65.2374 91.2093 0
      vertex 79.9374 93.5093 0
      vertex 79.9374 91.2093 0
    endloop
  endfacet
  facet normal -0 0 -1
    outer loop
      vertex 79.9374 93.5093 0
      vertex 65.2374 91.2093 0
      vertex 65.2374 93.5093 0
    endloop
  endfacet
  facet normal 0 0 -1
    outer loop
      vertex 65.2374 74.2093 0
      vertex 79.9374 76.5093 0
      vertex 79.9374 74.2093 0
    endloop
  endfacet
  facet normal -0 0 -1
    outer loop
      vertex 79.9374 76.5093 0
      vertex 65.2374 74.2093 0
      vertex 65.2374 76.5093 0
    endloop
  endfacet
  facet normal 0 0 -1
    outer loop
      vertex 65.2374 57.2093 0
      vertex 79.9374 59.5093 0
      vertex 79.9374 57.2093 0
    endloop
  endfacet
  facet normal -0 0 -1
    outer loop
      vertex 79.9374 59.5093 0
      vertex 65.2374 57.2093 0
      vertex 65.2374 59.5093 0
    endloop
  endfacet
  facet normal -0 0 -1
    outer loop
      vertex 83.3454 39.2703 0
      vertex 79.0885 32.9685 0
      vertex 79.9374 42.5093 0
    endloop
  endfacet
  facet normal 0 0 -1
    outer loop
      vertex 77.825 33.0135 0
      vertex 79.9374 42.5093 0
      vertex 79.0885 32.9685 0
    endloop
  endfacet
  facet normal 0 0 -1
    outer loop
      vertex 76.5867 33.0482 0
      vertex 79.9374 42.5093 0
      vertex 77.825 33.0135 0
    endloop
  endfacet
  facet normal 0 0 -1
    outer loop
      vertex 75.3745 33.0728 0
      vertex 79.9374 42.5093 0
      vertex 76.5867 33.0482 0
    endloop
  endfacet
  facet normal 0 0 -1
    outer loop
      vertex 74.1909 33.0876 0
      vertex 79.9374 42.5093 0
      vertex 75.3745 33.0728 0
    endloop
  endfacet
  facet normal 0 0 -1
    outer loop
      vertex 73.0367 33.0931 0
      vertex 79.9374 42.5093 0
      vertex 74.1909 33.0876 0
    endloop
  endfacet
  facet normal 0 0 -1
    outer loop
      vertex 65.2374 42.5093 0
      vertex 73.0367 33.0931 0
      vertex 71.9053 33.0894 0
    endloop
  endfacet
  facet normal 0 0 -1
    outer loop
      vertex 65.2374 42.5093 0
      vertex 71.9053 33.0894 0
      vertex 70.8078 33.0769 0
    endloop
  endfacet
  facet normal 0 0 -1
    outer loop
      vertex 65.2374 42.5093 0
      vertex 70.8078 33.0769 0
      vertex 69.7292 33.0559 0
    endloop
  endfacet
  facet normal 0 0 -1
    outer loop
      vertex 65.2374 42.5093 0
      vertex 69.7292 33.0559 0
      vertex 68.6867 33.0271 0
    endloop
  endfacet
  facet normal 0 0 -1
    outer loop
      vertex 65.2374 42.5093 0
      vertex 68.6867 33.0271 0
      vertex 67.6654 32.9902 0
    endloop
  endfacet
  facet normal 0 0 -1
    outer loop
      vertex 65.2374 42.5093 0
      vertex 67.6654 32.9902 0
      vertex 66.6743 32.946 0
    endloop
  endfacet
  facet normal 0 0 -1
    outer loop
      vertex 65.2374 42.5093 0
      vertex 66.6743 32.946 0
      vertex 65.7096 32.8947 0
    endloop
  endfacet
  facet normal 0 0 -1
    outer loop
      vertex 73.0367 33.0931 0
      vertex 65.2374 42.5093 0
      vertex 79.9374 42.5093 0
    endloop
  endfacet
  facet normal 0 0 -1
    outer loop
      vertex 63.8638 32.7719 0
      vertex 65.2374 42.5093 0
      vertex 64.7736 32.8365 0
    endloop
  endfacet
  facet normal 0 0 -1
    outer loop
      vertex 61.1852 53.6177 0
      vertex 65.2374 42.5093 0
      vertex 63.8638 32.7719 0
    endloop
  endfacet
  facet normal 0 0 -1
    outer loop
      vertex 65.2374 42.5093 0
      vertex 61.1852 53.6177 0
      vertex 65.2374 57.2093 0
    endloop
  endfacet
  facet normal 0 0 -1
    outer loop
      vertex 61.0647 55.9145 0
      vertex 65.2374 57.2093 0
      vertex 61.1852 53.6177 0
    endloop
  endfacet
  facet normal -0 0 -1
    outer loop
      vertex 65.2374 57.2093 0
      vertex 61.0647 55.9145 0
      vertex 65.2374 59.5093 0
    endloop
  endfacet
  facet normal 0 0 -1
    outer loop
      vertex 60.2954 70.5944 0
      vertex 65.2374 59.5093 0
      vertex 61.0647 55.9145 0
    endloop
  endfacet
  facet normal 0 0 -1
    outer loop
      vertex 65.2374 59.5093 0
      vertex 60.2954 70.5944 0
      vertex 65.2374 74.2093 0
    endloop
  endfacet
  facet normal 0 0 -1
    outer loop
      vertex 64.7736 32.8365 0
      vertex 65.2374 42.5093 0
      vertex 65.7096 32.8947 0
    endloop
  endfacet
  facet normal 0 0 -1
    outer loop
      vertex 84.3642 30.5179 0
      vertex 86.6445 30.8181 0
      vertex 84.4663 30.0047 0
    endloop
  endfacet
  facet normal -0 0 -1
    outer loop
      vertex 86.6445 30.8181 0
      vertex 84.3642 30.5179 0
      vertex 86.63 31.04 0
    endloop
  endfacet
  facet normal 0 -0 -1
    outer loop
      vertex 84.6345 32.5707 0
      vertex 86.63 31.04 0
      vertex 84.4663 32.0753 0
    endloop
  endfacet
  facet normal 0 0 -1
    outer loop
      vertex 86.63 31.04 0
      vertex 84.6345 32.5707 0
      vertex 84.6781 32.6591 0
    endloop
  endfacet
  facet normal 0 0 -1
    outer loop
      vertex 84.33 31.04 0
      vertex 86.63 31.04 0
      vertex 84.3642 30.5179 0
    endloop
  endfacet
  facet normal 0 0 -1
    outer loop
      vertex 86.63 31.04 0
      vertex 84.3642 31.5621 0
      vertex 84.4663 32.0753 0
    endloop
  endfacet
  facet normal 0 0 -1
    outer loop
      vertex 86.63 31.04 0
      vertex 84.33 31.04 0
      vertex 84.3642 31.5621 0
    endloop
  endfacet
  facet normal 0 0 -1
    outer loop
      vertex 88.7555 17.9895 0
      vertex 97.0619 20.9331 0
      vertex 88.8011 17.8468 0
    endloop
  endfacet
  facet normal 0 0 -1
    outer loop
      vertex 88.7132 18.1386 0
      vertex 97.0619 20.9331 0
      vertex 88.7555 17.9895 0
    endloop
  endfacet
  facet normal 0 0 -1
    outer loop
      vertex 88.6755 18.2902 0
      vertex 97.0619 20.9331 0
      vertex 88.7132 18.1386 0
    endloop
  endfacet
  facet normal 0 0 -1
    outer loop
      vertex 88.6435 18.4406 0
      vertex 97.0619 20.9331 0
      vertex 88.6755 18.2902 0
    endloop
  endfacet
  facet normal 0 0 -1
    outer loop
      vertex 88.6164 18.5915 0
      vertex 97.0619 20.9331 0
      vertex 88.6435 18.4406 0
    endloop
  endfacet
  facet normal 0 0 -1
    outer loop
      vertex 97.0619 20.9331 0
      vertex 88.6164 18.5915 0
      vertex 88.611 20.0634 0
    endloop
  endfacet
  facet normal -0 0 -1
    outer loop
      vertex 97.0619 20.9331 0
      vertex 88.611 20.0634 0
      vertex 88.8289 27.0727 0
    endloop
  endfacet
  facet normal 0 0 -1
    outer loop
      vertex 88.6164 18.5915 0
      vertex 88.597 19.9705 0
      vertex 88.611 20.0634 0
    endloop
  endfacet
  facet normal 0 0 -1
    outer loop
      vertex 88.5943 18.7432 0
      vertex 88.597 19.9705 0
      vertex 88.6164 18.5915 0
    endloop
  endfacet
  facet normal 0 0 -1
    outer loop
      vertex 88.5943 18.7432 0
      vertex 88.5787 19.8142 0
      vertex 88.597 19.9705 0
    endloop
  endfacet
  facet normal 0 0 -1
    outer loop
      vertex 88.5771 18.8945 0
      vertex 88.5787 19.8142 0
      vertex 88.5943 18.7432 0
    endloop
  endfacet
  facet normal 0 0 -1
    outer loop
      vertex 88.5771 18.8945 0
      vertex 88.5662 19.6634 0
      vertex 88.5787 19.8142 0
    endloop
  endfacet
  facet normal 0 0 -1
    outer loop
      vertex 88.5647 19.0507 0
      vertex 88.5662 19.6634 0
      vertex 88.5771 18.8945 0
    endloop
  endfacet
  facet normal 0 0 -1
    outer loop
      vertex 88.5647 19.0507 0
      vertex 88.5582 19.5114 0
      vertex 88.5662 19.6634 0
    endloop
  endfacet
  facet normal 0 0 -1
    outer loop
      vertex 88.5577 19.2026 0
      vertex 88.5582 19.5114 0
      vertex 88.5647 19.0507 0
    endloop
  endfacet
  facet normal 0 0 -1
    outer loop
      vertex 88.5582 19.5114 0
      vertex 88.5577 19.2026 0
      vertex 88.5554 19.3539 0
    endloop
  endfacet
  facet normal -0 0 -1
    outer loop
      vertex 103.935 92.406 0
      vertex 99.8163 89.7262 0
      vertex 100.329 104.417 0
    endloop
  endfacet
  facet normal 0 0 -1
    outer loop
      vertex 102.276 60.7494 0
      vertex 99.736 87.4275 0
      vertex 99.8163 89.7262 0
    endloop
  endfacet
  facet normal 0 0 -1
    outer loop
      vertex 102.276 60.7494 0
      vertex 99.223 72.7365 0
      vertex 99.736 87.4275 0
    endloop
  endfacet
  facet normal 0 0 -1
    outer loop
      vertex 102.276 60.7494 0
      vertex 99.1427 70.4379 0
      vertex 99.223 72.7365 0
    endloop
  endfacet
  facet normal -0 0 -1
    outer loop
      vertex 102.276 60.7494 0
      vertex 98.6297 55.7469 0
      vertex 99.1427 70.4379 0
    endloop
  endfacet
  facet normal 0 0 -1
    outer loop
      vertex 106.915 53.1606 0
      vertex 98.6297 55.7469 0
      vertex 102.276 60.7494 0
    endloop
  endfacet
  facet normal 0 0 -1
    outer loop
      vertex 101.36 34.9908 0
      vertex 98.0364 38.7573 0
      vertex 98.5494 53.4483 0
    endloop
  endfacet
  facet normal 0 0 -1
    outer loop
      vertex 90.0155 30.8181 0
      vertex 101.36 34.9908 0
      vertex 97.0619 20.9331 0
    endloop
  endfacet
  facet normal 0 0 -1
    outer loop
      vertex 90.0374 15.9206 0
      vertex 97.0619 20.9331 0
      vertex 91.8103 14.8743 0
    endloop
  endfacet
  facet normal 0 0 -1
    outer loop
      vertex 90.0374 15.9206 0
      vertex 91.8103 14.8743 0
      vertex 91.7334 14.8992 0
    endloop
  endfacet
  facet normal 0 0 -1
    outer loop
      vertex 90.0374 15.9206 0
      vertex 91.7334 14.8992 0
      vertex 91.5895 14.9511 0
    endloop
  endfacet
  facet normal 0 0 -1
    outer loop
      vertex 90.0374 15.9206 0
      vertex 91.5895 14.9511 0
      vertex 91.4472 15.0077 0
    endloop
  endfacet
  facet normal 0 0 -1
    outer loop
      vertex 90.0374 15.9206 0
      vertex 91.4472 15.0077 0
      vertex 91.3092 15.0679 0
    endloop
  endfacet
  facet normal 0 0 -1
    outer loop
      vertex 90.0374 15.9206 0
      vertex 91.3092 15.0679 0
      vertex 91.1644 15.1366 0
    endloop
  endfacet
  facet normal 0 0 -1
    outer loop
      vertex 90.0374 15.9206 0
      vertex 91.1644 15.1366 0
      vertex 91.0287 15.2072 0
    endloop
  endfacet
  facet normal 0 0 -1
    outer loop
      vertex 90.0374 15.9206 0
      vertex 91.0287 15.2072 0
      vertex 90.899 15.2793 0
    endloop
  endfacet
  facet normal 0 0 -1
    outer loop
      vertex 90.0374 15.9206 0
      vertex 90.899 15.2793 0
      vertex 90.765 15.3602 0
    endloop
  endfacet
  facet normal 0 0 -1
    outer loop
      vertex 90.0374 15.9206 0
      vertex 90.765 15.3602 0
      vertex 90.6372 15.4428 0
    endloop
  endfacet
  facet normal 0 0 -1
    outer loop
      vertex 90.0374 15.9206 0
      vertex 90.6372 15.4428 0
      vertex 90.5104 15.531 0
    endloop
  endfacet
  facet normal 0 0 -1
    outer loop
      vertex 90.0374 15.9206 0
      vertex 90.5104 15.531 0
      vertex 90.387 15.6229 0
    endloop
  endfacet
  facet normal 0 0 -1
    outer loop
      vertex 90.0374 15.9206 0
      vertex 90.387 15.6229 0
      vertex 90.2633 15.7215 0
    endloop
  endfacet
  facet normal 0 0 -1
    outer loop
      vertex 90.0374 15.9206 0
      vertex 90.2633 15.7215 0
      vertex 90.1468 15.8211 0
    endloop
  endfacet
  facet normal 0 0 -1
    outer loop
      vertex 89.925 16.0296 0
      vertex 97.0619 20.9331 0
      vertex 90.0374 15.9206 0
    endloop
  endfacet
  facet normal 0 0 -1
    outer loop
      vertex 90.0155 31.2619 0
      vertex 101.36 34.9908 0
      vertex 90.03 31.04 0
    endloop
  endfacet
  facet normal 0 0 -1
    outer loop
      vertex 89.9721 31.48 0
      vertex 101.36 34.9908 0
      vertex 90.0155 31.2619 0
    endloop
  endfacet
  facet normal -0 0 -1
    outer loop
      vertex 101.36 34.9908 0
      vertex 89.9721 31.48 0
      vertex 98.0364 38.7573 0
    endloop
  endfacet
  facet normal 0 0 -1
    outer loop
      vertex 89.9006 31.6906 0
      vertex 98.0364 38.7573 0
      vertex 89.9721 31.48 0
    endloop
  endfacet
  facet normal 0 0 -1
    outer loop
      vertex 89.8022 31.89 0
      vertex 98.0364 38.7573 0
      vertex 89.9006 31.6906 0
    endloop
  endfacet
  facet normal 0 0 -1
    outer loop
      vertex 89.6787 32.0749 0
      vertex 98.0364 38.7573 0
      vertex 89.8022 31.89 0
    endloop
  endfacet
  facet normal 0 0 -1
    outer loop
      vertex 89.5321 32.2421 0
      vertex 98.0364 38.7573 0
      vertex 89.6787 32.0749 0
    endloop
  endfacet
  facet normal 0 0 -1
    outer loop
      vertex 89.3649 32.3887 0
      vertex 98.0364 38.7573 0
      vertex 89.5321 32.2421 0
    endloop
  endfacet
  facet normal 0 0 -1
    outer loop
      vertex 89.18 32.5122 0
      vertex 98.0364 38.7573 0
      vertex 89.3649 32.3887 0
    endloop
  endfacet
  facet normal 0 0 -1
    outer loop
      vertex 88.9806 32.6106 0
      vertex 98.0364 38.7573 0
      vertex 89.18 32.5122 0
    endloop
  endfacet
  facet normal 0 0 -1
    outer loop
      vertex 88.77 32.6821 0
      vertex 98.0364 38.7573 0
      vertex 88.9806 32.6106 0
    endloop
  endfacet
  facet normal 0 0 -1
    outer loop
      vertex 83.3454 39.2703 0
      vertex 88.77 32.6821 0
      vertex 88.5519 32.7255 0
    endloop
  endfacet
  facet normal 0 0 -1
    outer loop
      vertex 83.3454 39.2703 0
      vertex 88.5519 32.7255 0
      vertex 88.33 32.74 0
    endloop
  endfacet
  facet normal 0 0 -1
    outer loop
      vertex 83.3454 39.2703 0
      vertex 88.33 32.74 0
      vertex 88.1081 32.7255 0
    endloop
  endfacet
  facet normal 0 0 -1
    outer loop
      vertex 83.3454 39.2703 0
      vertex 88.1081 32.7255 0
      vertex 87.89 32.6821 0
    endloop
  endfacet
  facet normal 0 0 -1
    outer loop
      vertex 83.3454 39.2703 0
      vertex 87.89 32.6821 0
      vertex 87.6794 32.6106 0
    endloop
  endfacet
  facet normal 0 0 -1
    outer loop
      vertex 84.6781 32.6591 0
      vertex 87.6794 32.6106 0
      vertex 87.48 32.5122 0
    endloop
  endfacet
  facet normal -0 0 -1
    outer loop
      vertex 86.8578 30.19 0
      vertex 84.8659 29.04 0
      vertex 86.7594 30.3894 0
    endloop
  endfacet
  facet normal 0 0 -1
    outer loop
      vertex 84.6345 29.5093 0
      vertex 86.7594 30.3894 0
      vertex 84.8659 29.04 0
    endloop
  endfacet
  facet normal -0 0 -1
    outer loop
      vertex 86.7594 30.3894 0
      vertex 84.6345 29.5093 0
      vertex 86.6879 30.6 0
    endloop
  endfacet
  facet normal 0 0 -1
    outer loop
      vertex 84.4663 30.0047 0
      vertex 86.6879 30.6 0
      vertex 84.6345 29.5093 0
    endloop
  endfacet
  facet normal -0 0 -1
    outer loop
      vertex 86.6879 30.6 0
      vertex 84.4663 30.0047 0
      vertex 86.6445 30.8181 0
    endloop
  endfacet
  facet normal 0 0 -1
    outer loop
      vertex 86.63 31.04 0
      vertex 84.6781 32.6591 0
      vertex 86.6445 31.2619 0
    endloop
  endfacet
  facet normal 0 0 -1
    outer loop
      vertex 86.6445 31.2619 0
      vertex 84.6781 32.6591 0
      vertex 86.6879 31.48 0
    endloop
  endfacet
  facet normal 0 0 -1
    outer loop
      vertex 86.6879 31.48 0
      vertex 84.6781 32.6591 0
      vertex 86.7594 31.6906 0
    endloop
  endfacet
  facet normal 0 0 -1
    outer loop
      vertex 86.7594 31.6906 0
      vertex 84.6781 32.6591 0
      vertex 86.8578 31.89 0
    endloop
  endfacet
  facet normal 0 0 -1
    outer loop
      vertex 86.8578 31.89 0
      vertex 84.6781 32.6591 0
      vertex 86.9813 32.0749 0
    endloop
  endfacet
  facet normal 0 0 -1
    outer loop
      vertex 84.6781 32.6591 0
      vertex 87.1279 32.2421 0
      vertex 86.9813 32.0749 0
    endloop
  endfacet
  facet normal 0 0 -1
    outer loop
      vertex 84.6781 32.6591 0
      vertex 87.2951 32.3887 0
      vertex 87.1279 32.2421 0
    endloop
  endfacet
  facet normal 0 0 -1
    outer loop
      vertex 84.6781 32.6591 0
      vertex 87.48 32.5122 0
      vertex 87.2951 32.3887 0
    endloop
  endfacet
  facet normal 0 0 -1
    outer loop
      vertex 87.6794 32.6106 0
      vertex 84.6781 32.6591 0
      vertex 83.3454 39.2703 0
    endloop
  endfacet
  facet normal 0 0 -1
    outer loop
      vertex 83.3454 39.2703 0
      vertex 84.6781 32.6591 0
      vertex 84.425 32.6775 0
    endloop
  endfacet
  facet normal 0 0 -1
    outer loop
      vertex 88.77 32.6821 0
      vertex 83.3454 39.2703 0
      vertex 98.0364 38.7573 0
    endloop
  endfacet
  facet normal 0 -0 -1
    outer loop
      vertex 83.3454 39.2703 0
      vertex 84.425 32.6775 0
      vertex 83.051 32.7675 0
    endloop
  endfacet
  facet normal 0 0 -1
    outer loop
      vertex 99.736 87.4275 0
      vertex 85.1253 90.2392 0
      vertex 99.8163 89.7262 0
    endloop
  endfacet
  facet normal 0 -0 -1
    outer loop
      vertex 85.1253 90.2392 0
      vertex 99.736 87.4275 0
      vertex 85.045 87.9405 0
    endloop
  endfacet
  facet normal 0 0 -1
    outer loop
      vertex 99.1427 70.4379 0
      vertex 84.532 73.2495 0
      vertex 99.223 72.7365 0
    endloop
  endfacet
  facet normal 0 -0 -1
    outer loop
      vertex 84.532 73.2495 0
      vertex 99.1427 70.4379 0
      vertex 84.4517 70.9509 0
    endloop
  endfacet
  facet normal 0 0 -1
    outer loop
      vertex 98.5494 53.4483 0
      vertex 83.9387 56.2599 0
      vertex 98.6297 55.7469 0
    endloop
  endfacet
  facet normal 0 -0 -1
    outer loop
      vertex 83.9387 56.2599 0
      vertex 98.5494 53.4483 0
      vertex 83.8584 53.9613 0
    endloop
  endfacet
  facet normal 0 0 -1
    outer loop
      vertex 133.752 24.8146 0
      vertex 121.253 33.6662 0
      vertex 135.152 28.8803 0
    endloop
  endfacet
  facet normal -0 0 -1
    outer loop
      vertex 124.086 98.2948 0
      vertex 121.462 98.2379 0
      vertex 121.609 98.4051 0
    endloop
  endfacet
  facet normal 0 0 -1
    outer loop
      vertex 119.853 29.6005 0
      vertex 121.253 33.6662 0
      vertex 133.752 24.8146 0
    endloop
  endfacet
  facet normal 0 0 -1
    outer loop
      vertex 116.675 34.805 0
      vertex 121.253 33.6662 0
      vertex 119.853 29.6005 0
    endloop
  endfacet
  facet normal 0 0 -1
    outer loop
      vertex 121.253 33.6662 0
      vertex 116.675 34.805 0
      vertex 120.973 48.8627 0
    endloop
  endfacet
  facet normal 0 0 -1
    outer loop
      vertex 119.853 29.6005 0
      vertex 115.417 30.6929 0
      vertex 116.675 34.805 0
    endloop
  endfacet
  facet normal 0 0 -1
    outer loop
      vertex 115.067 15.7014 0
      vertex 115.417 30.6929 0
      vertex 119.853 29.6005 0
    endloop
  endfacet
  facet normal 0 0 -1
    outer loop
      vertex 115.417 30.6929 0
      vertex 115.067 15.7014 0
      vertex 111.12 16.6352 0
    endloop
  endfacet
  facet normal 0 0 -1
    outer loop
      vertex 126.58 94.0515 0
      vertex 126.576 94.3598 0
      vertex 126.581 94.209 0
    endloop
  endfacet
  facet normal 0 0 -1
    outer loop
      vertex 126.576 93.9377 0
      vertex 126.576 94.3598 0
      vertex 126.58 94.0515 0
    endloop
  endfacet
  facet normal 0 0 -1
    outer loop
      vertex 126.576 93.9377 0
      vertex 126.567 94.5111 0
      vertex 126.576 94.3598 0
    endloop
  endfacet
  facet normal 0 0 -1
    outer loop
      vertex 126.576 93.9377 0
      vertex 126.552 94.6687 0
      vertex 126.567 94.5111 0
    endloop
  endfacet
  facet normal 0 0 -1
    outer loop
      vertex 126.576 93.9377 0
      vertex 126.532 94.82 0
      vertex 126.552 94.6687 0
    endloop
  endfacet
  facet normal 0 0 -1
    outer loop
      vertex 126.576 93.9377 0
      vertex 126.508 94.9698 0
      vertex 126.532 94.82 0
    endloop
  endfacet
  facet normal 0 0 -1
    outer loop
      vertex 126.576 93.9377 0
      vertex 126.478 95.1224 0
      vertex 126.508 94.9698 0
    endloop
  endfacet
  facet normal 0 0 -1
    outer loop
      vertex 126.576 93.9377 0
      vertex 126.444 95.2725 0
      vertex 126.478 95.1224 0
    endloop
  endfacet
  facet normal 0 0 -1
    outer loop
      vertex 126.576 93.9377 0
      vertex 126.404 95.4221 0
      vertex 126.444 95.2725 0
    endloop
  endfacet
  facet normal 0 0 -1
    outer loop
      vertex 126.576 93.9377 0
      vertex 126.36 95.5684 0
      vertex 126.404 95.4221 0
    endloop
  endfacet
  facet normal 0 0 -1
    outer loop
      vertex 126.576 93.9377 0
      vertex 126.312 95.7114 0
      vertex 126.36 95.5684 0
    endloop
  endfacet
  facet normal 0 0 -1
    outer loop
      vertex 126.576 93.9377 0
      vertex 126.259 95.854 0
      vertex 126.312 95.7114 0
    endloop
  endfacet
  facet normal 0 0 -1
    outer loop
      vertex 126.576 93.9377 0
      vertex 126.2 95.9993 0
      vertex 126.259 95.854 0
    endloop
  endfacet
  facet normal 0 0 -1
    outer loop
      vertex 126.576 93.9377 0
      vertex 126.136 96.1417 0
      vertex 126.2 95.9993 0
    endloop
  endfacet
  facet normal 0 0 -1
    outer loop
      vertex 126.576 93.9377 0
      vertex 126.069 96.2779 0
      vertex 126.136 96.1417 0
    endloop
  endfacet
  facet normal 0 0 -1
    outer loop
      vertex 126.576 93.9377 0
      vertex 125.997 96.4144 0
      vertex 126.069 96.2779 0
    endloop
  endfacet
  facet normal 0 0 -1
    outer loop
      vertex 126.576 93.9377 0
      vertex 125.92 96.5487 0
      vertex 125.997 96.4144 0
    endloop
  endfacet
  facet normal 0 0 -1
    outer loop
      vertex 126.576 93.9377 0
      vertex 125.84 96.6782 0
      vertex 125.92 96.5487 0
    endloop
  endfacet
  facet normal 0 0 -1
    outer loop
      vertex 126.576 93.9377 0
      vertex 125.753 96.8091 0
      vertex 125.84 96.6782 0
    endloop
  endfacet
  facet normal 0 0 -1
    outer loop
      vertex 126.576 93.9377 0
      vertex 125.664 96.9342 0
      vertex 125.753 96.8091 0
    endloop
  endfacet
  facet normal 0 0 -1
    outer loop
      vertex 126.576 93.9377 0
      vertex 125.573 97.0536 0
      vertex 125.664 96.9342 0
    endloop
  endfacet
  facet normal 0 0 -1
    outer loop
      vertex 126.576 93.9377 0
      vertex 125.476 97.1728 0
      vertex 125.573 97.0536 0
    endloop
  endfacet
  facet normal 0 0 -1
    outer loop
      vertex 126.576 93.9377 0
      vertex 125.372 97.2916 0
      vertex 125.476 97.1728 0
    endloop
  endfacet
  facet normal 0 0 -1
    outer loop
      vertex 126.576 93.9377 0
      vertex 125.271 97.4001 0
      vertex 125.372 97.2916 0
    endloop
  endfacet
  facet normal 0 0 -1
    outer loop
      vertex 126.576 93.9377 0
      vertex 125.164 97.5085 0
      vertex 125.271 97.4001 0
    endloop
  endfacet
  facet normal 0 0 -1
    outer loop
      vertex 126.576 93.9377 0
      vertex 125.047 97.6187 0
      vertex 125.164 97.5085 0
    endloop
  endfacet
  facet normal 0 0 -1
    outer loop
      vertex 126.576 93.9377 0
      vertex 124.932 97.7198 0
      vertex 125.047 97.6187 0
    endloop
  endfacet
  facet normal 0 0 -1
    outer loop
      vertex 126.576 93.9377 0
      vertex 124.814 97.8175 0
      vertex 124.932 97.7198 0
    endloop
  endfacet
  facet normal 0 0 -1
    outer loop
      vertex 117.725 74.66 0
      vertex 126.576 93.9377 0
      vertex 124.768 55.139 0
    endloop
  endfacet
  facet normal 0 0 -1
    outer loop
      vertex 126.576 93.9377 0
      vertex 124.695 97.9096 0
      vertex 124.814 97.8175 0
    endloop
  endfacet
  facet normal 0 0 -1
    outer loop
      vertex 124.226 98.9179 0
      vertex 124.226 99.9621 0
      vertex 124.26 99.44 0
    endloop
  endfacet
  facet normal 0 0 -1
    outer loop
      vertex 124.086 98.2948 0
      vertex 124.226 98.9179 0
      vertex 124.124 98.4047 0
    endloop
  endfacet
  facet normal -0 0 -1
    outer loop
      vertex 124.226 98.9179 0
      vertex 124.086 98.2948 0
      vertex 124.226 99.9621 0
    endloop
  endfacet
  facet normal -0 0 -1
    outer loop
      vertex 124.226 99.9621 0
      vertex 124.086 98.2948 0
      vertex 124.124 100.475 0
    endloop
  endfacet
  facet normal -0 0 -1
    outer loop
      vertex 124.124 100.475 0
      vertex 124.086 98.2948 0
      vertex 123.956 100.971 0
    endloop
  endfacet
  facet normal -0 0 -1
    outer loop
      vertex 123.724 101.44 0
      vertex 121.732 100.29 0
      vertex 123.433 101.875 0
    endloop
  endfacet
  facet normal 0 0 -1
    outer loop
      vertex 121.609 100.475 0
      vertex 123.433 101.875 0
      vertex 121.732 100.29 0
    endloop
  endfacet
  facet normal -0 0 -1
    outer loop
      vertex 123.433 101.875 0
      vertex 121.609 100.475 0
      vertex 123.088 102.268 0
    endloop
  endfacet
  facet normal 0 0 -1
    outer loop
      vertex 121.462 100.642 0
      vertex 123.088 102.268 0
      vertex 121.609 100.475 0
    endloop
  endfacet
  facet normal -0 0 -1
    outer loop
      vertex 123.088 102.268 0
      vertex 121.462 100.642 0
      vertex 122.695 102.613 0
    endloop
  endfacet
  facet normal 0 0 -1
    outer loop
      vertex 121.295 100.789 0
      vertex 122.695 102.613 0
      vertex 121.462 100.642 0
    endloop
  endfacet
  facet normal -0 0 -1
    outer loop
      vertex 122.695 102.613 0
      vertex 121.295 100.789 0
      vertex 122.26 102.904 0
    endloop
  endfacet
  facet normal 0 0 -1
    outer loop
      vertex 121.11 100.912 0
      vertex 122.26 102.904 0
      vertex 121.295 100.789 0
    endloop
  endfacet
  facet normal -0 0 -1
    outer loop
      vertex 122.26 102.904 0
      vertex 121.11 100.912 0
      vertex 121.791 103.136 0
    endloop
  endfacet
  facet normal 0 0 -1
    outer loop
      vertex 120.911 101.011 0
      vertex 121.791 103.136 0
      vertex 121.11 100.912 0
    endloop
  endfacet
  facet normal -0 0 -1
    outer loop
      vertex 121.791 103.136 0
      vertex 120.911 101.011 0
      vertex 121.295 103.304 0
    endloop
  endfacet
  facet normal 0 0 -1
    outer loop
      vertex 120.7 101.082 0
      vertex 121.295 103.304 0
      vertex 120.911 101.011 0
    endloop
  endfacet
  facet normal -0 0 -1
    outer loop
      vertex 121.295 103.304 0
      vertex 120.7 101.082 0
      vertex 120.782 103.406 0
    endloop
  endfacet
  facet normal 0 0 -1
    outer loop
      vertex 120.482 101.125 0
      vertex 120.782 103.406 0
      vertex 120.7 101.082 0
    endloop
  endfacet
  facet normal 0 0 -1
    outer loop
      vertex 120.26 101.14 0
      vertex 120.782 103.406 0
      vertex 120.482 101.125 0
    endloop
  endfacet
  facet normal 0 0 -1
    outer loop
      vertex 120.26 101.14 0
      vertex 120.26 103.44 0
      vertex 120.782 103.406 0
    endloop
  endfacet
  facet normal 0 0 -1
    outer loop
      vertex 120.038 101.125 0
      vertex 120.26 103.44 0
      vertex 120.26 101.14 0
    endloop
  endfacet
  facet normal 0 0 -1
    outer loop
      vertex 119.738 103.406 0
      vertex 120.038 101.125 0
      vertex 119.82 101.082 0
    endloop
  endfacet
  facet normal 0 0 -1
    outer loop
      vertex 120.038 101.125 0
      vertex 119.738 103.406 0
      vertex 120.26 103.44 0
    endloop
  endfacet
  facet normal 0 0 -1
    outer loop
      vertex 119.225 103.304 0
      vertex 119.82 101.082 0
      vertex 119.609 101.011 0
    endloop
  endfacet
  facet normal 0 0 -1
    outer loop
      vertex 118.729 103.136 0
      vertex 119.609 101.011 0
      vertex 119.41 100.912 0
    endloop
  endfacet
  facet normal 0 0 -1
    outer loop
      vertex 118.26 102.904 0
      vertex 119.41 100.912 0
      vertex 119.225 100.789 0
    endloop
  endfacet
  facet normal 0 0 -1
    outer loop
      vertex 119.82 101.082 0
      vertex 119.225 103.304 0
      vertex 119.738 103.406 0
    endloop
  endfacet
  facet normal 0 0 -1
    outer loop
      vertex 117.825 102.613 0
      vertex 119.225 100.789 0
      vertex 119.058 100.642 0
    endloop
  endfacet
  facet normal 0 0 -1
    outer loop
      vertex 117.432 102.268 0
      vertex 119.058 100.642 0
      vertex 118.911 100.475 0
    endloop
  endfacet
  facet normal 0 0 -1
    outer loop
      vertex 117.087 101.875 0
      vertex 118.911 100.475 0
      vertex 118.788 100.29 0
    endloop
  endfacet
  facet normal 0 0 -1
    outer loop
      vertex 119.609 101.011 0
      vertex 118.729 103.136 0
      vertex 119.225 103.304 0
    endloop
  endfacet
  facet normal 0 0 -1
    outer loop
      vertex 116.796 101.44 0
      vertex 118.788 100.29 0
      vertex 118.689 100.091 0
    endloop
  endfacet
  facet normal 0 0 -1
    outer loop
      vertex 116.564 100.971 0
      vertex 118.689 100.091 0
      vertex 118.618 99.88 0
    endloop
  endfacet
  facet normal 0 0 -1
    outer loop
      vertex 116.396 100.475 0
      vertex 118.618 99.88 0
      vertex 118.575 99.6619 0
    endloop
  endfacet
  facet normal 0 0 -1
    outer loop
      vertex 116.294 99.9621 0
      vertex 118.575 99.6619 0
      vertex 118.56 99.44 0
    endloop
  endfacet
  facet normal 0 0 -1
    outer loop
      vertex 119.41 100.912 0
      vertex 118.26 102.904 0
      vertex 118.729 103.136 0
    endloop
  endfacet
  facet normal 0 0 -1
    outer loop
      vertex 124.086 98.2948 0
      vertex 121.295 98.0913 0
      vertex 121.462 98.2379 0
    endloop
  endfacet
  facet normal -0 0 -1
    outer loop
      vertex 124.178 98.2451 0
      vertex 121.295 98.0913 0
      vertex 124.086 98.2948 0
    endloop
  endfacet
  facet normal -0 0 -1
    outer loop
      vertex 124.31 98.169 0
      vertex 121.295 98.0913 0
      vertex 124.178 98.2451 0
    endloop
  endfacet
  facet normal 0 0 -1
    outer loop
      vertex 120.911 97.8694 0
      vertex 118.615 91.6367 0
      vertex 120.7 97.7979 0
    endloop
  endfacet
  facet normal 0 0 -1
    outer loop
      vertex 120.7 97.7979 0
      vertex 118.615 91.6367 0
      vertex 120.482 97.7545 0
    endloop
  endfacet
  facet normal 0 0 -1
    outer loop
      vertex 120.482 97.7545 0
      vertex 118.615 91.6367 0
      vertex 120.26 97.74 0
    endloop
  endfacet
  facet normal -0 0 -1
    outer loop
      vertex 120.26 97.74 0
      vertex 118.615 91.6367 0
      vertex 120.038 97.7545 0
    endloop
  endfacet
  facet normal -0 0 -1
    outer loop
      vertex 120.038 97.7545 0
      vertex 118.615 91.6367 0
      vertex 119.82 97.7979 0
    endloop
  endfacet
  facet normal -0 0 -1
    outer loop
      vertex 119.609 97.8694 0
      vertex 118.615 91.6367 0
      vertex 119.41 97.9678 0
    endloop
  endfacet
  facet normal -0 0 -1
    outer loop
      vertex 119.41 97.9678 0
      vertex 118.615 91.6367 0
      vertex 119.225 98.0913 0
    endloop
  endfacet
  facet normal -0 0 -1
    outer loop
      vertex 119.225 98.0913 0
      vertex 118.615 91.6367 0
      vertex 119.058 98.2379 0
    endloop
  endfacet
  facet normal 0 0 -1
    outer loop
      vertex 116.279 99.1447 0
      vertex 119.058 98.2379 0
      vertex 118.615 91.6367 0
    endloop
  endfacet
  facet normal 0 0 -1
    outer loop
      vertex 119.058 98.2379 0
      vertex 116.279 99.1447 0
      vertex 118.911 98.4051 0
    endloop
  endfacet
  facet normal 0 0 -1
    outer loop
      vertex 118.911 98.4051 0
      vertex 116.279 99.1447 0
      vertex 118.788 98.59 0
    endloop
  endfacet
  facet normal 0 0 -1
    outer loop
      vertex 118.788 98.59 0
      vertex 116.279 99.1447 0
      vertex 118.689 98.7894 0
    endloop
  endfacet
  facet normal -0 0 -1
    outer loop
      vertex 119.82 97.7979 0
      vertex 118.615 91.6367 0
      vertex 119.609 97.8694 0
    endloop
  endfacet
  facet normal 0 0 -1
    outer loop
      vertex 126.576 93.9377 0
      vertex 117.725 74.66 0
      vertex 117.846 76.9568 0
    endloop
  endfacet
  facet normal 0 0 -1
    outer loop
      vertex 124.768 55.139 0
      vertex 116.956 59.9801 0
      vertex 117.725 74.66 0
    endloop
  endfacet
  facet normal 0 0 -1
    outer loop
      vertex 106.915 53.1606 0
      vertex 116.956 59.9801 0
      vertex 120.973 48.8627 0
    endloop
  endfacet
  facet normal 0 0 -1
    outer loop
      vertex 106.915 53.1606 0
      vertex 102.276 60.7494 0
      vertex 116.956 59.9801 0
    endloop
  endfacet
  facet normal 0 0 -1
    outer loop
      vertex 98.5494 53.4483 0
      vertex 106.915 53.1606 0
      vertex 102.617 39.1029 0
    endloop
  endfacet
  facet normal 0 0 -1
    outer loop
      vertex 118.689 98.7894 0
      vertex 116.279 99.1447 0
      vertex 118.618 99 0
    endloop
  endfacet
  facet normal 0 0 -1
    outer loop
      vertex 118.618 99 0
      vertex 116.279 99.1447 0
      vertex 118.575 99.2181 0
    endloop
  endfacet
  facet normal -0 0 -1
    outer loop
      vertex 118.575 99.2181 0
      vertex 116.279 99.1447 0
      vertex 118.56 99.44 0
    endloop
  endfacet
  facet normal 0 0 -1
    outer loop
      vertex 116.26 99.44 0
      vertex 118.56 99.44 0
      vertex 116.279 99.1447 0
    endloop
  endfacet
  facet normal 0 0 -1
    outer loop
      vertex 119.225 100.789 0
      vertex 117.825 102.613 0
      vertex 118.26 102.904 0
    endloop
  endfacet
  facet normal 0 0 -1
    outer loop
      vertex 119.058 100.642 0
      vertex 117.432 102.268 0
      vertex 117.825 102.613 0
    endloop
  endfacet
  facet normal 0 0 -1
    outer loop
      vertex 118.911 100.475 0
      vertex 117.087 101.875 0
      vertex 117.432 102.268 0
    endloop
  endfacet
  facet normal 0 0 -1
    outer loop
      vertex 118.788 100.29 0
      vertex 116.796 101.44 0
      vertex 117.087 101.875 0
    endloop
  endfacet
  facet normal 0 0 -1
    outer loop
      vertex 118.689 100.091 0
      vertex 116.564 100.971 0
      vertex 116.796 101.44 0
    endloop
  endfacet
  facet normal 0 0 -1
    outer loop
      vertex 118.618 99.88 0
      vertex 116.396 100.475 0
      vertex 116.564 100.971 0
    endloop
  endfacet
  facet normal 0 0 -1
    outer loop
      vertex 118.575 99.6619 0
      vertex 116.294 99.9621 0
      vertex 116.396 100.475 0
    endloop
  endfacet
  facet normal 0 0 -1
    outer loop
      vertex 118.615 91.6367 0
      vertex 107.939 99.5817 0
      vertex 116.279 99.1447 0
    endloop
  endfacet
  facet normal 0 0 -1
    outer loop
      vertex 103.935 92.406 0
      vertex 107.939 99.5817 0
      vertex 118.615 91.6367 0
    endloop
  endfacet
  facet normal 0 0 -1
    outer loop
      vertex 100.329 104.417 0
      vertex 107.939 99.5817 0
      vertex 103.935 92.406 0
    endloop
  endfacet
  facet normal 0 0 -1
    outer loop
      vertex 99.8163 89.7262 0
      vertex 103.045 75.4293 0
      vertex 102.276 60.7494 0
    endloop
  endfacet
  facet normal 0 -0 -1
    outer loop
      vertex 98.6297 55.7469 0
      vertex 106.915 53.1606 0
      vertex 98.5494 53.4483 0
    endloop
  endfacet
  facet normal 0 0 -1
    outer loop
      vertex 99.8163 89.7262 0
      vertex 103.166 77.7261 0
      vertex 103.045 75.4293 0
    endloop
  endfacet
  facet normal 0 0 -1
    outer loop
      vertex 99.8163 89.7262 0
      vertex 103.935 92.406 0
      vertex 103.166 77.7261 0
    endloop
  endfacet
  facet normal 0 0 -1
    outer loop
      vertex 107.939 99.5817 0
      vertex 100.329 104.417 0
      vertex 107.939 107.932 0
    endloop
  endfacet
  facet normal 0 0 -1
    outer loop
      vertex 100.329 104.417 0
      vertex 89.85 107.932 0
      vertex 107.939 107.932 0
    endloop
  endfacet
  facet normal -0 0 -1
    outer loop
      vertex 89.85 107.932 0
      vertex 85.6383 104.93 0
      vertex 89.85 115.232 0
    endloop
  endfacet
  facet normal 0 0 -1
    outer loop
      vertex 85.6383 104.93 0
      vertex 89.85 107.932 0
      vertex 100.329 104.417 0
    endloop
  endfacet
  facet normal 0 0 -1
    outer loop
      vertex 117.725 74.66 0
      vertex 103.166 77.7261 0
      vertex 117.846 76.9568 0
    endloop
  endfacet
  facet normal 0 -0 -1
    outer loop
      vertex 103.166 77.7261 0
      vertex 117.725 74.66 0
      vertex 103.045 75.4293 0
    endloop
  endfacet
  facet normal 0 0 -1
    outer loop
      vertex 118.56 99.44 0
      vertex 116.26 99.44 0
      vertex 116.294 99.9621 0
    endloop
  endfacet
  facet normal 0 0 -1
    outer loop
      vertex 115.417 30.6929 0
      vertex 102.617 39.1029 0
      vertex 116.675 34.805 0
    endloop
  endfacet
  facet normal 0 0 -1
    outer loop
      vertex 98.5494 53.4483 0
      vertex 102.617 39.1029 0
      vertex 101.36 34.9908 0
    endloop
  endfacet
  facet normal 0 0 -1
    outer loop
      vertex 101.36 34.9908 0
      vertex 102.617 39.1029 0
      vertex 115.417 30.6929 0
    endloop
  endfacet
  facet normal 0 0 -1
    outer loop
      vertex 139.687 27.5824 0
      vertex 139.938 42.7794 0
      vertex 144.955 41.306 0
    endloop
  endfacet
  facet normal 0 0 -1
    outer loop
      vertex 135.152 28.8803 0
      vertex 139.687 27.5824 0
      vertex 138.146 23.568 0
    endloop
  endfacet
  facet normal 0 0 -1
    outer loop
      vertex 139.687 27.5824 0
      vertex 135.152 28.8803 0
      vertex 139.938 42.7794 0
    endloop
  endfacet
  facet normal 0 0 -1
    outer loop
      vertex 138.146 23.568 0
      vertex 133.752 24.8146 0
      vertex 135.152 28.8803 0
    endloop
  endfacet
  facet normal 0 0 -1
    outer loop
      vertex 132.878 9.84439 0
      vertex 133.752 24.8146 0
      vertex 138.146 23.568 0
    endloop
  endfacet
  facet normal 0 0 -1
    outer loop
      vertex 133.752 24.8146 0
      vertex 132.878 9.84439 0
      vertex 128.966 10.9155 0
    endloop
  endfacet
  facet normal -0 0 -1
    outer loop
      vertex 146.795 -4.42189 0
      vertex 144.514 -4.7221 0
      vertex 146.78 -4.2 0
    endloop
  endfacet
  facet normal 0 0 -1
    outer loop
      vertex 146.78 -4.2 0
      vertex 144.616 -3.16472 0
      vertex 144.777 -2.69128 0
    endloop
  endfacet
  facet normal 0 0 -1
    outer loop
      vertex 144.48 -4.2 0
      vertex 146.78 -4.2 0
      vertex 144.514 -4.7221 0
    endloop
  endfacet
  facet normal 0 0 -1
    outer loop
      vertex 146.78 -4.2 0
      vertex 144.514 -3.67789 0
      vertex 144.616 -3.16472 0
    endloop
  endfacet
  facet normal 0 0 -1
    outer loop
      vertex 146.78 -4.2 0
      vertex 144.48 -4.2 0
      vertex 144.514 -3.67789 0
    endloop
  endfacet
  facet normal 0 0 -1
    outer loop
      vertex 152.446 -4.7221 0
      vertex 150.165 -4.42189 0
      vertex 150.18 -4.2 0
    endloop
  endfacet
  facet normal 0 0 -1
    outer loop
      vertex 150.915 -7.37341 0
      vertex 150.122 -4.63999 0
      vertex 150.165 -4.42189 0
    endloop
  endfacet
  facet normal 0 0 -1
    outer loop
      vertex 150.915 -7.37341 0
      vertex 150.051 -4.85056 0
      vertex 150.122 -4.63999 0
    endloop
  endfacet
  facet normal 0 0 -1
    outer loop
      vertex 149.33 -5.67224 0
      vertex 150.48 -7.6641 0
      vertex 150.011 -7.89552 0
    endloop
  endfacet
  facet normal 0 0 -1
    outer loop
      vertex 150.915 -7.37341 0
      vertex 149.952 -5.05 0
      vertex 150.051 -4.85056 0
    endloop
  endfacet
  facet normal 0 0 -1
    outer loop
      vertex 150.915 -7.37341 0
      vertex 149.829 -5.23489 0
      vertex 149.952 -5.05 0
    endloop
  endfacet
  facet normal 0 0 -1
    outer loop
      vertex 150.915 -7.37341 0
      vertex 149.682 -5.40208 0
      vertex 149.829 -5.23489 0
    endloop
  endfacet
  facet normal 0 0 -1
    outer loop
      vertex 149.131 -5.77059 0
      vertex 150.011 -7.89552 0
      vertex 149.515 -8.0637 0
    endloop
  endfacet
  facet normal 0 0 -1
    outer loop
      vertex 150.915 -7.37341 0
      vertex 149.515 -5.5487 0
      vertex 149.682 -5.40208 0
    endloop
  endfacet
  facet normal 0 0 -1
    outer loop
      vertex 150.48 -7.6641 0
      vertex 149.33 -5.67224 0
      vertex 149.515 -5.5487 0
    endloop
  endfacet
  facet normal 0 0 -1
    outer loop
      vertex 150.011 -7.89552 0
      vertex 149.131 -5.77059 0
      vertex 149.33 -5.67224 0
    endloop
  endfacet
  facet normal 0 0 -1
    outer loop
      vertex 148.92 -5.84207 0
      vertex 149.515 -8.0637 0
      vertex 149.002 -8.16578 0
    endloop
  endfacet
  facet normal 0 0 -1
    outer loop
      vertex 149.515 -8.0637 0
      vertex 148.92 -5.84207 0
      vertex 149.131 -5.77059 0
    endloop
  endfacet
  facet normal 0 0 -1
    outer loop
      vertex 149.002 -8.16578 0
      vertex 148.702 -5.88546 0
      vertex 148.92 -5.84207 0
    endloop
  endfacet
  facet normal 0 0 -1
    outer loop
      vertex 148.48 -8.2 0
      vertex 148.702 -5.88546 0
      vertex 149.002 -8.16578 0
    endloop
  endfacet
  facet normal 0 0 -1
    outer loop
      vertex 148.48 -8.2 0
      vertex 148.48 -5.9 0
      vertex 148.702 -5.88546 0
    endloop
  endfacet
  facet normal 0 0 -1
    outer loop
      vertex 148.48 -8.2 0
      vertex 148.258 -5.88546 0
      vertex 148.48 -5.9 0
    endloop
  endfacet
  facet normal 0 0 -1
    outer loop
      vertex 147.958 -8.16578 0
      vertex 148.258 -5.88546 0
      vertex 148.48 -8.2 0
    endloop
  endfacet
  facet normal -0 0 -1
    outer loop
      vertex 148.258 -5.88546 0
      vertex 147.958 -8.16578 0
      vertex 148.04 -5.84207 0
    endloop
  endfacet
  facet normal 0 0 -1
    outer loop
      vertex 147.445 -8.0637 0
      vertex 148.04 -5.84207 0
      vertex 147.958 -8.16578 0
    endloop
  endfacet
  facet normal -0 0 -1
    outer loop
      vertex 148.04 -5.84207 0
      vertex 147.445 -8.0637 0
      vertex 147.829 -5.77059 0
    endloop
  endfacet
  facet normal 0 0 -1
    outer loop
      vertex 146.949 -7.89552 0
      vertex 147.829 -5.77059 0
      vertex 147.445 -8.0637 0
    endloop
  endfacet
  facet normal -0 0 -1
    outer loop
      vertex 147.829 -5.77059 0
      vertex 146.949 -7.89552 0
      vertex 147.63 -5.67224 0
    endloop
  endfacet
  facet normal 0 0 -1
    outer loop
      vertex 146.48 -7.6641 0
      vertex 147.63 -5.67224 0
      vertex 146.949 -7.89552 0
    endloop
  endfacet
  facet normal -0 0 -1
    outer loop
      vertex 147.63 -5.67224 0
      vertex 146.48 -7.6641 0
      vertex 147.445 -5.5487 0
    endloop
  endfacet
  facet normal 0 0 -1
    outer loop
      vertex 146.045 -7.37341 0
      vertex 147.445 -5.5487 0
      vertex 146.48 -7.6641 0
    endloop
  endfacet
  facet normal -0 0 -1
    outer loop
      vertex 147.445 -5.5487 0
      vertex 146.045 -7.37341 0
      vertex 147.278 -5.40208 0
    endloop
  endfacet
  facet normal 0 0 -1
    outer loop
      vertex 145.652 -7.02843 0
      vertex 147.278 -5.40208 0
      vertex 146.045 -7.37341 0
    endloop
  endfacet
  facet normal -0 0 -1
    outer loop
      vertex 147.278 -5.40208 0
      vertex 145.652 -7.02843 0
      vertex 147.131 -5.23489 0
    endloop
  endfacet
  facet normal 0 0 -1
    outer loop
      vertex 145.307 -6.63505 0
      vertex 147.131 -5.23489 0
      vertex 145.652 -7.02843 0
    endloop
  endfacet
  facet normal -0 0 -1
    outer loop
      vertex 147.131 -5.23489 0
      vertex 145.307 -6.63505 0
      vertex 147.008 -5.05 0
    endloop
  endfacet
  facet normal 0 0 -1
    outer loop
      vertex 145.016 -6.2 0
      vertex 147.008 -5.05 0
      vertex 145.307 -6.63505 0
    endloop
  endfacet
  facet normal -0 0 -1
    outer loop
      vertex 147.008 -5.05 0
      vertex 145.016 -6.2 0
      vertex 146.909 -4.85056 0
    endloop
  endfacet
  facet normal 0 0 -1
    outer loop
      vertex 144.784 -5.73073 0
      vertex 146.909 -4.85056 0
      vertex 145.016 -6.2 0
    endloop
  endfacet
  facet normal -0 0 -1
    outer loop
      vertex 146.909 -4.85056 0
      vertex 144.784 -5.73073 0
      vertex 146.838 -4.63999 0
    endloop
  endfacet
  facet normal 0 0 -1
    outer loop
      vertex 144.616 -5.23528 0
      vertex 146.838 -4.63999 0
      vertex 144.784 -5.73073 0
    endloop
  endfacet
  facet normal -0 0 -1
    outer loop
      vertex 146.838 -4.63999 0
      vertex 144.616 -5.23528 0
      vertex 146.795 -4.42189 0
    endloop
  endfacet
  facet normal 0 0 -1
    outer loop
      vertex 144.514 -4.7221 0
      vertex 146.795 -4.42189 0
      vertex 144.616 -5.23528 0
    endloop
  endfacet
  facet normal 0 0 -1
    outer loop
      vertex 146.78 -4.2 0
      vertex 144.777 -2.69128 0
      vertex 146.602 4.57638 0
    endloop
  endfacet
  facet normal 0 0 -1
    outer loop
      vertex 144.777 -2.69128 0
      vertex 132.878 9.84439 0
      vertex 146.602 4.57638 0
    endloop
  endfacet
  facet normal 0 0 -1
    outer loop
      vertex 144.777 -2.69128 0
      vertex 128.966 10.9155 0
      vertex 132.878 9.84439 0
    endloop
  endfacet
  facet normal 0 0 -1
    outer loop
      vertex 144.777 -2.69128 0
      vertex 115.067 15.7014 0
      vertex 128.966 10.9155 0
    endloop
  endfacet
  facet normal 0 0 -1
    outer loop
      vertex 91.8103 14.8743 0
      vertex 115.067 15.7014 0
      vertex 144.777 -2.69128 0
    endloop
  endfacet
  facet normal -0 0 -1
    outer loop
      vertex 115.067 15.7014 0
      vertex 91.8103 14.8743 0
      vertex 111.12 16.6352 0
    endloop
  endfacet
  facet normal -0 0 -1
    outer loop
      vertex 111.12 16.6352 0
      vertex 91.8103 14.8743 0
      vertex 97.0619 20.9331 0
    endloop
  endfacet
  facet normal 0 0 -1
    outer loop
      vertex 150.165 -4.42189 0
      vertex 151.944 -6.2 0
      vertex 151.653 -6.63505 0
    endloop
  endfacet
  facet normal 0 0 -1
    outer loop
      vertex 150.165 -4.42189 0
      vertex 151.653 -6.63505 0
      vertex 151.308 -7.02843 0
    endloop
  endfacet
  facet normal 0 0 -1
    outer loop
      vertex 150.165 -4.42189 0
      vertex 151.308 -7.02843 0
      vertex 150.915 -7.37341 0
    endloop
  endfacet
  facet normal 0 0 -1
    outer loop
      vertex 149.515 -5.5487 0
      vertex 150.915 -7.37341 0
      vertex 150.48 -7.6641 0
    endloop
  endfacet
  facet normal -0 0 -1
    outer loop
      vertex 152.344 -3.16472 0
      vertex 150.122 -3.76001 0
      vertex 152.176 -2.66927 0
    endloop
  endfacet
  facet normal 0 0 -1
    outer loop
      vertex 150.051 -3.54944 0
      vertex 152.176 -2.66927 0
      vertex 150.122 -3.76001 0
    endloop
  endfacet
  facet normal -0 0 -1
    outer loop
      vertex 152.176 -2.66927 0
      vertex 150.051 -3.54944 0
      vertex 151.969 -2.2508 0
    endloop
  endfacet
  facet normal 0 0 -1
    outer loop
      vertex 151.969 -2.2508 0
      vertex 150.051 -3.54944 0
      vertex 149.952 -3.35 0
    endloop
  endfacet
  facet normal 0 0 -1
    outer loop
      vertex 149.829 -3.1651 0
      vertex 151.969 -2.2508 0
      vertex 149.952 -3.35 0
    endloop
  endfacet
  facet normal 0 0 -1
    outer loop
      vertex 149.682 -2.99792 0
      vertex 151.969 -2.2508 0
      vertex 149.829 -3.1651 0
    endloop
  endfacet
  facet normal 0 0 -1
    outer loop
      vertex 149.515 -2.8513 0
      vertex 151.969 -2.2508 0
      vertex 149.682 -2.99792 0
    endloop
  endfacet
  facet normal 0 0 -1
    outer loop
      vertex 149.33 -2.72776 0
      vertex 151.969 -2.2508 0
      vertex 149.515 -2.8513 0
    endloop
  endfacet
  facet normal 0 0 -1
    outer loop
      vertex 152.087 -2.12366 0
      vertex 149.33 -2.72776 0
      vertex 149.131 -2.6294 0
    endloop
  endfacet
  facet normal 0 0 -1
    outer loop
      vertex 152.843 -0.968613 0
      vertex 149.131 -2.6294 0
      vertex 148.92 -2.55793 0
    endloop
  endfacet
  facet normal 0 0 -1
    outer loop
      vertex 152.952 -0.710846 0
      vertex 148.92 -2.55793 0
      vertex 148.702 -2.51454 0
    endloop
  endfacet
  facet normal -0 0 -1
    outer loop
      vertex 152.952 -0.710846 0
      vertex 148.702 -2.51454 0
      vertex 146.602 4.57638 0
    endloop
  endfacet
  facet normal 0 0 -1
    outer loop
      vertex 146.602 4.57638 0
      vertex 148.702 -2.51454 0
      vertex 148.48 -2.5 0
    endloop
  endfacet
  facet normal 0 0 -1
    outer loop
      vertex 146.602 4.57638 0
      vertex 148.48 -2.5 0
      vertex 148.258 -2.51454 0
    endloop
  endfacet
  facet normal 0 0 -1
    outer loop
      vertex 146.602 4.57638 0
      vertex 148.258 -2.51454 0
      vertex 148.04 -2.55793 0
    endloop
  endfacet
  facet normal 0 0 -1
    outer loop
      vertex 146.602 4.57638 0
      vertex 148.04 -2.55793 0
      vertex 147.829 -2.6294 0
    endloop
  endfacet
  facet normal 0 0 -1
    outer loop
      vertex 146.602 4.57638 0
      vertex 147.829 -2.6294 0
      vertex 147.63 -2.72776 0
    endloop
  endfacet
  facet normal 0 0 -1
    outer loop
      vertex 146.602 4.57638 0
      vertex 147.63 -2.72776 0
      vertex 147.445 -2.8513 0
    endloop
  endfacet
  facet normal 0 0 -1
    outer loop
      vertex 146.602 4.57638 0
      vertex 147.445 -2.8513 0
      vertex 147.278 -2.99792 0
    endloop
  endfacet
  facet normal 0 0 -1
    outer loop
      vertex 146.602 4.57638 0
      vertex 147.278 -2.99792 0
      vertex 147.131 -3.1651 0
    endloop
  endfacet
  facet normal 0 0 -1
    outer loop
      vertex 146.602 4.57638 0
      vertex 147.131 -3.1651 0
      vertex 147.008 -3.35 0
    endloop
  endfacet
  facet normal 0 0 -1
    outer loop
      vertex 146.602 4.57638 0
      vertex 147.008 -3.35 0
      vertex 146.909 -3.54944 0
    endloop
  endfacet
  facet normal 0 0 -1
    outer loop
      vertex 146.602 4.57638 0
      vertex 146.909 -3.54944 0
      vertex 146.838 -3.76001 0
    endloop
  endfacet
  facet normal 0 0 -1
    outer loop
      vertex 152.952 -0.710846 0
      vertex 146.602 4.57638 0
      vertex 151.87 18.3 0
    endloop
  endfacet
  facet normal 0 0 -1
    outer loop
      vertex 146.795 -3.9781 0
      vertex 146.602 4.57638 0
      vertex 146.838 -3.76001 0
    endloop
  endfacet
  facet normal 0 0 -1
    outer loop
      vertex 146.602 4.57638 0
      vertex 146.795 -3.9781 0
      vertex 146.78 -4.2 0
    endloop
  endfacet
  facet normal -0.933581 0.358368 -2.64849e-16
    outer loop
      vertex 146.602 4.57638 0
      vertex 151.87 18.3 0.95
      vertex 151.87 18.3 0
    endloop
  endfacet
  facet normal -0.933581 0.358368 -2.64849e-16
    outer loop
      vertex 151.87 18.3 0.95
      vertex 146.602 4.57638 0
      vertex 146.602 4.57638 0.95
    endloop
  endfacet
  facet normal 0 0 -1
    outer loop
      vertex 146.602 4.57638 0.95
      vertex 151.418 18.0987 0.95
      vertex 151.87 18.3 0.95
    endloop
  endfacet
  facet normal 0 0 -1
    outer loop
      vertex 146.602 4.57638 0.95
      vertex 146.401 5.02856 0.95
      vertex 151.418 18.0987 0.95
    endloop
  endfacet
  facet normal 0 0 -1
    outer loop
      vertex 146.602 4.57638 0.95
      vertex 133.331 10.0457 0.95
      vertex 146.401 5.02856 0.95
    endloop
  endfacet
  facet normal 0 -0 -1
    outer loop
      vertex 133.331 10.0457 0.95
      vertex 146.602 4.57638 0.95
      vertex 132.878 9.84439 0.95
    endloop
  endfacet
  facet normal 0 0 -1
    outer loop
      vertex 138.348 23.1158 0.95
      vertex 151.87 18.3 0.95
      vertex 151.418 18.0987 0.95
    endloop
  endfacet
  facet normal 0 0 -1
    outer loop
      vertex 138.348 23.1158 0.95
      vertex 138.146 23.568 0.95
      vertex 151.87 18.3 0.95
    endloop
  endfacet
  facet normal 0 0 -1
    outer loop
      vertex 133.331 10.0457 0.95
      vertex 138.146 23.568 0.95
      vertex 138.348 23.1158 0.95
    endloop
  endfacet
  facet normal 0 0 -1
    outer loop
      vertex 138.146 23.568 0.95
      vertex 133.331 10.0457 0.95
      vertex 132.878 9.84439 0.95
    endloop
  endfacet
  facet normal 0.35836 0.933584 -0
    outer loop
      vertex 146.602 4.57638 0
      vertex 132.878 9.84439 0.95
      vertex 146.602 4.57638 0.95
    endloop
  endfacet
  facet normal 0.35836 0.933584 0
    outer loop
      vertex 132.878 9.84439 0.95
      vertex 146.602 4.57638 0
      vertex 132.878 9.84439 0
    endloop
  endfacet
  facet normal 0.93358 -0.358368 -4.06296e-16
    outer loop
      vertex 132.878 9.84439 0.95
      vertex 138.146 23.568 0
      vertex 138.146 23.568 0.95
    endloop
  endfacet
  facet normal 0.93358 -0.358368 -4.06296e-16
    outer loop
      vertex 138.146 23.568 0
      vertex 132.878 9.84439 0.95
      vertex 132.878 9.84439 0
    endloop
  endfacet
  facet normal -0.358359 -0.933584 0
    outer loop
      vertex 138.146 23.568 0
      vertex 151.87 18.3 0.95
      vertex 138.146 23.568 0.95
    endloop
  endfacet
  facet normal -0.358359 -0.933584 -0
    outer loop
      vertex 151.87 18.3 0.95
      vertex 138.146 23.568 0
      vertex 151.87 18.3 0
    endloop
  endfacet
  facet normal -0.933584 0.358358 4.18019e-17
    outer loop
      vertex 146.401 5.02856 0.95
      vertex 151.418 18.0987 2.05
      vertex 151.418 18.0987 0.95
    endloop
  endfacet
  facet normal -0.933584 0.358358 4.18019e-17
    outer loop
      vertex 151.418 18.0987 2.05
      vertex 146.401 5.02856 0.95
      vertex 146.401 5.02856 2.05
    endloop
  endfacet
  facet normal 0 0 1
    outer loop
      vertex 151.87 18.3 2.05
      vertex 138.348 23.1158 2.05
      vertex 151.418 18.0987 2.05
    endloop
  endfacet
  facet normal 0 0 1
    outer loop
      vertex 138.146 23.568 2.05
      vertex 138.348 23.1158 2.05
      vertex 151.87 18.3 2.05
    endloop
  endfacet
  facet normal 0 0 1
    outer loop
      vertex 138.146 23.568 2.05
      vertex 133.331 10.0457 2.05
      vertex 138.348 23.1158 2.05
    endloop
  endfacet
  facet normal 0 -0 1
    outer loop
      vertex 133.331 10.0457 2.05
      vertex 138.146 23.568 2.05
      vertex 132.878 9.84439 2.05
    endloop
  endfacet
  facet normal -0 0 1
    outer loop
      vertex 151.418 18.0987 2.05
      vertex 146.602 4.57638 2.05
      vertex 151.87 18.3 2.05
    endloop
  endfacet
  facet normal -0 0 1
    outer loop
      vertex 146.401 5.02856 2.05
      vertex 146.602 4.57638 2.05
      vertex 151.418 18.0987 2.05
    endloop
  endfacet
  facet normal 0 0 1
    outer loop
      vertex 133.331 10.0457 2.05
      vertex 146.602 4.57638 2.05
      vertex 146.401 5.02856 2.05
    endloop
  endfacet
  facet normal 0 0 1
    outer loop
      vertex 146.602 4.57638 2.05
      vertex 133.331 10.0457 2.05
      vertex 132.878 9.84439 2.05
    endloop
  endfacet
  facet normal 0.35837 0.93358 -0
    outer loop
      vertex 146.401 5.02856 0.95
      vertex 133.331 10.0457 2.05
      vertex 146.401 5.02856 2.05
    endloop
  endfacet
  facet normal 0.35837 0.93358 0
    outer loop
      vertex 133.331 10.0457 2.05
      vertex 146.401 5.02856 0.95
      vertex 133.331 10.0457 0.95
    endloop
  endfacet
  facet normal 0.933584 -0.358359 -9.94201e-17
    outer loop
      vertex 133.331 10.0457 2.05
      vertex 138.348 23.1158 0.95
      vertex 138.348 23.1158 2.05
    endloop
  endfacet
  facet normal 0.933584 -0.358359 -9.94201e-17
    outer loop
      vertex 138.348 23.1158 0.95
      vertex 133.331 10.0457 2.05
      vertex 133.331 10.0457 0.95
    endloop
  endfacet
  facet normal -0.358368 -0.93358 0
    outer loop
      vertex 138.348 23.1158 0.95
      vertex 151.418 18.0987 2.05
      vertex 138.348 23.1158 2.05
    endloop
  endfacet
  facet normal -0.358368 -0.93358 -0
    outer loop
      vertex 151.418 18.0987 2.05
      vertex 138.348 23.1158 0.95
      vertex 151.418 18.0987 0.95
    endloop
  endfacet
  facet normal -0.933581 0.358368 -1.67737e-15
    outer loop
      vertex 146.602 4.57638 2.05
      vertex 151.87 18.3 2.2
      vertex 151.87 18.3 2.05
    endloop
  endfacet
  facet normal -0.933581 0.358368 -1.67737e-15
    outer loop
      vertex 151.87 18.3 2.2
      vertex 146.602 4.57638 2.05
      vertex 146.602 4.57638 2.2
    endloop
  endfacet
  facet normal 0 0 1
    outer loop
      vertex 28.0112 131.326 2.2
      vertex 23.9044 127.21 2.2
      vertex 28.3374 127.598 2.2
    endloop
  endfacet
  facet normal -0 0 1
    outer loop
      vertex 22.341 131.326 2.2
      vertex 23.9044 127.21 2.2
      vertex 28.0112 131.326 2.2
    endloop
  endfacet
  facet normal 0 0 1
    outer loop
      vertex 23.9044 127.21 2.2
      vertex 22.341 131.326 2.2
      vertex 23.7751 127.19 2.2
    endloop
  endfacet
  facet normal 0 0 1
    outer loop
      vertex 23.7751 127.19 2.2
      vertex 22.341 131.326 2.2
      vertex 23.6495 127.154 2.2
    endloop
  endfacet
  facet normal 0 0 1
    outer loop
      vertex 23.6495 127.154 2.2
      vertex 22.341 131.326 2.2
      vertex 23.5298 127.101 2.2
    endloop
  endfacet
  facet normal -0 0 1
    outer loop
      vertex 20.0822 129.05 2.2
      vertex 23.5298 127.101 2.2
      vertex 22.341 131.326 2.2
    endloop
  endfacet
  facet normal -0 0 1
    outer loop
      vertex 19.8121 128.698 2.2
      vertex 23.0852 126.636 2.2
      vertex 19.9587 128.865 2.2
    endloop
  endfacet
  facet normal 0 0 1
    outer loop
      vertex 23.1481 126.751 2.2
      vertex 19.9587 128.865 2.2
      vertex 23.0852 126.636 2.2
    endloop
  endfacet
  facet normal -0 0 1
    outer loop
      vertex 19.9587 128.865 2.2
      vertex 23.1481 126.751 2.2
      vertex 20.0822 129.05 2.2
    endloop
  endfacet
  facet normal 0 0 1
    outer loop
      vertex 23.2255 126.857 2.2
      vertex 20.0822 129.05 2.2
      vertex 23.1481 126.751 2.2
    endloop
  endfacet
  facet normal 0 0 1
    outer loop
      vertex 23.3159 126.951 2.2
      vertex 20.0822 129.05 2.2
      vertex 23.2255 126.857 2.2
    endloop
  endfacet
  facet normal 0 0 1
    outer loop
      vertex 23.4179 127.033 2.2
      vertex 20.0822 129.05 2.2
      vertex 23.3159 126.951 2.2
    endloop
  endfacet
  facet normal 0 0 1
    outer loop
      vertex 23.5298 127.101 2.2
      vertex 20.0822 129.05 2.2
      vertex 23.4179 127.033 2.2
    endloop
  endfacet
  facet normal 0 0 1
    outer loop
      vertex 43.1855 132.738 2.2
      vertex 45.5 132.96 2.2
      vertex 45.4658 133.482 2.2
    endloop
  endfacet
  facet normal 0 0 1
    outer loop
      vertex 121.96 99.44 2.2
      vertex 124.26 99.44 2.2
      vertex 124.226 99.9621 2.2
    endloop
  endfacet
  facet normal 0 0 1
    outer loop
      vertex 121.945 99.6619 2.2
      vertex 124.226 99.9621 2.2
      vertex 124.124 100.475 2.2
    endloop
  endfacet
  facet normal 0 0 1
    outer loop
      vertex 124.26 99.44 2.2
      vertex 121.96 99.44 2.2
      vertex 124.226 98.9179 2.2
    endloop
  endfacet
  facet normal -0 0 1
    outer loop
      vertex 121.945 99.2181 2.2
      vertex 124.226 98.9179 2.2
      vertex 121.96 99.44 2.2
    endloop
  endfacet
  facet normal 0 0 1
    outer loop
      vertex 121.945 99.6619 2.2
      vertex 124.124 100.475 2.2
      vertex 123.956 100.971 2.2
    endloop
  endfacet
  facet normal 0 0 1
    outer loop
      vertex 126.576 94.3598 2.2
      vertex 126.58 94.0515 2.2
      vertex 126.581 94.209 2.2
    endloop
  endfacet
  facet normal 0 0 1
    outer loop
      vertex 126.576 94.3598 2.2
      vertex 126.576 93.9377 2.2
      vertex 126.58 94.0515 2.2
    endloop
  endfacet
  facet normal 0 0 1
    outer loop
      vertex 126.567 94.5111 2.2
      vertex 126.576 93.9377 2.2
      vertex 126.576 94.3598 2.2
    endloop
  endfacet
  facet normal 0 0 1
    outer loop
      vertex 120.911 97.8694 2.2
      vertex 126.567 94.5111 2.2
      vertex 126.552 94.6687 2.2
    endloop
  endfacet
  facet normal 0 0 1
    outer loop
      vertex 120.911 97.8694 2.2
      vertex 126.552 94.6687 2.2
      vertex 126.532 94.82 2.2
    endloop
  endfacet
  facet normal 0 0 1
    outer loop
      vertex 120.911 97.8694 2.2
      vertex 126.532 94.82 2.2
      vertex 126.508 94.9698 2.2
    endloop
  endfacet
  facet normal 0 0 1
    outer loop
      vertex 120.911 97.8694 2.2
      vertex 126.508 94.9698 2.2
      vertex 126.478 95.1224 2.2
    endloop
  endfacet
  facet normal 0 0 1
    outer loop
      vertex 120.911 97.8694 2.2
      vertex 126.478 95.1224 2.2
      vertex 126.444 95.2725 2.2
    endloop
  endfacet
  facet normal 0 0 1
    outer loop
      vertex 120.911 97.8694 2.2
      vertex 126.444 95.2725 2.2
      vertex 126.404 95.4221 2.2
    endloop
  endfacet
  facet normal 0 0 1
    outer loop
      vertex 120.911 97.8694 2.2
      vertex 126.404 95.4221 2.2
      vertex 126.36 95.5684 2.2
    endloop
  endfacet
  facet normal 0 0 1
    outer loop
      vertex 120.911 97.8694 2.2
      vertex 126.36 95.5684 2.2
      vertex 126.312 95.7114 2.2
    endloop
  endfacet
  facet normal 0 0 1
    outer loop
      vertex 120.911 97.8694 2.2
      vertex 126.312 95.7114 2.2
      vertex 126.259 95.854 2.2
    endloop
  endfacet
  facet normal 0 0 1
    outer loop
      vertex 120.911 97.8694 2.2
      vertex 126.259 95.854 2.2
      vertex 126.2 95.9993 2.2
    endloop
  endfacet
  facet normal 0 0 1
    outer loop
      vertex 120.911 97.8694 2.2
      vertex 126.2 95.9993 2.2
      vertex 126.136 96.1417 2.2
    endloop
  endfacet
  facet normal 0 0 1
    outer loop
      vertex 120.911 97.8694 2.2
      vertex 126.136 96.1417 2.2
      vertex 126.069 96.2779 2.2
    endloop
  endfacet
  facet normal 0 0 1
    outer loop
      vertex 121.11 97.9678 2.2
      vertex 126.069 96.2779 2.2
      vertex 125.997 96.4144 2.2
    endloop
  endfacet
  facet normal 0 0 1
    outer loop
      vertex 121.11 97.9678 2.2
      vertex 125.997 96.4144 2.2
      vertex 125.92 96.5487 2.2
    endloop
  endfacet
  facet normal 0 0 1
    outer loop
      vertex 121.11 97.9678 2.2
      vertex 125.92 96.5487 2.2
      vertex 125.84 96.6782 2.2
    endloop
  endfacet
  facet normal 0 0 1
    outer loop
      vertex 121.11 97.9678 2.2
      vertex 125.84 96.6782 2.2
      vertex 125.753 96.8091 2.2
    endloop
  endfacet
  facet normal 0 0 1
    outer loop
      vertex 121.11 97.9678 2.2
      vertex 125.753 96.8091 2.2
      vertex 125.664 96.9342 2.2
    endloop
  endfacet
  facet normal 0 0 1
    outer loop
      vertex 121.11 97.9678 2.2
      vertex 125.664 96.9342 2.2
      vertex 125.573 97.0536 2.2
    endloop
  endfacet
  facet normal 0 0 1
    outer loop
      vertex 121.11 97.9678 2.2
      vertex 125.573 97.0536 2.2
      vertex 125.476 97.1728 2.2
    endloop
  endfacet
  facet normal 0 0 1
    outer loop
      vertex 121.11 97.9678 2.2
      vertex 125.476 97.1728 2.2
      vertex 125.372 97.2916 2.2
    endloop
  endfacet
  facet normal 0 0 1
    outer loop
      vertex 121.11 97.9678 2.2
      vertex 125.372 97.2916 2.2
      vertex 125.271 97.4001 2.2
    endloop
  endfacet
  facet normal 0 0 1
    outer loop
      vertex 121.11 97.9678 2.2
      vertex 125.271 97.4001 2.2
      vertex 125.164 97.5085 2.2
    endloop
  endfacet
  facet normal 0 0 1
    outer loop
      vertex 121.11 97.9678 2.2
      vertex 125.164 97.5085 2.2
      vertex 125.047 97.6187 2.2
    endloop
  endfacet
  facet normal 0 0 1
    outer loop
      vertex 121.11 97.9678 2.2
      vertex 125.047 97.6187 2.2
      vertex 124.932 97.7198 2.2
    endloop
  endfacet
  facet normal 0 0 1
    outer loop
      vertex 121.11 97.9678 2.2
      vertex 124.932 97.7198 2.2
      vertex 124.814 97.8175 2.2
    endloop
  endfacet
  facet normal 0 0 1
    outer loop
      vertex 126.069 96.2779 2.2
      vertex 121.11 97.9678 2.2
      vertex 120.911 97.8694 2.2
    endloop
  endfacet
  facet normal 0 0 1
    outer loop
      vertex 121.11 97.9678 2.2
      vertex 124.814 97.8175 2.2
      vertex 124.695 97.9096 2.2
    endloop
  endfacet
  facet normal 0 0 1
    outer loop
      vertex 118.56 99.44 2.2
      vertex 116.26 99.44 2.2
      vertex 116.279 99.1447 2.2
    endloop
  endfacet
  facet normal 0 0 1
    outer loop
      vertex 103.166 77.7261 2.2
      vertex 117.725 74.66 2.2
      vertex 117.846 76.9568 2.2
    endloop
  endfacet
  facet normal 0 0 1
    outer loop
      vertex 117.725 74.66 2.2
      vertex 103.166 77.7261 2.2
      vertex 103.045 75.4293 2.2
    endloop
  endfacet
  facet normal 0 0 1
    outer loop
      vertex 39.8 132.96 2.2
      vertex 37.5 132.96 2.2
      vertex 37.5328 132.459 2.2
    endloop
  endfacet
  facet normal 0 0 1
    outer loop
      vertex 39.7624 84.9307 2.2
      vertex 25.3189 81.3582 2.2
      vertex 39.9629 82.6394 2.2
    endloop
  endfacet
  facet normal -0 0 1
    outer loop
      vertex 25.1184 83.6495 2.2
      vertex 25.3189 81.3582 2.2
      vertex 39.7624 84.9307 2.2
    endloop
  endfacet
  facet normal 0 0 1
    outer loop
      vertex 22.136 79.8752 2.2
      vertex 25.3189 81.3582 2.2
      vertex 25.1184 83.6495 2.2
    endloop
  endfacet
  facet normal 0 0 1
    outer loop
      vertex 25.3189 81.3582 2.2
      vertex 25.0993 46.0046 2.2
      vertex 25.2997 43.7133 2.2
    endloop
  endfacet
  facet normal 0 0 1
    outer loop
      vertex 25.0993 46.0046 2.2
      vertex 10.6557 42.4321 2.2
      vertex 25.2997 43.7133 2.2
    endloop
  endfacet
  facet normal 0 -0 1
    outer loop
      vertex 10.6557 42.4321 2.2
      vertex 25.0993 46.0046 2.2
      vertex 10.4553 44.7234 2.2
    endloop
  endfacet
  facet normal -0 0 1
    outer loop
      vertex 20.8548 94.5192 2.2
      vertex 25.1184 83.6495 2.2
      vertex 23.8372 98.2935 2.2
    endloop
  endfacet
  facet normal 0 0 1
    outer loop
      vertex 25.3189 81.3582 2.2
      vertex 23.8181 60.6486 2.2
      vertex 25.0993 46.0046 2.2
    endloop
  endfacet
  facet normal 0 0 1
    outer loop
      vertex 25.2997 43.7133 2.2
      vertex 26.6001 66.7142 2.2
      vertex 25.3189 81.3582 2.2
    endloop
  endfacet
  facet normal 0 0 1
    outer loop
      vertex 26.6001 66.7142 2.2
      vertex 25.2997 43.7133 2.2
      vertex 26.5809 29.0693 2.2
    endloop
  endfacet
  facet normal 0 0 1
    outer loop
      vertex 23.6176 62.9399 2.2
      vertex 9.17408 59.3674 2.2
      vertex 23.8181 60.6486 2.2
    endloop
  endfacet
  facet normal -0 0 1
    outer loop
      vertex 8.97356 61.6587 2.2
      vertex 9.17408 59.3674 2.2
      vertex 23.6176 62.9399 2.2
    endloop
  endfacet
  facet normal 0 0 1
    outer loop
      vertex 4.79546 25.4419 2.2
      vertex 9.17408 59.3674 2.2
      vertex 8.97356 61.6587 2.2
    endloop
  endfacet
  facet normal 0 0 1
    outer loop
      vertex 9.17408 59.3674 2.2
      vertex 4.79546 25.4419 2.2
      vertex 9.08057 21.1178 2.2
    endloop
  endfacet
  facet normal -0 -0 1
    outer loop
      vertex 4.81 25.22 2.2
      vertex 9.08057 21.1178 2.2
      vertex 4.79546 25.4419 2.2
    endloop
  endfacet
  facet normal 0 0 1
    outer loop
      vertex 9.08057 21.1178 2.2
      vertex 4.81 25.22 2.2
      vertex 8.94148 21.1199 2.2
    endloop
  endfacet
  facet normal 0 0 1
    outer loop
      vertex 8.94148 21.1199 2.2
      vertex 4.81 25.22 2.2
      vertex 8.79268 21.1272 2.2
    endloop
  endfacet
  facet normal 0 0 1
    outer loop
      vertex 8.79268 21.1272 2.2
      vertex 4.81 25.22 2.2
      vertex 8.64381 21.1399 2.2
    endloop
  endfacet
  facet normal 0 0 1
    outer loop
      vertex 8.64381 21.1399 2.2
      vertex 4.81 25.22 2.2
      vertex 8.50595 21.1563 2.2
    endloop
  endfacet
  facet normal 0 0 1
    outer loop
      vertex 8.50595 21.1563 2.2
      vertex 4.81 25.22 2.2
      vertex 8.36617 21.1773 2.2
    endloop
  endfacet
  facet normal 0 0 1
    outer loop
      vertex 8.36617 21.1773 2.2
      vertex 4.81 25.22 2.2
      vertex 8.22023 21.2045 2.2
    endloop
  endfacet
  facet normal 0 0 1
    outer loop
      vertex 8.22023 21.2045 2.2
      vertex 4.81 25.22 2.2
      vertex 8.07892 21.2359 2.2
    endloop
  endfacet
  facet normal 0 0 1
    outer loop
      vertex 4.79546 25.4419 2.2
      vertex 8.97356 61.6587 2.2
      vertex 7.69237 76.3027 2.2
    endloop
  endfacet
  facet normal 0 0 1
    outer loop
      vertex 8.07892 21.2359 2.2
      vertex 4.81 25.22 2.2
      vertex 7.94827 21.2694 2.2
    endloop
  endfacet
  facet normal 0 0 1
    outer loop
      vertex 6.21077 93.238 2.2
      vertex -2.51454 85.2219 2.2
      vertex -2.5 85 2.2
    endloop
  endfacet
  facet normal 0 0 1
    outer loop
      vertex 6.21077 93.238 2.2
      vertex -2.55793 85.44 2.2
      vertex -2.51454 85.2219 2.2
    endloop
  endfacet
  facet normal 0 0 1
    outer loop
      vertex -3.6198 94.5284 2.2
      vertex -2.49899 97.6431 2.2
      vertex -2.59718 97.5198 2.2
    endloop
  endfacet
  facet normal 0 0 1
    outer loop
      vertex 6.21077 93.238 2.2
      vertex -2.6294 85.6506 2.2
      vertex -2.55793 85.44 2.2
    endloop
  endfacet
  facet normal 0 0 1
    outer loop
      vertex -3.6198 94.5284 2.2
      vertex -2.59718 97.5198 2.2
      vertex -2.69049 97.3945 2.2
    endloop
  endfacet
  facet normal 0 0 1
    outer loop
      vertex -3.67441 90.9716 2.2
      vertex 6.21077 93.238 2.2
      vertex -3.66371 91.8949 2.2
    endloop
  endfacet
  facet normal 0 0 1
    outer loop
      vertex -3.6198 94.5284 2.2
      vertex -2.69049 97.3945 2.2
      vertex -2.78078 97.2644 2.2
    endloop
  endfacet
  facet normal 0 0 1
    outer loop
      vertex -3.6841 89.9306 2.2
      vertex 6.21077 93.238 2.2
      vertex -3.67441 90.9716 2.2
    endloop
  endfacet
  facet normal 0 0 1
    outer loop
      vertex -3.6198 94.5284 2.2
      vertex -2.78078 97.2644 2.2
      vertex -2.85898 97.1434 2.2
    endloop
  endfacet
  facet normal 0 0 1
    outer loop
      vertex -3.6198 94.5284 2.2
      vertex -2.85898 97.1434 2.2
      vertex -2.93279 97.0223 2.2
    endloop
  endfacet
  facet normal 0 0 1
    outer loop
      vertex -3.69076 88.9666 2.2
      vertex 6.21077 93.238 2.2
      vertex -3.6841 89.9306 2.2
    endloop
  endfacet
  facet normal 0 0 1
    outer loop
      vertex -3.6198 94.5284 2.2
      vertex -2.93279 97.0223 2.2
      vertex -3.00374 96.8972 2.2
    endloop
  endfacet
  facet normal 0 0 1
    outer loop
      vertex -3.6198 94.5284 2.2
      vertex -3.00374 96.8972 2.2
      vertex -3.06903 96.7745 2.2
    endloop
  endfacet
  facet normal 0 0 1
    outer loop
      vertex -3.6198 94.5284 2.2
      vertex -3.06903 96.7745 2.2
      vertex -3.1329 96.6456 2.2
    endloop
  endfacet
  facet normal 0 0 1
    outer loop
      vertex 6.21077 93.238 2.2
      vertex -2.72776 85.85 2.2
      vertex -2.6294 85.6506 2.2
    endloop
  endfacet
  facet normal 0 0 1
    outer loop
      vertex -3.6198 94.5284 2.2
      vertex -3.1329 96.6456 2.2
      vertex -3.18858 96.5243 2.2
    endloop
  endfacet
  facet normal 0 0 1
    outer loop
      vertex -3.6198 94.5284 2.2
      vertex -3.18858 96.5243 2.2
      vertex -3.24007 96.4048 2.2
    endloop
  endfacet
  facet normal 0 0 1
    outer loop
      vertex -3.6198 94.5284 2.2
      vertex -3.24007 96.4048 2.2
      vertex -3.29138 96.276 2.2
    endloop
  endfacet
  facet normal 0 0 1
    outer loop
      vertex -3.6198 94.5284 2.2
      vertex -3.29138 96.276 2.2
      vertex -3.33626 96.1534 2.2
    endloop
  endfacet
  facet normal 0 0 1
    outer loop
      vertex 6.21077 93.238 2.2
      vertex -3.69076 88.9666 2.2
      vertex -2.72776 85.85 2.2
    endloop
  endfacet
  facet normal 0 0 1
    outer loop
      vertex -3.6198 94.5284 2.2
      vertex -3.33626 96.1534 2.2
      vertex -3.3791 96.0274 2.2
    endloop
  endfacet
  facet normal 0 0 1
    outer loop
      vertex -3.6198 94.5284 2.2
      vertex -3.3791 96.0274 2.2
      vertex -3.41881 95.8982 2.2
    endloop
  endfacet
  facet normal 0 0 1
    outer loop
      vertex -3.61824 94.5981 2.2
      vertex -3.41881 95.8982 2.2
      vertex -3.45294 95.7764 2.2
    endloop
  endfacet
  facet normal 0 0 1
    outer loop
      vertex -3.61824 94.5981 2.2
      vertex -3.45294 95.7764 2.2
      vertex -3.48557 95.6479 2.2
    endloop
  endfacet
  facet normal 0 0 1
    outer loop
      vertex -3.61824 94.5981 2.2
      vertex -3.48557 95.6479 2.2
      vertex -3.51564 95.5137 2.2
    endloop
  endfacet
  facet normal 0 0 1
    outer loop
      vertex -3.61824 94.5981 2.2
      vertex -3.51564 95.5137 2.2
      vertex -3.54112 95.3832 2.2
    endloop
  endfacet
  facet normal 0 0 1
    outer loop
      vertex 6.21077 93.238 2.2
      vertex -3.6528 92.6948 2.2
      vertex -3.66371 91.8949 2.2
    endloop
  endfacet
  facet normal 0 0 1
    outer loop
      vertex -3.61824 94.5981 2.2
      vertex -3.54112 95.3832 2.2
      vertex -3.56346 95.2507 2.2
    endloop
  endfacet
  facet normal 0 0 1
    outer loop
      vertex -3.61824 94.5981 2.2
      vertex -3.56346 95.2507 2.2
      vertex -3.58266 95.1128 2.2
    endloop
  endfacet
  facet normal 0 0 1
    outer loop
      vertex -3.61824 94.5981 2.2
      vertex -3.58266 95.1128 2.2
      vertex -3.59869 94.9673 2.2
    endloop
  endfacet
  facet normal 0 0 1
    outer loop
      vertex -3.61824 94.5981 2.2
      vertex -3.59869 94.9673 2.2
      vertex -3.60968 94.8248 2.2
    endloop
  endfacet
  facet normal 0 0 1
    outer loop
      vertex -3.61824 94.5981 2.2
      vertex -3.60968 94.8248 2.2
      vertex -3.61691 94.6804 2.2
    endloop
  endfacet
  facet normal 0 0 1
    outer loop
      vertex -3.41881 95.8982 2.2
      vertex -3.61824 94.5981 2.2
      vertex -3.6198 94.5284 2.2
    endloop
  endfacet
  facet normal 0 0 1
    outer loop
      vertex 6.21077 93.238 2.2
      vertex -3.6198 94.5284 2.2
      vertex -3.62502 94.2884 2.2
    endloop
  endfacet
  facet normal 0 0 1
    outer loop
      vertex 6.21077 93.238 2.2
      vertex -3.62502 94.2884 2.2
      vertex -3.63266 93.8976 2.2
    endloop
  endfacet
  facet normal 0 0 1
    outer loop
      vertex 6.21077 93.238 2.2
      vertex -3.63266 93.8976 2.2
      vertex -3.64218 93.3648 2.2
    endloop
  endfacet
  facet normal 0 0 1
    outer loop
      vertex 6.21077 93.238 2.2
      vertex -3.64218 93.3648 2.2
      vertex -3.6528 92.6948 2.2
    endloop
  endfacet
  facet normal 0 0 1
    outer loop
      vertex -2.72776 85.85 2.2
      vertex -3.69076 88.9666 2.2
      vertex -2.8513 86.0349 2.2
    endloop
  endfacet
  facet normal 0 0 1
    outer loop
      vertex -2.8513 86.0349 2.2
      vertex -3.69076 88.9666 2.2
      vertex -2.99792 86.2021 2.2
    endloop
  endfacet
  facet normal 0 0 1
    outer loop
      vertex -2.99792 86.2021 2.2
      vertex -3.69076 88.9666 2.2
      vertex -3.1651 86.3487 2.2
    endloop
  endfacet
  facet normal 0 0 1
    outer loop
      vertex -3.1651 86.3487 2.2
      vertex -3.69076 88.9666 2.2
      vertex -3.35 86.4722 2.2
    endloop
  endfacet
  facet normal 0 0 1
    outer loop
      vertex -3.35 86.4722 2.2
      vertex -3.69076 88.9666 2.2
      vertex -3.54944 86.5706 2.2
    endloop
  endfacet
  facet normal 0 0 1
    outer loop
      vertex -3.69076 88.9666 2.2
      vertex -3.76001 86.6421 2.2
      vertex -3.54944 86.5706 2.2
    endloop
  endfacet
  facet normal 0 0 1
    outer loop
      vertex -3.69076 88.9666 2.2
      vertex -3.9781 86.6855 2.2
      vertex -3.76001 86.6421 2.2
    endloop
  endfacet
  facet normal 0 0 1
    outer loop
      vertex -4.2 89 2.2
      vertex -3.9781 86.6855 2.2
      vertex -3.69076 88.9666 2.2
    endloop
  endfacet
  facet normal 0 0 1
    outer loop
      vertex -4.2 89 2.2
      vertex -4.2 86.7 2.2
      vertex -3.9781 86.6855 2.2
    endloop
  endfacet
  facet normal 0 0 1
    outer loop
      vertex -4.2 89 2.2
      vertex -4.42189 86.6855 2.2
      vertex -4.2 86.7 2.2
    endloop
  endfacet
  facet normal -0 0 1
    outer loop
      vertex -4.7221 88.9658 2.2
      vertex -4.42189 86.6855 2.2
      vertex -4.2 89 2.2
    endloop
  endfacet
  facet normal 0 0 1
    outer loop
      vertex -4.42189 86.6855 2.2
      vertex -4.7221 88.9658 2.2
      vertex -4.63999 86.6421 2.2
    endloop
  endfacet
  facet normal -0 0 1
    outer loop
      vertex -5.23528 88.8637 2.2
      vertex -4.63999 86.6421 2.2
      vertex -4.7221 88.9658 2.2
    endloop
  endfacet
  facet normal 0 0 1
    outer loop
      vertex -4.63999 86.6421 2.2
      vertex -5.23528 88.8637 2.2
      vertex -4.85056 86.5706 2.2
    endloop
  endfacet
  facet normal -0 0 1
    outer loop
      vertex -5.73073 88.6955 2.2
      vertex -4.85056 86.5706 2.2
      vertex -5.23528 88.8637 2.2
    endloop
  endfacet
  facet normal 0 0 1
    outer loop
      vertex -4.85056 86.5706 2.2
      vertex -5.73073 88.6955 2.2
      vertex -5.05 86.4722 2.2
    endloop
  endfacet
  facet normal -0 0 1
    outer loop
      vertex -6.2 88.4641 2.2
      vertex -5.05 86.4722 2.2
      vertex -5.73073 88.6955 2.2
    endloop
  endfacet
  facet normal 0 0 1
    outer loop
      vertex -5.05 86.4722 2.2
      vertex -6.2 88.4641 2.2
      vertex -5.23489 86.3487 2.2
    endloop
  endfacet
  facet normal -0 0 1
    outer loop
      vertex -6.63505 88.1734 2.2
      vertex -5.23489 86.3487 2.2
      vertex -6.2 88.4641 2.2
    endloop
  endfacet
  facet normal 0 0 1
    outer loop
      vertex -5.23489 86.3487 2.2
      vertex -6.63505 88.1734 2.2
      vertex -5.40208 86.2021 2.2
    endloop
  endfacet
  facet normal -0 0 1
    outer loop
      vertex -7.02843 87.8284 2.2
      vertex -5.40208 86.2021 2.2
      vertex -6.63505 88.1734 2.2
    endloop
  endfacet
  facet normal 0 0 1
    outer loop
      vertex -5.40208 86.2021 2.2
      vertex -7.02843 87.8284 2.2
      vertex -5.5487 86.0349 2.2
    endloop
  endfacet
  facet normal -0 0 1
    outer loop
      vertex -7.37341 87.435 2.2
      vertex -5.5487 86.0349 2.2
      vertex -7.02843 87.8284 2.2
    endloop
  endfacet
  facet normal 0 0 1
    outer loop
      vertex -5.5487 86.0349 2.2
      vertex -7.37341 87.435 2.2
      vertex -5.67224 85.85 2.2
    endloop
  endfacet
  facet normal -0 0 1
    outer loop
      vertex -7.6641 87 2.2
      vertex -5.67224 85.85 2.2
      vertex -7.37341 87.435 2.2
    endloop
  endfacet
  facet normal 0 0 1
    outer loop
      vertex 7.67363 21.3541 2.2
      vertex 4.81 25.22 2.2
      vertex 6.10294 22.3126 2.2
    endloop
  endfacet
  facet normal 0 0 1
    outer loop
      vertex 6.21077 93.238 2.2
      vertex 4.75207 25.66 2.2
      vertex 4.79546 25.4419 2.2
    endloop
  endfacet
  facet normal 0 0 1
    outer loop
      vertex 6.21077 93.238 2.2
      vertex 4.68059 25.8706 2.2
      vertex 4.75207 25.66 2.2
    endloop
  endfacet
  facet normal -0 0 1
    outer loop
      vertex 3.92664 106.049 2.2
      vertex 20.8548 94.5192 2.2
      vertex 4.29553 106.872 2.2
    endloop
  endfacet
  facet normal 0 -0 1
    outer loop
      vertex -2.73738 56.1956 2.2
      vertex 6.21077 93.238 2.2
      vertex -2.88147 58.2757 2.2
    endloop
  endfacet
  facet normal 0 -0 1
    outer loop
      vertex -2.57793 54.1227 2.2
      vertex 6.21077 93.238 2.2
      vertex -2.73738 56.1956 2.2
    endloop
  endfacet
  facet normal 0 -0 1
    outer loop
      vertex -2.4023 52.0633 2.2
      vertex 6.21077 93.238 2.2
      vertex -2.57793 54.1227 2.2
    endloop
  endfacet
  facet normal -0 0 1
    outer loop
      vertex 3.57291 105.254 2.2
      vertex 20.8548 94.5192 2.2
      vertex 3.92664 106.049 2.2
    endloop
  endfacet
  facet normal 0 0 1
    outer loop
      vertex 6.21077 93.238 2.2
      vertex -2.4023 52.0633 2.2
      vertex 4.68059 25.8706 2.2
    endloop
  endfacet
  facet normal -0 -0 1
    outer loop
      vertex -2.2097 50.0233 2.2
      vertex 4.68059 25.8706 2.2
      vertex -2.4023 52.0633 2.2
    endloop
  endfacet
  facet normal 0 0 1
    outer loop
      vertex 20.8548 94.5192 2.2
      vertex 3.57291 105.254 2.2
      vertex 6.21077 93.238 2.2
    endloop
  endfacet
  facet normal 0 0 1
    outer loop
      vertex 4.68059 25.8706 2.2
      vertex -2.2097 50.0233 2.2
      vertex 4.58224 26.07 2.2
    endloop
  endfacet
  facet normal -0 0 1
    outer loop
      vertex 2.90781 103.752 2.2
      vertex 6.21077 93.238 2.2
      vertex 3.57291 105.254 2.2
    endloop
  endfacet
  facet normal -0 -0 1
    outer loop
      vertex -1.77034 46.0248 2.2
      vertex 4.58224 26.07 2.2
      vertex -1.9994 48.0085 2.2
    endloop
  endfacet
  facet normal -0 -0 1
    outer loop
      vertex -1.52177 44.078 2.2
      vertex 4.58224 26.07 2.2
      vertex -1.77034 46.0248 2.2
    endloop
  endfacet
  facet normal -0 -0 1
    outer loop
      vertex -1.25261 42.1736 2.2
      vertex 4.58224 26.07 2.2
      vertex -1.52177 44.078 2.2
    endloop
  endfacet
  facet normal -0 0 1
    outer loop
      vertex 2.59825 103.056 2.2
      vertex 6.21077 93.238 2.2
      vertex 2.90781 103.752 2.2
    endloop
  endfacet
  facet normal 0 0 1
    outer loop
      vertex 4.58224 26.07 2.2
      vertex -0.961807 40.3171 2.2
      vertex 4.4587 26.2549 2.2
    endloop
  endfacet
  facet normal -0 -0 1
    outer loop
      vertex -0.648148 38.5136 2.2
      vertex 4.4587 26.2549 2.2
      vertex -0.961807 40.3171 2.2
    endloop
  endfacet
  facet normal -0 0 1
    outer loop
      vertex 2.30061 102.394 2.2
      vertex 6.21077 93.238 2.2
      vertex 2.59825 103.056 2.2
    endloop
  endfacet
  facet normal -0 -0 1
    outer loop
      vertex 0.0535889 35.0858 2.2
      vertex 4.4587 26.2549 2.2
      vertex -0.310211 36.7682 2.2
    endloop
  endfacet
  facet normal -0 0 1
    outer loop
      vertex 2.01491 101.768 2.2
      vertex 6.21077 93.238 2.2
      vertex 2.30061 102.394 2.2
    endloop
  endfacet
  facet normal 0 0 1
    outer loop
      vertex 2.67001 26.8621 2.2
      vertex 1.84006 29.004 2.2
      vertex 2.45944 26.7906 2.2
    endloop
  endfacet
  facet normal -0 0 1
    outer loop
      vertex 1.57927 28.9155 2.2
      vertex 2.45944 26.7906 2.2
      vertex 1.84006 29.004 2.2
    endloop
  endfacet
  facet normal -0 0 1
    outer loop
      vertex 1.74428 101.187 2.2
      vertex 6.21077 93.238 2.2
      vertex 2.01491 101.768 2.2
    endloop
  endfacet
  facet normal 0 0 1
    outer loop
      vertex 2.45944 26.7906 2.2
      vertex 1.57927 28.9155 2.2
      vertex 2.26 26.6922 2.2
    endloop
  endfacet
  facet normal -0 0 1
    outer loop
      vertex 1.11 28.6841 2.2
      vertex 2.26 26.6922 2.2
      vertex 1.57927 28.9155 2.2
    endloop
  endfacet
  facet normal 0 0 1
    outer loop
      vertex 4.4587 26.2549 2.2
      vertex 0.0535889 35.0858 2.2
      vertex 4.31208 26.4221 2.2
    endloop
  endfacet
  facet normal -0 0 1
    outer loop
      vertex 1.48628 100.65 2.2
      vertex 6.21077 93.238 2.2
      vertex 1.74428 101.187 2.2
    endloop
  endfacet
  facet normal -0 0 1
    outer loop
      vertex 1.24303 100.162 2.2
      vertex 6.21077 93.238 2.2
      vertex 1.48628 100.65 2.2
    endloop
  endfacet
  facet normal -0 -0 1
    outer loop
      vertex 0.445221 33.4701 2.2
      vertex 4.31208 26.4221 2.2
      vertex 0.0535889 35.0858 2.2
    endloop
  endfacet
  facet normal -0 0 1
    outer loop
      vertex 1.01535 99.7269 2.2
      vertex 6.21077 93.238 2.2
      vertex 1.24303 100.162 2.2
    endloop
  endfacet
  facet normal -0 0 1
    outer loop
      vertex 0.805588 99.3485 2.2
      vertex 6.21077 93.238 2.2
      vertex 1.01535 99.7269 2.2
    endloop
  endfacet
  facet normal 0 0 1
    outer loop
      vertex 4.31208 26.4221 2.2
      vertex 0.867432 31.9249 2.2
      vertex 4.14489 26.5687 2.2
    endloop
  endfacet
  facet normal -0 0 1
    outer loop
      vertex 0.752869 99.26 2.2
      vertex 6.21077 93.238 2.2
      vertex 0.805588 99.3485 2.2
    endloop
  endfacet
  facet normal 0 0 1
    outer loop
      vertex -3.6198 94.5284 2.2
      vertex 0.752869 99.26 2.2
      vertex -2.49899 97.6431 2.2
    endloop
  endfacet
  facet normal 0 0 1
    outer loop
      vertex -2.49899 97.6431 2.2
      vertex 0.752869 99.26 2.2
      vertex 0.562363 99.2516 2.2
    endloop
  endfacet
  facet normal -0 -0 1
    outer loop
      vertex 1.32358 30.4531 2.2
      vertex 4.14489 26.5687 2.2
      vertex 0.867432 31.9249 2.2
    endloop
  endfacet
  facet normal 0 0 1
    outer loop
      vertex -2.49899 97.6431 2.2
      vertex 0.562363 99.2516 2.2
      vertex 0.319412 99.2268 2.2
    endloop
  endfacet
  facet normal 0 0 1
    outer loop
      vertex -2.49899 97.6431 2.2
      vertex 0.319412 99.2268 2.2
      vertex 0.0753021 99.1879 2.2
    endloop
  endfacet
  facet normal 0 0 1
    outer loop
      vertex 4.14489 26.5687 2.2
      vertex 1.32358 30.4531 2.2
      vertex 3.96 26.6922 2.2
    endloop
  endfacet
  facet normal 0 0 1
    outer loop
      vertex -2.49899 97.6431 2.2
      vertex 0.0753021 99.1879 2.2
      vertex -0.165634 99.1347 2.2
    endloop
  endfacet
  facet normal 0 0 1
    outer loop
      vertex 3.96 26.6922 2.2
      vertex 1.84006 29.004 2.2
      vertex 3.76056 26.7906 2.2
    endloop
  endfacet
  facet normal 0 0 1
    outer loop
      vertex -2.49899 97.6431 2.2
      vertex -0.165634 99.1347 2.2
      vertex -0.394989 99.0704 2.2
    endloop
  endfacet
  facet normal 0 0 1
    outer loop
      vertex -2.49899 97.6431 2.2
      vertex -0.394989 99.0704 2.2
      vertex -0.620911 98.9933 2.2
    endloop
  endfacet
  facet normal 0 0 1
    outer loop
      vertex -2.55793 84.56 2.2
      vertex 6.21077 93.238 2.2
      vertex -2.51454 84.7781 2.2
    endloop
  endfacet
  facet normal 0 0 1
    outer loop
      vertex -2.49899 97.6431 2.2
      vertex -0.620911 98.9933 2.2
      vertex -0.832779 98.9075 2.2
    endloop
  endfacet
  facet normal 0 0 1
    outer loop
      vertex 3.54999 26.8621 2.2
      vertex 1.84006 29.004 2.2
      vertex 3.33189 26.9055 2.2
    endloop
  endfacet
  facet normal 0 0 1
    outer loop
      vertex -2.49899 97.6431 2.2
      vertex -0.832779 98.9075 2.2
      vertex -1.03163 98.8152 2.2
    endloop
  endfacet
  facet normal 0 0 1
    outer loop
      vertex -2.49899 97.6431 2.2
      vertex -1.03163 98.8152 2.2
      vertex -1.22205 98.7147 2.2
    endloop
  endfacet
  facet normal 0 0 1
    outer loop
      vertex 6.21077 93.238 2.2
      vertex -2.5 85 2.2
      vertex -2.51454 84.7781 2.2
    endloop
  endfacet
  facet normal 0 0 1
    outer loop
      vertex -2.49899 97.6431 2.2
      vertex -1.22205 98.7147 2.2
      vertex -1.40373 98.6074 2.2
    endloop
  endfacet
  facet normal 0 0 1
    outer loop
      vertex 3.11 26.92 2.2
      vertex 1.84006 29.004 2.2
      vertex 2.88811 26.9055 2.2
    endloop
  endfacet
  facet normal 0 0 1
    outer loop
      vertex -2.49899 97.6431 2.2
      vertex -1.40373 98.6074 2.2
      vertex -1.57417 98.4952 2.2
    endloop
  endfacet
  facet normal 0 0 1
    outer loop
      vertex -2.49899 97.6431 2.2
      vertex -1.57417 98.4952 2.2
      vertex -1.73648 98.3779 2.2
    endloop
  endfacet
  facet normal 0 0 1
    outer loop
      vertex 3.33189 26.9055 2.2
      vertex 1.84006 29.004 2.2
      vertex 3.11 26.92 2.2
    endloop
  endfacet
  facet normal 0 0 1
    outer loop
      vertex -2.49899 97.6431 2.2
      vertex -1.73648 98.3779 2.2
      vertex -1.88568 98.2591 2.2
    endloop
  endfacet
  facet normal 0 0 1
    outer loop
      vertex 3.76056 26.7906 2.2
      vertex 1.84006 29.004 2.2
      vertex 3.54999 26.8621 2.2
    endloop
  endfacet
  facet normal 0 0 1
    outer loop
      vertex -2.49899 97.6431 2.2
      vertex -1.88568 98.2591 2.2
      vertex -2.02531 98.1388 2.2
    endloop
  endfacet
  facet normal 0 0 1
    outer loop
      vertex -2.49899 97.6431 2.2
      vertex -2.02531 98.1388 2.2
      vertex -2.15889 98.0133 2.2
    endloop
  endfacet
  facet normal 0 0 1
    outer loop
      vertex 2.88811 26.9055 2.2
      vertex 1.84006 29.004 2.2
      vertex 2.67001 26.8621 2.2
    endloop
  endfacet
  facet normal 0 0 1
    outer loop
      vertex -2.49899 97.6431 2.2
      vertex -2.15889 98.0133 2.2
      vertex -2.28212 97.8885 2.2
    endloop
  endfacet
  facet normal 0 0 1
    outer loop
      vertex -2.49899 97.6431 2.2
      vertex -2.28212 97.8885 2.2
      vertex -2.39514 97.7648 2.2
    endloop
  endfacet
  facet normal -0 -0 1
    outer loop
      vertex 1.84006 29.004 2.2
      vertex 3.96 26.6922 2.2
      vertex 1.81854 29.0566 2.2
    endloop
  endfacet
  facet normal 0 0 1
    outer loop
      vertex 0.752869 99.26 2.2
      vertex -3.6198 94.5284 2.2
      vertex 6.21077 93.238 2.2
    endloop
  endfacet
  facet normal -0 -0 1
    outer loop
      vertex 1.81854 29.0566 2.2
      vertex 3.96 26.6922 2.2
      vertex 1.32358 30.4531 2.2
    endloop
  endfacet
  facet normal -0 -0 1
    outer loop
      vertex 0.867432 31.9249 2.2
      vertex 4.31208 26.4221 2.2
      vertex 0.445221 33.4701 2.2
    endloop
  endfacet
  facet normal 0 0 1
    outer loop
      vertex -2.6294 84.3494 2.2
      vertex 6.21077 93.238 2.2
      vertex -2.55793 84.56 2.2
    endloop
  endfacet
  facet normal -0 -0 1
    outer loop
      vertex -0.310211 36.7682 2.2
      vertex 4.4587 26.2549 2.2
      vertex -0.648148 38.5136 2.2
    endloop
  endfacet
  facet normal 0 0 1
    outer loop
      vertex 6.21077 93.238 2.2
      vertex -2.6294 84.3494 2.2
      vertex -3.64079 78.1296 2.2
    endloop
  endfacet
  facet normal 0 0 1
    outer loop
      vertex -3.66444 79.8835 2.2
      vertex -2.6294 84.3494 2.2
      vertex -2.72776 84.15 2.2
    endloop
  endfacet
  facet normal -0 -0 1
    outer loop
      vertex -0.961807 40.3171 2.2
      vertex 4.58224 26.07 2.2
      vertex -1.25261 42.1736 2.2
    endloop
  endfacet
  facet normal 0 0 1
    outer loop
      vertex -3.67614 81.0346 2.2
      vertex -2.72776 84.15 2.2
      vertex -2.8513 83.9651 2.2
    endloop
  endfacet
  facet normal -0 -0 1
    outer loop
      vertex -1.9994 48.0085 2.2
      vertex 4.58224 26.07 2.2
      vertex -2.2097 50.0233 2.2
    endloop
  endfacet
  facet normal 0 0 1
    outer loop
      vertex -3.67614 81.0346 2.2
      vertex -2.8513 83.9651 2.2
      vertex -2.99792 83.7979 2.2
    endloop
  endfacet
  facet normal 0 0 1
    outer loop
      vertex 6.21077 93.238 2.2
      vertex -3.01093 60.3571 2.2
      vertex -2.88147 58.2757 2.2
    endloop
  endfacet
  facet normal 0 0 1
    outer loop
      vertex 6.21077 93.238 2.2
      vertex -3.1266 62.4336 2.2
      vertex -3.01093 60.3571 2.2
    endloop
  endfacet
  facet normal 0 0 1
    outer loop
      vertex -3.67614 81.0346 2.2
      vertex -2.99792 83.7979 2.2
      vertex -3.1651 83.6513 2.2
    endloop
  endfacet
  facet normal 0 0 1
    outer loop
      vertex 6.21077 93.238 2.2
      vertex -3.22908 64.4992 2.2
      vertex -3.1266 62.4336 2.2
    endloop
  endfacet
  facet normal 0 0 1
    outer loop
      vertex 6.21077 93.238 2.2
      vertex -3.31924 66.5475 2.2
      vertex -3.22908 64.4992 2.2
    endloop
  endfacet
  facet normal 0 0 1
    outer loop
      vertex -3.67614 81.0346 2.2
      vertex -3.1651 83.6513 2.2
      vertex -3.35 83.5278 2.2
    endloop
  endfacet
  facet normal 0 0 1
    outer loop
      vertex 6.21077 93.238 2.2
      vertex -3.3978 68.5727 2.2
      vertex -3.31924 66.5475 2.2
    endloop
  endfacet
  facet normal 0 0 1
    outer loop
      vertex 6.21077 93.238 2.2
      vertex -3.46529 70.5682 2.2
      vertex -3.3978 68.5727 2.2
    endloop
  endfacet
  facet normal 0 0 1
    outer loop
      vertex 6.21077 93.238 2.2
      vertex -3.52264 72.5277 2.2
      vertex -3.46529 70.5682 2.2
    endloop
  endfacet
  facet normal 0 0 1
    outer loop
      vertex -3.67614 81.0346 2.2
      vertex -3.35 83.5278 2.2
      vertex -3.54944 83.4294 2.2
    endloop
  endfacet
  facet normal 0 0 1
    outer loop
      vertex 6.21077 93.238 2.2
      vertex -3.57065 74.4453 2.2
      vertex -3.52264 72.5277 2.2
    endloop
  endfacet
  facet normal 0 0 1
    outer loop
      vertex 6.21077 93.238 2.2
      vertex -3.60974 76.3148 2.2
      vertex -3.57065 74.4453 2.2
    endloop
  endfacet
  facet normal 0 0 1
    outer loop
      vertex 6.21077 93.238 2.2
      vertex -3.64079 78.1296 2.2
      vertex -3.60974 76.3148 2.2
    endloop
  endfacet
  facet normal 0 0 1
    outer loop
      vertex -2.6294 84.3494 2.2
      vertex -3.66444 79.8835 2.2
      vertex -3.64079 78.1296 2.2
    endloop
  endfacet
  facet normal 0 0 1
    outer loop
      vertex -2.72776 84.15 2.2
      vertex -3.67614 81.0346 2.2
      vertex -3.66444 79.8835 2.2
    endloop
  endfacet
  facet normal -0 0 1
    outer loop
      vertex -3.76001 83.3579 2.2
      vertex -3.67614 81.0346 2.2
      vertex -3.54944 83.4294 2.2
    endloop
  endfacet
  facet normal -0 0 1
    outer loop
      vertex -3.9781 83.3145 2.2
      vertex -3.67614 81.0346 2.2
      vertex -3.76001 83.3579 2.2
    endloop
  endfacet
  facet normal 0 0 1
    outer loop
      vertex -3.67614 81.0346 2.2
      vertex -3.9781 83.3145 2.2
      vertex -3.67789 81.0342 2.2
    endloop
  endfacet
  facet normal -0 0 1
    outer loop
      vertex -4.2 83.3 2.2
      vertex -3.67789 81.0342 2.2
      vertex -3.9781 83.3145 2.2
    endloop
  endfacet
  facet normal 0 0 1
    outer loop
      vertex -4.2 83.3 2.2
      vertex -4.2 81 2.2
      vertex -3.67789 81.0342 2.2
    endloop
  endfacet
  facet normal 0 0 1
    outer loop
      vertex -4.42189 83.3145 2.2
      vertex -4.2 81 2.2
      vertex -4.2 83.3 2.2
    endloop
  endfacet
  facet normal 0 0 1
    outer loop
      vertex -4.7221 81.0342 2.2
      vertex -4.42189 83.3145 2.2
      vertex -4.63999 83.3579 2.2
    endloop
  endfacet
  facet normal 0 0 1
    outer loop
      vertex -4.42189 83.3145 2.2
      vertex -4.7221 81.0342 2.2
      vertex -4.2 81 2.2
    endloop
  endfacet
  facet normal 0 0 1
    outer loop
      vertex -5.23528 81.1363 2.2
      vertex -4.63999 83.3579 2.2
      vertex -4.85056 83.4294 2.2
    endloop
  endfacet
  facet normal 0 0 1
    outer loop
      vertex -5.73073 81.3045 2.2
      vertex -4.85056 83.4294 2.2
      vertex -5.05 83.5278 2.2
    endloop
  endfacet
  facet normal 0 0 1
    outer loop
      vertex -6.2 81.5359 2.2
      vertex -5.05 83.5278 2.2
      vertex -5.23489 83.6513 2.2
    endloop
  endfacet
  facet normal 0 0 1
    outer loop
      vertex -4.63999 83.3579 2.2
      vertex -5.23528 81.1363 2.2
      vertex -4.7221 81.0342 2.2
    endloop
  endfacet
  facet normal 0 0 1
    outer loop
      vertex -6.63505 81.8266 2.2
      vertex -5.23489 83.6513 2.2
      vertex -5.40208 83.7979 2.2
    endloop
  endfacet
  facet normal 0 0 1
    outer loop
      vertex -7.02843 82.1716 2.2
      vertex -5.40208 83.7979 2.2
      vertex -5.5487 83.9651 2.2
    endloop
  endfacet
  facet normal 0 0 1
    outer loop
      vertex -7.37341 82.565 2.2
      vertex -5.5487 83.9651 2.2
      vertex -5.67224 84.15 2.2
    endloop
  endfacet
  facet normal 0 0 1
    outer loop
      vertex -4.85056 83.4294 2.2
      vertex -5.73073 81.3045 2.2
      vertex -5.23528 81.1363 2.2
    endloop
  endfacet
  facet normal 0 0 1
    outer loop
      vertex -7.6641 83 2.2
      vertex -5.67224 84.15 2.2
      vertex -5.77059 84.3494 2.2
    endloop
  endfacet
  facet normal 0 0 1
    outer loop
      vertex -7.89552 83.4693 2.2
      vertex -5.77059 84.3494 2.2
      vertex -5.84207 84.56 2.2
    endloop
  endfacet
  facet normal 0 0 1
    outer loop
      vertex -8.0637 83.9647 2.2
      vertex -5.84207 84.56 2.2
      vertex -5.88546 84.7781 2.2
    endloop
  endfacet
  facet normal 0 0 1
    outer loop
      vertex -8.16578 84.4779 2.2
      vertex -5.88546 84.7781 2.2
      vertex -5.9 85 2.2
    endloop
  endfacet
  facet normal 0 0 1
    outer loop
      vertex -5.67224 85.85 2.2
      vertex -7.6641 87 2.2
      vertex -5.77059 85.6506 2.2
    endloop
  endfacet
  facet normal 0 0 1
    outer loop
      vertex -5.05 83.5278 2.2
      vertex -6.2 81.5359 2.2
      vertex -5.73073 81.3045 2.2
    endloop
  endfacet
  facet normal -0 0 1
    outer loop
      vertex -7.89552 86.5307 2.2
      vertex -5.77059 85.6506 2.2
      vertex -7.6641 87 2.2
    endloop
  endfacet
  facet normal 0 0 1
    outer loop
      vertex -5.23489 83.6513 2.2
      vertex -6.63505 81.8266 2.2
      vertex -6.2 81.5359 2.2
    endloop
  endfacet
  facet normal 0 0 1
    outer loop
      vertex -5.77059 85.6506 2.2
      vertex -7.89552 86.5307 2.2
      vertex -5.84207 85.44 2.2
    endloop
  endfacet
  facet normal 0 0 1
    outer loop
      vertex -5.40208 83.7979 2.2
      vertex -7.02843 82.1716 2.2
      vertex -6.63505 81.8266 2.2
    endloop
  endfacet
  facet normal -0 0 1
    outer loop
      vertex -8.0637 86.0353 2.2
      vertex -5.84207 85.44 2.2
      vertex -7.89552 86.5307 2.2
    endloop
  endfacet
  facet normal 0 0 1
    outer loop
      vertex -5.5487 83.9651 2.2
      vertex -7.37341 82.565 2.2
      vertex -7.02843 82.1716 2.2
    endloop
  endfacet
  facet normal 0 0 1
    outer loop
      vertex -5.84207 85.44 2.2
      vertex -8.0637 86.0353 2.2
      vertex -5.88546 85.2219 2.2
    endloop
  endfacet
  facet normal 0 0 1
    outer loop
      vertex -5.67224 84.15 2.2
      vertex -7.6641 83 2.2
      vertex -7.37341 82.565 2.2
    endloop
  endfacet
  facet normal -0 0 1
    outer loop
      vertex -8.16578 85.5221 2.2
      vertex -5.88546 85.2219 2.2
      vertex -8.0637 86.0353 2.2
    endloop
  endfacet
  facet normal 0 0 1
    outer loop
      vertex -5.77059 84.3494 2.2
      vertex -7.89552 83.4693 2.2
      vertex -7.6641 83 2.2
    endloop
  endfacet
  facet normal 0 0 1
    outer loop
      vertex -5.88546 85.2219 2.2
      vertex -8.16578 85.5221 2.2
      vertex -5.9 85 2.2
    endloop
  endfacet
  facet normal 0 0 1
    outer loop
      vertex -5.84207 84.56 2.2
      vertex -8.0637 83.9647 2.2
      vertex -7.89552 83.4693 2.2
    endloop
  endfacet
  facet normal 0 0 1
    outer loop
      vertex -8.2 85 2.2
      vertex -5.9 85 2.2
      vertex -8.16578 85.5221 2.2
    endloop
  endfacet
  facet normal 0 0 1
    outer loop
      vertex -5.88546 84.7781 2.2
      vertex -8.16578 84.4779 2.2
      vertex -8.0637 83.9647 2.2
    endloop
  endfacet
  facet normal 0 0 1
    outer loop
      vertex -5.9 85 2.2
      vertex -8.2 85 2.2
      vertex -8.16578 84.4779 2.2
    endloop
  endfacet
  facet normal 0 0 1
    outer loop
      vertex 2.26 26.6922 2.2
      vertex 1.11 28.6841 2.2
      vertex 2.0751 26.5687 2.2
    endloop
  endfacet
  facet normal -0 0 1
    outer loop
      vertex 0.674953 28.3934 2.2
      vertex 2.0751 26.5687 2.2
      vertex 1.11 28.6841 2.2
    endloop
  endfacet
  facet normal 0 0 1
    outer loop
      vertex 2.0751 26.5687 2.2
      vertex 0.674953 28.3934 2.2
      vertex 1.90792 26.4221 2.2
    endloop
  endfacet
  facet normal -0 0 1
    outer loop
      vertex 0.281572 28.0484 2.2
      vertex 1.90792 26.4221 2.2
      vertex 0.674953 28.3934 2.2
    endloop
  endfacet
  facet normal 0 0 1
    outer loop
      vertex 1.90792 26.4221 2.2
      vertex 0.281572 28.0484 2.2
      vertex 1.7613 26.2549 2.2
    endloop
  endfacet
  facet normal -0 0 1
    outer loop
      vertex -0.0634127 27.655 2.2
      vertex 1.7613 26.2549 2.2
      vertex 0.281572 28.0484 2.2
    endloop
  endfacet
  facet normal 0 0 1
    outer loop
      vertex 1.7613 26.2549 2.2
      vertex -0.0634127 27.655 2.2
      vertex 1.63776 26.07 2.2
    endloop
  endfacet
  facet normal -0 0 1
    outer loop
      vertex -0.354101 27.22 2.2
      vertex 1.63776 26.07 2.2
      vertex -0.0634127 27.655 2.2
    endloop
  endfacet
  facet normal -0 0 1
    outer loop
      vertex 14.9145 131.431 2.2
      vertex 17.0394 130.551 2.2
      vertex 15.1459 131.9 2.2
    endloop
  endfacet
  facet normal 0 0 1
    outer loop
      vertex 17.0394 130.551 2.2
      vertex 14.9145 131.431 2.2
      vertex 16.9679 130.34 2.2
    endloop
  endfacet
  facet normal 0 -0 1
    outer loop
      vertex 16.175 126.727 2.2
      vertex 16.91 129.9 2.2
      vertex 15.7816 127.072 2.2
    endloop
  endfacet
  facet normal 0 0 1
    outer loop
      vertex 16.91 129.9 2.2
      vertex 16.175 126.727 2.2
      vertex 16.2756 126.659 2.2
    endloop
  endfacet
  facet normal -0 0 1
    outer loop
      vertex 14.7463 130.935 2.2
      vertex 16.9679 130.34 2.2
      vertex 14.9145 131.431 2.2
    endloop
  endfacet
  facet normal 0 0 1
    outer loop
      vertex 16.91 129.9 2.2
      vertex 15.4366 127.465 2.2
      vertex 15.7816 127.072 2.2
    endloop
  endfacet
  facet normal 0 0 1
    outer loop
      vertex 16.9679 130.34 2.2
      vertex 14.7463 130.935 2.2
      vertex 16.9245 130.122 2.2
    endloop
  endfacet
  facet normal 0 0 1
    outer loop
      vertex 16.91 129.9 2.2
      vertex 15.1459 127.9 2.2
      vertex 15.4366 127.465 2.2
    endloop
  endfacet
  facet normal -0 0 1
    outer loop
      vertex 14.6442 130.422 2.2
      vertex 16.9245 130.122 2.2
      vertex 14.7463 130.935 2.2
    endloop
  endfacet
  facet normal 0 0 1
    outer loop
      vertex 16.91 129.9 2.2
      vertex 14.9145 128.369 2.2
      vertex 15.1459 127.9 2.2
    endloop
  endfacet
  facet normal 0 0 1
    outer loop
      vertex 16.9245 130.122 2.2
      vertex 14.6442 130.422 2.2
      vertex 16.91 129.9 2.2
    endloop
  endfacet
  facet normal 0 0 1
    outer loop
      vertex 16.91 129.9 2.2
      vertex 14.7463 128.865 2.2
      vertex 14.9145 128.369 2.2
    endloop
  endfacet
  facet normal 0 0 1
    outer loop
      vertex 14.61 129.9 2.2
      vertex 16.91 129.9 2.2
      vertex 14.6442 130.422 2.2
    endloop
  endfacet
  facet normal 0 0 1
    outer loop
      vertex 16.91 129.9 2.2
      vertex 14.6442 129.378 2.2
      vertex 14.7463 128.865 2.2
    endloop
  endfacet
  facet normal 0 0 1
    outer loop
      vertex 16.91 129.9 2.2
      vertex 14.61 129.9 2.2
      vertex 14.6442 129.378 2.2
    endloop
  endfacet
  facet normal 0 0 1
    outer loop
      vertex 22.0741 131.9 2.2
      vertex 20.2955 130.122 2.2
      vertex 20.31 129.9 2.2
    endloop
  endfacet
  facet normal 0 0 1
    outer loop
      vertex 21.045 133.073 2.2
      vertex 20.2521 130.34 2.2
      vertex 20.2955 130.122 2.2
    endloop
  endfacet
  facet normal 0 0 1
    outer loop
      vertex 21.045 133.073 2.2
      vertex 20.1806 130.551 2.2
      vertex 20.2521 130.34 2.2
    endloop
  endfacet
  facet normal 0 0 1
    outer loop
      vertex 19.46 131.372 2.2
      vertex 20.61 133.364 2.2
      vertex 20.1407 133.596 2.2
    endloop
  endfacet
  facet normal 0 0 1
    outer loop
      vertex 21.045 133.073 2.2
      vertex 20.0822 130.75 2.2
      vertex 20.1806 130.551 2.2
    endloop
  endfacet
  facet normal 0 0 1
    outer loop
      vertex 21.045 133.073 2.2
      vertex 19.9587 130.935 2.2
      vertex 20.0822 130.75 2.2
    endloop
  endfacet
  facet normal 0 0 1
    outer loop
      vertex 21.045 133.073 2.2
      vertex 19.8121 131.102 2.2
      vertex 19.9587 130.935 2.2
    endloop
  endfacet
  facet normal 0 0 1
    outer loop
      vertex 19.2606 131.471 2.2
      vertex 20.1407 133.596 2.2
      vertex 19.6453 133.764 2.2
    endloop
  endfacet
  facet normal 0 0 1
    outer loop
      vertex 21.045 133.073 2.2
      vertex 19.6449 131.249 2.2
      vertex 19.8121 131.102 2.2
    endloop
  endfacet
  facet normal 0 0 1
    outer loop
      vertex 20.61 133.364 2.2
      vertex 19.46 131.372 2.2
      vertex 19.6449 131.249 2.2
    endloop
  endfacet
  facet normal 0 0 1
    outer loop
      vertex 20.1407 133.596 2.2
      vertex 19.2606 131.471 2.2
      vertex 19.46 131.372 2.2
    endloop
  endfacet
  facet normal 0 0 1
    outer loop
      vertex 19.05 131.542 2.2
      vertex 19.6453 133.764 2.2
      vertex 19.1321 133.866 2.2
    endloop
  endfacet
  facet normal 0 0 1
    outer loop
      vertex 19.6453 133.764 2.2
      vertex 19.05 131.542 2.2
      vertex 19.2606 131.471 2.2
    endloop
  endfacet
  facet normal 0 0 1
    outer loop
      vertex 19.1321 133.866 2.2
      vertex 18.8319 131.585 2.2
      vertex 19.05 131.542 2.2
    endloop
  endfacet
  facet normal 0 0 1
    outer loop
      vertex 18.61 133.9 2.2
      vertex 18.8319 131.585 2.2
      vertex 19.1321 133.866 2.2
    endloop
  endfacet
  facet normal 0 0 1
    outer loop
      vertex 18.61 133.9 2.2
      vertex 18.61 131.6 2.2
      vertex 18.8319 131.585 2.2
    endloop
  endfacet
  facet normal 0 0 1
    outer loop
      vertex 18.61 133.9 2.2
      vertex 18.3881 131.585 2.2
      vertex 18.61 131.6 2.2
    endloop
  endfacet
  facet normal -0 0 1
    outer loop
      vertex 18.0879 133.866 2.2
      vertex 18.3881 131.585 2.2
      vertex 18.61 133.9 2.2
    endloop
  endfacet
  facet normal 0 0 1
    outer loop
      vertex 18.3881 131.585 2.2
      vertex 18.0879 133.866 2.2
      vertex 18.17 131.542 2.2
    endloop
  endfacet
  facet normal -0 0 1
    outer loop
      vertex 17.5747 133.764 2.2
      vertex 18.17 131.542 2.2
      vertex 18.0879 133.866 2.2
    endloop
  endfacet
  facet normal 0 0 1
    outer loop
      vertex 18.17 131.542 2.2
      vertex 17.5747 133.764 2.2
      vertex 17.9594 131.471 2.2
    endloop
  endfacet
  facet normal -0 0 1
    outer loop
      vertex 17.0793 133.596 2.2
      vertex 17.9594 131.471 2.2
      vertex 17.5747 133.764 2.2
    endloop
  endfacet
  facet normal 0 0 1
    outer loop
      vertex 17.9594 131.471 2.2
      vertex 17.0793 133.596 2.2
      vertex 17.76 131.372 2.2
    endloop
  endfacet
  facet normal -0 0 1
    outer loop
      vertex 16.61 133.364 2.2
      vertex 17.76 131.372 2.2
      vertex 17.0793 133.596 2.2
    endloop
  endfacet
  facet normal 0 0 1
    outer loop
      vertex 17.76 131.372 2.2
      vertex 16.61 133.364 2.2
      vertex 17.5751 131.249 2.2
    endloop
  endfacet
  facet normal -0 0 1
    outer loop
      vertex 16.175 133.073 2.2
      vertex 17.5751 131.249 2.2
      vertex 16.61 133.364 2.2
    endloop
  endfacet
  facet normal 0 0 1
    outer loop
      vertex 17.5751 131.249 2.2
      vertex 16.175 133.073 2.2
      vertex 17.4079 131.102 2.2
    endloop
  endfacet
  facet normal -0 0 1
    outer loop
      vertex 15.7816 132.728 2.2
      vertex 17.4079 131.102 2.2
      vertex 16.175 133.073 2.2
    endloop
  endfacet
  facet normal 0 0 1
    outer loop
      vertex 17.4079 131.102 2.2
      vertex 15.7816 132.728 2.2
      vertex 17.2613 130.935 2.2
    endloop
  endfacet
  facet normal -0 0 1
    outer loop
      vertex 15.4366 132.335 2.2
      vertex 17.2613 130.935 2.2
      vertex 15.7816 132.728 2.2
    endloop
  endfacet
  facet normal 0 0 1
    outer loop
      vertex 17.2613 130.935 2.2
      vertex 15.4366 132.335 2.2
      vertex 17.1378 130.75 2.2
    endloop
  endfacet
  facet normal -0 0 1
    outer loop
      vertex 15.1459 131.9 2.2
      vertex 17.1378 130.75 2.2
      vertex 15.4366 132.335 2.2
    endloop
  endfacet
  facet normal -0 0 1
    outer loop
      vertex 19.46 128.428 2.2
      vertex 23.0067 126.387 2.2
      vertex 19.6449 128.551 2.2
    endloop
  endfacet
  facet normal 0 0 1
    outer loop
      vertex 20.2955 130.122 2.2
      vertex 22.0741 131.9 2.2
      vertex 21.7834 132.335 2.2
    endloop
  endfacet
  facet normal 0 0 1
    outer loop
      vertex 20.2955 130.122 2.2
      vertex 21.7834 132.335 2.2
      vertex 21.4384 132.728 2.2
    endloop
  endfacet
  facet normal 0 0 1
    outer loop
      vertex 20.2955 130.122 2.2
      vertex 21.4384 132.728 2.2
      vertex 21.045 133.073 2.2
    endloop
  endfacet
  facet normal 0 0 1
    outer loop
      vertex 25.1184 83.6495 2.2
      vertex 20.8548 94.5192 2.2
      vertex 22.136 79.8752 2.2
    endloop
  endfacet
  facet normal 0 0 1
    outer loop
      vertex 19.6449 131.249 2.2
      vertex 21.045 133.073 2.2
      vertex 20.61 133.364 2.2
    endloop
  endfacet
  facet normal 0 0 1
    outer loop
      vertex 22.0741 131.9 2.2
      vertex 20.31 129.9 2.2
      vertex 20.2955 129.678 2.2
    endloop
  endfacet
  facet normal 0 0 1
    outer loop
      vertex 22.0741 131.9 2.2
      vertex 20.2955 129.678 2.2
      vertex 20.2521 129.46 2.2
    endloop
  endfacet
  facet normal 0 0 1
    outer loop
      vertex 22.0741 131.9 2.2
      vertex 20.2521 129.46 2.2
      vertex 20.1806 129.249 2.2
    endloop
  endfacet
  facet normal 0 0 1
    outer loop
      vertex 20.0822 129.05 2.2
      vertex 22.0741 131.9 2.2
      vertex 20.1806 129.249 2.2
    endloop
  endfacet
  facet normal 0 0 1
    outer loop
      vertex 23.0067 126.387 2.2
      vertex 19.46 128.428 2.2
      vertex 22.9925 126.257 2.2
    endloop
  endfacet
  facet normal 0 0 1
    outer loop
      vertex 22.9925 126.257 2.2
      vertex 19.46 128.428 2.2
      vertex 22.9953 126.127 2.2
    endloop
  endfacet
  facet normal -0 0 1
    outer loop
      vertex 19.2606 128.329 2.2
      vertex 22.9953 126.127 2.2
      vertex 19.46 128.428 2.2
    endloop
  endfacet
  facet normal -0 0 1
    outer loop
      vertex 19.05 128.258 2.2
      vertex 22.9953 126.127 2.2
      vertex 19.2606 128.329 2.2
    endloop
  endfacet
  facet normal 0 0 1
    outer loop
      vertex 12.1575 121.307 2.2
      vertex 22.9953 126.127 2.2
      vertex 12.8738 122.33 2.2
    endloop
  endfacet
  facet normal 0 0 1
    outer loop
      vertex 13.6192 123.352 2.2
      vertex 22.9953 126.127 2.2
      vertex 14.3943 124.37 2.2
    endloop
  endfacet
  facet normal -0 0 1
    outer loop
      vertex 18.8319 128.215 2.2
      vertex 22.9953 126.127 2.2
      vertex 19.05 128.258 2.2
    endloop
  endfacet
  facet normal 0 0 1
    outer loop
      vertex 22.9953 126.127 2.2
      vertex 18.8319 128.215 2.2
      vertex 16.2756 126.659 2.2
    endloop
  endfacet
  facet normal 0 0 1
    outer loop
      vertex 16.2756 126.659 2.2
      vertex 18.8319 128.215 2.2
      vertex 18.61 128.2 2.2
    endloop
  endfacet
  facet normal 0 0 1
    outer loop
      vertex 16.2756 126.659 2.2
      vertex 18.61 128.2 2.2
      vertex 18.3881 128.215 2.2
    endloop
  endfacet
  facet normal 0 0 1
    outer loop
      vertex 16.2756 126.659 2.2
      vertex 18.3881 128.215 2.2
      vertex 18.17 128.258 2.2
    endloop
  endfacet
  facet normal 0 0 1
    outer loop
      vertex 16.2756 126.659 2.2
      vertex 18.17 128.258 2.2
      vertex 17.9594 128.329 2.2
    endloop
  endfacet
  facet normal 0 0 1
    outer loop
      vertex 16.2756 126.659 2.2
      vertex 17.9594 128.329 2.2
      vertex 17.76 128.428 2.2
    endloop
  endfacet
  facet normal 0 0 1
    outer loop
      vertex 16.2756 126.659 2.2
      vertex 17.76 128.428 2.2
      vertex 17.5751 128.551 2.2
    endloop
  endfacet
  facet normal 0 0 1
    outer loop
      vertex 16.2756 126.659 2.2
      vertex 17.5751 128.551 2.2
      vertex 17.4079 128.698 2.2
    endloop
  endfacet
  facet normal 0 0 1
    outer loop
      vertex 16.2756 126.659 2.2
      vertex 17.4079 128.698 2.2
      vertex 17.2613 128.865 2.2
    endloop
  endfacet
  facet normal 0 0 1
    outer loop
      vertex 16.2756 126.659 2.2
      vertex 17.2613 128.865 2.2
      vertex 17.1378 129.05 2.2
    endloop
  endfacet
  facet normal 0 0 1
    outer loop
      vertex 16.2756 126.659 2.2
      vertex 17.1378 129.05 2.2
      vertex 17.0394 129.249 2.2
    endloop
  endfacet
  facet normal 0 0 1
    outer loop
      vertex 16.2756 126.659 2.2
      vertex 17.0394 129.249 2.2
      vertex 16.9679 129.46 2.2
    endloop
  endfacet
  facet normal 0 0 1
    outer loop
      vertex 16.2756 126.659 2.2
      vertex 16.9679 129.46 2.2
      vertex 16.9245 129.678 2.2
    endloop
  endfacet
  facet normal 0 0 1
    outer loop
      vertex 17.1378 130.75 2.2
      vertex 15.1459 131.9 2.2
      vertex 17.0394 130.551 2.2
    endloop
  endfacet
  facet normal 0 0 1
    outer loop
      vertex 16.91 129.9 2.2
      vertex 16.2756 126.659 2.2
      vertex 16.9245 129.678 2.2
    endloop
  endfacet
  facet normal 0 0 1
    outer loop
      vertex 22.9953 126.127 2.2
      vertex 16.2756 126.659 2.2
      vertex 16.0374 126.387 2.2
    endloop
  endfacet
  facet normal 0 0 1
    outer loop
      vertex 22.9953 126.127 2.2
      vertex 16.0374 126.387 2.2
      vertex 15.2001 125.382 2.2
    endloop
  endfacet
  facet normal 0 0 1
    outer loop
      vertex 22.9953 126.127 2.2
      vertex 15.2001 125.382 2.2
      vertex 14.3943 124.37 2.2
    endloop
  endfacet
  facet normal 0 0 1
    outer loop
      vertex 12.8738 122.33 2.2
      vertex 22.9953 126.127 2.2
      vertex 13.6192 123.352 2.2
    endloop
  endfacet
  facet normal 0 0 1
    outer loop
      vertex 22.9953 126.127 2.2
      vertex 12.1575 121.307 2.2
      vertex 24.8692 104.708 2.2
    endloop
  endfacet
  facet normal -0 0 1
    outer loop
      vertex 11.4694 120.283 2.2
      vertex 24.8692 104.708 2.2
      vertex 12.1575 121.307 2.2
    endloop
  endfacet
  facet normal -0 0 1
    outer loop
      vertex 10.8082 119.261 2.2
      vertex 24.8692 104.708 2.2
      vertex 11.4694 120.283 2.2
    endloop
  endfacet
  facet normal -0 0 1
    outer loop
      vertex 10.1732 118.242 2.2
      vertex 24.8692 104.708 2.2
      vertex 10.8082 119.261 2.2
    endloop
  endfacet
  facet normal -0 0 1
    outer loop
      vertex 9.56372 117.227 2.2
      vertex 24.8692 104.708 2.2
      vertex 10.1732 118.242 2.2
    endloop
  endfacet
  facet normal -0 0 1
    outer loop
      vertex 8.97874 116.219 2.2
      vertex 24.8692 104.708 2.2
      vertex 9.56372 117.227 2.2
    endloop
  endfacet
  facet normal -0 0 1
    outer loop
      vertex 8.4175 115.219 2.2
      vertex 24.8692 104.708 2.2
      vertex 8.97874 116.219 2.2
    endloop
  endfacet
  facet normal -0 0 1
    outer loop
      vertex 7.87917 114.23 2.2
      vertex 24.8692 104.708 2.2
      vertex 8.4175 115.219 2.2
    endloop
  endfacet
  facet normal -0 0 1
    outer loop
      vertex 7.36266 113.251 2.2
      vertex 24.8692 104.708 2.2
      vertex 7.87917 114.23 2.2
    endloop
  endfacet
  facet normal -0 0 1
    outer loop
      vertex 6.86726 112.286 2.2
      vertex 24.8692 104.708 2.2
      vertex 7.36266 113.251 2.2
    endloop
  endfacet
  facet normal -0 0 1
    outer loop
      vertex 6.39236 111.336 2.2
      vertex 24.8692 104.708 2.2
      vertex 6.86726 112.286 2.2
    endloop
  endfacet
  facet normal -0 0 1
    outer loop
      vertex 5.93687 110.403 2.2
      vertex 24.8692 104.708 2.2
      vertex 6.39236 111.336 2.2
    endloop
  endfacet
  facet normal -0 0 1
    outer loop
      vertex 5.50027 109.488 2.2
      vertex 24.8692 104.708 2.2
      vertex 5.93687 110.403 2.2
    endloop
  endfacet
  facet normal -0 0 1
    outer loop
      vertex 5.08171 108.593 2.2
      vertex 24.8692 104.708 2.2
      vertex 5.50027 109.488 2.2
    endloop
  endfacet
  facet normal 0 0 1
    outer loop
      vertex 7.67363 21.3541 2.2
      vertex 6.10294 22.3126 2.2
      vertex 6.19966 22.2231 2.2
    endloop
  endfacet
  facet normal 0 0 1
    outer loop
      vertex 7.8118 21.3087 2.2
      vertex 4.81 25.22 2.2
      vertex 7.67363 21.3541 2.2
    endloop
  endfacet
  facet normal -0 -0 1
    outer loop
      vertex 5.97831 22.4371 2.2
      vertex 6.10294 22.3126 2.2
      vertex 4.81 25.22 2.2
    endloop
  endfacet
  facet normal 0 0 1
    outer loop
      vertex 6.10294 22.3126 2.2
      vertex 5.97831 22.4371 2.2
      vertex 5.99672 22.4175 2.2
    endloop
  endfacet
  facet normal -0 0 1
    outer loop
      vertex 4.68031 107.721 2.2
      vertex 24.8692 104.708 2.2
      vertex 5.08171 108.593 2.2
    endloop
  endfacet
  facet normal 0 0 1
    outer loop
      vertex 24.8692 104.708 2.2
      vertex 4.68031 107.721 2.2
      vertex 23.8372 98.2935 2.2
    endloop
  endfacet
  facet normal -0 0 1
    outer loop
      vertex 4.79546 24.9981 2.2
      vertex 5.97831 22.4371 2.2
      vertex 4.81 25.22 2.2
    endloop
  endfacet
  facet normal 0 0 1
    outer loop
      vertex 23.8372 98.2935 2.2
      vertex 4.68031 107.721 2.2
      vertex 20.8548 94.5192 2.2
    endloop
  endfacet
  facet normal -0 0 1
    outer loop
      vertex 4.75207 24.78 2.2
      vertex 5.97831 22.4371 2.2
      vertex 4.79546 24.9981 2.2
    endloop
  endfacet
  facet normal -0 0 1
    outer loop
      vertex 4.29553 106.872 2.2
      vertex 20.8548 94.5192 2.2
      vertex 4.68031 107.721 2.2
    endloop
  endfacet
  facet normal -0 0 1
    outer loop
      vertex 4.68059 24.5694 2.2
      vertex 5.97831 22.4371 2.2
      vertex 4.75207 24.78 2.2
    endloop
  endfacet
  facet normal -0 0 1
    outer loop
      vertex 4.58224 24.37 2.2
      vertex 5.97831 22.4371 2.2
      vertex 4.68059 24.5694 2.2
    endloop
  endfacet
  facet normal -0 0 1
    outer loop
      vertex 4.4587 24.1851 2.2
      vertex 5.97831 22.4371 2.2
      vertex 4.58224 24.37 2.2
    endloop
  endfacet
  facet normal -0 0 1
    outer loop
      vertex 4.31208 24.0179 2.2
      vertex 5.97831 22.4371 2.2
      vertex 4.4587 24.1851 2.2
    endloop
  endfacet
  facet normal 0 0 1
    outer loop
      vertex 5.97831 22.4371 2.2
      vertex 4.31208 24.0179 2.2
      vertex 5.93843 22.3916 2.2
    endloop
  endfacet
  facet normal 0 0 1
    outer loop
      vertex 5.93843 22.3916 2.2
      vertex 4.31208 24.0179 2.2
      vertex 5.54504 22.0466 2.2
    endloop
  endfacet
  facet normal -0 0 1
    outer loop
      vertex 4.14489 23.8713 2.2
      vertex 5.54504 22.0466 2.2
      vertex 4.31208 24.0179 2.2
    endloop
  endfacet
  facet normal 0 0 1
    outer loop
      vertex 5.54504 22.0466 2.2
      vertex 4.14489 23.8713 2.2
      vertex 5.11 21.7559 2.2
    endloop
  endfacet
  facet normal -0 0 1
    outer loop
      vertex 3.96 23.7478 2.2
      vertex 5.11 21.7559 2.2
      vertex 4.14489 23.8713 2.2
    endloop
  endfacet
  facet normal 0 0 1
    outer loop
      vertex 5.11 21.7559 2.2
      vertex 3.96 23.7478 2.2
      vertex 4.64073 21.5245 2.2
    endloop
  endfacet
  facet normal -0 0 1
    outer loop
      vertex 3.76056 23.6494 2.2
      vertex 4.64073 21.5245 2.2
      vertex 3.96 23.7478 2.2
    endloop
  endfacet
  facet normal 0 0 1
    outer loop
      vertex 4.64073 21.5245 2.2
      vertex 3.76056 23.6494 2.2
      vertex 4.14528 21.3563 2.2
    endloop
  endfacet
  facet normal -0 0 1
    outer loop
      vertex 3.54999 23.5779 2.2
      vertex 4.14528 21.3563 2.2
      vertex 3.76056 23.6494 2.2
    endloop
  endfacet
  facet normal 0 0 1
    outer loop
      vertex 4.14528 21.3563 2.2
      vertex 3.54999 23.5779 2.2
      vertex 3.6321 21.2542 2.2
    endloop
  endfacet
  facet normal -0 0 1
    outer loop
      vertex 3.33189 23.5345 2.2
      vertex 3.6321 21.2542 2.2
      vertex 3.54999 23.5779 2.2
    endloop
  endfacet
  facet normal -0 0 1
    outer loop
      vertex 3.11 23.52 2.2
      vertex 3.6321 21.2542 2.2
      vertex 3.33189 23.5345 2.2
    endloop
  endfacet
  facet normal 0 0 1
    outer loop
      vertex 3.11 23.52 2.2
      vertex 3.11 21.22 2.2
      vertex 3.6321 21.2542 2.2
    endloop
  endfacet
  facet normal 0 0 1
    outer loop
      vertex 2.88811 23.5345 2.2
      vertex 3.11 21.22 2.2
      vertex 3.11 23.52 2.2
    endloop
  endfacet
  facet normal 0 0 1
    outer loop
      vertex 2.58789 21.2542 2.2
      vertex 2.88811 23.5345 2.2
      vertex 2.67001 23.5779 2.2
    endloop
  endfacet
  facet normal 0 0 1
    outer loop
      vertex 2.88811 23.5345 2.2
      vertex 2.58789 21.2542 2.2
      vertex 3.11 21.22 2.2
    endloop
  endfacet
  facet normal 0 0 1
    outer loop
      vertex 2.07472 21.3563 2.2
      vertex 2.67001 23.5779 2.2
      vertex 2.45944 23.6494 2.2
    endloop
  endfacet
  facet normal 0 0 1
    outer loop
      vertex 1.57927 21.5245 2.2
      vertex 2.45944 23.6494 2.2
      vertex 2.26 23.7478 2.2
    endloop
  endfacet
  facet normal 0 0 1
    outer loop
      vertex 1.11 21.7559 2.2
      vertex 2.26 23.7478 2.2
      vertex 2.0751 23.8713 2.2
    endloop
  endfacet
  facet normal 0 0 1
    outer loop
      vertex 2.67001 23.5779 2.2
      vertex 2.07472 21.3563 2.2
      vertex 2.58789 21.2542 2.2
    endloop
  endfacet
  facet normal 0 0 1
    outer loop
      vertex 0.674953 22.0466 2.2
      vertex 2.0751 23.8713 2.2
      vertex 1.90792 24.0179 2.2
    endloop
  endfacet
  facet normal 0 0 1
    outer loop
      vertex 0.281572 22.3916 2.2
      vertex 1.90792 24.0179 2.2
      vertex 1.7613 24.1851 2.2
    endloop
  endfacet
  facet normal 0 0 1
    outer loop
      vertex -0.0634127 22.785 2.2
      vertex 1.7613 24.1851 2.2
      vertex 1.63776 24.37 2.2
    endloop
  endfacet
  facet normal 0 0 1
    outer loop
      vertex 2.45944 23.6494 2.2
      vertex 1.57927 21.5245 2.2
      vertex 2.07472 21.3563 2.2
    endloop
  endfacet
  facet normal 0 0 1
    outer loop
      vertex -0.354101 23.22 2.2
      vertex 1.63776 24.37 2.2
      vertex 1.5394 24.5694 2.2
    endloop
  endfacet
  facet normal 0 0 1
    outer loop
      vertex -0.585518 23.6893 2.2
      vertex 1.5394 24.5694 2.2
      vertex 1.46793 24.78 2.2
    endloop
  endfacet
  facet normal 0 0 1
    outer loop
      vertex -0.753703 24.1847 2.2
      vertex 1.46793 24.78 2.2
      vertex 1.42454 24.9981 2.2
    endloop
  endfacet
  facet normal 0 0 1
    outer loop
      vertex -0.855779 24.6979 2.2
      vertex 1.42454 24.9981 2.2
      vertex 1.41 25.22 2.2
    endloop
  endfacet
  facet normal 0 0 1
    outer loop
      vertex 1.63776 26.07 2.2
      vertex -0.354101 27.22 2.2
      vertex 1.5394 25.8706 2.2
    endloop
  endfacet
  facet normal 0 0 1
    outer loop
      vertex 2.26 23.7478 2.2
      vertex 1.11 21.7559 2.2
      vertex 1.57927 21.5245 2.2
    endloop
  endfacet
  facet normal -0 0 1
    outer loop
      vertex -0.585518 26.7507 2.2
      vertex 1.5394 25.8706 2.2
      vertex -0.354101 27.22 2.2
    endloop
  endfacet
  facet normal 0 0 1
    outer loop
      vertex 2.0751 23.8713 2.2
      vertex 0.674953 22.0466 2.2
      vertex 1.11 21.7559 2.2
    endloop
  endfacet
  facet normal 0 0 1
    outer loop
      vertex 1.5394 25.8706 2.2
      vertex -0.585518 26.7507 2.2
      vertex 1.46793 25.66 2.2
    endloop
  endfacet
  facet normal 0 0 1
    outer loop
      vertex 1.90792 24.0179 2.2
      vertex 0.281572 22.3916 2.2
      vertex 0.674953 22.0466 2.2
    endloop
  endfacet
  facet normal -0 0 1
    outer loop
      vertex -0.753703 26.2553 2.2
      vertex 1.46793 25.66 2.2
      vertex -0.585518 26.7507 2.2
    endloop
  endfacet
  facet normal 0 0 1
    outer loop
      vertex 1.7613 24.1851 2.2
      vertex -0.0634127 22.785 2.2
      vertex 0.281572 22.3916 2.2
    endloop
  endfacet
  facet normal 0 0 1
    outer loop
      vertex 1.46793 25.66 2.2
      vertex -0.753703 26.2553 2.2
      vertex 1.42454 25.4419 2.2
    endloop
  endfacet
  facet normal 0 0 1
    outer loop
      vertex 1.63776 24.37 2.2
      vertex -0.354101 23.22 2.2
      vertex -0.0634127 22.785 2.2
    endloop
  endfacet
  facet normal -0 0 1
    outer loop
      vertex -0.855779 25.7421 2.2
      vertex 1.42454 25.4419 2.2
      vertex -0.753703 26.2553 2.2
    endloop
  endfacet
  facet normal 0 0 1
    outer loop
      vertex 1.5394 24.5694 2.2
      vertex -0.585518 23.6893 2.2
      vertex -0.354101 23.22 2.2
    endloop
  endfacet
  facet normal 0 0 1
    outer loop
      vertex 1.42454 25.4419 2.2
      vertex -0.855779 25.7421 2.2
      vertex 1.41 25.22 2.2
    endloop
  endfacet
  facet normal 0 0 1
    outer loop
      vertex 1.46793 24.78 2.2
      vertex -0.753703 24.1847 2.2
      vertex -0.585518 23.6893 2.2
    endloop
  endfacet
  facet normal 0 0 1
    outer loop
      vertex -0.889999 25.22 2.2
      vertex 1.41 25.22 2.2
      vertex -0.855779 25.7421 2.2
    endloop
  endfacet
  facet normal 0 0 1
    outer loop
      vertex 1.42454 24.9981 2.2
      vertex -0.855779 24.6979 2.2
      vertex -0.753703 24.1847 2.2
    endloop
  endfacet
  facet normal 0 0 1
    outer loop
      vertex 1.41 25.22 2.2
      vertex -0.889999 25.22 2.2
      vertex -0.855779 24.6979 2.2
    endloop
  endfacet
  facet normal -0 0 1
    outer loop
      vertex 42.5705 105.547 2.2
      vertex 43.8361 103.778 2.2
      vertex 42.6479 105.653 2.2
    endloop
  endfacet
  facet normal -0 0 1
    outer loop
      vertex 42.4801 105.453 2.2
      vertex 43.8361 103.778 2.2
      vertex 42.5705 105.547 2.2
    endloop
  endfacet
  facet normal -0 0 1
    outer loop
      vertex 42.3781 105.371 2.2
      vertex 43.8361 103.778 2.2
      vertex 42.4801 105.453 2.2
    endloop
  endfacet
  facet normal -0 0 1
    outer loop
      vertex 42.2662 105.303 2.2
      vertex 43.8361 103.778 2.2
      vertex 42.3781 105.371 2.2
    endloop
  endfacet
  facet normal 0 0 1
    outer loop
      vertex 43.8361 103.778 2.2
      vertex 38.4812 99.5747 2.2
      vertex 44.6054 89.0986 2.2
    endloop
  endfacet
  facet normal -0 0 1
    outer loop
      vertex 42.1465 105.25 2.2
      vertex 43.8361 103.778 2.2
      vertex 42.2662 105.303 2.2
    endloop
  endfacet
  facet normal -0 0 1
    outer loop
      vertex 42.0209 105.214 2.2
      vertex 43.8361 103.778 2.2
      vertex 42.1465 105.25 2.2
    endloop
  endfacet
  facet normal -0 0 1
    outer loop
      vertex 41.8916 105.194 2.2
      vertex 43.8361 103.778 2.2
      vertex 42.0209 105.214 2.2
    endloop
  endfacet
  facet normal 0 0 1
    outer loop
      vertex 43.8361 103.778 2.2
      vertex 41.8916 105.194 2.2
      vertex 38.4812 99.5747 2.2
    endloop
  endfacet
  facet normal 0 0 1
    outer loop
      vertex 44.6054 89.0986 2.2
      vertex 41.4445 65.7041 2.2
      vertex 42.7257 51.0601 2.2
    endloop
  endfacet
  facet normal 0 0 1
    outer loop
      vertex 44.6054 89.0986 2.2
      vertex 41.2441 67.9954 2.2
      vertex 41.4445 65.7041 2.2
    endloop
  endfacet
  facet normal 0 0 1
    outer loop
      vertex 44.6054 89.0986 2.2
      vertex 39.9629 82.6394 2.2
      vertex 41.2441 67.9954 2.2
    endloop
  endfacet
  facet normal 0 0 1
    outer loop
      vertex 44.6054 89.0986 2.2
      vertex 39.7624 84.9307 2.2
      vertex 39.9629 82.6394 2.2
    endloop
  endfacet
  facet normal 0 0 1
    outer loop
      vertex 44.6054 89.0986 2.2
      vertex 38.4812 99.5747 2.2
      vertex 39.7624 84.9307 2.2
    endloop
  endfacet
  facet normal -0 0 1
    outer loop
      vertex 25.9525 103.799 2.2
      vertex 38.4812 99.5747 2.2
      vertex 41.8916 105.194 2.2
    endloop
  endfacet
  facet normal 0 0 1
    outer loop
      vertex 23.8372 98.2935 2.2
      vertex 25.9525 103.799 2.2
      vertex 25.8217 103.797 2.2
    endloop
  endfacet
  facet normal 0 0 1
    outer loop
      vertex 23.8372 98.2935 2.2
      vertex 25.8217 103.797 2.2
      vertex 25.6917 103.811 2.2
    endloop
  endfacet
  facet normal 0 0 1
    outer loop
      vertex 23.8372 98.2935 2.2
      vertex 25.6917 103.811 2.2
      vertex 25.5647 103.842 2.2
    endloop
  endfacet
  facet normal 0 0 1
    outer loop
      vertex 25.9525 103.799 2.2
      vertex 23.8372 98.2935 2.2
      vertex 38.4812 99.5747 2.2
    endloop
  endfacet
  facet normal 0 0 1
    outer loop
      vertex 25.4427 103.889 2.2
      vertex 23.8372 98.2935 2.2
      vertex 25.5647 103.842 2.2
    endloop
  endfacet
  facet normal 0 0 1
    outer loop
      vertex 25.328 103.952 2.2
      vertex 23.8372 98.2935 2.2
      vertex 25.4427 103.889 2.2
    endloop
  endfacet
  facet normal 0 0 1
    outer loop
      vertex 25.2226 104.03 2.2
      vertex 23.8372 98.2935 2.2
      vertex 25.328 103.952 2.2
    endloop
  endfacet
  facet normal 0 0 1
    outer loop
      vertex 25.1281 104.12 2.2
      vertex 23.8372 98.2935 2.2
      vertex 25.2226 104.03 2.2
    endloop
  endfacet
  facet normal 0 0 1
    outer loop
      vertex 25.0462 104.222 2.2
      vertex 23.8372 98.2935 2.2
      vertex 25.1281 104.12 2.2
    endloop
  endfacet
  facet normal 0 0 1
    outer loop
      vertex 24.9783 104.334 2.2
      vertex 23.8372 98.2935 2.2
      vertex 25.0462 104.222 2.2
    endloop
  endfacet
  facet normal 0 0 1
    outer loop
      vertex 24.9257 104.454 2.2
      vertex 23.8372 98.2935 2.2
      vertex 24.9783 104.334 2.2
    endloop
  endfacet
  facet normal 0 0 1
    outer loop
      vertex 24.8891 104.579 2.2
      vertex 23.8372 98.2935 2.2
      vertex 24.9257 104.454 2.2
    endloop
  endfacet
  facet normal 0 0 1
    outer loop
      vertex 24.8692 104.708 2.2
      vertex 23.8372 98.2935 2.2
      vertex 24.8891 104.579 2.2
    endloop
  endfacet
  facet normal 0 0 1
    outer loop
      vertex 25.3189 81.3582 2.2
      vertex 23.6176 62.9399 2.2
      vertex 23.8181 60.6486 2.2
    endloop
  endfacet
  facet normal 0 0 1
    outer loop
      vertex 23.0378 126.515 2.2
      vertex 19.6449 128.551 2.2
      vertex 23.0067 126.387 2.2
    endloop
  endfacet
  facet normal 0 0 1
    outer loop
      vertex 23.0852 126.636 2.2
      vertex 19.8121 128.698 2.2
      vertex 23.0378 126.515 2.2
    endloop
  endfacet
  facet normal 0 0 1
    outer loop
      vertex 22.3055 131.431 2.2
      vertex 20.0822 129.05 2.2
      vertex 22.341 131.326 2.2
    endloop
  endfacet
  facet normal 0 0 1
    outer loop
      vertex 20.0822 129.05 2.2
      vertex 22.3055 131.431 2.2
      vertex 22.0741 131.9 2.2
    endloop
  endfacet
  facet normal 0 0 1
    outer loop
      vertex 25.3189 81.3582 2.2
      vertex 22.3364 77.5839 2.2
      vertex 23.6176 62.9399 2.2
    endloop
  endfacet
  facet normal -0 0 1
    outer loop
      vertex 19.6449 128.551 2.2
      vertex 23.0378 126.515 2.2
      vertex 19.8121 128.698 2.2
    endloop
  endfacet
  facet normal 0 0 1
    outer loop
      vertex 25.3189 81.3582 2.2
      vertex 22.136 79.8752 2.2
      vertex 22.3364 77.5839 2.2
    endloop
  endfacet
  facet normal 0 0 1
    outer loop
      vertex 22.136 79.8752 2.2
      vertex 7.69237 76.3027 2.2
      vertex 22.3364 77.5839 2.2
    endloop
  endfacet
  facet normal 0 0 1
    outer loop
      vertex 7.94827 21.2694 2.2
      vertex 4.81 25.22 2.2
      vertex 7.8118 21.3087 2.2
    endloop
  endfacet
  facet normal -0 0 1
    outer loop
      vertex 7.49196 78.594 2.2
      vertex 7.69237 76.3027 2.2
      vertex 22.136 79.8752 2.2
    endloop
  endfacet
  facet normal 0 0 1
    outer loop
      vertex 4.79546 25.4419 2.2
      vertex 7.69237 76.3027 2.2
      vertex 7.49196 78.594 2.2
    endloop
  endfacet
  facet normal 0 0 1
    outer loop
      vertex 7.67363 21.3541 2.2
      vertex 6.19966 22.2231 2.2
      vertex 7.54248 21.4017 2.2
    endloop
  endfacet
  facet normal 0 0 1
    outer loop
      vertex 7.54248 21.4017 2.2
      vertex 6.19966 22.2231 2.2
      vertex 7.4055 21.4567 2.2
    endloop
  endfacet
  facet normal 0 0 1
    outer loop
      vertex 7.4055 21.4567 2.2
      vertex 6.19966 22.2231 2.2
      vertex 7.27078 21.5164 2.2
    endloop
  endfacet
  facet normal 0 0 1
    outer loop
      vertex 7.27078 21.5164 2.2
      vertex 6.19966 22.2231 2.2
      vertex 7.14963 21.575 2.2
    endloop
  endfacet
  facet normal 0 0 1
    outer loop
      vertex 7.14963 21.575 2.2
      vertex 6.19966 22.2231 2.2
      vertex 7.02203 21.6412 2.2
    endloop
  endfacet
  facet normal 0 0 1
    outer loop
      vertex 7.02203 21.6412 2.2
      vertex 6.19966 22.2231 2.2
      vertex 6.8938 21.7142 2.2
    endloop
  endfacet
  facet normal 0 0 1
    outer loop
      vertex 6.8938 21.7142 2.2
      vertex 6.19966 22.2231 2.2
      vertex 6.76884 21.7904 2.2
    endloop
  endfacet
  facet normal 0 0 1
    outer loop
      vertex 6.76884 21.7904 2.2
      vertex 6.19966 22.2231 2.2
      vertex 6.65167 21.8681 2.2
    endloop
  endfacet
  facet normal 0 0 1
    outer loop
      vertex 6.65167 21.8681 2.2
      vertex 6.19966 22.2231 2.2
      vertex 6.53976 21.9468 2.2
    endloop
  endfacet
  facet normal 0 0 1
    outer loop
      vertex 6.53976 21.9468 2.2
      vertex 6.19966 22.2231 2.2
      vertex 6.42448 22.0341 2.2
    endloop
  endfacet
  facet normal 0 0 1
    outer loop
      vertex 4.79546 25.4419 2.2
      vertex 7.49196 78.594 2.2
      vertex 6.21077 93.238 2.2
    endloop
  endfacet
  facet normal 0 0 1
    outer loop
      vertex 6.42448 22.0341 2.2
      vertex 6.19966 22.2231 2.2
      vertex 6.30775 22.1285 2.2
    endloop
  endfacet
  facet normal 0 0 1
    outer loop
      vertex 43.8361 103.778 2.2
      vertex 42.8007 106.277 2.2
      vertex 42.8035 106.147 2.2
    endloop
  endfacet
  facet normal 0 0 1
    outer loop
      vertex 40.9268 127.695 2.2
      vertex 42.8487 131.925 2.2
      vertex 42.7021 131.758 2.2
    endloop
  endfacet
  facet normal 0 0 1
    outer loop
      vertex 40.9268 127.695 2.2
      vertex 42.7021 131.758 2.2
      vertex 42.5349 131.611 2.2
    endloop
  endfacet
  facet normal 0 0 1
    outer loop
      vertex 40.9069 127.825 2.2
      vertex 42.5349 131.611 2.2
      vertex 42.35 131.488 2.2
    endloop
  endfacet
  facet normal 0 0 1
    outer loop
      vertex 40.8703 127.95 2.2
      vertex 42.35 131.488 2.2
      vertex 42.1506 131.389 2.2
    endloop
  endfacet
  facet normal 0 0 1
    outer loop
      vertex 40.8176 128.07 2.2
      vertex 42.1506 131.389 2.2
      vertex 41.94 131.318 2.2
    endloop
  endfacet
  facet normal 0 0 1
    outer loop
      vertex 40.7498 128.182 2.2
      vertex 41.94 131.318 2.2
      vertex 41.7219 131.275 2.2
    endloop
  endfacet
  facet normal 0 0 1
    outer loop
      vertex 40.5734 128.374 2.2
      vertex 41.7219 131.275 2.2
      vertex 41.5 131.26 2.2
    endloop
  endfacet
  facet normal 0 0 1
    outer loop
      vertex 40.4679 128.452 2.2
      vertex 41.5 131.26 2.2
      vertex 41.2781 131.275 2.2
    endloop
  endfacet
  facet normal 0 0 1
    outer loop
      vertex 40.3532 128.515 2.2
      vertex 41.2781 131.275 2.2
      vertex 41.06 131.318 2.2
    endloop
  endfacet
  facet normal 0 0 1
    outer loop
      vertex 50.6106 119.726 2.2
      vertex 40.9268 127.695 2.2
      vertex 42.8007 106.277 2.2
    endloop
  endfacet
  facet normal 0 0 1
    outer loop
      vertex 42.5349 131.611 2.2
      vertex 40.9069 127.825 2.2
      vertex 40.9268 127.695 2.2
    endloop
  endfacet
  facet normal 0 0 1
    outer loop
      vertex 42.35 131.488 2.2
      vertex 40.8703 127.95 2.2
      vertex 40.9069 127.825 2.2
    endloop
  endfacet
  facet normal 0 0 1
    outer loop
      vertex 40.1043 128.593 2.2
      vertex 41.06 131.318 2.2
      vertex 40.8494 131.389 2.2
    endloop
  endfacet
  facet normal 0 0 1
    outer loop
      vertex 42.1506 131.389 2.2
      vertex 40.8176 128.07 2.2
      vertex 40.8703 127.95 2.2
    endloop
  endfacet
  facet normal 0 0 1
    outer loop
      vertex 41.94 131.318 2.2
      vertex 40.7498 128.182 2.2
      vertex 40.8176 128.07 2.2
    endloop
  endfacet
  facet normal 0 0 1
    outer loop
      vertex 41.7219 131.275 2.2
      vertex 40.6679 128.284 2.2
      vertex 40.7498 128.182 2.2
    endloop
  endfacet
  facet normal 0 0 1
    outer loop
      vertex 39.9742 128.607 2.2
      vertex 40.8494 131.389 2.2
      vertex 40.65 131.488 2.2
    endloop
  endfacet
  facet normal 0 0 1
    outer loop
      vertex 41.7219 131.275 2.2
      vertex 40.5734 128.374 2.2
      vertex 40.6679 128.284 2.2
    endloop
  endfacet
  facet normal 0 0 1
    outer loop
      vertex 41.5 131.26 2.2
      vertex 40.4679 128.452 2.2
      vertex 40.5734 128.374 2.2
    endloop
  endfacet
  facet normal 0 0 1
    outer loop
      vertex 39.8435 128.605 2.2
      vertex 40.65 131.488 2.2
      vertex 40.4651 131.611 2.2
    endloop
  endfacet
  facet normal 0 0 1
    outer loop
      vertex 41.2781 131.275 2.2
      vertex 40.3532 128.515 2.2
      vertex 40.4679 128.452 2.2
    endloop
  endfacet
  facet normal 0 0 1
    outer loop
      vertex 39.8435 128.605 2.2
      vertex 40.4651 131.611 2.2
      vertex 40.2979 131.758 2.2
    endloop
  endfacet
  facet normal 0 0 1
    outer loop
      vertex 41.06 131.318 2.2
      vertex 40.2313 128.562 2.2
      vertex 40.3532 128.515 2.2
    endloop
  endfacet
  facet normal 0 0 1
    outer loop
      vertex 39.8435 128.605 2.2
      vertex 40.2979 131.758 2.2
      vertex 40.1513 131.925 2.2
    endloop
  endfacet
  facet normal 0 0 1
    outer loop
      vertex 41.06 131.318 2.2
      vertex 40.1043 128.593 2.2
      vertex 40.2313 128.562 2.2
    endloop
  endfacet
  facet normal 0 0 1
    outer loop
      vertex 37.5328 132.459 2.2
      vertex 40.1513 131.925 2.2
      vertex 40.0278 132.11 2.2
    endloop
  endfacet
  facet normal 0 0 1
    outer loop
      vertex 40.8494 131.389 2.2
      vertex 39.9742 128.607 2.2
      vertex 40.1043 128.593 2.2
    endloop
  endfacet
  facet normal 0 0 1
    outer loop
      vertex 37.5328 132.459 2.2
      vertex 40.0278 132.11 2.2
      vertex 39.9294 132.309 2.2
    endloop
  endfacet
  facet normal -0 0 1
    outer loop
      vertex 37.5328 132.459 2.2
      vertex 39.9294 132.309 2.2
      vertex 39.8579 132.52 2.2
    endloop
  endfacet
  facet normal 0 0 1
    outer loop
      vertex 40.65 131.488 2.2
      vertex 39.8435 128.605 2.2
      vertex 39.9742 128.607 2.2
    endloop
  endfacet
  facet normal 0 0 1
    outer loop
      vertex 37.5328 132.459 2.2
      vertex 39.8579 132.52 2.2
      vertex 39.8145 132.738 2.2
    endloop
  endfacet
  facet normal 0 0 1
    outer loop
      vertex 37.5328 132.459 2.2
      vertex 39.8145 132.738 2.2
      vertex 39.8 132.96 2.2
    endloop
  endfacet
  facet normal 0 0 1
    outer loop
      vertex 40.0278 133.81 2.2
      vertex 38.0359 134.96 2.2
      vertex 39.9294 133.611 2.2
    endloop
  endfacet
  facet normal -0 0 1
    outer loop
      vertex 37.8045 134.491 2.2
      vertex 39.9294 133.611 2.2
      vertex 38.0359 134.96 2.2
    endloop
  endfacet
  facet normal 0 0 1
    outer loop
      vertex 39.9294 133.611 2.2
      vertex 37.8045 134.491 2.2
      vertex 39.8579 133.4 2.2
    endloop
  endfacet
  facet normal -0 0 1
    outer loop
      vertex 37.6363 133.995 2.2
      vertex 39.8579 133.4 2.2
      vertex 37.8045 134.491 2.2
    endloop
  endfacet
  facet normal 0 0 1
    outer loop
      vertex 39.8579 133.4 2.2
      vertex 37.6363 133.995 2.2
      vertex 39.8145 133.182 2.2
    endloop
  endfacet
  facet normal -0 0 1
    outer loop
      vertex 37.5342 133.482 2.2
      vertex 39.8145 133.182 2.2
      vertex 37.6363 133.995 2.2
    endloop
  endfacet
  facet normal 0 0 1
    outer loop
      vertex 39.8145 133.182 2.2
      vertex 37.5342 133.482 2.2
      vertex 39.8 132.96 2.2
    endloop
  endfacet
  facet normal 0 0 1
    outer loop
      vertex 37.5 132.96 2.2
      vertex 39.8 132.96 2.2
      vertex 37.5342 133.482 2.2
    endloop
  endfacet
  facet normal 0 0 1
    outer loop
      vertex 40.1513 131.925 2.2
      vertex 37.5328 132.459 2.2
      vertex 39.8435 128.605 2.2
    endloop
  endfacet
  facet normal 0 0 1
    outer loop
      vertex 37.5328 132.459 2.2
      vertex 35.4104 128.217 2.2
      vertex 39.8435 128.605 2.2
    endloop
  endfacet
  facet normal 0 -0 1
    outer loop
      vertex 35.4104 128.217 2.2
      vertex 37.5328 132.459 2.2
      vertex 35.0392 132.459 2.2
    endloop
  endfacet
  facet normal 0 0 1
    outer loop
      vertex 43.5 136.424 2.2
      vertex 43.1855 133.182 2.2
      vertex 43.2 132.96 2.2
    endloop
  endfacet
  facet normal 0 0 1
    outer loop
      vertex 43.5 136.424 2.2
      vertex 43.1421 133.4 2.2
      vertex 43.1855 133.182 2.2
    endloop
  endfacet
  facet normal 0 0 1
    outer loop
      vertex 43.5 136.424 2.2
      vertex 43.0706 133.611 2.2
      vertex 43.1421 133.4 2.2
    endloop
  endfacet
  facet normal 0 0 1
    outer loop
      vertex 42.35 134.432 2.2
      vertex 43.5 136.424 2.2
      vertex 43.0307 136.656 2.2
    endloop
  endfacet
  facet normal 0 0 1
    outer loop
      vertex 43.5 136.424 2.2
      vertex 42.9722 133.81 2.2
      vertex 43.0706 133.611 2.2
    endloop
  endfacet
  facet normal 0 0 1
    outer loop
      vertex 43.5 136.424 2.2
      vertex 42.8487 133.995 2.2
      vertex 42.9722 133.81 2.2
    endloop
  endfacet
  facet normal 0 0 1
    outer loop
      vertex 43.5 136.424 2.2
      vertex 42.7021 134.162 2.2
      vertex 42.8487 133.995 2.2
    endloop
  endfacet
  facet normal 0 0 1
    outer loop
      vertex 42.1506 134.531 2.2
      vertex 43.0307 136.656 2.2
      vertex 42.5353 136.824 2.2
    endloop
  endfacet
  facet normal 0 0 1
    outer loop
      vertex 43.5 136.424 2.2
      vertex 42.5349 134.309 2.2
      vertex 42.7021 134.162 2.2
    endloop
  endfacet
  facet normal 0 0 1
    outer loop
      vertex 43.5 136.424 2.2
      vertex 42.35 134.432 2.2
      vertex 42.5349 134.309 2.2
    endloop
  endfacet
  facet normal 0 0 1
    outer loop
      vertex 43.0307 136.656 2.2
      vertex 42.1506 134.531 2.2
      vertex 42.35 134.432 2.2
    endloop
  endfacet
  facet normal 0 0 1
    outer loop
      vertex 41.94 134.602 2.2
      vertex 42.5353 136.824 2.2
      vertex 42.0221 136.926 2.2
    endloop
  endfacet
  facet normal 0 0 1
    outer loop
      vertex 42.5353 136.824 2.2
      vertex 41.94 134.602 2.2
      vertex 42.1506 134.531 2.2
    endloop
  endfacet
  facet normal 0 0 1
    outer loop
      vertex 42.0221 136.926 2.2
      vertex 41.7219 134.645 2.2
      vertex 41.94 134.602 2.2
    endloop
  endfacet
  facet normal 0 0 1
    outer loop
      vertex 41.5 136.96 2.2
      vertex 41.7219 134.645 2.2
      vertex 42.0221 136.926 2.2
    endloop
  endfacet
  facet normal 0 0 1
    outer loop
      vertex 41.5 136.96 2.2
      vertex 41.5 134.66 2.2
      vertex 41.7219 134.645 2.2
    endloop
  endfacet
  facet normal 0 0 1
    outer loop
      vertex 41.5 136.96 2.2
      vertex 41.2781 134.645 2.2
      vertex 41.5 134.66 2.2
    endloop
  endfacet
  facet normal -0 0 1
    outer loop
      vertex 40.9779 136.926 2.2
      vertex 41.2781 134.645 2.2
      vertex 41.5 136.96 2.2
    endloop
  endfacet
  facet normal 0 0 1
    outer loop
      vertex 41.2781 134.645 2.2
      vertex 40.9779 136.926 2.2
      vertex 41.06 134.602 2.2
    endloop
  endfacet
  facet normal -0 0 1
    outer loop
      vertex 40.4647 136.824 2.2
      vertex 41.06 134.602 2.2
      vertex 40.9779 136.926 2.2
    endloop
  endfacet
  facet normal 0 0 1
    outer loop
      vertex 41.06 134.602 2.2
      vertex 40.4647 136.824 2.2
      vertex 40.8494 134.531 2.2
    endloop
  endfacet
  facet normal -0 0 1
    outer loop
      vertex 39.9693 136.656 2.2
      vertex 40.8494 134.531 2.2
      vertex 40.4647 136.824 2.2
    endloop
  endfacet
  facet normal 0 0 1
    outer loop
      vertex 40.8494 134.531 2.2
      vertex 39.9693 136.656 2.2
      vertex 40.65 134.432 2.2
    endloop
  endfacet
  facet normal -0 0 1
    outer loop
      vertex 39.5 136.424 2.2
      vertex 40.65 134.432 2.2
      vertex 39.9693 136.656 2.2
    endloop
  endfacet
  facet normal 0 0 1
    outer loop
      vertex 40.65 134.432 2.2
      vertex 39.5 136.424 2.2
      vertex 40.4651 134.309 2.2
    endloop
  endfacet
  facet normal -0 0 1
    outer loop
      vertex 39.065 136.133 2.2
      vertex 40.4651 134.309 2.2
      vertex 39.5 136.424 2.2
    endloop
  endfacet
  facet normal 0 0 1
    outer loop
      vertex 40.4651 134.309 2.2
      vertex 39.065 136.133 2.2
      vertex 40.2979 134.162 2.2
    endloop
  endfacet
  facet normal -0 0 1
    outer loop
      vertex 38.6716 135.788 2.2
      vertex 40.2979 134.162 2.2
      vertex 39.065 136.133 2.2
    endloop
  endfacet
  facet normal 0 0 1
    outer loop
      vertex 40.2979 134.162 2.2
      vertex 38.6716 135.788 2.2
      vertex 40.1513 133.995 2.2
    endloop
  endfacet
  facet normal -0 0 1
    outer loop
      vertex 38.3266 135.395 2.2
      vertex 40.1513 133.995 2.2
      vertex 38.6716 135.788 2.2
    endloop
  endfacet
  facet normal 0 0 1
    outer loop
      vertex 40.1513 133.995 2.2
      vertex 38.3266 135.395 2.2
      vertex 40.0278 133.81 2.2
    endloop
  endfacet
  facet normal -0 0 1
    outer loop
      vertex 38.0359 134.96 2.2
      vertex 40.0278 133.81 2.2
      vertex 38.3266 135.395 2.2
    endloop
  endfacet
  facet normal 0 0 1
    outer loop
      vertex 41.2441 67.9954 2.2
      vertex 26.8005 64.4229 2.2
      vertex 41.4445 65.7041 2.2
    endloop
  endfacet
  facet normal -0 0 1
    outer loop
      vertex 26.6001 66.7142 2.2
      vertex 26.8005 64.4229 2.2
      vertex 41.2441 67.9954 2.2
    endloop
  endfacet
  facet normal 0 0 1
    outer loop
      vertex 26.5809 29.0693 2.2
      vertex 26.8005 64.4229 2.2
      vertex 26.6001 66.7142 2.2
    endloop
  endfacet
  facet normal 0 0 1
    outer loop
      vertex 26.8005 64.4229 2.2
      vertex 26.5809 29.0693 2.2
      vertex 26.6411 22.9704 2.2
    endloop
  endfacet
  facet normal 0 0 1
    outer loop
      vertex 26.5809 29.0693 2.2
      vertex 25.0752 22.7659 2.2
      vertex 26.6411 22.9704 2.2
    endloop
  endfacet
  facet normal 0 0 1
    outer loop
      vertex 26.5809 29.0693 2.2
      vertex 23.4307 22.5615 2.2
      vertex 25.0752 22.7659 2.2
    endloop
  endfacet
  facet normal 0 0 1
    outer loop
      vertex 26.5809 29.0693 2.2
      vertex 21.7044 22.3573 2.2
      vertex 23.4307 22.5615 2.2
    endloop
  endfacet
  facet normal 0 0 1
    outer loop
      vertex 26.5809 29.0693 2.2
      vertex 19.8945 22.1535 2.2
      vertex 21.7044 22.3573 2.2
    endloop
  endfacet
  facet normal -0 0 1
    outer loop
      vertex 11.9369 27.7881 2.2
      vertex 19.8945 22.1535 2.2
      vertex 26.5809 29.0693 2.2
    endloop
  endfacet
  facet normal 0 0 1
    outer loop
      vertex 19.8945 22.1535 2.2
      vertex 11.9369 27.7881 2.2
      vertex 17.9983 21.9499 2.2
    endloop
  endfacet
  facet normal 0 0 1
    outer loop
      vertex 17.9983 21.9499 2.2
      vertex 11.9369 27.7881 2.2
      vertex 16.0132 21.7467 2.2
    endloop
  endfacet
  facet normal 0 0 1
    outer loop
      vertex 16.0132 21.7467 2.2
      vertex 11.9369 27.7881 2.2
      vertex 13.9371 21.5441 2.2
    endloop
  endfacet
  facet normal 0 0 1
    outer loop
      vertex 11.9369 27.7881 2.2
      vertex 11.7675 21.3419 2.2
      vertex 13.9371 21.5441 2.2
    endloop
  endfacet
  facet normal 0 0 1
    outer loop
      vertex 9.08057 21.1178 2.2
      vertex 11.9369 27.7881 2.2
      vertex 10.6557 42.4321 2.2
    endloop
  endfacet
  facet normal 0 0 1
    outer loop
      vertex 9.08057 21.1178 2.2
      vertex 10.6557 42.4321 2.2
      vertex 10.4553 44.7234 2.2
    endloop
  endfacet
  facet normal 0 0 1
    outer loop
      vertex 11.9369 27.7881 2.2
      vertex 9.5811 21.1474 2.2
      vertex 11.7675 21.3419 2.2
    endloop
  endfacet
  facet normal 0 0 1
    outer loop
      vertex 11.9369 27.7881 2.2
      vertex 9.08057 21.1178 2.2
      vertex 9.5811 21.1474 2.2
    endloop
  endfacet
  facet normal 0 -0 1
    outer loop
      vertex 9.35844 21.1267 2.2
      vertex 9.5811 21.1474 2.2
      vertex 9.08057 21.1178 2.2
    endloop
  endfacet
  facet normal 0 0 1
    outer loop
      vertex 9.5811 21.1474 2.2
      vertex 9.35844 21.1267 2.2
      vertex 9.5078 21.1386 2.2
    endloop
  endfacet
  facet normal 0 0 1
    outer loop
      vertex 9.08057 21.1178 2.2
      vertex 10.4553 44.7234 2.2
      vertex 9.17408 59.3674 2.2
    endloop
  endfacet
  facet normal 0 0 1
    outer loop
      vertex 9.35844 21.1267 2.2
      vertex 9.08057 21.1178 2.2
      vertex 9.21991 21.1199 2.2
    endloop
  endfacet
  facet normal -0 0 1
    outer loop
      vertex 42.7108 105.768 2.2
      vertex 43.8361 103.778 2.2
      vertex 42.7582 105.889 2.2
    endloop
  endfacet
  facet normal 0 0 1
    outer loop
      vertex 43.0706 132.309 2.2
      vertex 45.4672 132.459 2.2
      vertex 43.1421 132.52 2.2
    endloop
  endfacet
  facet normal 0 0 1
    outer loop
      vertex 43.1855 132.738 2.2
      vertex 43.5 136.424 2.2
      vertex 43.2 132.96 2.2
    endloop
  endfacet
  facet normal 0 0 1
    outer loop
      vertex 42.9722 132.11 2.2
      vertex 45.4672 132.459 2.2
      vertex 43.0706 132.309 2.2
    endloop
  endfacet
  facet normal 0 0 1
    outer loop
      vertex 42.8487 131.925 2.2
      vertex 45.4672 132.459 2.2
      vertex 42.9722 132.11 2.2
    endloop
  endfacet
  facet normal 0 0 1
    outer loop
      vertex 58.516 104.548 2.2
      vertex 42.8007 106.277 2.2
      vertex 43.8361 103.778 2.2
    endloop
  endfacet
  facet normal 0 0 1
    outer loop
      vertex 40.9268 127.695 2.2
      vertex 45.4672 132.459 2.2
      vertex 42.8487 131.925 2.2
    endloop
  endfacet
  facet normal -0 0 1
    outer loop
      vertex 42.7893 106.016 2.2
      vertex 43.8361 103.778 2.2
      vertex 42.8035 106.147 2.2
    endloop
  endfacet
  facet normal 0 0 1
    outer loop
      vertex 47.6106 132.459 2.2
      vertex 40.9268 127.695 2.2
      vertex 50.6106 119.726 2.2
    endloop
  endfacet
  facet normal 0 0 1
    outer loop
      vertex 44.6054 89.0986 2.2
      vertex 42.9262 48.7688 2.2
      vertex 44.2074 34.1248 2.2
    endloop
  endfacet
  facet normal -0 0 1
    outer loop
      vertex 42.7582 105.889 2.2
      vertex 43.8361 103.778 2.2
      vertex 42.7893 106.016 2.2
    endloop
  endfacet
  facet normal -0 0 1
    outer loop
      vertex 42.6479 105.653 2.2
      vertex 43.8361 103.778 2.2
      vertex 42.7108 105.768 2.2
    endloop
  endfacet
  facet normal 0 0 1
    outer loop
      vertex 44.6054 89.0986 2.2
      vertex 42.7257 51.0601 2.2
      vertex 42.9262 48.7688 2.2
    endloop
  endfacet
  facet normal 0 0 1
    outer loop
      vertex 42.7257 51.0601 2.2
      vertex 28.2822 47.4876 2.2
      vertex 42.9262 48.7688 2.2
    endloop
  endfacet
  facet normal -0 0 1
    outer loop
      vertex 28.0817 49.7789 2.2
      vertex 28.2822 47.4876 2.2
      vertex 42.7257 51.0601 2.2
    endloop
  endfacet
  facet normal 0 0 1
    outer loop
      vertex 26.6411 22.9704 2.2
      vertex 28.2822 47.4876 2.2
      vertex 28.0817 49.7789 2.2
    endloop
  endfacet
  facet normal 0 0 1
    outer loop
      vertex 26.6411 22.9704 2.2
      vertex 28.0817 49.7789 2.2
      vertex 26.8005 64.4229 2.2
    endloop
  endfacet
  facet normal 0 0 1
    outer loop
      vertex 28.2822 47.4876 2.2
      vertex 26.6411 22.9704 2.2
      vertex 28.1306 23.1752 2.2
    endloop
  endfacet
  facet normal -0 0 1
    outer loop
      vertex 65.2374 59.5093 2.2
      vertex 79.9374 57.2093 2.2
      vertex 79.9374 59.5093 2.2
    endloop
  endfacet
  facet normal 0 0 1
    outer loop
      vertex 79.9374 57.2093 2.2
      vertex 65.2374 59.5093 2.2
      vertex 65.2374 57.2093 2.2
    endloop
  endfacet
  facet normal -0 0 1
    outer loop
      vertex 65.2374 76.5093 2.2
      vertex 79.9374 74.2093 2.2
      vertex 79.9374 76.5093 2.2
    endloop
  endfacet
  facet normal 0 0 1
    outer loop
      vertex 79.9374 74.2093 2.2
      vertex 65.2374 76.5093 2.2
      vertex 65.2374 74.2093 2.2
    endloop
  endfacet
  facet normal -0 0 1
    outer loop
      vertex 65.2374 93.5093 2.2
      vertex 79.9374 91.2093 2.2
      vertex 79.9374 93.5093 2.2
    endloop
  endfacet
  facet normal 0 0 1
    outer loop
      vertex 79.9374 91.2093 2.2
      vertex 65.2374 93.5093 2.2
      vertex 65.2374 91.2093 2.2
    endloop
  endfacet
  facet normal 0 0 1
    outer loop
      vertex 102.3 120.23 2.2
      vertex 100 120.23 2.2
      vertex 100.033 119.726 2.2
    endloop
  endfacet
  facet normal 0 0 1
    outer loop
      vertex 83.9387 56.2599 2.2
      vertex 98.5494 53.4483 2.2
      vertex 98.6297 55.7469 2.2
    endloop
  endfacet
  facet normal 0 0 1
    outer loop
      vertex 98.5494 53.4483 2.2
      vertex 83.9387 56.2599 2.2
      vertex 83.8584 53.9613 2.2
    endloop
  endfacet
  facet normal 0 0 1
    outer loop
      vertex 84.532 73.2495 2.2
      vertex 99.1427 70.4379 2.2
      vertex 99.223 72.7365 2.2
    endloop
  endfacet
  facet normal 0 0 1
    outer loop
      vertex 99.1427 70.4379 2.2
      vertex 84.532 73.2495 2.2
      vertex 84.4517 70.9509 2.2
    endloop
  endfacet
  facet normal 0 0 1
    outer loop
      vertex 85.1253 90.2392 2.2
      vertex 99.736 87.4275 2.2
      vertex 99.8163 89.7262 2.2
    endloop
  endfacet
  facet normal 0 0 1
    outer loop
      vertex 99.736 87.4275 2.2
      vertex 85.1253 90.2392 2.2
      vertex 85.045 87.9405 2.2
    endloop
  endfacet
  facet normal 0 0 1
    outer loop
      vertex 103.166 77.7261 2.2
      vertex 99.223 72.7365 2.2
      vertex 103.045 75.4293 2.2
    endloop
  endfacet
  facet normal 0 0 1
    outer loop
      vertex 99.1427 70.4379 2.2
      vertex 103.045 75.4293 2.2
      vertex 99.223 72.7365 2.2
    endloop
  endfacet
  facet normal 0 0 1
    outer loop
      vertex 103.045 75.4293 2.2
      vertex 99.1427 70.4379 2.2
      vertex 102.276 60.7494 2.2
    endloop
  endfacet
  facet normal 0 0 1
    outer loop
      vertex 98.6297 55.7469 2.2
      vertex 102.276 60.7494 2.2
      vertex 99.1427 70.4379 2.2
    endloop
  endfacet
  facet normal 0 0 1
    outer loop
      vertex 98.5494 53.4483 2.2
      vertex 102.276 60.7494 2.2
      vertex 98.6297 55.7469 2.2
    endloop
  endfacet
  facet normal 0 0 1
    outer loop
      vertex 102.276 60.7494 2.2
      vertex 98.5494 53.4483 2.2
      vertex 101.36 34.9908 2.2
    endloop
  endfacet
  facet normal -0 0 1
    outer loop
      vertex 98.0364 38.7573 2.2
      vertex 101.36 34.9908 2.2
      vertex 98.5494 53.4483 2.2
    endloop
  endfacet
  facet normal 0 0 1
    outer loop
      vertex 89.9721 31.48 2.2
      vertex 101.36 34.9908 2.2
      vertex 98.0364 38.7573 2.2
    endloop
  endfacet
  facet normal 0 0 1
    outer loop
      vertex 89.9721 30.6 2.2
      vertex 101.36 34.9908 2.2
      vertex 90.0155 30.8181 2.2
    endloop
  endfacet
  facet normal -0 0 1
    outer loop
      vertex 89.8022 30.19 2.2
      vertex 97.0619 20.9331 2.2
      vertex 89.9006 30.3894 2.2
    endloop
  endfacet
  facet normal 0 0 1
    outer loop
      vertex 88.611 20.0634 2.2
      vertex 97.0619 20.9331 2.2
      vertex 88.8289 27.0727 2.2
    endloop
  endfacet
  facet normal 0 -0 1
    outer loop
      vertex 88.6164 18.5915 2.2
      vertex 97.0619 20.9331 2.2
      vertex 88.611 20.0634 2.2
    endloop
  endfacet
  facet normal 0 0 1
    outer loop
      vertex 97.0619 20.9331 2.2
      vertex 91.7334 14.8992 2.2
      vertex 91.8103 14.8743 2.2
    endloop
  endfacet
  facet normal 0 0 1
    outer loop
      vertex 97.0619 20.9331 2.2
      vertex 91.5895 14.9511 2.2
      vertex 91.7334 14.8992 2.2
    endloop
  endfacet
  facet normal 0 0 1
    outer loop
      vertex 97.0619 20.9331 2.2
      vertex 91.4472 15.0077 2.2
      vertex 91.5895 14.9511 2.2
    endloop
  endfacet
  facet normal 0 0 1
    outer loop
      vertex 97.0619 20.9331 2.2
      vertex 91.3092 15.0679 2.2
      vertex 91.4472 15.0077 2.2
    endloop
  endfacet
  facet normal 0 0 1
    outer loop
      vertex 97.0619 20.9331 2.2
      vertex 91.1644 15.1366 2.2
      vertex 91.3092 15.0679 2.2
    endloop
  endfacet
  facet normal 0 0 1
    outer loop
      vertex 97.0619 20.9331 2.2
      vertex 90.899 15.2793 2.2
      vertex 91.0287 15.2072 2.2
    endloop
  endfacet
  facet normal 0 0 1
    outer loop
      vertex 97.0619 20.9331 2.2
      vertex 90.765 15.3602 2.2
      vertex 90.899 15.2793 2.2
    endloop
  endfacet
  facet normal 0 0 1
    outer loop
      vertex 97.0619 20.9331 2.2
      vertex 90.6372 15.4428 2.2
      vertex 90.765 15.3602 2.2
    endloop
  endfacet
  facet normal 0 0 1
    outer loop
      vertex 97.0619 20.9331 2.2
      vertex 90.5104 15.531 2.2
      vertex 90.6372 15.4428 2.2
    endloop
  endfacet
  facet normal 0 0 1
    outer loop
      vertex 97.0619 20.9331 2.2
      vertex 90.387 15.6229 2.2
      vertex 90.5104 15.531 2.2
    endloop
  endfacet
  facet normal 0 0 1
    outer loop
      vertex 97.0619 20.9331 2.2
      vertex 90.2633 15.7215 2.2
      vertex 90.387 15.6229 2.2
    endloop
  endfacet
  facet normal 0 0 1
    outer loop
      vertex 101.36 34.9908 2.2
      vertex 90.03 31.04 2.2
      vertex 90.0155 30.8181 2.2
    endloop
  endfacet
  facet normal 0 0 1
    outer loop
      vertex 101.36 34.9908 2.2
      vertex 90.0155 31.2619 2.2
      vertex 90.03 31.04 2.2
    endloop
  endfacet
  facet normal 0 0 1
    outer loop
      vertex 101.36 34.9908 2.2
      vertex 89.9721 31.48 2.2
      vertex 90.0155 31.2619 2.2
    endloop
  endfacet
  facet normal 0 0 1
    outer loop
      vertex 98.0364 38.7573 2.2
      vertex 89.9006 31.6906 2.2
      vertex 89.9721 31.48 2.2
    endloop
  endfacet
  facet normal 0 0 1
    outer loop
      vertex 98.0364 38.7573 2.2
      vertex 89.8022 31.89 2.2
      vertex 89.9006 31.6906 2.2
    endloop
  endfacet
  facet normal 0 0 1
    outer loop
      vertex 98.0364 38.7573 2.2
      vertex 89.6787 32.0749 2.2
      vertex 89.8022 31.89 2.2
    endloop
  endfacet
  facet normal 0 0 1
    outer loop
      vertex 98.0364 38.7573 2.2
      vertex 89.5321 32.2421 2.2
      vertex 89.6787 32.0749 2.2
    endloop
  endfacet
  facet normal 0 0 1
    outer loop
      vertex 98.0364 38.7573 2.2
      vertex 89.3649 32.3887 2.2
      vertex 89.5321 32.2421 2.2
    endloop
  endfacet
  facet normal 0 0 1
    outer loop
      vertex 98.0364 38.7573 2.2
      vertex 89.18 32.5122 2.2
      vertex 89.3649 32.3887 2.2
    endloop
  endfacet
  facet normal 0 0 1
    outer loop
      vertex 98.0364 38.7573 2.2
      vertex 88.9806 32.6106 2.2
      vertex 89.18 32.5122 2.2
    endloop
  endfacet
  facet normal 0 0 1
    outer loop
      vertex 98.0364 38.7573 2.2
      vertex 88.77 32.6821 2.2
      vertex 88.9806 32.6106 2.2
    endloop
  endfacet
  facet normal 0 0 1
    outer loop
      vertex 83.3454 39.2703 2.2
      vertex 88.77 32.6821 2.2
      vertex 98.0364 38.7573 2.2
    endloop
  endfacet
  facet normal 0 0 1
    outer loop
      vertex 88.77 32.6821 2.2
      vertex 83.3454 39.2703 2.2
      vertex 88.5519 32.7255 2.2
    endloop
  endfacet
  facet normal 0 0 1
    outer loop
      vertex 88.5519 32.7255 2.2
      vertex 83.3454 39.2703 2.2
      vertex 88.33 32.74 2.2
    endloop
  endfacet
  facet normal 0 0 1
    outer loop
      vertex 88.33 32.74 2.2
      vertex 83.3454 39.2703 2.2
      vertex 88.1081 32.7255 2.2
    endloop
  endfacet
  facet normal 0 0 1
    outer loop
      vertex 88.1081 32.7255 2.2
      vertex 83.3454 39.2703 2.2
      vertex 87.89 32.6821 2.2
    endloop
  endfacet
  facet normal 0 0 1
    outer loop
      vertex 87.89 32.6821 2.2
      vertex 83.3454 39.2703 2.2
      vertex 87.6794 32.6106 2.2
    endloop
  endfacet
  facet normal 0 0 1
    outer loop
      vertex 84.33 31.04 2.2
      vertex 86.63 31.04 2.2
      vertex 86.6445 31.2619 2.2
    endloop
  endfacet
  facet normal 0 0 1
    outer loop
      vertex 86.63 31.04 2.2
      vertex 85.895 27.8666 2.2
      vertex 86.33 27.5759 2.2
    endloop
  endfacet
  facet normal 0 0 1
    outer loop
      vertex 84.3642 31.5621 2.2
      vertex 86.6445 31.2619 2.2
      vertex 86.6879 31.48 2.2
    endloop
  endfacet
  facet normal 0 0 1
    outer loop
      vertex 86.63 31.04 2.2
      vertex 85.5016 28.2116 2.2
      vertex 85.895 27.8666 2.2
    endloop
  endfacet
  facet normal 0 0 1
    outer loop
      vertex 84.4663 32.0753 2.2
      vertex 86.6879 31.48 2.2
      vertex 86.7594 31.6906 2.2
    endloop
  endfacet
  facet normal 0 0 1
    outer loop
      vertex 86.63 31.04 2.2
      vertex 85.1566 28.605 2.2
      vertex 85.5016 28.2116 2.2
    endloop
  endfacet
  facet normal 0 0 1
    outer loop
      vertex 84.6781 32.6591 2.2
      vertex 86.7594 31.6906 2.2
      vertex 86.8578 31.89 2.2
    endloop
  endfacet
  facet normal 0 0 1
    outer loop
      vertex 86.63 31.04 2.2
      vertex 84.8659 29.04 2.2
      vertex 85.1566 28.605 2.2
    endloop
  endfacet
  facet normal 0 0 1
    outer loop
      vertex 84.6781 32.6591 2.2
      vertex 86.8578 31.89 2.2
      vertex 86.9813 32.0749 2.2
    endloop
  endfacet
  facet normal 0 0 1
    outer loop
      vertex 86.7594 31.6906 2.2
      vertex 84.6781 32.6591 2.2
      vertex 84.6345 32.5707 2.2
    endloop
  endfacet
  facet normal 0 0 1
    outer loop
      vertex 87.1279 32.2421 2.2
      vertex 84.6781 32.6591 2.2
      vertex 86.9813 32.0749 2.2
    endloop
  endfacet
  facet normal 0 0 1
    outer loop
      vertex 87.2951 32.3887 2.2
      vertex 84.6781 32.6591 2.2
      vertex 87.1279 32.2421 2.2
    endloop
  endfacet
  facet normal 0 0 1
    outer loop
      vertex 87.48 32.5122 2.2
      vertex 84.6781 32.6591 2.2
      vertex 87.2951 32.3887 2.2
    endloop
  endfacet
  facet normal -0 -0 1
    outer loop
      vertex 84.6781 32.6591 2.2
      vertex 87.6794 32.6106 2.2
      vertex 83.3454 39.2703 2.2
    endloop
  endfacet
  facet normal 0 0 1
    outer loop
      vertex 87.6794 32.6106 2.2
      vertex 84.6781 32.6591 2.2
      vertex 87.48 32.5122 2.2
    endloop
  endfacet
  facet normal 0 0 1
    outer loop
      vertex 84.6781 32.6591 2.2
      vertex 83.3454 39.2703 2.2
      vertex 84.425 32.6775 2.2
    endloop
  endfacet
  facet normal 0 0 1
    outer loop
      vertex 84.425 32.6775 2.2
      vertex 83.3454 39.2703 2.2
      vertex 83.051 32.7675 2.2
    endloop
  endfacet
  facet normal 0 0 1
    outer loop
      vertex 101.36 34.9908 2.2
      vertex 89.9721 30.6 2.2
      vertex 97.0619 20.9331 2.2
    endloop
  endfacet
  facet normal 0 0 1
    outer loop
      vertex 97.0619 20.9331 2.2
      vertex 89.9721 30.6 2.2
      vertex 89.9006 30.3894 2.2
    endloop
  endfacet
  facet normal 0 0 1
    outer loop
      vertex 97.0619 20.9331 2.2
      vertex 91.0287 15.2072 2.2
      vertex 91.1644 15.1366 2.2
    endloop
  endfacet
  facet normal 0 0 1
    outer loop
      vertex 97.0619 20.9331 2.2
      vertex 90.1468 15.8211 2.2
      vertex 90.2633 15.7215 2.2
    endloop
  endfacet
  facet normal 0 0 1
    outer loop
      vertex 97.0619 20.9331 2.2
      vertex 90.0374 15.9206 2.2
      vertex 90.1468 15.8211 2.2
    endloop
  endfacet
  facet normal 0 0 1
    outer loop
      vertex 97.0619 20.9331 2.2
      vertex 89.8022 30.19 2.2
      vertex 88.8289 27.0727 2.2
    endloop
  endfacet
  facet normal 0 0 1
    outer loop
      vertex 97.0619 20.9331 2.2
      vertex 89.925 16.0296 2.2
      vertex 90.0374 15.9206 2.2
    endloop
  endfacet
  facet normal 0 0 1
    outer loop
      vertex 88.8289 27.0727 2.2
      vertex 89.8022 30.19 2.2
      vertex 89.6787 30.0051 2.2
    endloop
  endfacet
  facet normal 0 0 1
    outer loop
      vertex 97.0619 20.9331 2.2
      vertex 89.8186 16.1402 2.2
      vertex 89.925 16.0296 2.2
    endloop
  endfacet
  facet normal 0 0 1
    outer loop
      vertex 88.8289 27.0727 2.2
      vertex 89.6787 30.0051 2.2
      vertex 89.5321 29.8379 2.2
    endloop
  endfacet
  facet normal 0 0 1
    outer loop
      vertex 97.0619 20.9331 2.2
      vertex 89.7165 16.2531 2.2
      vertex 89.8186 16.1402 2.2
    endloop
  endfacet
  facet normal 0 0 1
    outer loop
      vertex 97.0619 20.9331 2.2
      vertex 89.6154 16.3729 2.2
      vertex 89.7165 16.2531 2.2
    endloop
  endfacet
  facet normal 0 0 1
    outer loop
      vertex 88.8289 27.0727 2.2
      vertex 89.5321 29.8379 2.2
      vertex 89.3649 29.6913 2.2
    endloop
  endfacet
  facet normal 0 0 1
    outer loop
      vertex 97.0619 20.9331 2.2
      vertex 89.5202 16.4934 2.2
      vertex 89.6154 16.3729 2.2
    endloop
  endfacet
  facet normal 0 0 1
    outer loop
      vertex 97.0619 20.9331 2.2
      vertex 89.4291 16.6167 2.2
      vertex 89.5202 16.4934 2.2
    endloop
  endfacet
  facet normal 0 0 1
    outer loop
      vertex 88.8289 27.0727 2.2
      vertex 89.3649 29.6913 2.2
      vertex 89.18 29.5678 2.2
    endloop
  endfacet
  facet normal 0 0 1
    outer loop
      vertex 97.0619 20.9331 2.2
      vertex 89.3431 16.7416 2.2
      vertex 89.4291 16.6167 2.2
    endloop
  endfacet
  facet normal 0 0 1
    outer loop
      vertex 97.0619 20.9331 2.2
      vertex 89.2581 16.8737 2.2
      vertex 89.3431 16.7416 2.2
    endloop
  endfacet
  facet normal 0 0 1
    outer loop
      vertex 97.0619 20.9331 2.2
      vertex 89.1795 17.0061 2.2
      vertex 89.2581 16.8737 2.2
    endloop
  endfacet
  facet normal 0 0 1
    outer loop
      vertex 88.8289 27.0727 2.2
      vertex 89.18 29.5678 2.2
      vertex 88.9806 29.4694 2.2
    endloop
  endfacet
  facet normal 0 0 1
    outer loop
      vertex 97.0619 20.9331 2.2
      vertex 89.1049 17.1406 2.2
      vertex 89.1795 17.0061 2.2
    endloop
  endfacet
  facet normal 0 0 1
    outer loop
      vertex 97.0619 20.9331 2.2
      vertex 89.036 17.276 2.2
      vertex 89.1049 17.1406 2.2
    endloop
  endfacet
  facet normal 0 0 1
    outer loop
      vertex 97.0619 20.9331 2.2
      vertex 88.97 17.4157 2.2
      vertex 89.036 17.276 2.2
    endloop
  endfacet
  facet normal 0 0 1
    outer loop
      vertex 97.0619 20.9331 2.2
      vertex 88.9091 17.5578 2.2
      vertex 88.97 17.4157 2.2
    endloop
  endfacet
  facet normal -0 0 1
    outer loop
      vertex 88.77 29.3979 2.2
      vertex 88.8289 27.0727 2.2
      vertex 88.9806 29.4694 2.2
    endloop
  endfacet
  facet normal -0 0 1
    outer loop
      vertex 88.5519 29.3545 2.2
      vertex 88.8289 27.0727 2.2
      vertex 88.77 29.3979 2.2
    endloop
  endfacet
  facet normal -0 0 1
    outer loop
      vertex 88.33 29.34 2.2
      vertex 88.8289 27.0727 2.2
      vertex 88.5519 29.3545 2.2
    endloop
  endfacet
  facet normal 0 0 1
    outer loop
      vertex 88.33 29.34 2.2
      vertex 88.33 27.04 2.2
      vertex 88.8289 27.0727 2.2
    endloop
  endfacet
  facet normal 0 0 1
    outer loop
      vertex 88.1081 29.3545 2.2
      vertex 88.33 27.04 2.2
      vertex 88.33 29.34 2.2
    endloop
  endfacet
  facet normal 0 0 1
    outer loop
      vertex 87.8079 27.0742 2.2
      vertex 88.1081 29.3545 2.2
      vertex 87.89 29.3979 2.2
    endloop
  endfacet
  facet normal 0 0 1
    outer loop
      vertex 88.1081 29.3545 2.2
      vertex 87.8079 27.0742 2.2
      vertex 88.33 27.04 2.2
    endloop
  endfacet
  facet normal 0 0 1
    outer loop
      vertex 87.2947 27.1763 2.2
      vertex 87.89 29.3979 2.2
      vertex 87.6794 29.4694 2.2
    endloop
  endfacet
  facet normal 0 0 1
    outer loop
      vertex 86.7993 27.3445 2.2
      vertex 87.6794 29.4694 2.2
      vertex 87.48 29.5678 2.2
    endloop
  endfacet
  facet normal 0 0 1
    outer loop
      vertex 86.33 27.5759 2.2
      vertex 87.48 29.5678 2.2
      vertex 87.2951 29.6913 2.2
    endloop
  endfacet
  facet normal 0 0 1
    outer loop
      vertex 87.89 29.3979 2.2
      vertex 87.2947 27.1763 2.2
      vertex 87.8079 27.0742 2.2
    endloop
  endfacet
  facet normal 0 0 1
    outer loop
      vertex 86.33 27.5759 2.2
      vertex 87.2951 29.6913 2.2
      vertex 87.1279 29.8379 2.2
    endloop
  endfacet
  facet normal 0 0 1
    outer loop
      vertex 86.33 27.5759 2.2
      vertex 87.1279 29.8379 2.2
      vertex 86.9813 30.0051 2.2
    endloop
  endfacet
  facet normal 0 0 1
    outer loop
      vertex 86.33 27.5759 2.2
      vertex 86.9813 30.0051 2.2
      vertex 86.8578 30.19 2.2
    endloop
  endfacet
  facet normal 0 0 1
    outer loop
      vertex 87.6794 29.4694 2.2
      vertex 86.7993 27.3445 2.2
      vertex 87.2947 27.1763 2.2
    endloop
  endfacet
  facet normal 0 0 1
    outer loop
      vertex 86.33 27.5759 2.2
      vertex 86.8578 30.19 2.2
      vertex 86.7594 30.3894 2.2
    endloop
  endfacet
  facet normal 0 0 1
    outer loop
      vertex 86.33 27.5759 2.2
      vertex 86.7594 30.3894 2.2
      vertex 86.6879 30.6 2.2
    endloop
  endfacet
  facet normal 0 0 1
    outer loop
      vertex 86.33 27.5759 2.2
      vertex 86.6879 30.6 2.2
      vertex 86.6445 30.8181 2.2
    endloop
  endfacet
  facet normal 0 0 1
    outer loop
      vertex 86.33 27.5759 2.2
      vertex 86.6445 30.8181 2.2
      vertex 86.63 31.04 2.2
    endloop
  endfacet
  facet normal 0 0 1
    outer loop
      vertex 87.48 29.5678 2.2
      vertex 86.33 27.5759 2.2
      vertex 86.7993 27.3445 2.2
    endloop
  endfacet
  facet normal 0 0 1
    outer loop
      vertex 97.0619 20.9331 2.2
      vertex 88.8528 17.7005 2.2
      vertex 88.9091 17.5578 2.2
    endloop
  endfacet
  facet normal 0 0 1
    outer loop
      vertex 97.0619 20.9331 2.2
      vertex 88.8011 17.8468 2.2
      vertex 88.8528 17.7005 2.2
    endloop
  endfacet
  facet normal 0 0 1
    outer loop
      vertex 97.0619 20.9331 2.2
      vertex 88.7555 17.9895 2.2
      vertex 88.8011 17.8468 2.2
    endloop
  endfacet
  facet normal 0 0 1
    outer loop
      vertex 97.0619 20.9331 2.2
      vertex 88.7132 18.1386 2.2
      vertex 88.7555 17.9895 2.2
    endloop
  endfacet
  facet normal 0 0 1
    outer loop
      vertex 97.0619 20.9331 2.2
      vertex 88.6755 18.2902 2.2
      vertex 88.7132 18.1386 2.2
    endloop
  endfacet
  facet normal 0 0 1
    outer loop
      vertex 97.0619 20.9331 2.2
      vertex 88.6435 18.4406 2.2
      vertex 88.6755 18.2902 2.2
    endloop
  endfacet
  facet normal 0 0 1
    outer loop
      vertex 97.0619 20.9331 2.2
      vertex 88.6164 18.5915 2.2
      vertex 88.6435 18.4406 2.2
    endloop
  endfacet
  facet normal -0 0 1
    outer loop
      vertex 88.597 19.9705 2.2
      vertex 88.6164 18.5915 2.2
      vertex 88.611 20.0634 2.2
    endloop
  endfacet
  facet normal 0 0 1
    outer loop
      vertex 88.597 19.9705 2.2
      vertex 88.5943 18.7432 2.2
      vertex 88.6164 18.5915 2.2
    endloop
  endfacet
  facet normal -0 0 1
    outer loop
      vertex 88.5787 19.8142 2.2
      vertex 88.5943 18.7432 2.2
      vertex 88.597 19.9705 2.2
    endloop
  endfacet
  facet normal 0 0 1
    outer loop
      vertex 88.5787 19.8142 2.2
      vertex 88.5771 18.8945 2.2
      vertex 88.5943 18.7432 2.2
    endloop
  endfacet
  facet normal -0 0 1
    outer loop
      vertex 88.5662 19.6634 2.2
      vertex 88.5771 18.8945 2.2
      vertex 88.5787 19.8142 2.2
    endloop
  endfacet
  facet normal 0 0 1
    outer loop
      vertex 88.5662 19.6634 2.2
      vertex 88.5647 19.0507 2.2
      vertex 88.5771 18.8945 2.2
    endloop
  endfacet
  facet normal -0 0 1
    outer loop
      vertex 88.5582 19.5114 2.2
      vertex 88.5647 19.0507 2.2
      vertex 88.5662 19.6634 2.2
    endloop
  endfacet
  facet normal 0 0 1
    outer loop
      vertex 88.5582 19.5114 2.2
      vertex 88.5577 19.2026 2.2
      vertex 88.5647 19.0507 2.2
    endloop
  endfacet
  facet normal 0 -0 1
    outer loop
      vertex 88.5577 19.2026 2.2
      vertex 88.5582 19.5114 2.2
      vertex 88.5554 19.3539 2.2
    endloop
  endfacet
  facet normal 0 0 1
    outer loop
      vertex 86.7594 31.6906 2.2
      vertex 84.6345 32.5707 2.2
      vertex 84.4663 32.0753 2.2
    endloop
  endfacet
  facet normal 0 0 1
    outer loop
      vertex 86.63 31.04 2.2
      vertex 84.6345 29.5093 2.2
      vertex 84.8659 29.04 2.2
    endloop
  endfacet
  facet normal 0 0 1
    outer loop
      vertex 86.6879 31.48 2.2
      vertex 84.4663 32.0753 2.2
      vertex 84.3642 31.5621 2.2
    endloop
  endfacet
  facet normal 0 0 1
    outer loop
      vertex 86.63 31.04 2.2
      vertex 84.4663 30.0047 2.2
      vertex 84.6345 29.5093 2.2
    endloop
  endfacet
  facet normal 0 0 1
    outer loop
      vertex 86.6445 31.2619 2.2
      vertex 84.3642 31.5621 2.2
      vertex 84.33 31.04 2.2
    endloop
  endfacet
  facet normal 0 0 1
    outer loop
      vertex 86.63 31.04 2.2
      vertex 84.3642 30.5179 2.2
      vertex 84.4663 30.0047 2.2
    endloop
  endfacet
  facet normal 0 0 1
    outer loop
      vertex 86.63 31.04 2.2
      vertex 84.33 31.04 2.2
      vertex 84.3642 30.5179 2.2
    endloop
  endfacet
  facet normal -0 0 1
    outer loop
      vertex 79.9374 74.2093 2.2
      vertex 84.532 73.2495 2.2
      vertex 79.9374 76.5093 2.2
    endloop
  endfacet
  facet normal 0 0 1
    outer loop
      vertex 84.532 73.2495 2.2
      vertex 79.9374 74.2093 2.2
      vertex 84.4517 70.9509 2.2
    endloop
  endfacet
  facet normal 0 0 1
    outer loop
      vertex 79.9374 59.5093 2.2
      vertex 84.4517 70.9509 2.2
      vertex 79.9374 74.2093 2.2
    endloop
  endfacet
  facet normal 0 0 1
    outer loop
      vertex 84.4517 70.9509 2.2
      vertex 79.9374 59.5093 2.2
      vertex 83.9387 56.2599 2.2
    endloop
  endfacet
  facet normal -0 0 1
    outer loop
      vertex 79.9374 57.2093 2.2
      vertex 83.9387 56.2599 2.2
      vertex 79.9374 59.5093 2.2
    endloop
  endfacet
  facet normal 0 0 1
    outer loop
      vertex 79.9374 42.5093 2.2
      vertex 83.9387 56.2599 2.2
      vertex 79.9374 57.2093 2.2
    endloop
  endfacet
  facet normal 0 0 1
    outer loop
      vertex 83.9387 56.2599 2.2
      vertex 79.9374 42.5093 2.2
      vertex 80.384 32.9126 2.2
    endloop
  endfacet
  facet normal 0 0 1
    outer loop
      vertex 79.9374 42.5093 2.2
      vertex 79.0885 32.9685 2.2
      vertex 80.384 32.9126 2.2
    endloop
  endfacet
  facet normal 0 0 1
    outer loop
      vertex 79.9374 42.5093 2.2
      vertex 77.825 33.0135 2.2
      vertex 79.0885 32.9685 2.2
    endloop
  endfacet
  facet normal 0 0 1
    outer loop
      vertex 79.9374 42.5093 2.2
      vertex 76.5867 33.0482 2.2
      vertex 77.825 33.0135 2.2
    endloop
  endfacet
  facet normal 0 0 1
    outer loop
      vertex 79.9374 42.5093 2.2
      vertex 75.3745 33.0728 2.2
      vertex 76.5867 33.0482 2.2
    endloop
  endfacet
  facet normal 0 0 1
    outer loop
      vertex 79.9374 42.5093 2.2
      vertex 74.1909 33.0876 2.2
      vertex 75.3745 33.0728 2.2
    endloop
  endfacet
  facet normal 0 0 1
    outer loop
      vertex 79.9374 42.5093 2.2
      vertex 73.0367 33.0931 2.2
      vertex 74.1909 33.0876 2.2
    endloop
  endfacet
  facet normal -0 0 1
    outer loop
      vertex 65.2374 42.5093 2.2
      vertex 73.0367 33.0931 2.2
      vertex 79.9374 42.5093 2.2
    endloop
  endfacet
  facet normal 0 0 1
    outer loop
      vertex 73.0367 33.0931 2.2
      vertex 65.2374 42.5093 2.2
      vertex 71.9053 33.0894 2.2
    endloop
  endfacet
  facet normal 0 0 1
    outer loop
      vertex 71.9053 33.0894 2.2
      vertex 65.2374 42.5093 2.2
      vertex 70.8078 33.0769 2.2
    endloop
  endfacet
  facet normal 0 0 1
    outer loop
      vertex 70.8078 33.0769 2.2
      vertex 65.2374 42.5093 2.2
      vertex 69.7292 33.0559 2.2
    endloop
  endfacet
  facet normal 0 0 1
    outer loop
      vertex 69.7292 33.0559 2.2
      vertex 65.2374 42.5093 2.2
      vertex 68.6867 33.0271 2.2
    endloop
  endfacet
  facet normal 0 0 1
    outer loop
      vertex 68.6867 33.0271 2.2
      vertex 65.2374 42.5093 2.2
      vertex 67.6654 32.9902 2.2
    endloop
  endfacet
  facet normal 0 0 1
    outer loop
      vertex 67.6654 32.9902 2.2
      vertex 65.2374 42.5093 2.2
      vertex 66.6743 32.946 2.2
    endloop
  endfacet
  facet normal -0 0 1
    outer loop
      vertex 61.9545 38.9378 2.2
      vertex 66.6743 32.946 2.2
      vertex 65.2374 42.5093 2.2
    endloop
  endfacet
  facet normal 0 0 1
    outer loop
      vertex 66.6743 32.946 2.2
      vertex 61.9545 38.9378 2.2
      vertex 65.7096 32.8947 2.2
    endloop
  endfacet
  facet normal 0 0 1
    outer loop
      vertex 61.9545 38.9378 2.2
      vertex 61.3029 32.5431 2.2
      vertex 62.1302 32.625 2.2
    endloop
  endfacet
  facet normal 0 0 1
    outer loop
      vertex 61.9545 38.9378 2.2
      vertex 60.5053 32.4564 2.2
      vertex 61.3029 32.5431 2.2
    endloop
  endfacet
  facet normal 0 0 1
    outer loop
      vertex 61.9545 38.9378 2.2
      vertex 59.7333 32.3646 2.2
      vertex 60.5053 32.4564 2.2
    endloop
  endfacet
  facet normal 0 0 1
    outer loop
      vertex 61.9545 38.9378 2.2
      vertex 58.9914 32.2688 2.2
      vertex 59.7333 32.3646 2.2
    endloop
  endfacet
  facet normal 0 0 1
    outer loop
      vertex 61.9545 38.9378 2.2
      vertex 58.2777 32.1691 2.2
      vertex 58.9914 32.2688 2.2
    endloop
  endfacet
  facet normal 0 0 1
    outer loop
      vertex 61.9545 38.9378 2.2
      vertex 57.5883 32.0652 2.2
      vertex 58.2777 32.1691 2.2
    endloop
  endfacet
  facet normal 0 0 1
    outer loop
      vertex 61.9545 38.9378 2.2
      vertex 56.932 31.9588 2.2
      vertex 57.5883 32.0652 2.2
    endloop
  endfacet
  facet normal 0 0 1
    outer loop
      vertex 61.9545 38.9378 2.2
      vertex 56.3021 31.8493 2.2
      vertex 56.932 31.9588 2.2
    endloop
  endfacet
  facet normal 0 0 1
    outer loop
      vertex 61.9545 38.9378 2.2
      vertex 55.6988 31.737 2.2
      vertex 56.3021 31.8493 2.2
    endloop
  endfacet
  facet normal -0 0 1
    outer loop
      vertex 47.2746 38.1685 2.2
      vertex 55.6988 31.737 2.2
      vertex 61.9545 38.9378 2.2
    endloop
  endfacet
  facet normal 0 0 1
    outer loop
      vertex 55.6988 31.737 2.2
      vertex 47.2746 38.1685 2.2
      vertex 55.1268 31.6232 2.2
    endloop
  endfacet
  facet normal 0 0 1
    outer loop
      vertex 55.1268 31.6232 2.2
      vertex 47.2746 38.1685 2.2
      vertex 54.5823 31.5076 2.2
    endloop
  endfacet
  facet normal 0 0 1
    outer loop
      vertex 54.5823 31.5076 2.2
      vertex 47.2746 38.1685 2.2
      vertex 54.0673 31.3909 2.2
    endloop
  endfacet
  facet normal 0 0 1
    outer loop
      vertex 54.0673 31.3909 2.2
      vertex 47.2746 38.1685 2.2
      vertex 53.5812 31.2736 2.2
    endloop
  endfacet
  facet normal 0 0 1
    outer loop
      vertex 53.5812 31.2736 2.2
      vertex 47.2746 38.1685 2.2
      vertex 53.1256 31.1562 2.2
    endloop
  endfacet
  facet normal 0 0 1
    outer loop
      vertex 53.1256 31.1562 2.2
      vertex 47.2746 38.1685 2.2
      vertex 52.6991 31.0392 2.2
    endloop
  endfacet
  facet normal 0 0 1
    outer loop
      vertex 52.6991 31.0392 2.2
      vertex 47.2746 38.1685 2.2
      vertex 52.3042 30.9237 2.2
    endloop
  endfacet
  facet normal 0 0 1
    outer loop
      vertex 52.3042 30.9237 2.2
      vertex 47.2746 38.1685 2.2
      vertex 51.9399 30.8097 2.2
    endloop
  endfacet
  facet normal 0 0 1
    outer loop
      vertex 51.9399 30.8097 2.2
      vertex 47.2746 38.1685 2.2
      vertex 51.6082 30.6989 2.2
    endloop
  endfacet
  facet normal 0 0 1
    outer loop
      vertex 51.6082 30.6989 2.2
      vertex 47.2746 38.1685 2.2
      vertex 51.3088 30.5917 2.2
    endloop
  endfacet
  facet normal 0 0 1
    outer loop
      vertex 51.3088 30.5917 2.2
      vertex 47.2746 38.1685 2.2
      vertex 51.0445 30.49 2.2
    endloop
  endfacet
  facet normal 0 0 1
    outer loop
      vertex 51.0445 30.49 2.2
      vertex 47.2746 38.1685 2.2
      vertex 50.8149 30.3947 2.2
    endloop
  endfacet
  facet normal 0 0 1
    outer loop
      vertex 50.8149 30.3947 2.2
      vertex 47.2746 38.1685 2.2
      vertex 50.6227 30.3083 2.2
    endloop
  endfacet
  facet normal 0 0 1
    outer loop
      vertex 50.6227 30.3083 2.2
      vertex 47.2746 38.1685 2.2
      vertex 50.4642 30.2308 2.2
    endloop
  endfacet
  facet normal -0 0 1
    outer loop
      vertex 44.2074 34.1248 2.2
      vertex 50.4642 30.2308 2.2
      vertex 47.2746 38.1685 2.2
    endloop
  endfacet
  facet normal 0 0 1
    outer loop
      vertex 50.4642 30.2308 2.2
      vertex 44.2074 34.1248 2.2
      vertex 50.3204 30.1542 2.2
    endloop
  endfacet
  facet normal 0 0 1
    outer loop
      vertex 50.3204 30.1542 2.2
      vertex 44.2074 34.1248 2.2
      vertex 50.1768 30.072 2.2
    endloop
  endfacet
  facet normal 0 0 1
    outer loop
      vertex 50.1768 30.072 2.2
      vertex 44.2074 34.1248 2.2
      vertex 50.0302 29.9825 2.2
    endloop
  endfacet
  facet normal 0 0 1
    outer loop
      vertex 50.0302 29.9825 2.2
      vertex 44.2074 34.1248 2.2
      vertex 49.8761 29.8833 2.2
    endloop
  endfacet
  facet normal 0 0 1
    outer loop
      vertex 49.8761 29.8833 2.2
      vertex 44.2074 34.1248 2.2
      vertex 49.7111 29.7726 2.2
    endloop
  endfacet
  facet normal 0 0 1
    outer loop
      vertex 49.7111 29.7726 2.2
      vertex 44.2074 34.1248 2.2
      vertex 49.5307 29.6477 2.2
    endloop
  endfacet
  facet normal 0 0 1
    outer loop
      vertex 49.5307 29.6477 2.2
      vertex 44.2074 34.1248 2.2
      vertex 49.3375 29.5114 2.2
    endloop
  endfacet
  facet normal 0 0 1
    outer loop
      vertex 49.3375 29.5114 2.2
      vertex 44.2074 34.1248 2.2
      vertex 49.1192 29.3564 2.2
    endloop
  endfacet
  facet normal 0 0 1
    outer loop
      vertex 49.1192 29.3564 2.2
      vertex 44.2074 34.1248 2.2
      vertex 48.884 29.19 2.2
    endloop
  endfacet
  facet normal 0 0 1
    outer loop
      vertex 48.884 29.19 2.2
      vertex 44.2074 34.1248 2.2
      vertex 48.6264 29.0104 2.2
    endloop
  endfacet
  facet normal 0 0 1
    outer loop
      vertex 48.6264 29.0104 2.2
      vertex 44.2074 34.1248 2.2
      vertex 48.3458 28.8197 2.2
    endloop
  endfacet
  facet normal 0 0 1
    outer loop
      vertex 48.3458 28.8197 2.2
      vertex 44.2074 34.1248 2.2
      vertex 48.0427 28.6205 2.2
    endloop
  endfacet
  facet normal 0 0 1
    outer loop
      vertex 48.0427 28.6205 2.2
      vertex 44.2074 34.1248 2.2
      vertex 47.7157 28.4141 2.2
    endloop
  endfacet
  facet normal 0 0 1
    outer loop
      vertex 47.7157 28.4141 2.2
      vertex 44.2074 34.1248 2.2
      vertex 47.3649 28.2029 2.2
    endloop
  endfacet
  facet normal 0 0 1
    outer loop
      vertex 47.3649 28.2029 2.2
      vertex 44.2074 34.1248 2.2
      vertex 46.9897 27.9884 2.2
    endloop
  endfacet
  facet normal 0 0 1
    outer loop
      vertex 44.2074 34.1248 2.2
      vertex 47.2746 38.1685 2.2
      vertex 46.5053 52.8484 2.2
    endloop
  endfacet
  facet normal 0 0 1
    outer loop
      vertex 44.2074 34.1248 2.2
      vertex 46.5053 52.8484 2.2
      vertex 46.3848 55.1452 2.2
    endloop
  endfacet
  facet normal 0 0 1
    outer loop
      vertex 46.9897 27.9884 2.2
      vertex 44.2074 34.1248 2.2
      vertex 46.5895 27.7722 2.2
    endloop
  endfacet
  facet normal 0 0 1
    outer loop
      vertex 46.5895 27.7722 2.2
      vertex 44.2074 34.1248 2.2
      vertex 46.1637 27.5552 2.2
    endloop
  endfacet
  facet normal 0 0 1
    outer loop
      vertex 44.2074 34.1248 2.2
      vertex 46.3848 55.1452 2.2
      vertex 45.6155 69.8251 2.2
    endloop
  endfacet
  facet normal 0 0 1
    outer loop
      vertex 44.2074 34.1248 2.2
      vertex 45.6155 69.8251 2.2
      vertex 45.4951 72.1219 2.2
    endloop
  endfacet
  facet normal 0 0 1
    outer loop
      vertex 46.1637 27.5552 2.2
      vertex 44.2074 34.1248 2.2
      vertex 45.7108 27.3383 2.2
    endloop
  endfacet
  facet normal 0 0 1
    outer loop
      vertex 44.2074 34.1248 2.2
      vertex 45.4951 72.1219 2.2
      vertex 44.7258 86.8018 2.2
    endloop
  endfacet
  facet normal 0 0 1
    outer loop
      vertex 45.7108 27.3383 2.2
      vertex 44.2074 34.1248 2.2
      vertex 45.2309 27.1225 2.2
    endloop
  endfacet
  facet normal 0 0 1
    outer loop
      vertex 61.0647 55.9145 2.2
      vertex 46.5053 52.8484 2.2
      vertex 61.1852 53.6177 2.2
    endloop
  endfacet
  facet normal 0 -0 1
    outer loop
      vertex 46.5053 52.8484 2.2
      vertex 61.0647 55.9145 2.2
      vertex 46.3848 55.1452 2.2
    endloop
  endfacet
  facet normal 0 0 1
    outer loop
      vertex 60.175 72.8912 2.2
      vertex 45.6155 69.8251 2.2
      vertex 60.2954 70.5944 2.2
    endloop
  endfacet
  facet normal 0 -0 1
    outer loop
      vertex 45.6155 69.8251 2.2
      vertex 60.175 72.8912 2.2
      vertex 45.4951 72.1219 2.2
    endloop
  endfacet
  facet normal 0 0 1
    outer loop
      vertex 59.2853 89.8679 2.2
      vertex 44.7258 86.8018 2.2
      vertex 59.4057 87.5711 2.2
    endloop
  endfacet
  facet normal -0 0 1
    outer loop
      vertex 44.6054 89.0986 2.2
      vertex 44.7258 86.8018 2.2
      vertex 59.2853 89.8679 2.2
    endloop
  endfacet
  facet normal 0 0 1
    outer loop
      vertex 44.2074 34.1248 2.2
      vertex 44.7258 86.8018 2.2
      vertex 44.6054 89.0986 2.2
    endloop
  endfacet
  facet normal 0 0 1
    outer loop
      vertex 45.2309 27.1225 2.2
      vertex 44.2074 34.1248 2.2
      vertex 44.722 26.9078 2.2
    endloop
  endfacet
  facet normal 0 0 1
    outer loop
      vertex 44.2074 34.1248 2.2
      vertex 44.1819 26.6941 2.2
      vertex 44.722 26.9078 2.2
    endloop
  endfacet
  facet normal 0 0 1
    outer loop
      vertex 44.2074 34.1248 2.2
      vertex 43.6093 26.4817 2.2
      vertex 44.1819 26.6941 2.2
    endloop
  endfacet
  facet normal 0 0 1
    outer loop
      vertex 44.2074 34.1248 2.2
      vertex 43.0024 26.2708 2.2
      vertex 43.6093 26.4817 2.2
    endloop
  endfacet
  facet normal 0 0 1
    outer loop
      vertex 44.2074 34.1248 2.2
      vertex 42.3587 26.0608 2.2
      vertex 43.0024 26.2708 2.2
    endloop
  endfacet
  facet normal 0 0 1
    outer loop
      vertex 44.2074 34.1248 2.2
      vertex 41.6756 25.8518 2.2
      vertex 42.3587 26.0608 2.2
    endloop
  endfacet
  facet normal 0 0 1
    outer loop
      vertex 44.2074 34.1248 2.2
      vertex 40.9517 25.6438 2.2
      vertex 41.6756 25.8518 2.2
    endloop
  endfacet
  facet normal 0 0 1
    outer loop
      vertex 44.2074 34.1248 2.2
      vertex 40.1841 25.4365 2.2
      vertex 40.9517 25.6438 2.2
    endloop
  endfacet
  facet normal 0 0 1
    outer loop
      vertex 44.2074 34.1248 2.2
      vertex 39.37 25.2296 2.2
      vertex 40.1841 25.4365 2.2
    endloop
  endfacet
  facet normal 0 0 1
    outer loop
      vertex 44.2074 34.1248 2.2
      vertex 38.5071 25.0232 2.2
      vertex 39.37 25.2296 2.2
    endloop
  endfacet
  facet normal -0 0 1
    outer loop
      vertex 29.5634 32.8436 2.2
      vertex 38.5071 25.0232 2.2
      vertex 44.2074 34.1248 2.2
    endloop
  endfacet
  facet normal 0 0 1
    outer loop
      vertex 38.5071 25.0232 2.2
      vertex 29.5634 32.8436 2.2
      vertex 37.5929 24.8172 2.2
    endloop
  endfacet
  facet normal 0 0 1
    outer loop
      vertex 37.5929 24.8172 2.2
      vertex 29.5634 32.8436 2.2
      vertex 36.625 24.6115 2.2
    endloop
  endfacet
  facet normal 0 0 1
    outer loop
      vertex 36.625 24.6115 2.2
      vertex 29.5634 32.8436 2.2
      vertex 35.6008 24.406 2.2
    endloop
  endfacet
  facet normal 0 0 1
    outer loop
      vertex 35.6008 24.406 2.2
      vertex 29.5634 32.8436 2.2
      vertex 34.5178 24.2007 2.2
    endloop
  endfacet
  facet normal 0 0 1
    outer loop
      vertex 34.5178 24.2007 2.2
      vertex 29.5634 32.8436 2.2
      vertex 33.3733 23.9954 2.2
    endloop
  endfacet
  facet normal 0 0 1
    outer loop
      vertex 33.3733 23.9954 2.2
      vertex 29.5634 32.8436 2.2
      vertex 32.1648 23.7902 2.2
    endloop
  endfacet
  facet normal 0 0 1
    outer loop
      vertex 32.1648 23.7902 2.2
      vertex 29.5634 32.8436 2.2
      vertex 30.8898 23.5851 2.2
    endloop
  endfacet
  facet normal 0 0 1
    outer loop
      vertex 29.5634 32.8436 2.2
      vertex 29.5459 23.3801 2.2
      vertex 30.8898 23.5851 2.2
    endloop
  endfacet
  facet normal 0 0 1
    outer loop
      vertex 28.1306 23.1752 2.2
      vertex 29.5634 32.8436 2.2
      vertex 28.2822 47.4876 2.2
    endloop
  endfacet
  facet normal 0 0 1
    outer loop
      vertex 29.5634 32.8436 2.2
      vertex 28.1306 23.1752 2.2
      vertex 29.5459 23.3801 2.2
    endloop
  endfacet
  facet normal 0 0 1
    outer loop
      vertex 107.966 120.752 2.2
      vertex 105.685 120.452 2.2
      vertex 105.7 120.23 2.2
    endloop
  endfacet
  facet normal 0 0 1
    outer loop
      vertex 106.435 123.403 2.2
      vertex 105.642 120.67 2.2
      vertex 105.685 120.452 2.2
    endloop
  endfacet
  facet normal 0 0 1
    outer loop
      vertex 106.435 123.403 2.2
      vertex 105.571 120.881 2.2
      vertex 105.642 120.67 2.2
    endloop
  endfacet
  facet normal 0 0 1
    outer loop
      vertex 104.85 121.702 2.2
      vertex 106 123.694 2.2
      vertex 105.531 123.926 2.2
    endloop
  endfacet
  facet normal 0 0 1
    outer loop
      vertex 106.435 123.403 2.2
      vertex 105.472 121.08 2.2
      vertex 105.571 120.881 2.2
    endloop
  endfacet
  facet normal 0 0 1
    outer loop
      vertex 106.435 123.403 2.2
      vertex 105.349 121.265 2.2
      vertex 105.472 121.08 2.2
    endloop
  endfacet
  facet normal 0 0 1
    outer loop
      vertex 106.435 123.403 2.2
      vertex 105.202 121.432 2.2
      vertex 105.349 121.265 2.2
    endloop
  endfacet
  facet normal 0 0 1
    outer loop
      vertex 104.651 121.801 2.2
      vertex 105.531 123.926 2.2
      vertex 105.035 124.094 2.2
    endloop
  endfacet
  facet normal 0 0 1
    outer loop
      vertex 106.435 123.403 2.2
      vertex 105.035 121.579 2.2
      vertex 105.202 121.432 2.2
    endloop
  endfacet
  facet normal 0 0 1
    outer loop
      vertex 106 123.694 2.2
      vertex 104.85 121.702 2.2
      vertex 105.035 121.579 2.2
    endloop
  endfacet
  facet normal 0 0 1
    outer loop
      vertex 105.531 123.926 2.2
      vertex 104.651 121.801 2.2
      vertex 104.85 121.702 2.2
    endloop
  endfacet
  facet normal 0 0 1
    outer loop
      vertex 104.44 121.872 2.2
      vertex 105.035 124.094 2.2
      vertex 104.522 124.196 2.2
    endloop
  endfacet
  facet normal 0 0 1
    outer loop
      vertex 105.035 124.094 2.2
      vertex 104.44 121.872 2.2
      vertex 104.651 121.801 2.2
    endloop
  endfacet
  facet normal 0 0 1
    outer loop
      vertex 104.522 124.196 2.2
      vertex 104.222 121.915 2.2
      vertex 104.44 121.872 2.2
    endloop
  endfacet
  facet normal 0 0 1
    outer loop
      vertex 104 124.23 2.2
      vertex 104.222 121.915 2.2
      vertex 104.522 124.196 2.2
    endloop
  endfacet
  facet normal 0 0 1
    outer loop
      vertex 104 124.23 2.2
      vertex 104 121.93 2.2
      vertex 104.222 121.915 2.2
    endloop
  endfacet
  facet normal 0 0 1
    outer loop
      vertex 104 124.23 2.2
      vertex 103.778 121.915 2.2
      vertex 104 121.93 2.2
    endloop
  endfacet
  facet normal -0 0 1
    outer loop
      vertex 103.478 124.196 2.2
      vertex 103.778 121.915 2.2
      vertex 104 124.23 2.2
    endloop
  endfacet
  facet normal 0 0 1
    outer loop
      vertex 103.778 121.915 2.2
      vertex 103.478 124.196 2.2
      vertex 103.56 121.872 2.2
    endloop
  endfacet
  facet normal -0 0 1
    outer loop
      vertex 102.965 124.094 2.2
      vertex 103.56 121.872 2.2
      vertex 103.478 124.196 2.2
    endloop
  endfacet
  facet normal 0 0 1
    outer loop
      vertex 103.56 121.872 2.2
      vertex 102.965 124.094 2.2
      vertex 103.349 121.801 2.2
    endloop
  endfacet
  facet normal -0 0 1
    outer loop
      vertex 102.469 123.926 2.2
      vertex 103.349 121.801 2.2
      vertex 102.965 124.094 2.2
    endloop
  endfacet
  facet normal 0 0 1
    outer loop
      vertex 103.349 121.801 2.2
      vertex 102.469 123.926 2.2
      vertex 103.15 121.702 2.2
    endloop
  endfacet
  facet normal -0 0 1
    outer loop
      vertex 102 123.694 2.2
      vertex 103.15 121.702 2.2
      vertex 102.469 123.926 2.2
    endloop
  endfacet
  facet normal 0 0 1
    outer loop
      vertex 103.15 121.702 2.2
      vertex 102 123.694 2.2
      vertex 102.965 121.579 2.2
    endloop
  endfacet
  facet normal -0 0 1
    outer loop
      vertex 101.565 123.403 2.2
      vertex 102.965 121.579 2.2
      vertex 102 123.694 2.2
    endloop
  endfacet
  facet normal 0 0 1
    outer loop
      vertex 102.965 121.579 2.2
      vertex 101.565 123.403 2.2
      vertex 102.798 121.432 2.2
    endloop
  endfacet
  facet normal -0 0 1
    outer loop
      vertex 101.172 123.058 2.2
      vertex 102.798 121.432 2.2
      vertex 101.565 123.403 2.2
    endloop
  endfacet
  facet normal 0 0 1
    outer loop
      vertex 102.798 121.432 2.2
      vertex 101.172 123.058 2.2
      vertex 102.651 121.265 2.2
    endloop
  endfacet
  facet normal -0 0 1
    outer loop
      vertex 100.827 122.665 2.2
      vertex 102.651 121.265 2.2
      vertex 101.172 123.058 2.2
    endloop
  endfacet
  facet normal 0 0 1
    outer loop
      vertex 102.651 121.265 2.2
      vertex 100.827 122.665 2.2
      vertex 102.528 121.08 2.2
    endloop
  endfacet
  facet normal -0 0 1
    outer loop
      vertex 100.536 122.23 2.2
      vertex 102.528 121.08 2.2
      vertex 100.827 122.665 2.2
    endloop
  endfacet
  facet normal 0 0 1
    outer loop
      vertex 105.7 120.23 2.2
      vertex 108 120.23 2.2
      vertex 107.966 120.752 2.2
    endloop
  endfacet
  facet normal 0 0 1
    outer loop
      vertex 108 120.23 2.2
      vertex 105.7 120.23 2.2
      vertex 107.966 119.708 2.2
    endloop
  endfacet
  facet normal 0 0 1
    outer loop
      vertex 105.685 120.452 2.2
      vertex 107.966 120.752 2.2
      vertex 107.864 121.265 2.2
    endloop
  endfacet
  facet normal -0 0 1
    outer loop
      vertex 105.685 120.008 2.2
      vertex 107.966 119.708 2.2
      vertex 105.7 120.23 2.2
    endloop
  endfacet
  facet normal 0 0 1
    outer loop
      vertex 105.685 120.452 2.2
      vertex 107.864 121.265 2.2
      vertex 107.696 121.761 2.2
    endloop
  endfacet
  facet normal 0 0 1
    outer loop
      vertex 105.685 120.452 2.2
      vertex 107.696 121.761 2.2
      vertex 107.464 122.23 2.2
    endloop
  endfacet
  facet normal 0 0 1
    outer loop
      vertex 105.685 120.452 2.2
      vertex 107.464 122.23 2.2
      vertex 107.173 122.665 2.2
    endloop
  endfacet
  facet normal 0 0 1
    outer loop
      vertex 105.685 120.452 2.2
      vertex 107.173 122.665 2.2
      vertex 106.828 123.058 2.2
    endloop
  endfacet
  facet normal 0 0 1
    outer loop
      vertex 105.685 120.452 2.2
      vertex 106.828 123.058 2.2
      vertex 106.435 123.403 2.2
    endloop
  endfacet
  facet normal 0 0 1
    outer loop
      vertex 105.035 121.579 2.2
      vertex 106.435 123.403 2.2
      vertex 106 123.694 2.2
    endloop
  endfacet
  facet normal 0 0 1
    outer loop
      vertex 107.966 119.708 2.2
      vertex 105.685 120.008 2.2
      vertex 107.939 119.575 2.2
    endloop
  endfacet
  facet normal 0 0 1
    outer loop
      vertex 107.939 119.575 2.2
      vertex 105.685 120.008 2.2
      vertex 105.642 119.79 2.2
    endloop
  endfacet
  facet normal 0 0 1
    outer loop
      vertex 107.939 119.575 2.2
      vertex 105.642 119.79 2.2
      vertex 105.571 119.579 2.2
    endloop
  endfacet
  facet normal 0 0 1
    outer loop
      vertex 105.472 119.38 2.2
      vertex 107.939 119.575 2.2
      vertex 105.571 119.579 2.2
    endloop
  endfacet
  facet normal 0 0 1
    outer loop
      vertex 105.349 119.195 2.2
      vertex 107.939 119.575 2.2
      vertex 105.472 119.38 2.2
    endloop
  endfacet
  facet normal 0 0 1
    outer loop
      vertex 105.202 119.028 2.2
      vertex 107.939 119.575 2.2
      vertex 105.349 119.195 2.2
    endloop
  endfacet
  facet normal 0 0 1
    outer loop
      vertex 107.939 119.575 2.2
      vertex 105.202 119.028 2.2
      vertex 107.939 115.232 2.2
    endloop
  endfacet
  facet normal -0 0 1
    outer loop
      vertex 105.035 118.881 2.2
      vertex 107.939 115.232 2.2
      vertex 105.202 119.028 2.2
    endloop
  endfacet
  facet normal -0 0 1
    outer loop
      vertex 104.85 118.758 2.2
      vertex 107.939 115.232 2.2
      vertex 105.035 118.881 2.2
    endloop
  endfacet
  facet normal -0 0 1
    outer loop
      vertex 104.651 118.659 2.2
      vertex 107.939 115.232 2.2
      vertex 104.85 118.758 2.2
    endloop
  endfacet
  facet normal -0 0 1
    outer loop
      vertex 104.44 118.588 2.2
      vertex 107.939 115.232 2.2
      vertex 104.651 118.659 2.2
    endloop
  endfacet
  facet normal -0 0 1
    outer loop
      vertex 104.222 118.545 2.2
      vertex 107.939 115.232 2.2
      vertex 104.44 118.588 2.2
    endloop
  endfacet
  facet normal -0 0 1
    outer loop
      vertex 104 118.53 2.2
      vertex 107.939 115.232 2.2
      vertex 104.222 118.545 2.2
    endloop
  endfacet
  facet normal 0 0 1
    outer loop
      vertex 103.778 118.545 2.2
      vertex 107.939 115.232 2.2
      vertex 104 118.53 2.2
    endloop
  endfacet
  facet normal 0 0 1
    outer loop
      vertex 103.56 118.588 2.2
      vertex 107.939 115.232 2.2
      vertex 103.778 118.545 2.2
    endloop
  endfacet
  facet normal 0 0 1
    outer loop
      vertex 103.349 118.659 2.2
      vertex 107.939 115.232 2.2
      vertex 103.56 118.588 2.2
    endloop
  endfacet
  facet normal 0 0 1
    outer loop
      vertex 89.85 115.232 2.2
      vertex 103.349 118.659 2.2
      vertex 103.15 118.758 2.2
    endloop
  endfacet
  facet normal 0 0 1
    outer loop
      vertex 100.033 119.726 2.2
      vertex 103.15 118.758 2.2
      vertex 102.965 118.881 2.2
    endloop
  endfacet
  facet normal 0 0 1
    outer loop
      vertex 102.528 121.08 2.2
      vertex 100.536 122.23 2.2
      vertex 102.429 120.881 2.2
    endloop
  endfacet
  facet normal -0 0 1
    outer loop
      vertex 100.304 121.761 2.2
      vertex 102.429 120.881 2.2
      vertex 100.536 122.23 2.2
    endloop
  endfacet
  facet normal 0 0 1
    outer loop
      vertex 102.429 120.881 2.2
      vertex 100.304 121.761 2.2
      vertex 102.358 120.67 2.2
    endloop
  endfacet
  facet normal -0 0 1
    outer loop
      vertex 100.136 121.265 2.2
      vertex 102.358 120.67 2.2
      vertex 100.304 121.761 2.2
    endloop
  endfacet
  facet normal 0 0 1
    outer loop
      vertex 102.358 120.67 2.2
      vertex 100.136 121.265 2.2
      vertex 102.315 120.452 2.2
    endloop
  endfacet
  facet normal -0 0 1
    outer loop
      vertex 100.034 120.752 2.2
      vertex 102.315 120.452 2.2
      vertex 100.136 121.265 2.2
    endloop
  endfacet
  facet normal 0 0 1
    outer loop
      vertex 102.315 120.452 2.2
      vertex 100.034 120.752 2.2
      vertex 102.3 120.23 2.2
    endloop
  endfacet
  facet normal 0 0 1
    outer loop
      vertex 100 120.23 2.2
      vertex 102.3 120.23 2.2
      vertex 100.034 120.752 2.2
    endloop
  endfacet
  facet normal 0 0 1
    outer loop
      vertex 102.3 120.23 2.2
      vertex 100.033 119.726 2.2
      vertex 102.315 120.008 2.2
    endloop
  endfacet
  facet normal 0 0 1
    outer loop
      vertex 102.315 120.008 2.2
      vertex 100.033 119.726 2.2
      vertex 102.358 119.79 2.2
    endloop
  endfacet
  facet normal 0 0 1
    outer loop
      vertex 102.358 119.79 2.2
      vertex 100.033 119.726 2.2
      vertex 102.429 119.579 2.2
    endloop
  endfacet
  facet normal 0 0 1
    outer loop
      vertex 102.429 119.579 2.2
      vertex 100.033 119.726 2.2
      vertex 102.528 119.38 2.2
    endloop
  endfacet
  facet normal 0 0 1
    outer loop
      vertex 102.528 119.38 2.2
      vertex 100.033 119.726 2.2
      vertex 102.651 119.195 2.2
    endloop
  endfacet
  facet normal 0 0 1
    outer loop
      vertex 102.651 119.195 2.2
      vertex 100.033 119.726 2.2
      vertex 102.798 119.028 2.2
    endloop
  endfacet
  facet normal 0 0 1
    outer loop
      vertex 102.798 119.028 2.2
      vertex 100.033 119.726 2.2
      vertex 102.965 118.881 2.2
    endloop
  endfacet
  facet normal 0 0 1
    outer loop
      vertex 103.15 118.758 2.2
      vertex 100.033 119.726 2.2
      vertex 89.85 115.232 2.2
    endloop
  endfacet
  facet normal 0 0 1
    outer loop
      vertex 103.349 118.659 2.2
      vertex 89.85 115.232 2.2
      vertex 107.939 115.232 2.2
    endloop
  endfacet
  facet normal -0 0 1
    outer loop
      vertex 79.9374 108.209 2.2
      vertex 89.85 107.932 2.2
      vertex 89.85 115.232 2.2
    endloop
  endfacet
  facet normal 0 0 1
    outer loop
      vertex 79.9374 93.5093 2.2
      vertex 85.6383 104.93 2.2
      vertex 79.9374 108.209 2.2
    endloop
  endfacet
  facet normal -0 0 1
    outer loop
      vertex 79.9374 91.2093 2.2
      vertex 85.1253 90.2392 2.2
      vertex 79.9374 93.5093 2.2
    endloop
  endfacet
  facet normal 0 0 1
    outer loop
      vertex 85.6383 104.93 2.2
      vertex 79.9374 93.5093 2.2
      vertex 85.1253 90.2392 2.2
    endloop
  endfacet
  facet normal 0 0 1
    outer loop
      vertex 85.045 87.9405 2.2
      vertex 79.9374 76.5093 2.2
      vertex 84.532 73.2495 2.2
    endloop
  endfacet
  facet normal 0 0 1
    outer loop
      vertex 85.1253 90.2392 2.2
      vertex 79.9374 91.2093 2.2
      vertex 85.045 87.9405 2.2
    endloop
  endfacet
  facet normal 0 0 1
    outer loop
      vertex 80.384 32.9126 2.2
      vertex 83.3454 39.2703 2.2
      vertex 83.8584 53.9613 2.2
    endloop
  endfacet
  facet normal 0 0 1
    outer loop
      vertex 79.9374 76.5093 2.2
      vertex 85.045 87.9405 2.2
      vertex 79.9374 91.2093 2.2
    endloop
  endfacet
  facet normal 0 0 1
    outer loop
      vertex 83.3454 39.2703 2.2
      vertex 81.7015 32.8458 2.2
      vertex 83.051 32.7675 2.2
    endloop
  endfacet
  facet normal 0 0 1
    outer loop
      vertex 83.3454 39.2703 2.2
      vertex 80.384 32.9126 2.2
      vertex 81.7015 32.8458 2.2
    endloop
  endfacet
  facet normal 0 0 1
    outer loop
      vertex 83.9387 56.2599 2.2
      vertex 80.384 32.9126 2.2
      vertex 83.8584 53.9613 2.2
    endloop
  endfacet
  facet normal 0 0 1
    outer loop
      vertex 89.85 107.932 2.2
      vertex 79.9374 108.209 2.2
      vertex 85.6383 104.93 2.2
    endloop
  endfacet
  facet normal 0 0 1
    outer loop
      vertex 89.85 115.232 2.2
      vertex 65.2374 108.209 2.2
      vertex 79.9374 108.209 2.2
    endloop
  endfacet
  facet normal -0 0 1
    outer loop
      vertex 50.6106 119.726 2.2
      vertex 89.85 115.232 2.2
      vertex 100.033 119.726 2.2
    endloop
  endfacet
  facet normal -0 0 1
    outer loop
      vertex 58.516 104.548 2.2
      vertex 65.2374 93.5093 2.2
      vertex 65.2374 108.209 2.2
    endloop
  endfacet
  facet normal 0 -0 1
    outer loop
      vertex 59.2853 89.8679 2.2
      vertex 65.2374 93.5093 2.2
      vertex 58.516 104.548 2.2
    endloop
  endfacet
  facet normal 0 -0 1
    outer loop
      vertex 59.4057 87.5711 2.2
      vertex 65.2374 91.2093 2.2
      vertex 59.2853 89.8679 2.2
    endloop
  endfacet
  facet normal 0 0 1
    outer loop
      vertex 65.2374 91.2093 2.2
      vertex 59.4057 87.5711 2.2
      vertex 65.2374 76.5093 2.2
    endloop
  endfacet
  facet normal 0 0 1
    outer loop
      vertex 65.2374 76.5093 2.2
      vertex 60.175 72.8912 2.2
      vertex 65.2374 74.2093 2.2
    endloop
  endfacet
  facet normal 0 0 1
    outer loop
      vertex 65.2374 74.2093 2.2
      vertex 60.2954 70.5944 2.2
      vertex 65.2374 59.5093 2.2
    endloop
  endfacet
  facet normal 0 0 1
    outer loop
      vertex 65.2374 59.5093 2.2
      vertex 61.0647 55.9145 2.2
      vertex 65.2374 57.2093 2.2
    endloop
  endfacet
  facet normal 0 0 1
    outer loop
      vertex 65.2374 57.2093 2.2
      vertex 61.1852 53.6177 2.2
      vertex 65.2374 42.5093 2.2
    endloop
  endfacet
  facet normal 0 -0 1
    outer loop
      vertex 61.9545 38.9378 2.2
      vertex 65.2374 42.5093 2.2
      vertex 61.1852 53.6177 2.2
    endloop
  endfacet
  facet normal 0 0 1
    outer loop
      vertex 64.7736 32.8365 2.2
      vertex 61.9545 38.9378 2.2
      vertex 63.8638 32.7719 2.2
    endloop
  endfacet
  facet normal 0 0 1
    outer loop
      vertex 62.9833 32.7014 2.2
      vertex 61.9545 38.9378 2.2
      vertex 62.1302 32.625 2.2
    endloop
  endfacet
  facet normal 0 0 1
    outer loop
      vertex 63.8638 32.7719 2.2
      vertex 61.9545 38.9378 2.2
      vertex 62.9833 32.7014 2.2
    endloop
  endfacet
  facet normal 0 0 1
    outer loop
      vertex 65.7096 32.8947 2.2
      vertex 61.9545 38.9378 2.2
      vertex 64.7736 32.8365 2.2
    endloop
  endfacet
  facet normal 0 -0 1
    outer loop
      vertex 61.1852 53.6177 2.2
      vertex 65.2374 57.2093 2.2
      vertex 61.0647 55.9145 2.2
    endloop
  endfacet
  facet normal 0 -0 1
    outer loop
      vertex 61.0647 55.9145 2.2
      vertex 65.2374 59.5093 2.2
      vertex 60.2954 70.5944 2.2
    endloop
  endfacet
  facet normal 0 -0 1
    outer loop
      vertex 60.2954 70.5944 2.2
      vertex 65.2374 74.2093 2.2
      vertex 60.175 72.8912 2.2
    endloop
  endfacet
  facet normal 0 -0 1
    outer loop
      vertex 60.175 72.8912 2.2
      vertex 65.2374 76.5093 2.2
      vertex 59.4057 87.5711 2.2
    endloop
  endfacet
  facet normal 0 0 1
    outer loop
      vertex 65.2374 93.5093 2.2
      vertex 59.2853 89.8679 2.2
      vertex 65.2374 91.2093 2.2
    endloop
  endfacet
  facet normal 0 0 1
    outer loop
      vertex 89.85 115.232 2.2
      vertex 50.6106 119.726 2.2
      vertex 65.2374 108.209 2.2
    endloop
  endfacet
  facet normal 0 0 1
    outer loop
      vertex 50.6106 119.726 2.2
      vertex 58.516 104.548 2.2
      vertex 65.2374 108.209 2.2
    endloop
  endfacet
  facet normal 0 0 1
    outer loop
      vertex 40.9268 127.695 2.2
      vertex 47.6106 132.459 2.2
      vertex 45.4672 132.459 2.2
    endloop
  endfacet
  facet normal 0 0 1
    outer loop
      vertex 43.1855 132.738 2.2
      vertex 45.4658 133.482 2.2
      vertex 45.3637 133.995 2.2
    endloop
  endfacet
  facet normal 0 0 1
    outer loop
      vertex 43.1855 132.738 2.2
      vertex 45.3637 133.995 2.2
      vertex 45.1955 134.491 2.2
    endloop
  endfacet
  facet normal 0 0 1
    outer loop
      vertex 43.1855 132.738 2.2
      vertex 45.1955 134.491 2.2
      vertex 44.9641 134.96 2.2
    endloop
  endfacet
  facet normal 0 0 1
    outer loop
      vertex 43.1855 132.738 2.2
      vertex 44.9641 134.96 2.2
      vertex 44.6734 135.395 2.2
    endloop
  endfacet
  facet normal 0 0 1
    outer loop
      vertex 43.1855 132.738 2.2
      vertex 44.6734 135.395 2.2
      vertex 44.3284 135.788 2.2
    endloop
  endfacet
  facet normal 0 0 1
    outer loop
      vertex 43.1855 132.738 2.2
      vertex 44.3284 135.788 2.2
      vertex 43.935 136.133 2.2
    endloop
  endfacet
  facet normal 0 0 1
    outer loop
      vertex 43.1855 132.738 2.2
      vertex 43.935 136.133 2.2
      vertex 43.5 136.424 2.2
    endloop
  endfacet
  facet normal -0 0 1
    outer loop
      vertex 42.8007 106.277 2.2
      vertex 58.516 104.548 2.2
      vertex 50.6106 119.726 2.2
    endloop
  endfacet
  facet normal 0 0 1
    outer loop
      vertex 45.5 132.96 2.2
      vertex 43.1855 132.738 2.2
      vertex 45.4672 132.459 2.2
    endloop
  endfacet
  facet normal -0 0 1
    outer loop
      vertex 43.1421 132.52 2.2
      vertex 45.4672 132.459 2.2
      vertex 43.1855 132.738 2.2
    endloop
  endfacet
  facet normal -0 0 1
    outer loop
      vertex 100.329 104.417 2.2
      vertex 107.939 99.5817 2.2
      vertex 107.939 107.932 2.2
    endloop
  endfacet
  facet normal 0 0 1
    outer loop
      vertex 99.736 87.4275 2.2
      vertex 103.935 92.406 2.2
      vertex 99.8163 89.7262 2.2
    endloop
  endfacet
  facet normal 0 0 1
    outer loop
      vertex 99.223 72.7365 2.2
      vertex 103.166 77.7261 2.2
      vertex 99.736 87.4275 2.2
    endloop
  endfacet
  facet normal 0 0 1
    outer loop
      vertex 103.935 92.406 2.2
      vertex 99.736 87.4275 2.2
      vertex 103.166 77.7261 2.2
    endloop
  endfacet
  facet normal 0 0 1
    outer loop
      vertex 99.8163 89.7262 2.2
      vertex 103.935 92.406 2.2
      vertex 100.329 104.417 2.2
    endloop
  endfacet
  facet normal 0 0 1
    outer loop
      vertex 107.939 99.5817 2.2
      vertex 100.329 104.417 2.2
      vertex 103.935 92.406 2.2
    endloop
  endfacet
  facet normal -0 0 1
    outer loop
      vertex 89.85 107.932 2.2
      vertex 100.329 104.417 2.2
      vertex 107.939 107.932 2.2
    endloop
  endfacet
  facet normal 0 0 1
    outer loop
      vertex 100.329 104.417 2.2
      vertex 89.85 107.932 2.2
      vertex 85.6383 104.93 2.2
    endloop
  endfacet
  facet normal 0 0 1
    outer loop
      vertex 102.617 39.1029 2.2
      vertex 115.417 30.6929 2.2
      vertex 116.675 34.805 2.2
    endloop
  endfacet
  facet normal 0 0 1
    outer loop
      vertex 102.617 39.1029 2.2
      vertex 101.36 34.9908 2.2
      vertex 115.417 30.6929 2.2
    endloop
  endfacet
  facet normal 0 0 1
    outer loop
      vertex 101.36 34.9908 2.2
      vertex 102.617 39.1029 2.2
      vertex 102.276 60.7494 2.2
    endloop
  endfacet
  facet normal -0 0 1
    outer loop
      vertex 116.279 99.1447 2.2
      vertex 118.618 99 2.2
      vertex 118.575 99.2181 2.2
    endloop
  endfacet
  facet normal 0 0 1
    outer loop
      vertex 116.279 99.1447 2.2
      vertex 118.575 99.2181 2.2
      vertex 118.56 99.44 2.2
    endloop
  endfacet
  facet normal 0 0 1
    outer loop
      vertex 118.788 100.29 2.2
      vertex 116.796 101.44 2.2
      vertex 118.689 100.091 2.2
    endloop
  endfacet
  facet normal -0 0 1
    outer loop
      vertex 116.564 100.971 2.2
      vertex 118.689 100.091 2.2
      vertex 116.796 101.44 2.2
    endloop
  endfacet
  facet normal 0 0 1
    outer loop
      vertex 118.689 100.091 2.2
      vertex 116.564 100.971 2.2
      vertex 118.618 99.88 2.2
    endloop
  endfacet
  facet normal -0 0 1
    outer loop
      vertex 116.396 100.475 2.2
      vertex 118.618 99.88 2.2
      vertex 116.564 100.971 2.2
    endloop
  endfacet
  facet normal 0 0 1
    outer loop
      vertex 118.618 99.88 2.2
      vertex 116.396 100.475 2.2
      vertex 118.575 99.6619 2.2
    endloop
  endfacet
  facet normal -0 0 1
    outer loop
      vertex 116.294 99.9621 2.2
      vertex 118.575 99.6619 2.2
      vertex 116.396 100.475 2.2
    endloop
  endfacet
  facet normal 0 0 1
    outer loop
      vertex 118.575 99.6619 2.2
      vertex 116.294 99.9621 2.2
      vertex 118.56 99.44 2.2
    endloop
  endfacet
  facet normal 0 0 1
    outer loop
      vertex 116.26 99.44 2.2
      vertex 118.56 99.44 2.2
      vertex 116.294 99.9621 2.2
    endloop
  endfacet
  facet normal 0 0 1
    outer loop
      vertex 118.618 99 2.2
      vertex 116.279 99.1447 2.2
      vertex 118.615 91.6367 2.2
    endloop
  endfacet
  facet normal 0 0 1
    outer loop
      vertex 107.939 99.5817 2.2
      vertex 118.615 91.6367 2.2
      vertex 116.279 99.1447 2.2
    endloop
  endfacet
  facet normal 0 0 1
    outer loop
      vertex 118.615 91.6367 2.2
      vertex 107.939 99.5817 2.2
      vertex 103.935 92.406 2.2
    endloop
  endfacet
  facet normal 0 0 1
    outer loop
      vertex 117.725 74.66 2.2
      vertex 126.576 93.9377 2.2
      vertex 117.846 76.9568 2.2
    endloop
  endfacet
  facet normal 0 0 1
    outer loop
      vertex 118.615 91.6367 2.2
      vertex 120.911 97.8694 2.2
      vertex 120.7 97.7979 2.2
    endloop
  endfacet
  facet normal 0 0 1
    outer loop
      vertex 118.615 91.6367 2.2
      vertex 120.7 97.7979 2.2
      vertex 120.482 97.7545 2.2
    endloop
  endfacet
  facet normal 0 0 1
    outer loop
      vertex 118.615 91.6367 2.2
      vertex 120.482 97.7545 2.2
      vertex 120.26 97.74 2.2
    endloop
  endfacet
  facet normal 0 0 1
    outer loop
      vertex 118.615 91.6367 2.2
      vertex 120.26 97.74 2.2
      vertex 120.038 97.7545 2.2
    endloop
  endfacet
  facet normal 0 0 1
    outer loop
      vertex 118.615 91.6367 2.2
      vertex 120.038 97.7545 2.2
      vertex 119.82 97.7979 2.2
    endloop
  endfacet
  facet normal 0 0 1
    outer loop
      vertex 118.615 91.6367 2.2
      vertex 119.82 97.7979 2.2
      vertex 119.609 97.8694 2.2
    endloop
  endfacet
  facet normal 0 0 1
    outer loop
      vertex 118.615 91.6367 2.2
      vertex 119.609 97.8694 2.2
      vertex 119.41 97.9678 2.2
    endloop
  endfacet
  facet normal 0 0 1
    outer loop
      vertex 118.615 91.6367 2.2
      vertex 119.41 97.9678 2.2
      vertex 119.225 98.0913 2.2
    endloop
  endfacet
  facet normal 0 0 1
    outer loop
      vertex 118.615 91.6367 2.2
      vertex 119.225 98.0913 2.2
      vertex 119.058 98.2379 2.2
    endloop
  endfacet
  facet normal 0 0 1
    outer loop
      vertex 118.615 91.6367 2.2
      vertex 119.058 98.2379 2.2
      vertex 118.911 98.4051 2.2
    endloop
  endfacet
  facet normal 0 0 1
    outer loop
      vertex 118.615 91.6367 2.2
      vertex 118.911 98.4051 2.2
      vertex 118.788 98.59 2.2
    endloop
  endfacet
  facet normal 0 0 1
    outer loop
      vertex 118.615 91.6367 2.2
      vertex 118.788 98.59 2.2
      vertex 118.689 98.7894 2.2
    endloop
  endfacet
  facet normal 0 0 1
    outer loop
      vertex 118.615 91.6367 2.2
      vertex 118.689 98.7894 2.2
      vertex 118.618 99 2.2
    endloop
  endfacet
  facet normal 0 0 1
    outer loop
      vertex 126.576 93.9377 2.2
      vertex 118.615 91.6367 2.2
      vertex 117.846 76.9568 2.2
    endloop
  endfacet
  facet normal 0 0 1
    outer loop
      vertex 126.576 93.9377 2.2
      vertex 117.725 74.66 2.2
      vertex 124.768 55.139 2.2
    endloop
  endfacet
  facet normal -0 0 1
    outer loop
      vertex 116.956 59.9801 2.2
      vertex 124.768 55.139 2.2
      vertex 117.725 74.66 2.2
    endloop
  endfacet
  facet normal 0 0 1
    outer loop
      vertex 124.768 55.139 2.2
      vertex 116.956 59.9801 2.2
      vertex 120.973 48.8627 2.2
    endloop
  endfacet
  facet normal 0 0 1
    outer loop
      vertex 116.956 59.9801 2.2
      vertex 106.915 53.1606 2.2
      vertex 120.973 48.8627 2.2
    endloop
  endfacet
  facet normal 0 0 1
    outer loop
      vertex 106.915 53.1606 2.2
      vertex 102.276 60.7494 2.2
      vertex 102.617 39.1029 2.2
    endloop
  endfacet
  facet normal 0 0 1
    outer loop
      vertex 102.276 60.7494 2.2
      vertex 106.915 53.1606 2.2
      vertex 116.956 59.9801 2.2
    endloop
  endfacet
  facet normal 0 0 1
    outer loop
      vertex 124.226 99.9621 2.2
      vertex 121.945 99.6619 2.2
      vertex 121.96 99.44 2.2
    endloop
  endfacet
  facet normal 0 0 1
    outer loop
      vertex 122.695 102.613 2.2
      vertex 121.902 99.88 2.2
      vertex 121.945 99.6619 2.2
    endloop
  endfacet
  facet normal 0 0 1
    outer loop
      vertex 122.695 102.613 2.2
      vertex 121.831 100.091 2.2
      vertex 121.902 99.88 2.2
    endloop
  endfacet
  facet normal 0 0 1
    outer loop
      vertex 121.11 100.912 2.2
      vertex 122.26 102.904 2.2
      vertex 121.791 103.136 2.2
    endloop
  endfacet
  facet normal 0 0 1
    outer loop
      vertex 122.695 102.613 2.2
      vertex 121.732 100.29 2.2
      vertex 121.831 100.091 2.2
    endloop
  endfacet
  facet normal 0 0 1
    outer loop
      vertex 122.695 102.613 2.2
      vertex 121.609 100.475 2.2
      vertex 121.732 100.29 2.2
    endloop
  endfacet
  facet normal 0 0 1
    outer loop
      vertex 122.695 102.613 2.2
      vertex 121.462 100.642 2.2
      vertex 121.609 100.475 2.2
    endloop
  endfacet
  facet normal 0 0 1
    outer loop
      vertex 120.911 101.011 2.2
      vertex 121.791 103.136 2.2
      vertex 121.295 103.304 2.2
    endloop
  endfacet
  facet normal 0 0 1
    outer loop
      vertex 122.695 102.613 2.2
      vertex 121.295 100.789 2.2
      vertex 121.462 100.642 2.2
    endloop
  endfacet
  facet normal 0 0 1
    outer loop
      vertex 122.26 102.904 2.2
      vertex 121.11 100.912 2.2
      vertex 121.295 100.789 2.2
    endloop
  endfacet
  facet normal 0 0 1
    outer loop
      vertex 121.791 103.136 2.2
      vertex 120.911 101.011 2.2
      vertex 121.11 100.912 2.2
    endloop
  endfacet
  facet normal 0 0 1
    outer loop
      vertex 120.7 101.082 2.2
      vertex 121.295 103.304 2.2
      vertex 120.782 103.406 2.2
    endloop
  endfacet
  facet normal 0 0 1
    outer loop
      vertex 121.295 103.304 2.2
      vertex 120.7 101.082 2.2
      vertex 120.911 101.011 2.2
    endloop
  endfacet
  facet normal 0 0 1
    outer loop
      vertex 120.782 103.406 2.2
      vertex 120.482 101.125 2.2
      vertex 120.7 101.082 2.2
    endloop
  endfacet
  facet normal 0 0 1
    outer loop
      vertex 120.26 103.44 2.2
      vertex 120.482 101.125 2.2
      vertex 120.782 103.406 2.2
    endloop
  endfacet
  facet normal 0 0 1
    outer loop
      vertex 120.26 103.44 2.2
      vertex 120.26 101.14 2.2
      vertex 120.482 101.125 2.2
    endloop
  endfacet
  facet normal 0 0 1
    outer loop
      vertex 120.26 103.44 2.2
      vertex 120.038 101.125 2.2
      vertex 120.26 101.14 2.2
    endloop
  endfacet
  facet normal -0 0 1
    outer loop
      vertex 119.738 103.406 2.2
      vertex 120.038 101.125 2.2
      vertex 120.26 103.44 2.2
    endloop
  endfacet
  facet normal 0 0 1
    outer loop
      vertex 120.038 101.125 2.2
      vertex 119.738 103.406 2.2
      vertex 119.82 101.082 2.2
    endloop
  endfacet
  facet normal -0 0 1
    outer loop
      vertex 119.225 103.304 2.2
      vertex 119.82 101.082 2.2
      vertex 119.738 103.406 2.2
    endloop
  endfacet
  facet normal 0 0 1
    outer loop
      vertex 119.82 101.082 2.2
      vertex 119.225 103.304 2.2
      vertex 119.609 101.011 2.2
    endloop
  endfacet
  facet normal -0 0 1
    outer loop
      vertex 118.729 103.136 2.2
      vertex 119.609 101.011 2.2
      vertex 119.225 103.304 2.2
    endloop
  endfacet
  facet normal 0 0 1
    outer loop
      vertex 119.609 101.011 2.2
      vertex 118.729 103.136 2.2
      vertex 119.41 100.912 2.2
    endloop
  endfacet
  facet normal -0 0 1
    outer loop
      vertex 118.26 102.904 2.2
      vertex 119.41 100.912 2.2
      vertex 118.729 103.136 2.2
    endloop
  endfacet
  facet normal 0 0 1
    outer loop
      vertex 119.41 100.912 2.2
      vertex 118.26 102.904 2.2
      vertex 119.225 100.789 2.2
    endloop
  endfacet
  facet normal -0 0 1
    outer loop
      vertex 117.825 102.613 2.2
      vertex 119.225 100.789 2.2
      vertex 118.26 102.904 2.2
    endloop
  endfacet
  facet normal 0 0 1
    outer loop
      vertex 119.225 100.789 2.2
      vertex 117.825 102.613 2.2
      vertex 119.058 100.642 2.2
    endloop
  endfacet
  facet normal -0 0 1
    outer loop
      vertex 117.432 102.268 2.2
      vertex 119.058 100.642 2.2
      vertex 117.825 102.613 2.2
    endloop
  endfacet
  facet normal 0 0 1
    outer loop
      vertex 119.058 100.642 2.2
      vertex 117.432 102.268 2.2
      vertex 118.911 100.475 2.2
    endloop
  endfacet
  facet normal -0 0 1
    outer loop
      vertex 117.087 101.875 2.2
      vertex 118.911 100.475 2.2
      vertex 117.432 102.268 2.2
    endloop
  endfacet
  facet normal 0 0 1
    outer loop
      vertex 118.911 100.475 2.2
      vertex 117.087 101.875 2.2
      vertex 118.788 100.29 2.2
    endloop
  endfacet
  facet normal -0 0 1
    outer loop
      vertex 116.796 101.44 2.2
      vertex 118.788 100.29 2.2
      vertex 117.087 101.875 2.2
    endloop
  endfacet
  facet normal 0 0 1
    outer loop
      vertex 121.253 33.6662 2.2
      vertex 133.752 24.8146 2.2
      vertex 135.152 28.8803 2.2
    endloop
  endfacet
  facet normal 0 0 1
    outer loop
      vertex 126.039 47.5653 2.2
      vertex 120.973 48.8627 2.2
      vertex 121.253 33.6662 2.2
    endloop
  endfacet
  facet normal 0 0 1
    outer loop
      vertex 121.253 33.6662 2.2
      vertex 119.853 29.6005 2.2
      vertex 133.752 24.8146 2.2
    endloop
  endfacet
  facet normal -0 0 1
    outer loop
      vertex 116.675 34.805 2.2
      vertex 121.253 33.6662 2.2
      vertex 120.973 48.8627 2.2
    endloop
  endfacet
  facet normal 0 0 1
    outer loop
      vertex 121.253 33.6662 2.2
      vertex 116.675 34.805 2.2
      vertex 119.853 29.6005 2.2
    endloop
  endfacet
  facet normal -0 0 1
    outer loop
      vertex 115.417 30.6929 2.2
      vertex 119.853 29.6005 2.2
      vertex 116.675 34.805 2.2
    endloop
  endfacet
  facet normal 0 0 1
    outer loop
      vertex 115.417 30.6929 2.2
      vertex 115.067 15.7014 2.2
      vertex 119.853 29.6005 2.2
    endloop
  endfacet
  facet normal 0 -0 1
    outer loop
      vertex 115.067 15.7014 2.2
      vertex 115.417 30.6929 2.2
      vertex 111.12 16.6352 2.2
    endloop
  endfacet
  facet normal 0 0 1
    outer loop
      vertex 146.795 -3.9781 2.2
      vertex 144.514 -3.67789 2.2
      vertex 146.78 -4.2 2.2
    endloop
  endfacet
  facet normal 0 0 1
    outer loop
      vertex 146.78 -4.2 2.2
      vertex 144.616 -5.23528 2.2
      vertex 144.784 -5.73073 2.2
    endloop
  endfacet
  facet normal 0 0 1
    outer loop
      vertex 144.48 -4.2 2.2
      vertex 146.78 -4.2 2.2
      vertex 144.514 -3.67789 2.2
    endloop
  endfacet
  facet normal 0 0 1
    outer loop
      vertex 146.78 -4.2 2.2
      vertex 144.514 -4.7221 2.2
      vertex 144.616 -5.23528 2.2
    endloop
  endfacet
  facet normal 0 0 1
    outer loop
      vertex 146.78 -4.2 2.2
      vertex 144.48 -4.2 2.2
      vertex 144.514 -4.7221 2.2
    endloop
  endfacet
  facet normal 0 0 1
    outer loop
      vertex 139.938 42.7794 2.2
      vertex 139.687 27.5824 2.2
      vertex 144.955 41.306 2.2
    endloop
  endfacet
  facet normal -0 0 1
    outer loop
      vertex 135.152 28.8803 2.2
      vertex 139.687 27.5824 2.2
      vertex 139.938 42.7794 2.2
    endloop
  endfacet
  facet normal 0 0 1
    outer loop
      vertex 139.687 27.5824 2.2
      vertex 135.152 28.8803 2.2
      vertex 138.146 23.568 2.2
    endloop
  endfacet
  facet normal -0 0 1
    outer loop
      vertex 133.752 24.8146 2.2
      vertex 138.146 23.568 2.2
      vertex 135.152 28.8803 2.2
    endloop
  endfacet
  facet normal 0 0 1
    outer loop
      vertex 133.752 24.8146 2.2
      vertex 132.878 9.84439 2.2
      vertex 138.146 23.568 2.2
    endloop
  endfacet
  facet normal 0 -0 1
    outer loop
      vertex 132.878 9.84439 2.2
      vertex 133.752 24.8146 2.2
      vertex 128.966 10.9155 2.2
    endloop
  endfacet
  facet normal 0 0 1
    outer loop
      vertex 164.193 41.8149 2.2
      vertex 144.955 41.306 2.2
      vertex 158.679 36.038 2.2
    endloop
  endfacet
  facet normal 0 0 1
    outer loop
      vertex 124.768 55.139 2.2
      vertex 144.955 41.306 2.2
      vertex 164.193 41.8149 2.2
    endloop
  endfacet
  facet normal 0 0 1
    outer loop
      vertex 144.955 41.306 2.2
      vertex 124.768 55.139 2.2
      vertex 139.938 42.7794 2.2
    endloop
  endfacet
  facet normal 0 0 1
    outer loop
      vertex 139.938 42.7794 2.2
      vertex 124.768 55.139 2.2
      vertex 126.039 47.5653 2.2
    endloop
  endfacet
  facet normal -0 0 1
    outer loop
      vertex 121.11 97.9678 2.2
      vertex 124.695 97.9096 2.2
      vertex 124.567 98.0018 2.2
    endloop
  endfacet
  facet normal 0 0 1
    outer loop
      vertex 121.11 97.9678 2.2
      vertex 124.567 98.0018 2.2
      vertex 124.439 98.0875 2.2
    endloop
  endfacet
  facet normal -0 0 1
    outer loop
      vertex 121.295 98.0913 2.2
      vertex 124.439 98.0875 2.2
      vertex 124.31 98.169 2.2
    endloop
  endfacet
  facet normal 0 0 1
    outer loop
      vertex 121.295 98.0913 2.2
      vertex 124.31 98.169 2.2
      vertex 124.178 98.2451 2.2
    endloop
  endfacet
  facet normal 0 0 1
    outer loop
      vertex 121.295 98.0913 2.2
      vertex 124.178 98.2451 2.2
      vertex 124.086 98.2948 2.2
    endloop
  endfacet
  facet normal 0 0 1
    outer loop
      vertex 124.226 98.9179 2.2
      vertex 121.945 99.2181 2.2
      vertex 124.124 98.4047 2.2
    endloop
  endfacet
  facet normal 0 0 1
    outer loop
      vertex 121.945 99.6619 2.2
      vertex 123.956 100.971 2.2
      vertex 123.724 101.44 2.2
    endloop
  endfacet
  facet normal 0 0 1
    outer loop
      vertex 121.945 99.6619 2.2
      vertex 123.724 101.44 2.2
      vertex 123.433 101.875 2.2
    endloop
  endfacet
  facet normal 0 0 1
    outer loop
      vertex 121.945 99.6619 2.2
      vertex 123.433 101.875 2.2
      vertex 123.088 102.268 2.2
    endloop
  endfacet
  facet normal 0 0 1
    outer loop
      vertex 121.945 99.6619 2.2
      vertex 123.088 102.268 2.2
      vertex 122.695 102.613 2.2
    endloop
  endfacet
  facet normal 0 0 1
    outer loop
      vertex 121.295 100.789 2.2
      vertex 122.695 102.613 2.2
      vertex 122.26 102.904 2.2
    endloop
  endfacet
  facet normal -0 0 1
    outer loop
      vertex 121.902 99 2.2
      vertex 124.124 98.4047 2.2
      vertex 121.945 99.2181 2.2
    endloop
  endfacet
  facet normal 0 0 1
    outer loop
      vertex 124.124 98.4047 2.2
      vertex 121.902 99 2.2
      vertex 124.086 98.2948 2.2
    endloop
  endfacet
  facet normal 0 0 1
    outer loop
      vertex 124.086 98.2948 2.2
      vertex 121.902 99 2.2
      vertex 121.831 98.7894 2.2
    endloop
  endfacet
  facet normal 0 0 1
    outer loop
      vertex 124.086 98.2948 2.2
      vertex 121.831 98.7894 2.2
      vertex 121.732 98.59 2.2
    endloop
  endfacet
  facet normal 0 0 1
    outer loop
      vertex 124.086 98.2948 2.2
      vertex 121.732 98.59 2.2
      vertex 121.609 98.4051 2.2
    endloop
  endfacet
  facet normal 0 0 1
    outer loop
      vertex 121.462 98.2379 2.2
      vertex 124.086 98.2948 2.2
      vertex 121.609 98.4051 2.2
    endloop
  endfacet
  facet normal 0 0 1
    outer loop
      vertex 121.295 98.0913 2.2
      vertex 124.086 98.2948 2.2
      vertex 121.462 98.2379 2.2
    endloop
  endfacet
  facet normal 0 0 1
    outer loop
      vertex 124.439 98.0875 2.2
      vertex 121.295 98.0913 2.2
      vertex 121.11 97.9678 2.2
    endloop
  endfacet
  facet normal -0 0 1
    outer loop
      vertex 120.973 48.8627 2.2
      vertex 126.039 47.5653 2.2
      vertex 124.768 55.139 2.2
    endloop
  endfacet
  facet normal 0 0 1
    outer loop
      vertex 126.567 94.5111 2.2
      vertex 120.911 97.8694 2.2
      vertex 126.576 93.9377 2.2
    endloop
  endfacet
  facet normal 0 0 1
    outer loop
      vertex 126.576 93.9377 2.2
      vertex 120.911 97.8694 2.2
      vertex 118.615 91.6367 2.2
    endloop
  endfacet
  facet normal 0 0 1
    outer loop
      vertex 152.446 -3.67789 2.2
      vertex 152.446 -4.7221 2.2
      vertex 152.48 -4.2 2.2
    endloop
  endfacet
  facet normal 0 0 1
    outer loop
      vertex 152.344 -3.16472 2.2
      vertex 152.446 -4.7221 2.2
      vertex 152.446 -3.67789 2.2
    endloop
  endfacet
  facet normal 0 0 1
    outer loop
      vertex 152.344 -3.16472 2.2
      vertex 152.344 -5.23528 2.2
      vertex 152.446 -4.7221 2.2
    endloop
  endfacet
  facet normal 0 0 1
    outer loop
      vertex 152.176 -2.66927 2.2
      vertex 152.344 -5.23528 2.2
      vertex 152.344 -3.16472 2.2
    endloop
  endfacet
  facet normal 0 0 1
    outer loop
      vertex 152.176 -2.66927 2.2
      vertex 152.176 -5.73073 2.2
      vertex 152.344 -5.23528 2.2
    endloop
  endfacet
  facet normal 0 0 1
    outer loop
      vertex 151.969 -2.2508 2.2
      vertex 152.176 -5.73073 2.2
      vertex 152.176 -2.66927 2.2
    endloop
  endfacet
  facet normal 0 0 1
    outer loop
      vertex 152.176 -5.73073 2.2
      vertex 151.969 -2.2508 2.2
      vertex 151.944 -6.2 2.2
    endloop
  endfacet
  facet normal 0 0 1
    outer loop
      vertex 151.969 -2.2508 2.2
      vertex 151.653 -6.63505 2.2
      vertex 151.944 -6.2 2.2
    endloop
  endfacet
  facet normal 0 -0 1
    outer loop
      vertex 150.122 -3.76001 2.2
      vertex 151.969 -2.2508 2.2
      vertex 150.051 -3.54944 2.2
    endloop
  endfacet
  facet normal 0 -0 1
    outer loop
      vertex 150.18 -4.2 2.2
      vertex 151.969 -2.2508 2.2
      vertex 150.165 -3.9781 2.2
    endloop
  endfacet
  facet normal 0 0 1
    outer loop
      vertex 151.969 -2.2508 2.2
      vertex 150.165 -4.42189 2.2
      vertex 151.653 -6.63505 2.2
    endloop
  endfacet
  facet normal -0 0 1
    outer loop
      vertex 150.051 -4.85056 2.2
      vertex 151.653 -6.63505 2.2
      vertex 150.122 -4.63999 2.2
    endloop
  endfacet
  facet normal -0 0 1
    outer loop
      vertex 150.122 -4.63999 2.2
      vertex 151.653 -6.63505 2.2
      vertex 150.165 -4.42189 2.2
    endloop
  endfacet
  facet normal 0 0 1
    outer loop
      vertex 150.165 -4.42189 2.2
      vertex 151.969 -2.2508 2.2
      vertex 150.18 -4.2 2.2
    endloop
  endfacet
  facet normal 0 -0 1
    outer loop
      vertex 150.165 -3.9781 2.2
      vertex 151.969 -2.2508 2.2
      vertex 150.122 -3.76001 2.2
    endloop
  endfacet
  facet normal 0 0 1
    outer loop
      vertex 151.969 -2.2508 2.2
      vertex 149.952 -3.35 2.2
      vertex 150.051 -3.54944 2.2
    endloop
  endfacet
  facet normal 0 0 1
    outer loop
      vertex 151.969 -2.2508 2.2
      vertex 149.829 -3.1651 2.2
      vertex 149.952 -3.35 2.2
    endloop
  endfacet
  facet normal 0 0 1
    outer loop
      vertex 152.777 -1.10541 2.2
      vertex 149.131 -2.6294 2.2
      vertex 152.706 -1.24197 2.2
    endloop
  endfacet
  facet normal 0 0 1
    outer loop
      vertex 151.969 -2.2508 2.2
      vertex 149.682 -2.99792 2.2
      vertex 149.829 -3.1651 2.2
    endloop
  endfacet
  facet normal 0 0 1
    outer loop
      vertex 151.969 -2.2508 2.2
      vertex 149.515 -2.8513 2.2
      vertex 149.682 -2.99792 2.2
    endloop
  endfacet
  facet normal 0 0 1
    outer loop
      vertex 151.969 -2.2508 2.2
      vertex 149.33 -2.72776 2.2
      vertex 149.515 -2.8513 2.2
    endloop
  endfacet
  facet normal 0 0 1
    outer loop
      vertex 151.969 -2.2508 2.2
      vertex 149.131 -2.6294 2.2
      vertex 149.33 -2.72776 2.2
    endloop
  endfacet
  facet normal 0 0 1
    outer loop
      vertex 152.706 -1.24197 2.2
      vertex 149.131 -2.6294 2.2
      vertex 151.969 -2.2508 2.2
    endloop
  endfacet
  facet normal 0 0 1
    outer loop
      vertex 148.92 -2.55793 2.2
      vertex 146.602 4.57638 2.2
      vertex 148.702 -2.51454 2.2
    endloop
  endfacet
  facet normal 0 0 1
    outer loop
      vertex 148.702 -2.51454 2.2
      vertex 146.602 4.57638 2.2
      vertex 148.48 -2.5 2.2
    endloop
  endfacet
  facet normal 0 0 1
    outer loop
      vertex 148.48 -2.5 2.2
      vertex 146.602 4.57638 2.2
      vertex 148.258 -2.51454 2.2
    endloop
  endfacet
  facet normal 0 0 1
    outer loop
      vertex 148.258 -2.51454 2.2
      vertex 146.602 4.57638 2.2
      vertex 148.04 -2.55793 2.2
    endloop
  endfacet
  facet normal 0 0 1
    outer loop
      vertex 148.04 -2.55793 2.2
      vertex 146.602 4.57638 2.2
      vertex 147.829 -2.6294 2.2
    endloop
  endfacet
  facet normal 0 0 1
    outer loop
      vertex 144.777 -2.69128 2.2
      vertex 147.829 -2.6294 2.2
      vertex 146.602 4.57638 2.2
    endloop
  endfacet
  facet normal 0 0 1
    outer loop
      vertex 147.829 -2.6294 2.2
      vertex 144.777 -2.69128 2.2
      vertex 147.63 -2.72776 2.2
    endloop
  endfacet
  facet normal 0 0 1
    outer loop
      vertex 147.63 -2.72776 2.2
      vertex 144.777 -2.69128 2.2
      vertex 147.445 -2.8513 2.2
    endloop
  endfacet
  facet normal 0 0 1
    outer loop
      vertex 147.445 -2.8513 2.2
      vertex 144.777 -2.69128 2.2
      vertex 147.278 -2.99792 2.2
    endloop
  endfacet
  facet normal 0 0 1
    outer loop
      vertex 147.278 -2.99792 2.2
      vertex 144.777 -2.69128 2.2
      vertex 147.131 -3.1651 2.2
    endloop
  endfacet
  facet normal 0 0 1
    outer loop
      vertex 147.131 -3.1651 2.2
      vertex 144.777 -2.69128 2.2
      vertex 147.008 -3.35 2.2
    endloop
  endfacet
  facet normal -0 0 1
    outer loop
      vertex 144.616 -3.16472 2.2
      vertex 146.838 -3.76001 2.2
      vertex 144.777 -2.69128 2.2
    endloop
  endfacet
  facet normal 0 0 1
    outer loop
      vertex 146.909 -3.54944 2.2
      vertex 144.777 -2.69128 2.2
      vertex 146.838 -3.76001 2.2
    endloop
  endfacet
  facet normal 0 0 1
    outer loop
      vertex 147.008 -3.35 2.2
      vertex 144.777 -2.69128 2.2
      vertex 146.909 -3.54944 2.2
    endloop
  endfacet
  facet normal -0 0 1
    outer loop
      vertex 149.952 -5.05 2.2
      vertex 151.653 -6.63505 2.2
      vertex 150.051 -4.85056 2.2
    endloop
  endfacet
  facet normal -0 0 1
    outer loop
      vertex 149.829 -5.23489 2.2
      vertex 151.653 -6.63505 2.2
      vertex 149.952 -5.05 2.2
    endloop
  endfacet
  facet normal 0 0 1
    outer loop
      vertex 151.653 -6.63505 2.2
      vertex 149.829 -5.23489 2.2
      vertex 151.308 -7.02843 2.2
    endloop
  endfacet
  facet normal -0 0 1
    outer loop
      vertex 149.682 -5.40208 2.2
      vertex 151.308 -7.02843 2.2
      vertex 149.829 -5.23489 2.2
    endloop
  endfacet
  facet normal 0 0 1
    outer loop
      vertex 151.308 -7.02843 2.2
      vertex 149.682 -5.40208 2.2
      vertex 150.915 -7.37341 2.2
    endloop
  endfacet
  facet normal -0 0 1
    outer loop
      vertex 149.515 -5.5487 2.2
      vertex 150.915 -7.37341 2.2
      vertex 149.682 -5.40208 2.2
    endloop
  endfacet
  facet normal 0 0 1
    outer loop
      vertex 150.915 -7.37341 2.2
      vertex 149.515 -5.5487 2.2
      vertex 150.48 -7.6641 2.2
    endloop
  endfacet
  facet normal -0 0 1
    outer loop
      vertex 149.33 -5.67224 2.2
      vertex 150.48 -7.6641 2.2
      vertex 149.515 -5.5487 2.2
    endloop
  endfacet
  facet normal 0 0 1
    outer loop
      vertex 150.48 -7.6641 2.2
      vertex 149.33 -5.67224 2.2
      vertex 150.011 -7.89552 2.2
    endloop
  endfacet
  facet normal -0 0 1
    outer loop
      vertex 149.131 -5.77059 2.2
      vertex 150.011 -7.89552 2.2
      vertex 149.33 -5.67224 2.2
    endloop
  endfacet
  facet normal 0 0 1
    outer loop
      vertex 150.011 -7.89552 2.2
      vertex 149.131 -5.77059 2.2
      vertex 149.515 -8.0637 2.2
    endloop
  endfacet
  facet normal -0 0 1
    outer loop
      vertex 148.92 -5.84207 2.2
      vertex 149.515 -8.0637 2.2
      vertex 149.131 -5.77059 2.2
    endloop
  endfacet
  facet normal 0 0 1
    outer loop
      vertex 149.515 -8.0637 2.2
      vertex 148.92 -5.84207 2.2
      vertex 149.002 -8.16578 2.2
    endloop
  endfacet
  facet normal -0 0 1
    outer loop
      vertex 148.702 -5.88546 2.2
      vertex 149.002 -8.16578 2.2
      vertex 148.92 -5.84207 2.2
    endloop
  endfacet
  facet normal -0 0 1
    outer loop
      vertex 148.48 -5.9 2.2
      vertex 149.002 -8.16578 2.2
      vertex 148.702 -5.88546 2.2
    endloop
  endfacet
  facet normal 0 0 1
    outer loop
      vertex 148.48 -5.9 2.2
      vertex 148.48 -8.2 2.2
      vertex 149.002 -8.16578 2.2
    endloop
  endfacet
  facet normal 0 0 1
    outer loop
      vertex 148.258 -5.88546 2.2
      vertex 148.48 -8.2 2.2
      vertex 148.48 -5.9 2.2
    endloop
  endfacet
  facet normal 0 0 1
    outer loop
      vertex 147.958 -8.16578 2.2
      vertex 148.258 -5.88546 2.2
      vertex 148.04 -5.84207 2.2
    endloop
  endfacet
  facet normal 0 0 1
    outer loop
      vertex 148.258 -5.88546 2.2
      vertex 147.958 -8.16578 2.2
      vertex 148.48 -8.2 2.2
    endloop
  endfacet
  facet normal 0 0 1
    outer loop
      vertex 147.445 -8.0637 2.2
      vertex 148.04 -5.84207 2.2
      vertex 147.829 -5.77059 2.2
    endloop
  endfacet
  facet normal 0 0 1
    outer loop
      vertex 146.949 -7.89552 2.2
      vertex 147.829 -5.77059 2.2
      vertex 147.63 -5.67224 2.2
    endloop
  endfacet
  facet normal 0 0 1
    outer loop
      vertex 146.48 -7.6641 2.2
      vertex 147.63 -5.67224 2.2
      vertex 147.445 -5.5487 2.2
    endloop
  endfacet
  facet normal 0 0 1
    outer loop
      vertex 148.04 -5.84207 2.2
      vertex 147.445 -8.0637 2.2
      vertex 147.958 -8.16578 2.2
    endloop
  endfacet
  facet normal 0 0 1
    outer loop
      vertex 146.045 -7.37341 2.2
      vertex 147.445 -5.5487 2.2
      vertex 147.278 -5.40208 2.2
    endloop
  endfacet
  facet normal 0 0 1
    outer loop
      vertex 145.652 -7.02843 2.2
      vertex 147.278 -5.40208 2.2
      vertex 147.131 -5.23489 2.2
    endloop
  endfacet
  facet normal 0 0 1
    outer loop
      vertex 145.307 -6.63505 2.2
      vertex 147.131 -5.23489 2.2
      vertex 147.008 -5.05 2.2
    endloop
  endfacet
  facet normal 0 0 1
    outer loop
      vertex 147.829 -5.77059 2.2
      vertex 146.949 -7.89552 2.2
      vertex 147.445 -8.0637 2.2
    endloop
  endfacet
  facet normal 0 0 1
    outer loop
      vertex 145.016 -6.2 2.2
      vertex 147.008 -5.05 2.2
      vertex 146.909 -4.85056 2.2
    endloop
  endfacet
  facet normal 0 0 1
    outer loop
      vertex 144.784 -5.73073 2.2
      vertex 146.909 -4.85056 2.2
      vertex 146.838 -4.63999 2.2
    endloop
  endfacet
  facet normal 0 0 1
    outer loop
      vertex 144.784 -5.73073 2.2
      vertex 146.838 -4.63999 2.2
      vertex 146.795 -4.42189 2.2
    endloop
  endfacet
  facet normal 0 0 1
    outer loop
      vertex 144.784 -5.73073 2.2
      vertex 146.795 -4.42189 2.2
      vertex 146.78 -4.2 2.2
    endloop
  endfacet
  facet normal 0 0 1
    outer loop
      vertex 147.63 -5.67224 2.2
      vertex 146.48 -7.6641 2.2
      vertex 146.949 -7.89552 2.2
    endloop
  endfacet
  facet normal 0 0 1
    outer loop
      vertex 146.838 -3.76001 2.2
      vertex 144.616 -3.16472 2.2
      vertex 146.795 -3.9781 2.2
    endloop
  endfacet
  facet normal -0 0 1
    outer loop
      vertex 144.514 -3.67789 2.2
      vertex 146.795 -3.9781 2.2
      vertex 144.616 -3.16472 2.2
    endloop
  endfacet
  facet normal 0 0 1
    outer loop
      vertex 147.445 -5.5487 2.2
      vertex 146.045 -7.37341 2.2
      vertex 146.48 -7.6641 2.2
    endloop
  endfacet
  facet normal 0 0 1
    outer loop
      vertex 147.278 -5.40208 2.2
      vertex 145.652 -7.02843 2.2
      vertex 146.045 -7.37341 2.2
    endloop
  endfacet
  facet normal 0 0 1
    outer loop
      vertex 147.131 -5.23489 2.2
      vertex 145.307 -6.63505 2.2
      vertex 145.652 -7.02843 2.2
    endloop
  endfacet
  facet normal 0 0 1
    outer loop
      vertex 147.008 -5.05 2.2
      vertex 145.016 -6.2 2.2
      vertex 145.307 -6.63505 2.2
    endloop
  endfacet
  facet normal 0 0 1
    outer loop
      vertex 146.909 -4.85056 2.2
      vertex 144.784 -5.73073 2.2
      vertex 145.016 -6.2 2.2
    endloop
  endfacet
  facet normal 0 0 1
    outer loop
      vertex 132.878 9.84439 2.2
      vertex 144.777 -2.69128 2.2
      vertex 146.602 4.57638 2.2
    endloop
  endfacet
  facet normal 0 0 1
    outer loop
      vertex 128.966 10.9155 2.2
      vertex 144.777 -2.69128 2.2
      vertex 132.878 9.84439 2.2
    endloop
  endfacet
  facet normal 0 0 1
    outer loop
      vertex 115.067 15.7014 2.2
      vertex 144.777 -2.69128 2.2
      vertex 128.966 10.9155 2.2
    endloop
  endfacet
  facet normal 0 0 1
    outer loop
      vertex 91.8103 14.8743 2.2
      vertex 115.067 15.7014 2.2
      vertex 111.12 16.6352 2.2
    endloop
  endfacet
  facet normal 0 0 1
    outer loop
      vertex 91.8103 14.8743 2.2
      vertex 111.12 16.6352 2.2
      vertex 97.0619 20.9331 2.2
    endloop
  endfacet
  facet normal 0 0 1
    outer loop
      vertex 115.067 15.7014 2.2
      vertex 91.8103 14.8743 2.2
      vertex 144.777 -2.69128 2.2
    endloop
  endfacet
  facet normal 0 0 1
    outer loop
      vertex 169.45 37.31 2.2
      vertex 171.75 37.31 2.2
      vertex 171.716 37.8321 2.2
    endloop
  endfacet
  facet normal 0 0 1
    outer loop
      vertex 169.435 37.5319 2.2
      vertex 171.716 37.8321 2.2
      vertex 171.614 38.3453 2.2
    endloop
  endfacet
  facet normal 0 0 1
    outer loop
      vertex 171.75 37.31 2.2
      vertex 169.45 37.31 2.2
      vertex 171.716 36.7879 2.2
    endloop
  endfacet
  facet normal 0 0 1
    outer loop
      vertex 169.392 37.75 2.2
      vertex 171.614 38.3453 2.2
      vertex 171.446 38.8407 2.2
    endloop
  endfacet
  facet normal -0 0 1
    outer loop
      vertex 169.435 37.0881 2.2
      vertex 171.716 36.7879 2.2
      vertex 169.45 37.31 2.2
    endloop
  endfacet
  facet normal 0 0 1
    outer loop
      vertex 169.321 37.9606 2.2
      vertex 171.446 38.8407 2.2
      vertex 171.214 39.31 2.2
    endloop
  endfacet
  facet normal 0 0 1
    outer loop
      vertex 171.716 36.7879 2.2
      vertex 169.435 37.0881 2.2
      vertex 171.614 36.2747 2.2
    endloop
  endfacet
  facet normal 0 0 1
    outer loop
      vertex 169.222 38.16 2.2
      vertex 171.214 39.31 2.2
      vertex 170.923 39.745 2.2
    endloop
  endfacet
  facet normal -0 0 1
    outer loop
      vertex 169.392 36.87 2.2
      vertex 171.614 36.2747 2.2
      vertex 169.435 37.0881 2.2
    endloop
  endfacet
  facet normal 0 0 1
    outer loop
      vertex 169.099 38.3449 2.2
      vertex 170.923 39.745 2.2
      vertex 170.578 40.1384 2.2
    endloop
  endfacet
  facet normal 0 0 1
    outer loop
      vertex 171.614 36.2747 2.2
      vertex 169.392 36.87 2.2
      vertex 171.446 35.7793 2.2
    endloop
  endfacet
  facet normal 0 0 1
    outer loop
      vertex 168.952 38.5121 2.2
      vertex 170.578 40.1384 2.2
      vertex 170.185 40.4834 2.2
    endloop
  endfacet
  facet normal -0 0 1
    outer loop
      vertex 169.321 36.6594 2.2
      vertex 171.446 35.7793 2.2
      vertex 169.392 36.87 2.2
    endloop
  endfacet
  facet normal 0 0 1
    outer loop
      vertex 168.785 38.6587 2.2
      vertex 170.185 40.4834 2.2
      vertex 169.75 40.7741 2.2
    endloop
  endfacet
  facet normal 0 0 1
    outer loop
      vertex 171.446 35.7793 2.2
      vertex 169.321 36.6594 2.2
      vertex 171.214 35.31 2.2
    endloop
  endfacet
  facet normal -0 0 1
    outer loop
      vertex 169.222 36.46 2.2
      vertex 171.214 35.31 2.2
      vertex 169.321 36.6594 2.2
    endloop
  endfacet
  facet normal 0 0 1
    outer loop
      vertex 171.716 37.8321 2.2
      vertex 169.435 37.5319 2.2
      vertex 169.45 37.31 2.2
    endloop
  endfacet
  facet normal 0 0 1
    outer loop
      vertex 171.614 38.3453 2.2
      vertex 169.392 37.75 2.2
      vertex 169.435 37.5319 2.2
    endloop
  endfacet
  facet normal 0 0 1
    outer loop
      vertex 171.446 38.8407 2.2
      vertex 169.321 37.9606 2.2
      vertex 169.392 37.75 2.2
    endloop
  endfacet
  facet normal 0 0 1
    outer loop
      vertex 168.6 38.7822 2.2
      vertex 169.75 40.7741 2.2
      vertex 169.281 41.0055 2.2
    endloop
  endfacet
  facet normal 0 0 1
    outer loop
      vertex 171.214 39.31 2.2
      vertex 169.222 38.16 2.2
      vertex 169.321 37.9606 2.2
    endloop
  endfacet
  facet normal 0 0 1
    outer loop
      vertex 170.923 39.745 2.2
      vertex 169.099 38.3449 2.2
      vertex 169.222 38.16 2.2
    endloop
  endfacet
  facet normal 0 0 1
    outer loop
      vertex 170.578 40.1384 2.2
      vertex 168.952 38.5121 2.2
      vertex 169.099 38.3449 2.2
    endloop
  endfacet
  facet normal 0 0 1
    outer loop
      vertex 168.401 38.8806 2.2
      vertex 169.281 41.0055 2.2
      vertex 168.785 41.1737 2.2
    endloop
  endfacet
  facet normal 0 0 1
    outer loop
      vertex 170.185 40.4834 2.2
      vertex 168.785 38.6587 2.2
      vertex 168.952 38.5121 2.2
    endloop
  endfacet
  facet normal 0 0 1
    outer loop
      vertex 169.75 40.7741 2.2
      vertex 168.6 38.7822 2.2
      vertex 168.785 38.6587 2.2
    endloop
  endfacet
  facet normal 0 0 1
    outer loop
      vertex 169.281 41.0055 2.2
      vertex 168.401 38.8806 2.2
      vertex 168.6 38.7822 2.2
    endloop
  endfacet
  facet normal 0 0 1
    outer loop
      vertex 168.19 38.9521 2.2
      vertex 168.785 41.1737 2.2
      vertex 168.272 41.2758 2.2
    endloop
  endfacet
  facet normal 0 0 1
    outer loop
      vertex 168.785 41.1737 2.2
      vertex 168.19 38.9521 2.2
      vertex 168.401 38.8806 2.2
    endloop
  endfacet
  facet normal 0 0 1
    outer loop
      vertex 168.272 41.2758 2.2
      vertex 167.972 38.9955 2.2
      vertex 168.19 38.9521 2.2
    endloop
  endfacet
  facet normal 0 0 1
    outer loop
      vertex 167.75 41.31 2.2
      vertex 167.972 38.9955 2.2
      vertex 168.272 41.2758 2.2
    endloop
  endfacet
  facet normal 0 0 1
    outer loop
      vertex 167.75 41.31 2.2
      vertex 167.75 39.01 2.2
      vertex 167.972 38.9955 2.2
    endloop
  endfacet
  facet normal 0 0 1
    outer loop
      vertex 167.75 41.31 2.2
      vertex 167.528 38.9955 2.2
      vertex 167.75 39.01 2.2
    endloop
  endfacet
  facet normal -0 0 1
    outer loop
      vertex 167.228 41.2758 2.2
      vertex 167.528 38.9955 2.2
      vertex 167.75 41.31 2.2
    endloop
  endfacet
  facet normal 0 0 1
    outer loop
      vertex 167.528 38.9955 2.2
      vertex 167.228 41.2758 2.2
      vertex 167.31 38.9521 2.2
    endloop
  endfacet
  facet normal -0 0 1
    outer loop
      vertex 166.715 41.1737 2.2
      vertex 167.31 38.9521 2.2
      vertex 167.228 41.2758 2.2
    endloop
  endfacet
  facet normal 0 0 1
    outer loop
      vertex 167.31 38.9521 2.2
      vertex 166.715 41.1737 2.2
      vertex 167.099 38.8806 2.2
    endloop
  endfacet
  facet normal -0 0 1
    outer loop
      vertex 166.219 41.0055 2.2
      vertex 167.099 38.8806 2.2
      vertex 166.715 41.1737 2.2
    endloop
  endfacet
  facet normal -0 0 1
    outer loop
      vertex 165.805 40.8012 2.2
      vertex 167.099 38.8806 2.2
      vertex 166.219 41.0055 2.2
    endloop
  endfacet
  facet normal 0 0 1
    outer loop
      vertex 167.099 38.8806 2.2
      vertex 165.805 40.8012 2.2
      vertex 166.9 38.7822 2.2
    endloop
  endfacet
  facet normal 0 0 1
    outer loop
      vertex 166.9 38.7822 2.2
      vertex 165.805 40.8012 2.2
      vertex 166.715 38.6587 2.2
    endloop
  endfacet
  facet normal 0 0 1
    outer loop
      vertex 166.715 38.6587 2.2
      vertex 165.805 40.8012 2.2
      vertex 166.548 38.5121 2.2
    endloop
  endfacet
  facet normal 0 0 1
    outer loop
      vertex 166.548 38.5121 2.2
      vertex 165.805 40.8012 2.2
      vertex 166.401 38.3449 2.2
    endloop
  endfacet
  facet normal 0 0 1
    outer loop
      vertex 166.401 38.3449 2.2
      vertex 165.805 40.8012 2.2
      vertex 166.278 38.16 2.2
    endloop
  endfacet
  facet normal 0 0 1
    outer loop
      vertex 165.674 40.9221 2.2
      vertex 166.278 38.16 2.2
      vertex 165.805 40.8012 2.2
    endloop
  endfacet
  facet normal 0 0 1
    outer loop
      vertex 166.278 38.16 2.2
      vertex 165.674 40.9221 2.2
      vertex 166.179 37.9606 2.2
    endloop
  endfacet
  facet normal 0 0 1
    outer loop
      vertex 165.558 41.022 2.2
      vertex 166.179 37.9606 2.2
      vertex 165.674 40.9221 2.2
    endloop
  endfacet
  facet normal 0 0 1
    outer loop
      vertex 165.433 41.1228 2.2
      vertex 166.179 37.9606 2.2
      vertex 165.558 41.022 2.2
    endloop
  endfacet
  facet normal 0 0 1
    outer loop
      vertex 171.214 35.31 2.2
      vertex 169.222 36.46 2.2
      vertex 170.923 34.875 2.2
    endloop
  endfacet
  facet normal -0 0 1
    outer loop
      vertex 169.099 36.2751 2.2
      vertex 170.923 34.875 2.2
      vertex 169.222 36.46 2.2
    endloop
  endfacet
  facet normal 0 0 1
    outer loop
      vertex 170.923 34.875 2.2
      vertex 169.099 36.2751 2.2
      vertex 170.578 34.4816 2.2
    endloop
  endfacet
  facet normal -0 0 1
    outer loop
      vertex 168.952 36.1079 2.2
      vertex 170.578 34.4816 2.2
      vertex 169.099 36.2751 2.2
    endloop
  endfacet
  facet normal 0 0 1
    outer loop
      vertex 170.578 34.4816 2.2
      vertex 168.952 36.1079 2.2
      vertex 170.185 34.1366 2.2
    endloop
  endfacet
  facet normal -0 0 1
    outer loop
      vertex 168.785 35.9613 2.2
      vertex 170.185 34.1366 2.2
      vertex 168.952 36.1079 2.2
    endloop
  endfacet
  facet normal 0 0 1
    outer loop
      vertex 170.185 34.1366 2.2
      vertex 168.785 35.9613 2.2
      vertex 169.75 33.8459 2.2
    endloop
  endfacet
  facet normal -0 0 1
    outer loop
      vertex 168.6 35.8378 2.2
      vertex 169.75 33.8459 2.2
      vertex 168.785 35.9613 2.2
    endloop
  endfacet
  facet normal 0 0 1
    outer loop
      vertex 169.75 33.8459 2.2
      vertex 168.6 35.8378 2.2
      vertex 169.281 33.6145 2.2
    endloop
  endfacet
  facet normal -0 0 1
    outer loop
      vertex 168.401 35.7394 2.2
      vertex 169.281 33.6145 2.2
      vertex 168.6 35.8378 2.2
    endloop
  endfacet
  facet normal 0 0 1
    outer loop
      vertex 169.281 33.6145 2.2
      vertex 168.401 35.7394 2.2
      vertex 168.785 33.4463 2.2
    endloop
  endfacet
  facet normal -0 0 1
    outer loop
      vertex 168.19 35.6679 2.2
      vertex 168.785 33.4463 2.2
      vertex 168.401 35.7394 2.2
    endloop
  endfacet
  facet normal 0 0 1
    outer loop
      vertex 168.785 33.4463 2.2
      vertex 168.19 35.6679 2.2
      vertex 168.272 33.3442 2.2
    endloop
  endfacet
  facet normal -0 0 1
    outer loop
      vertex 167.972 35.6245 2.2
      vertex 168.272 33.3442 2.2
      vertex 168.19 35.6679 2.2
    endloop
  endfacet
  facet normal -0 0 1
    outer loop
      vertex 167.75 35.61 2.2
      vertex 168.272 33.3442 2.2
      vertex 167.972 35.6245 2.2
    endloop
  endfacet
  facet normal 0 0 1
    outer loop
      vertex 167.75 35.61 2.2
      vertex 167.75 33.31 2.2
      vertex 168.272 33.3442 2.2
    endloop
  endfacet
  facet normal 0 0 1
    outer loop
      vertex 167.528 35.6245 2.2
      vertex 167.75 33.31 2.2
      vertex 167.75 35.61 2.2
    endloop
  endfacet
  facet normal 0 0 1
    outer loop
      vertex 167.228 33.3442 2.2
      vertex 167.528 35.6245 2.2
      vertex 167.31 35.6679 2.2
    endloop
  endfacet
  facet normal 0 0 1
    outer loop
      vertex 167.528 35.6245 2.2
      vertex 167.228 33.3442 2.2
      vertex 167.75 33.31 2.2
    endloop
  endfacet
  facet normal 0 0 1
    outer loop
      vertex 166.715 33.4463 2.2
      vertex 167.31 35.6679 2.2
      vertex 167.099 35.7394 2.2
    endloop
  endfacet
  facet normal 0 0 1
    outer loop
      vertex 166.143 33.6522 2.2
      vertex 167.099 35.7394 2.2
      vertex 166.9 35.8378 2.2
    endloop
  endfacet
  facet normal 0 0 1
    outer loop
      vertex 166.143 33.6522 2.2
      vertex 166.9 35.8378 2.2
      vertex 166.715 35.9613 2.2
    endloop
  endfacet
  facet normal 0 0 1
    outer loop
      vertex 167.31 35.6679 2.2
      vertex 166.715 33.4463 2.2
      vertex 167.228 33.3442 2.2
    endloop
  endfacet
  facet normal 0 0 1
    outer loop
      vertex 166.143 33.6522 2.2
      vertex 166.715 35.9613 2.2
      vertex 166.548 36.1079 2.2
    endloop
  endfacet
  facet normal 0 0 1
    outer loop
      vertex 166.143 33.6522 2.2
      vertex 166.548 36.1079 2.2
      vertex 166.401 36.2751 2.2
    endloop
  endfacet
  facet normal 0 0 1
    outer loop
      vertex 166.143 33.6522 2.2
      vertex 166.401 36.2751 2.2
      vertex 166.278 36.46 2.2
    endloop
  endfacet
  facet normal 0 0 1
    outer loop
      vertex 167.099 35.7394 2.2
      vertex 166.219 33.6145 2.2
      vertex 166.715 33.4463 2.2
    endloop
  endfacet
  facet normal 0 0 1
    outer loop
      vertex 166.143 33.6522 2.2
      vertex 166.278 36.46 2.2
      vertex 166.179 36.6594 2.2
    endloop
  endfacet
  facet normal 0 0 1
    outer loop
      vertex 167.099 35.7394 2.2
      vertex 166.143 33.6522 2.2
      vertex 166.219 33.6145 2.2
    endloop
  endfacet
  facet normal 0 0 1
    outer loop
      vertex 158.679 36.038 2.2
      vertex 166.179 36.6594 2.2
      vertex 166.108 36.87 2.2
    endloop
  endfacet
  facet normal 0 0 1
    outer loop
      vertex 158.679 36.038 2.2
      vertex 166.108 36.87 2.2
      vertex 166.065 37.0881 2.2
    endloop
  endfacet
  facet normal 0 0 1
    outer loop
      vertex 158.679 36.038 2.2
      vertex 166.065 37.0881 2.2
      vertex 166.05 37.31 2.2
    endloop
  endfacet
  facet normal 0 0 1
    outer loop
      vertex 165.31 41.2148 2.2
      vertex 166.179 37.9606 2.2
      vertex 165.433 41.1228 2.2
    endloop
  endfacet
  facet normal 0 0 1
    outer loop
      vertex 165.674 40.9221 2.2
      vertex 165.805 40.8012 2.2
      vertex 165.787 40.8185 2.2
    endloop
  endfacet
  facet normal 0 0 1
    outer loop
      vertex 165.186 41.3016 2.2
      vertex 166.179 37.9606 2.2
      vertex 165.31 41.2148 2.2
    endloop
  endfacet
  facet normal 0 0 1
    outer loop
      vertex 165.059 41.3848 2.2
      vertex 166.179 37.9606 2.2
      vertex 165.186 41.3016 2.2
    endloop
  endfacet
  facet normal 0 0 1
    outer loop
      vertex 164.929 41.4639 2.2
      vertex 166.179 37.9606 2.2
      vertex 165.059 41.3848 2.2
    endloop
  endfacet
  facet normal 0 0 1
    outer loop
      vertex 164.797 41.5387 2.2
      vertex 166.179 37.9606 2.2
      vertex 164.929 41.4639 2.2
    endloop
  endfacet
  facet normal 0 0 1
    outer loop
      vertex 164.656 41.6124 2.2
      vertex 166.179 37.9606 2.2
      vertex 164.797 41.5387 2.2
    endloop
  endfacet
  facet normal 0 0 1
    outer loop
      vertex 164.517 41.6788 2.2
      vertex 166.179 37.9606 2.2
      vertex 164.656 41.6124 2.2
    endloop
  endfacet
  facet normal 0 0 1
    outer loop
      vertex 166.179 37.9606 2.2
      vertex 164.517 41.6788 2.2
      vertex 166.108 37.75 2.2
    endloop
  endfacet
  facet normal 0 0 1
    outer loop
      vertex 164.38 41.7396 2.2
      vertex 166.108 37.75 2.2
      vertex 164.517 41.6788 2.2
    endloop
  endfacet
  facet normal 0 0 1
    outer loop
      vertex 164.193 41.8149 2.2
      vertex 166.108 37.75 2.2
      vertex 164.38 41.7396 2.2
    endloop
  endfacet
  facet normal 0 0 1
    outer loop
      vertex 166.108 37.75 2.2
      vertex 164.193 41.8149 2.2
      vertex 166.065 37.5319 2.2
    endloop
  endfacet
  facet normal 0 0 1
    outer loop
      vertex 158.679 36.038 2.2
      vertex 166.065 37.5319 2.2
      vertex 164.193 41.8149 2.2
    endloop
  endfacet
  facet normal 0 0 1
    outer loop
      vertex 166.065 37.5319 2.2
      vertex 158.679 36.038 2.2
      vertex 166.05 37.31 2.2
    endloop
  endfacet
  facet normal 0 0 1
    outer loop
      vertex 166.179 36.6594 2.2
      vertex 158.679 36.038 2.2
      vertex 166.143 33.6522 2.2
    endloop
  endfacet
  facet normal 0 0 1
    outer loop
      vertex 153.411 22.3144 2.2
      vertex 166.143 33.6522 2.2
      vertex 158.679 36.038 2.2
    endloop
  endfacet
  facet normal 0 0 1
    outer loop
      vertex 151.87 18.3 2.2
      vertex 166.143 33.6522 2.2
      vertex 153.411 22.3144 2.2
    endloop
  endfacet
  facet normal 0 0 1
    outer loop
      vertex 166.143 33.6522 2.2
      vertex 151.87 18.3 2.2
      vertex 152.952 -0.710846 2.2
    endloop
  endfacet
  facet normal -0 0 1
    outer loop
      vertex 146.602 4.57638 2.2
      vertex 152.952 -0.710846 2.2
      vertex 151.87 18.3 2.2
    endloop
  endfacet
  facet normal 0 -0 1
    outer loop
      vertex 148.92 -2.55793 2.2
      vertex 152.952 -0.710846 2.2
      vertex 146.602 4.57638 2.2
    endloop
  endfacet
  facet normal 0 0 1
    outer loop
      vertex 152.952 -0.710846 2.2
      vertex 148.92 -2.55793 2.2
      vertex 152.906 -0.825882 2.2
    endloop
  endfacet
  facet normal 0 0 1
    outer loop
      vertex 152.906 -0.825882 2.2
      vertex 148.92 -2.55793 2.2
      vertex 152.843 -0.968613 2.2
    endloop
  endfacet
  facet normal 0 -0 1
    outer loop
      vertex 149.131 -2.6294 2.2
      vertex 152.843 -0.968613 2.2
      vertex 148.92 -2.55793 2.2
    endloop
  endfacet
  facet normal 0 0 1
    outer loop
      vertex 152.706 -1.24197 2.2
      vertex 151.969 -2.2508 2.2
      vertex 152.629 -1.37849 2.2
    endloop
  endfacet
  facet normal 0 0 1
    outer loop
      vertex 152.629 -1.37849 2.2
      vertex 151.969 -2.2508 2.2
      vertex 152.549 -1.50856 2.2
    endloop
  endfacet
  facet normal 0 0 1
    outer loop
      vertex 152.549 -1.50856 2.2
      vertex 151.969 -2.2508 2.2
      vertex 152.466 -1.63577 2.2
    endloop
  endfacet
  facet normal 0 0 1
    outer loop
      vertex 152.466 -1.63577 2.2
      vertex 151.969 -2.2508 2.2
      vertex 152.378 -1.76236 2.2
    endloop
  endfacet
  facet normal 0 0 1
    outer loop
      vertex 152.378 -1.76236 2.2
      vertex 151.969 -2.2508 2.2
      vertex 152.285 -1.88596 2.2
    endloop
  endfacet
  facet normal 0 0 1
    outer loop
      vertex 152.285 -1.88596 2.2
      vertex 151.969 -2.2508 2.2
      vertex 152.189 -2.00496 2.2
    endloop
  endfacet
  facet normal 0 0 1
    outer loop
      vertex 152.189 -2.00496 2.2
      vertex 151.969 -2.2508 2.2
      vertex 152.087 -2.12366 2.2
    endloop
  endfacet
  facet normal 0 0 1
    outer loop
      vertex 152.843 -0.968613 2.2
      vertex 149.131 -2.6294 2.2
      vertex 152.777 -1.10541 2.2
    endloop
  endfacet
  facet normal 0 0 1
    outer loop
      vertex 152.087 -2.12366 2.2
      vertex 151.969 -2.2508 2.2
      vertex 151.98 -2.23938 2.2
    endloop
  endfacet
  facet normal 0 0 1
    outer loop
      vertex 139.687 27.5824 2.2
      vertex 151.87 18.3 2.2
      vertex 153.411 22.3144 2.2
    endloop
  endfacet
  facet normal 0 0 1
    outer loop
      vertex 151.87 18.3 2.2
      vertex 139.687 27.5824 2.2
      vertex 138.146 23.568 2.2
    endloop
  endfacet
  facet normal 0.35836 0.933584 -0
    outer loop
      vertex 146.602 4.57638 2.05
      vertex 132.878 9.84439 2.2
      vertex 146.602 4.57638 2.2
    endloop
  endfacet
  facet normal 0.35836 0.933584 0
    outer loop
      vertex 132.878 9.84439 2.2
      vertex 146.602 4.57638 2.05
      vertex 132.878 9.84439 2.05
    endloop
  endfacet
  facet normal 0.93358 -0.358368 -2.57321e-15
    outer loop
      vertex 132.878 9.84439 2.2
      vertex 138.146 23.568 2.05
      vertex 138.146 23.568 2.2
    endloop
  endfacet
  facet normal 0.93358 -0.358368 -2.57321e-15
    outer loop
      vertex 138.146 23.568 2.05
      vertex 132.878 9.84439 2.2
      vertex 132.878 9.84439 2.05
    endloop
  endfacet
  facet normal -0.358359 -0.933584 0
    outer loop
      vertex 138.146 23.568 2.05
      vertex 151.87 18.3 2.2
      vertex 138.146 23.568 2.2
    endloop
  endfacet
  facet normal -0.358359 -0.933584 -0
    outer loop
      vertex 151.87 18.3 2.2
      vertex 138.146 23.568 2.05
      vertex 151.87 18.3 2.05
    endloop
  endfacet
  facet normal -0.945515 0.325578 -2.44669e-16
    outer loop
      vertex 128.966 10.9155 0
      vertex 133.752 24.8146 0.95
      vertex 133.752 24.8146 0
    endloop
  endfacet
  facet normal -0.945515 0.325578 -2.44669e-16
    outer loop
      vertex 133.752 24.8146 0.95
      vertex 128.966 10.9155 0
      vertex 128.966 10.9155 0.95
    endloop
  endfacet
  facet normal 0 0 -1
    outer loop
      vertex 128.966 10.9155 0.95
      vertex 133.307 24.5977 0.95
      vertex 133.752 24.8146 0.95
    endloop
  endfacet
  facet normal 0 0 -1
    outer loop
      vertex 128.966 10.9155 0.95
      vertex 128.749 11.3604 0.95
      vertex 133.307 24.5977 0.95
    endloop
  endfacet
  facet normal 0 0 -1
    outer loop
      vertex 128.966 10.9155 0.95
      vertex 115.512 15.9183 0.95
      vertex 128.749 11.3604 0.95
    endloop
  endfacet
  facet normal 0 -0 -1
    outer loop
      vertex 115.512 15.9183 0.95
      vertex 128.966 10.9155 0.95
      vertex 115.067 15.7014 0.95
    endloop
  endfacet
  facet normal 0 0 -1
    outer loop
      vertex 120.07 29.1556 0.95
      vertex 133.752 24.8146 0.95
      vertex 133.307 24.5977 0.95
    endloop
  endfacet
  facet normal 0 0 -1
    outer loop
      vertex 120.07 29.1556 0.95
      vertex 119.853 29.6005 0.95
      vertex 133.752 24.8146 0.95
    endloop
  endfacet
  facet normal 0 0 -1
    outer loop
      vertex 115.512 15.9183 0.95
      vertex 119.853 29.6005 0.95
      vertex 120.07 29.1556 0.95
    endloop
  endfacet
  facet normal 0 0 -1
    outer loop
      vertex 119.853 29.6005 0.95
      vertex 115.512 15.9183 0.95
      vertex 115.067 15.7014 0.95
    endloop
  endfacet
  facet normal 0.325574 0.945517 -0
    outer loop
      vertex 128.966 10.9155 0
      vertex 115.067 15.7014 0.95
      vertex 128.966 10.9155 0.95
    endloop
  endfacet
  facet normal 0.325574 0.945517 0
    outer loop
      vertex 115.067 15.7014 0.95
      vertex 128.966 10.9155 0
      vertex 115.067 15.7014 0
    endloop
  endfacet
  facet normal 0.945515 -0.325578 3.64112e-16
    outer loop
      vertex 115.067 15.7014 0.95
      vertex 119.853 29.6005 0
      vertex 119.853 29.6005 0.95
    endloop
  endfacet
  facet normal 0.945515 -0.325578 3.64112e-16
    outer loop
      vertex 119.853 29.6005 0
      vertex 115.067 15.7014 0.95
      vertex 115.067 15.7014 0
    endloop
  endfacet
  facet normal -0.325574 -0.945517 0
    outer loop
      vertex 119.853 29.6005 0
      vertex 133.752 24.8146 0.95
      vertex 119.853 29.6005 0.95
    endloop
  endfacet
  facet normal -0.325574 -0.945517 -0
    outer loop
      vertex 133.752 24.8146 0.95
      vertex 119.853 29.6005 0
      vertex 133.752 24.8146 0
    endloop
  endfacet
  facet normal -0.945518 0.32557 4.54491e-17
    outer loop
      vertex 128.749 11.3604 0.95
      vertex 133.307 24.5977 2.05
      vertex 133.307 24.5977 0.95
    endloop
  endfacet
  facet normal -0.945518 0.32557 4.54491e-17
    outer loop
      vertex 133.307 24.5977 2.05
      vertex 128.749 11.3604 0.95
      vertex 128.749 11.3604 2.05
    endloop
  endfacet
  facet normal 0 0 1
    outer loop
      vertex 133.752 24.8146 2.05
      vertex 120.07 29.1556 2.05
      vertex 133.307 24.5977 2.05
    endloop
  endfacet
  facet normal 0 0 1
    outer loop
      vertex 119.853 29.6005 2.05
      vertex 120.07 29.1556 2.05
      vertex 133.752 24.8146 2.05
    endloop
  endfacet
  facet normal 0 0 1
    outer loop
      vertex 119.853 29.6005 2.05
      vertex 115.512 15.9183 2.05
      vertex 120.07 29.1556 2.05
    endloop
  endfacet
  facet normal 0 -0 1
    outer loop
      vertex 115.512 15.9183 2.05
      vertex 119.853 29.6005 2.05
      vertex 115.067 15.7014 2.05
    endloop
  endfacet
  facet normal -0 0 1
    outer loop
      vertex 133.307 24.5977 2.05
      vertex 128.966 10.9155 2.05
      vertex 133.752 24.8146 2.05
    endloop
  endfacet
  facet normal -0 0 1
    outer loop
      vertex 128.749 11.3604 2.05
      vertex 128.966 10.9155 2.05
      vertex 133.307 24.5977 2.05
    endloop
  endfacet
  facet normal 0 0 1
    outer loop
      vertex 115.512 15.9183 2.05
      vertex 128.966 10.9155 2.05
      vertex 128.749 11.3604 2.05
    endloop
  endfacet
  facet normal 0 0 1
    outer loop
      vertex 128.966 10.9155 2.05
      vertex 115.512 15.9183 2.05
      vertex 115.067 15.7014 2.05
    endloop
  endfacet
  facet normal 0.32557 0.945518 -0
    outer loop
      vertex 128.749 11.3604 0.95
      vertex 115.512 15.9183 2.05
      vertex 128.749 11.3604 2.05
    endloop
  endfacet
  facet normal 0.32557 0.945518 0
    outer loop
      vertex 115.512 15.9183 2.05
      vertex 128.749 11.3604 0.95
      vertex 115.512 15.9183 0.95
    endloop
  endfacet
  facet normal 0.945518 -0.32557 4.54491e-17
    outer loop
      vertex 115.512 15.9183 2.05
      vertex 120.07 29.1556 0.95
      vertex 120.07 29.1556 2.05
    endloop
  endfacet
  facet normal 0.945518 -0.32557 4.54491e-17
    outer loop
      vertex 120.07 29.1556 0.95
      vertex 115.512 15.9183 2.05
      vertex 115.512 15.9183 0.95
    endloop
  endfacet
  facet normal -0.32557 -0.945518 0
    outer loop
      vertex 120.07 29.1556 0.95
      vertex 133.307 24.5977 2.05
      vertex 120.07 29.1556 2.05
    endloop
  endfacet
  facet normal -0.32557 -0.945518 -0
    outer loop
      vertex 133.307 24.5977 2.05
      vertex 120.07 29.1556 0.95
      vertex 133.307 24.5977 0.95
    endloop
  endfacet
  facet normal -0.945515 0.325578 -1.54957e-15
    outer loop
      vertex 128.966 10.9155 2.05
      vertex 133.752 24.8146 2.2
      vertex 133.752 24.8146 2.05
    endloop
  endfacet
  facet normal -0.945515 0.325578 -1.54957e-15
    outer loop
      vertex 133.752 24.8146 2.2
      vertex 128.966 10.9155 2.05
      vertex 128.966 10.9155 2.2
    endloop
  endfacet
  facet normal 0.325574 0.945517 -0
    outer loop
      vertex 128.966 10.9155 2.05
      vertex 115.067 15.7014 2.2
      vertex 128.966 10.9155 2.2
    endloop
  endfacet
  facet normal 0.325574 0.945517 0
    outer loop
      vertex 115.067 15.7014 2.2
      vertex 128.966 10.9155 2.05
      vertex 115.067 15.7014 2.05
    endloop
  endfacet
  facet normal 0.945515 -0.325578 2.30604e-15
    outer loop
      vertex 115.067 15.7014 2.2
      vertex 119.853 29.6005 2.05
      vertex 119.853 29.6005 2.2
    endloop
  endfacet
  facet normal 0.945515 -0.325578 2.30604e-15
    outer loop
      vertex 119.853 29.6005 2.05
      vertex 115.067 15.7014 2.2
      vertex 115.067 15.7014 2.05
    endloop
  endfacet
  facet normal -0.325574 -0.945517 0
    outer loop
      vertex 119.853 29.6005 2.05
      vertex 133.752 24.8146 2.2
      vertex 119.853 29.6005 2.2
    endloop
  endfacet
  facet normal -0.325574 -0.945517 -0
    outer loop
      vertex 133.752 24.8146 2.2
      vertex 119.853 29.6005 2.05
      vertex 133.752 24.8146 2.05
    endloop
  endfacet
  facet normal -0.956321 0.292318 2.12936e-16
    outer loop
      vertex 111.12 16.6352 0
      vertex 115.417 30.6929 0.95
      vertex 115.417 30.6929 0
    endloop
  endfacet
  facet normal -0.956321 0.292318 2.12936e-16
    outer loop
      vertex 115.417 30.6929 0.95
      vertex 111.12 16.6352 0
      vertex 111.12 16.6352 0.95
    endloop
  endfacet
  facet normal 0 0 -1
    outer loop
      vertex 111.12 16.6352 0.95
      vertex 114.98 30.4605 0.95
      vertex 115.417 30.6929 0.95
    endloop
  endfacet
  facet normal 0 0 -1
    outer loop
      vertex 111.12 16.6352 0.95
      vertex 110.887 17.0723 0.95
      vertex 114.98 30.4605 0.95
    endloop
  endfacet
  facet normal 0 0 -1
    outer loop
      vertex 111.12 16.6352 0.95
      vertex 97.499 21.1655 0.95
      vertex 110.887 17.0723 0.95
    endloop
  endfacet
  facet normal 0 -0 -1
    outer loop
      vertex 97.499 21.1655 0.95
      vertex 111.12 16.6352 0.95
      vertex 97.0619 20.9331 0.95
    endloop
  endfacet
  facet normal 0 0 -1
    outer loop
      vertex 101.592 34.5537 0.95
      vertex 115.417 30.6929 0.95
      vertex 114.98 30.4605 0.95
    endloop
  endfacet
  facet normal 0 0 -1
    outer loop
      vertex 101.592 34.5537 0.95
      vertex 101.36 34.9908 0.95
      vertex 115.417 30.6929 0.95
    endloop
  endfacet
  facet normal 0 0 -1
    outer loop
      vertex 97.499 21.1655 0.95
      vertex 101.36 34.9908 0.95
      vertex 101.592 34.5537 0.95
    endloop
  endfacet
  facet normal 0 0 -1
    outer loop
      vertex 101.36 34.9908 0.95
      vertex 97.499 21.1655 0.95
      vertex 97.0619 20.9331 0.95
    endloop
  endfacet
  facet normal 0.292366 0.956307 -0
    outer loop
      vertex 111.12 16.6352 0
      vertex 97.0619 20.9331 0.95
      vertex 111.12 16.6352 0.95
    endloop
  endfacet
  facet normal 0.292366 0.956307 0
    outer loop
      vertex 97.0619 20.9331 0.95
      vertex 111.12 16.6352 0
      vertex 97.0619 20.9331 0
    endloop
  endfacet
  facet normal 0.9563 -0.292386 2.01983e-16
    outer loop
      vertex 97.0619 20.9331 0.95
      vertex 101.36 34.9908 0
      vertex 101.36 34.9908 0.95
    endloop
  endfacet
  facet normal 0.9563 -0.292386 2.01983e-16
    outer loop
      vertex 101.36 34.9908 0
      vertex 97.0619 20.9331 0.95
      vertex 97.0619 20.9331 0
    endloop
  endfacet
  facet normal -0.292387 -0.9563 0
    outer loop
      vertex 101.36 34.9908 0
      vertex 115.417 30.6929 0.95
      vertex 101.36 34.9908 0.95
    endloop
  endfacet
  facet normal -0.292387 -0.9563 -0
    outer loop
      vertex 115.417 30.6929 0.95
      vertex 101.36 34.9908 0
      vertex 115.417 30.6929 0
    endloop
  endfacet
  facet normal -0.956308 0.29236 1.25983e-16
    outer loop
      vertex 110.887 17.0723 0.95
      vertex 114.98 30.4605 2.05
      vertex 114.98 30.4605 0.95
    endloop
  endfacet
  facet normal -0.956308 0.29236 1.25983e-16
    outer loop
      vertex 114.98 30.4605 2.05
      vertex 110.887 17.0723 0.95
      vertex 110.887 17.0723 2.05
    endloop
  endfacet
  facet normal 0 0 1
    outer loop
      vertex 115.417 30.6929 2.05
      vertex 101.592 34.5537 2.05
      vertex 114.98 30.4605 2.05
    endloop
  endfacet
  facet normal 0 0 1
    outer loop
      vertex 101.36 34.9908 2.05
      vertex 101.592 34.5537 2.05
      vertex 115.417 30.6929 2.05
    endloop
  endfacet
  facet normal 0 0 1
    outer loop
      vertex 101.36 34.9908 2.05
      vertex 97.499 21.1655 2.05
      vertex 101.592 34.5537 2.05
    endloop
  endfacet
  facet normal 0 -0 1
    outer loop
      vertex 97.499 21.1655 2.05
      vertex 101.36 34.9908 2.05
      vertex 97.0619 20.9331 2.05
    endloop
  endfacet
  facet normal -0 0 1
    outer loop
      vertex 114.98 30.4605 2.05
      vertex 111.12 16.6352 2.05
      vertex 115.417 30.6929 2.05
    endloop
  endfacet
  facet normal -0 0 1
    outer loop
      vertex 110.887 17.0723 2.05
      vertex 111.12 16.6352 2.05
      vertex 114.98 30.4605 2.05
    endloop
  endfacet
  facet normal 0 0 1
    outer loop
      vertex 97.499 21.1655 2.05
      vertex 111.12 16.6352 2.05
      vertex 110.887 17.0723 2.05
    endloop
  endfacet
  facet normal 0 0 1
    outer loop
      vertex 111.12 16.6352 2.05
      vertex 97.499 21.1655 2.05
      vertex 97.0619 20.9331 2.05
    endloop
  endfacet
  facet normal 0.292377 0.956303 -0
    outer loop
      vertex 110.887 17.0723 0.95
      vertex 97.499 21.1655 2.05
      vertex 110.887 17.0723 2.05
    endloop
  endfacet
  facet normal 0.292377 0.956303 0
    outer loop
      vertex 97.499 21.1655 2.05
      vertex 110.887 17.0723 0.95
      vertex 97.499 21.1655 0.95
    endloop
  endfacet
  facet normal 0.956308 -0.29236 1.04528e-16
    outer loop
      vertex 97.499 21.1655 2.05
      vertex 101.592 34.5537 0.95
      vertex 101.592 34.5537 2.05
    endloop
  endfacet
  facet normal 0.956308 -0.29236 1.04528e-16
    outer loop
      vertex 101.592 34.5537 0.95
      vertex 97.499 21.1655 2.05
      vertex 97.499 21.1655 0.95
    endloop
  endfacet
  facet normal -0.292377 -0.956303 0
    outer loop
      vertex 101.592 34.5537 0.95
      vertex 114.98 30.4605 2.05
      vertex 101.592 34.5537 2.05
    endloop
  endfacet
  facet normal -0.292377 -0.956303 -0
    outer loop
      vertex 114.98 30.4605 2.05
      vertex 101.592 34.5537 0.95
      vertex 114.98 30.4605 0.95
    endloop
  endfacet
  facet normal -0.956321 0.292318 1.34859e-15
    outer loop
      vertex 111.12 16.6352 2.05
      vertex 115.417 30.6929 2.2
      vertex 115.417 30.6929 2.05
    endloop
  endfacet
  facet normal -0.956321 0.292318 1.34859e-15
    outer loop
      vertex 115.417 30.6929 2.2
      vertex 111.12 16.6352 2.05
      vertex 111.12 16.6352 2.2
    endloop
  endfacet
  facet normal 0.292366 0.956307 -0
    outer loop
      vertex 111.12 16.6352 2.05
      vertex 97.0619 20.9331 2.2
      vertex 111.12 16.6352 2.2
    endloop
  endfacet
  facet normal 0.292366 0.956307 0
    outer loop
      vertex 97.0619 20.9331 2.2
      vertex 111.12 16.6352 2.05
      vertex 97.0619 20.9331 2.05
    endloop
  endfacet
  facet normal 0.9563 -0.292386 1.27922e-15
    outer loop
      vertex 97.0619 20.9331 2.2
      vertex 101.36 34.9908 2.05
      vertex 101.36 34.9908 2.2
    endloop
  endfacet
  facet normal 0.9563 -0.292386 1.27922e-15
    outer loop
      vertex 101.36 34.9908 2.05
      vertex 97.0619 20.9331 2.2
      vertex 97.0619 20.9331 2.05
    endloop
  endfacet
  facet normal -0.292387 -0.9563 0
    outer loop
      vertex 101.36 34.9908 2.05
      vertex 115.417 30.6929 2.2
      vertex 101.36 34.9908 2.2
    endloop
  endfacet
  facet normal -0.292387 -0.9563 -0
    outer loop
      vertex 115.417 30.6929 2.2
      vertex 101.36 34.9908 2.05
      vertex 115.417 30.6929 2.05
    endloop
  endfacet
  facet normal -0.93358 0.358368 1.47281e-16
    outer loop
      vertex 153.411 22.3144 0
      vertex 158.679 36.038 0.95
      vertex 158.679 36.038 0
    endloop
  endfacet
  facet normal -0.93358 0.358368 1.47281e-16
    outer loop
      vertex 158.679 36.038 0.95
      vertex 153.411 22.3144 0
      vertex 153.411 22.3144 0.95
    endloop
  endfacet
  facet normal 0 0 -1
    outer loop
      vertex 153.411 22.3144 0.95
      vertex 158.227 35.8367 0.95
      vertex 158.679 36.038 0.95
    endloop
  endfacet
  facet normal 0 0 -1
    outer loop
      vertex 153.411 22.3144 0.95
      vertex 153.21 22.7666 0.95
      vertex 158.227 35.8367 0.95
    endloop
  endfacet
  facet normal 0 0 -1
    outer loop
      vertex 153.411 22.3144 0.95
      vertex 140.14 27.7837 0.95
      vertex 153.21 22.7666 0.95
    endloop
  endfacet
  facet normal 0 -0 -1
    outer loop
      vertex 140.14 27.7837 0.95
      vertex 153.411 22.3144 0.95
      vertex 139.687 27.5824 0.95
    endloop
  endfacet
  facet normal 0 0 -1
    outer loop
      vertex 145.157 40.8538 0.95
      vertex 158.679 36.038 0.95
      vertex 158.227 35.8367 0.95
    endloop
  endfacet
  facet normal 0 0 -1
    outer loop
      vertex 145.157 40.8538 0.95
      vertex 144.955 41.306 0.95
      vertex 158.679 36.038 0.95
    endloop
  endfacet
  facet normal 0 0 -1
    outer loop
      vertex 140.14 27.7837 0.95
      vertex 144.955 41.306 0.95
      vertex 145.157 40.8538 0.95
    endloop
  endfacet
  facet normal 0 0 -1
    outer loop
      vertex 144.955 41.306 0.95
      vertex 140.14 27.7837 0.95
      vertex 139.687 27.5824 0.95
    endloop
  endfacet
  facet normal 0.358359 0.933584 -0
    outer loop
      vertex 153.411 22.3144 0
      vertex 139.687 27.5824 0.95
      vertex 153.411 22.3144 0.95
    endloop
  endfacet
  facet normal 0.358359 0.933584 0
    outer loop
      vertex 139.687 27.5824 0.95
      vertex 153.411 22.3144 0
      vertex 139.687 27.5824 0
    endloop
  endfacet
  facet normal 0.93358 -0.358368 1.47281e-16
    outer loop
      vertex 139.687 27.5824 0.95
      vertex 144.955 41.306 0
      vertex 144.955 41.306 0.95
    endloop
  endfacet
  facet normal 0.93358 -0.358368 1.47281e-16
    outer loop
      vertex 144.955 41.306 0
      vertex 139.687 27.5824 0.95
      vertex 139.687 27.5824 0
    endloop
  endfacet
  facet normal -0.358359 -0.933584 0
    outer loop
      vertex 144.955 41.306 0
      vertex 158.679 36.038 0.95
      vertex 144.955 41.306 0.95
    endloop
  endfacet
  facet normal -0.358359 -0.933584 -0
    outer loop
      vertex 158.679 36.038 0.95
      vertex 144.955 41.306 0
      vertex 158.679 36.038 0
    endloop
  endfacet
  facet normal -0.933584 0.358359 -2.28795e-16
    outer loop
      vertex 153.21 22.7666 0.95
      vertex 158.227 35.8367 2.05
      vertex 158.227 35.8367 0.95
    endloop
  endfacet
  facet normal -0.933584 0.358359 -2.28795e-16
    outer loop
      vertex 158.227 35.8367 2.05
      vertex 153.21 22.7666 0.95
      vertex 153.21 22.7666 2.05
    endloop
  endfacet
  facet normal 0 0 1
    outer loop
      vertex 158.679 36.038 2.05
      vertex 145.157 40.8538 2.05
      vertex 158.227 35.8367 2.05
    endloop
  endfacet
  facet normal 0 0 1
    outer loop
      vertex 144.955 41.306 2.05
      vertex 145.157 40.8538 2.05
      vertex 158.679 36.038 2.05
    endloop
  endfacet
  facet normal 0 0 1
    outer loop
      vertex 144.955 41.306 2.05
      vertex 140.14 27.7837 2.05
      vertex 145.157 40.8538 2.05
    endloop
  endfacet
  facet normal 0 -0 1
    outer loop
      vertex 140.14 27.7837 2.05
      vertex 144.955 41.306 2.05
      vertex 139.687 27.5824 2.05
    endloop
  endfacet
  facet normal -0 0 1
    outer loop
      vertex 158.227 35.8367 2.05
      vertex 153.411 22.3144 2.05
      vertex 158.679 36.038 2.05
    endloop
  endfacet
  facet normal -0 0 1
    outer loop
      vertex 153.21 22.7666 2.05
      vertex 153.411 22.3144 2.05
      vertex 158.227 35.8367 2.05
    endloop
  endfacet
  facet normal 0 0 1
    outer loop
      vertex 140.14 27.7837 2.05
      vertex 153.411 22.3144 2.05
      vertex 153.21 22.7666 2.05
    endloop
  endfacet
  facet normal 0 0 1
    outer loop
      vertex 153.411 22.3144 2.05
      vertex 140.14 27.7837 2.05
      vertex 139.687 27.5824 2.05
    endloop
  endfacet
  facet normal 0.358368 0.93358 -0
    outer loop
      vertex 153.21 22.7666 0.95
      vertex 140.14 27.7837 2.05
      vertex 153.21 22.7666 2.05
    endloop
  endfacet
  facet normal 0.358368 0.93358 0
    outer loop
      vertex 140.14 27.7837 2.05
      vertex 153.21 22.7666 0.95
      vertex 140.14 27.7837 0.95
    endloop
  endfacet
  facet normal 0.933584 -0.358359 -9.94201e-17
    outer loop
      vertex 140.14 27.7837 2.05
      vertex 145.157 40.8538 0.95
      vertex 145.157 40.8538 2.05
    endloop
  endfacet
  facet normal 0.933584 -0.358359 -9.94201e-17
    outer loop
      vertex 145.157 40.8538 0.95
      vertex 140.14 27.7837 2.05
      vertex 140.14 27.7837 0.95
    endloop
  endfacet
  facet normal -0.358368 -0.93358 0
    outer loop
      vertex 145.157 40.8538 0.95
      vertex 158.227 35.8367 2.05
      vertex 145.157 40.8538 2.05
    endloop
  endfacet
  facet normal -0.358368 -0.93358 -0
    outer loop
      vertex 158.227 35.8367 2.05
      vertex 145.157 40.8538 0.95
      vertex 158.227 35.8367 0.95
    endloop
  endfacet
  facet normal -0.93358 0.358368 9.32781e-16
    outer loop
      vertex 153.411 22.3144 2.05
      vertex 158.679 36.038 2.2
      vertex 158.679 36.038 2.05
    endloop
  endfacet
  facet normal -0.93358 0.358368 9.32781e-16
    outer loop
      vertex 158.679 36.038 2.2
      vertex 153.411 22.3144 2.05
      vertex 153.411 22.3144 2.2
    endloop
  endfacet
  facet normal 0.358359 0.933584 -0
    outer loop
      vertex 153.411 22.3144 2.05
      vertex 139.687 27.5824 2.2
      vertex 153.411 22.3144 2.2
    endloop
  endfacet
  facet normal 0.358359 0.933584 0
    outer loop
      vertex 139.687 27.5824 2.2
      vertex 153.411 22.3144 2.05
      vertex 139.687 27.5824 2.05
    endloop
  endfacet
  facet normal 0.93358 -0.358368 9.32781e-16
    outer loop
      vertex 139.687 27.5824 2.2
      vertex 144.955 41.306 2.05
      vertex 144.955 41.306 2.2
    endloop
  endfacet
  facet normal 0.93358 -0.358368 9.32781e-16
    outer loop
      vertex 144.955 41.306 2.05
      vertex 139.687 27.5824 2.2
      vertex 139.687 27.5824 2.05
    endloop
  endfacet
  facet normal -0.358359 -0.933584 0
    outer loop
      vertex 144.955 41.306 2.05
      vertex 158.679 36.038 2.2
      vertex 144.955 41.306 2.2
    endloop
  endfacet
  facet normal -0.358359 -0.933584 -0
    outer loop
      vertex 158.679 36.038 2.2
      vertex 144.955 41.306 2.05
      vertex 158.679 36.038 2.05
    endloop
  endfacet
  facet normal -0.996195 -0.0871568 -1.36164e-17
    outer loop
      vertex 26.5809 29.0693 0
      vertex 25.2997 43.7133 0.95
      vertex 25.2997 43.7133 0
    endloop
  endfacet
  facet normal -0.996195 -0.0871568 -1.36164e-17
    outer loop
      vertex 25.2997 43.7133 0.95
      vertex 26.5809 29.0693 0
      vertex 26.5809 29.0693 0.95
    endloop
  endfacet
  facet normal -0 0 -1
    outer loop
      vertex 26.5809 29.0693 0.95
      vertex 12.255 28.1672 0.95
      vertex 26.2018 29.3874 0.95
    endloop
  endfacet
  facet normal 0 0 -1
    outer loop
      vertex 11.9369 27.7881 0.95
      vertex 12.255 28.1672 0.95
      vertex 26.5809 29.0693 0.95
    endloop
  endfacet
  facet normal 0 0 -1
    outer loop
      vertex 11.9369 27.7881 0.95
      vertex 11.0348 42.114 0.95
      vertex 12.255 28.1672 0.95
    endloop
  endfacet
  facet normal -0 -0 -1
    outer loop
      vertex 11.0348 42.114 0.95
      vertex 11.9369 27.7881 0.95
      vertex 10.6557 42.4321 0.95
    endloop
  endfacet
  facet normal 0 0 -1
    outer loop
      vertex 26.2018 29.3874 0.95
      vertex 25.2997 43.7133 0.95
      vertex 26.5809 29.0693 0.95
    endloop
  endfacet
  facet normal 0 0 -1
    outer loop
      vertex 24.9816 43.3342 0.95
      vertex 25.2997 43.7133 0.95
      vertex 26.2018 29.3874 0.95
    endloop
  endfacet
  facet normal 0 0 -1
    outer loop
      vertex 11.0348 42.114 0.95
      vertex 25.2997 43.7133 0.95
      vertex 24.9816 43.3342 0.95
    endloop
  endfacet
  facet normal 0 0 -1
    outer loop
      vertex 25.2997 43.7133 0.95
      vertex 11.0348 42.114 0.95
      vertex 10.6557 42.4321 0.95
    endloop
  endfacet
  facet normal -0.0871568 0.996195 0
    outer loop
      vertex 26.5809 29.0693 0
      vertex 11.9369 27.7881 0.95
      vertex 26.5809 29.0693 0.95
    endloop
  endfacet
  facet normal -0.0871568 0.996195 0
    outer loop
      vertex 11.9369 27.7881 0.95
      vertex 26.5809 29.0693 0
      vertex 11.9369 27.7881 0
    endloop
  endfacet
  facet normal 0.996195 0.0871568 -9.5534e-17
    outer loop
      vertex 11.9369 27.7881 0.95
      vertex 10.6557 42.4321 0
      vertex 10.6557 42.4321 0.95
    endloop
  endfacet
  facet normal 0.996195 0.0871568 -9.5534e-17
    outer loop
      vertex 10.6557 42.4321 0
      vertex 11.9369 27.7881 0.95
      vertex 11.9369 27.7881 0
    endloop
  endfacet
  facet normal 0.0871568 -0.996195 0
    outer loop
      vertex 10.6557 42.4321 0
      vertex 25.2997 43.7133 0.95
      vertex 10.6557 42.4321 0.95
    endloop
  endfacet
  facet normal 0.0871568 -0.996195 0
    outer loop
      vertex 25.2997 43.7133 0.95
      vertex 10.6557 42.4321 0
      vertex 25.2997 43.7133 0
    endloop
  endfacet
  facet normal -0.996195 -0.0871567 1.147e-16
    outer loop
      vertex 26.2018 29.3874 0.95
      vertex 24.9816 43.3342 2.05
      vertex 24.9816 43.3342 0.95
    endloop
  endfacet
  facet normal -0.996195 -0.0871567 1.147e-16
    outer loop
      vertex 24.9816 43.3342 2.05
      vertex 26.2018 29.3874 0.95
      vertex 26.2018 29.3874 2.05
    endloop
  endfacet
  facet normal 0 0 1
    outer loop
      vertex 25.2997 43.7133 2.05
      vertex 26.2018 29.3874 2.05
      vertex 26.5809 29.0693 2.05
    endloop
  endfacet
  facet normal 0 0 1
    outer loop
      vertex 25.2997 43.7133 2.05
      vertex 24.9816 43.3342 2.05
      vertex 26.2018 29.3874 2.05
    endloop
  endfacet
  facet normal 0 0 1
    outer loop
      vertex 25.2997 43.7133 2.05
      vertex 11.0348 42.114 2.05
      vertex 24.9816 43.3342 2.05
    endloop
  endfacet
  facet normal 0 -0 1
    outer loop
      vertex 11.0348 42.114 2.05
      vertex 25.2997 43.7133 2.05
      vertex 10.6557 42.4321 2.05
    endloop
  endfacet
  facet normal 0 0 1
    outer loop
      vertex 12.255 28.1672 2.05
      vertex 26.5809 29.0693 2.05
      vertex 26.2018 29.3874 2.05
    endloop
  endfacet
  facet normal -0 0 1
    outer loop
      vertex 12.255 28.1672 2.05
      vertex 11.9369 27.7881 2.05
      vertex 26.5809 29.0693 2.05
    endloop
  endfacet
  facet normal 0 0 1
    outer loop
      vertex 11.0348 42.114 2.05
      vertex 11.9369 27.7881 2.05
      vertex 12.255 28.1672 2.05
    endloop
  endfacet
  facet normal 0 0 1
    outer loop
      vertex 11.9369 27.7881 2.05
      vertex 11.0348 42.114 2.05
      vertex 10.6557 42.4321 2.05
    endloop
  endfacet
  facet normal -0.0871567 0.996195 0
    outer loop
      vertex 26.2018 29.3874 0.95
      vertex 12.255 28.1672 2.05
      vertex 26.2018 29.3874 2.05
    endloop
  endfacet
  facet normal -0.0871567 0.996195 0
    outer loop
      vertex 12.255 28.1672 2.05
      vertex 26.2018 29.3874 0.95
      vertex 12.255 28.1672 0.95
    endloop
  endfacet
  facet normal 0.996195 0.0871567 -8.25975e-18
    outer loop
      vertex 12.255 28.1672 2.05
      vertex 11.0348 42.114 0.95
      vertex 11.0348 42.114 2.05
    endloop
  endfacet
  facet normal 0.996195 0.0871567 -8.25975e-18
    outer loop
      vertex 11.0348 42.114 0.95
      vertex 12.255 28.1672 2.05
      vertex 12.255 28.1672 0.95
    endloop
  endfacet
  facet normal 0.0871567 -0.996195 0
    outer loop
      vertex 11.0348 42.114 0.95
      vertex 24.9816 43.3342 2.05
      vertex 11.0348 42.114 2.05
    endloop
  endfacet
  facet normal 0.0871567 -0.996195 0
    outer loop
      vertex 24.9816 43.3342 2.05
      vertex 11.0348 42.114 0.95
      vertex 24.9816 43.3342 0.95
    endloop
  endfacet
  facet normal -0.996195 -0.0871568 -8.62374e-17
    outer loop
      vertex 26.5809 29.0693 2.05
      vertex 25.2997 43.7133 2.2
      vertex 25.2997 43.7133 2.05
    endloop
  endfacet
  facet normal -0.996195 -0.0871568 -8.62374e-17
    outer loop
      vertex 25.2997 43.7133 2.2
      vertex 26.5809 29.0693 2.05
      vertex 26.5809 29.0693 2.2
    endloop
  endfacet
  facet normal -0.0871568 0.996195 0
    outer loop
      vertex 26.5809 29.0693 2.05
      vertex 11.9369 27.7881 2.2
      vertex 26.5809 29.0693 2.2
    endloop
  endfacet
  facet normal -0.0871568 0.996195 0
    outer loop
      vertex 11.9369 27.7881 2.2
      vertex 26.5809 29.0693 2.05
      vertex 11.9369 27.7881 2.05
    endloop
  endfacet
  facet normal 0.996195 0.0871568 -6.05048e-16
    outer loop
      vertex 11.9369 27.7881 2.2
      vertex 10.6557 42.4321 2.05
      vertex 10.6557 42.4321 2.2
    endloop
  endfacet
  facet normal 0.996195 0.0871568 -6.05048e-16
    outer loop
      vertex 10.6557 42.4321 2.05
      vertex 11.9369 27.7881 2.2
      vertex 11.9369 27.7881 2.05
    endloop
  endfacet
  facet normal 0.0871568 -0.996195 0
    outer loop
      vertex 10.6557 42.4321 2.05
      vertex 25.2997 43.7133 2.2
      vertex 10.6557 42.4321 2.2
    endloop
  endfacet
  facet normal 0.0871568 -0.996195 0
    outer loop
      vertex 25.2997 43.7133 2.2
      vertex 10.6557 42.4321 2.05
      vertex 25.2997 43.7133 2.05
    endloop
  endfacet
  facet normal -0.945515 0.325578 -4.53532e-16
    outer loop
      vertex 135.152 28.8803 0
      vertex 139.938 42.7794 0.95
      vertex 139.938 42.7794 0
    endloop
  endfacet
  facet normal -0.945515 0.325578 -4.53532e-16
    outer loop
      vertex 139.938 42.7794 0.95
      vertex 135.152 28.8803 0
      vertex 135.152 28.8803 0.95
    endloop
  endfacet
  facet normal 0 0 -1
    outer loop
      vertex 135.152 28.8803 0.95
      vertex 139.493 42.5625 0.95
      vertex 139.938 42.7794 0.95
    endloop
  endfacet
  facet normal 0 0 -1
    outer loop
      vertex 135.152 28.8803 0.95
      vertex 134.935 29.3252 0.95
      vertex 139.493 42.5625 0.95
    endloop
  endfacet
  facet normal 0 0 -1
    outer loop
      vertex 135.152 28.8803 0.95
      vertex 121.698 33.8831 0.95
      vertex 134.935 29.3252 0.95
    endloop
  endfacet
  facet normal 0 -0 -1
    outer loop
      vertex 121.698 33.8831 0.95
      vertex 135.152 28.8803 0.95
      vertex 121.253 33.6662 0.95
    endloop
  endfacet
  facet normal 0 0 -1
    outer loop
      vertex 126.256 47.1204 0.95
      vertex 139.938 42.7794 0.95
      vertex 139.493 42.5625 0.95
    endloop
  endfacet
  facet normal 0 0 -1
    outer loop
      vertex 126.256 47.1204 0.95
      vertex 126.039 47.5653 0.95
      vertex 139.938 42.7794 0.95
    endloop
  endfacet
  facet normal 0 0 -1
    outer loop
      vertex 121.698 33.8831 0.95
      vertex 126.039 47.5653 0.95
      vertex 126.256 47.1204 0.95
    endloop
  endfacet
  facet normal 0 0 -1
    outer loop
      vertex 126.039 47.5653 0.95
      vertex 121.698 33.8831 0.95
      vertex 121.253 33.6662 0.95
    endloop
  endfacet
  facet normal 0.325574 0.945517 -0
    outer loop
      vertex 135.152 28.8803 0
      vertex 121.253 33.6662 0.95
      vertex 135.152 28.8803 0.95
    endloop
  endfacet
  facet normal 0.325574 0.945517 0
    outer loop
      vertex 121.253 33.6662 0.95
      vertex 135.152 28.8803 0
      vertex 121.253 33.6662 0
    endloop
  endfacet
  facet normal 0.945515 -0.325578 1.64153e-16
    outer loop
      vertex 121.253 33.6662 0.95
      vertex 126.039 47.5653 0
      vertex 126.039 47.5653 0.95
    endloop
  endfacet
  facet normal 0.945515 -0.325578 1.64153e-16
    outer loop
      vertex 126.039 47.5653 0
      vertex 121.253 33.6662 0.95
      vertex 121.253 33.6662 0
    endloop
  endfacet
  facet normal -0.325574 -0.945517 0
    outer loop
      vertex 126.039 47.5653 0
      vertex 139.938 42.7794 0.95
      vertex 126.039 47.5653 0.95
    endloop
  endfacet
  facet normal -0.325574 -0.945517 -0
    outer loop
      vertex 139.938 42.7794 0.95
      vertex 126.039 47.5653 0
      vertex 139.938 42.7794 0
    endloop
  endfacet
  facet normal -0.945518 0.32557 1.09813e-16
    outer loop
      vertex 134.935 29.3252 0.95
      vertex 139.493 42.5625 2.05
      vertex 139.493 42.5625 0.95
    endloop
  endfacet
  facet normal -0.945518 0.32557 1.09813e-16
    outer loop
      vertex 139.493 42.5625 2.05
      vertex 134.935 29.3252 0.95
      vertex 134.935 29.3252 2.05
    endloop
  endfacet
  facet normal 0 0 1
    outer loop
      vertex 139.938 42.7794 2.05
      vertex 126.256 47.1204 2.05
      vertex 139.493 42.5625 2.05
    endloop
  endfacet
  facet normal 0 0 1
    outer loop
      vertex 126.039 47.5653 2.05
      vertex 126.256 47.1204 2.05
      vertex 139.938 42.7794 2.05
    endloop
  endfacet
  facet normal 0 0 1
    outer loop
      vertex 126.039 47.5653 2.05
      vertex 121.698 33.8831 2.05
      vertex 126.256 47.1204 2.05
    endloop
  endfacet
  facet normal 0 -0 1
    outer loop
      vertex 121.698 33.8831 2.05
      vertex 126.039 47.5653 2.05
      vertex 121.253 33.6662 2.05
    endloop
  endfacet
  facet normal -0 0 1
    outer loop
      vertex 139.493 42.5625 2.05
      vertex 135.152 28.8803 2.05
      vertex 139.938 42.7794 2.05
    endloop
  endfacet
  facet normal -0 0 1
    outer loop
      vertex 134.935 29.3252 2.05
      vertex 135.152 28.8803 2.05
      vertex 139.493 42.5625 2.05
    endloop
  endfacet
  facet normal 0 0 1
    outer loop
      vertex 121.698 33.8831 2.05
      vertex 135.152 28.8803 2.05
      vertex 134.935 29.3252 2.05
    endloop
  endfacet
  facet normal 0 0 1
    outer loop
      vertex 135.152 28.8803 2.05
      vertex 121.698 33.8831 2.05
      vertex 121.253 33.6662 2.05
    endloop
  endfacet
  facet normal 0.32557 0.945518 -0
    outer loop
      vertex 134.935 29.3252 0.95
      vertex 121.698 33.8831 2.05
      vertex 134.935 29.3252 2.05
    endloop
  endfacet
  facet normal 0.32557 0.945518 0
    outer loop
      vertex 121.698 33.8831 2.05
      vertex 134.935 29.3252 0.95
      vertex 121.698 33.8831 0.95
    endloop
  endfacet
  facet normal 0.945518 -0.32557 2.00061e-16
    outer loop
      vertex 121.698 33.8831 2.05
      vertex 126.256 47.1204 0.95
      vertex 126.256 47.1204 2.05
    endloop
  endfacet
  facet normal 0.945518 -0.32557 2.00061e-16
    outer loop
      vertex 126.256 47.1204 0.95
      vertex 121.698 33.8831 2.05
      vertex 121.698 33.8831 0.95
    endloop
  endfacet
  facet normal -0.32557 -0.945518 0
    outer loop
      vertex 126.256 47.1204 0.95
      vertex 139.493 42.5625 2.05
      vertex 126.256 47.1204 2.05
    endloop
  endfacet
  facet normal -0.32557 -0.945518 -0
    outer loop
      vertex 139.493 42.5625 2.05
      vertex 126.256 47.1204 0.95
      vertex 139.493 42.5625 0.95
    endloop
  endfacet
  facet normal -0.945515 0.325578 -2.87237e-15
    outer loop
      vertex 135.152 28.8803 2.05
      vertex 139.938 42.7794 2.2
      vertex 139.938 42.7794 2.05
    endloop
  endfacet
  facet normal -0.945515 0.325578 -2.87237e-15
    outer loop
      vertex 139.938 42.7794 2.2
      vertex 135.152 28.8803 2.05
      vertex 135.152 28.8803 2.2
    endloop
  endfacet
  facet normal 0.325574 0.945517 -0
    outer loop
      vertex 135.152 28.8803 2.05
      vertex 121.253 33.6662 2.2
      vertex 135.152 28.8803 2.2
    endloop
  endfacet
  facet normal 0.325574 0.945517 0
    outer loop
      vertex 121.253 33.6662 2.2
      vertex 135.152 28.8803 2.05
      vertex 121.253 33.6662 2.05
    endloop
  endfacet
  facet normal 0.945515 -0.325578 1.03964e-15
    outer loop
      vertex 121.253 33.6662 2.2
      vertex 126.039 47.5653 2.05
      vertex 126.039 47.5653 2.2
    endloop
  endfacet
  facet normal 0.945515 -0.325578 1.03964e-15
    outer loop
      vertex 126.039 47.5653 2.05
      vertex 121.253 33.6662 2.2
      vertex 121.253 33.6662 2.05
    endloop
  endfacet
  facet normal -0.325574 -0.945517 0
    outer loop
      vertex 126.039 47.5653 2.05
      vertex 139.938 42.7794 2.2
      vertex 126.039 47.5653 2.2
    endloop
  endfacet
  facet normal -0.325574 -0.945517 -0
    outer loop
      vertex 139.938 42.7794 2.2
      vertex 126.039 47.5653 2.05
      vertex 139.938 42.7794 2.05
    endloop
  endfacet
  facet normal -0.996195 -0.0871568 -1.36164e-17
    outer loop
      vertex 44.2074 34.1248 0
      vertex 42.9262 48.7688 0.95
      vertex 42.9262 48.7688 0
    endloop
  endfacet
  facet normal -0.996195 -0.0871568 -1.36164e-17
    outer loop
      vertex 42.9262 48.7688 0.95
      vertex 44.2074 34.1248 0
      vertex 44.2074 34.1248 0.95
    endloop
  endfacet
  facet normal -0 0 -1
    outer loop
      vertex 44.2074 34.1248 0.95
      vertex 29.8815 33.2227 0.95
      vertex 43.8283 34.4429 0.95
    endloop
  endfacet
  facet normal 0 0 -1
    outer loop
      vertex 29.5634 32.8436 0.95
      vertex 29.8815 33.2227 0.95
      vertex 44.2074 34.1248 0.95
    endloop
  endfacet
  facet normal 0 0 -1
    outer loop
      vertex 29.5634 32.8436 0.95
      vertex 28.6613 47.1695 0.95
      vertex 29.8815 33.2227 0.95
    endloop
  endfacet
  facet normal -0 -0 -1
    outer loop
      vertex 28.6613 47.1695 0.95
      vertex 29.5634 32.8436 0.95
      vertex 28.2822 47.4876 0.95
    endloop
  endfacet
  facet normal 0 0 -1
    outer loop
      vertex 43.8283 34.4429 0.95
      vertex 42.9262 48.7688 0.95
      vertex 44.2074 34.1248 0.95
    endloop
  endfacet
  facet normal 0 0 -1
    outer loop
      vertex 42.6081 48.3897 0.95
      vertex 42.9262 48.7688 0.95
      vertex 43.8283 34.4429 0.95
    endloop
  endfacet
  facet normal 0 0 -1
    outer loop
      vertex 28.6613 47.1695 0.95
      vertex 42.9262 48.7688 0.95
      vertex 42.6081 48.3897 0.95
    endloop
  endfacet
  facet normal 0 0 -1
    outer loop
      vertex 42.9262 48.7688 0.95
      vertex 28.6613 47.1695 0.95
      vertex 28.2822 47.4876 0.95
    endloop
  endfacet
  facet normal -0.0871568 0.996195 0
    outer loop
      vertex 44.2074 34.1248 0
      vertex 29.5634 32.8436 0.95
      vertex 44.2074 34.1248 0.95
    endloop
  endfacet
  facet normal -0.0871568 0.996195 0
    outer loop
      vertex 29.5634 32.8436 0.95
      vertex 44.2074 34.1248 0
      vertex 29.5634 32.8436 0
    endloop
  endfacet
  facet normal 0.996195 0.0871568 7.69508e-17
    outer loop
      vertex 29.5634 32.8436 0.95
      vertex 28.2822 47.4876 0
      vertex 28.2822 47.4876 0.95
    endloop
  endfacet
  facet normal 0.996195 0.0871568 7.69508e-17
    outer loop
      vertex 28.2822 47.4876 0
      vertex 29.5634 32.8436 0.95
      vertex 29.5634 32.8436 0
    endloop
  endfacet
  facet normal 0.0871568 -0.996195 0
    outer loop
      vertex 28.2822 47.4876 0
      vertex 42.9262 48.7688 0.95
      vertex 28.2822 47.4876 0.95
    endloop
  endfacet
  facet normal 0.0871568 -0.996195 0
    outer loop
      vertex 42.9262 48.7688 0.95
      vertex 28.2822 47.4876 0
      vertex 42.9262 48.7688 0
    endloop
  endfacet
  facet normal -0.996195 -0.0871567 -1.43962e-17
    outer loop
      vertex 43.8283 34.4429 0.95
      vertex 42.6081 48.3897 2.05
      vertex 42.6081 48.3897 0.95
    endloop
  endfacet
  facet normal -0.996195 -0.0871567 -1.43962e-17
    outer loop
      vertex 42.6081 48.3897 2.05
      vertex 43.8283 34.4429 0.95
      vertex 43.8283 34.4429 2.05
    endloop
  endfacet
  facet normal 0 0 1
    outer loop
      vertex 42.9262 48.7688 2.05
      vertex 43.8283 34.4429 2.05
      vertex 44.2074 34.1248 2.05
    endloop
  endfacet
  facet normal 0 0 1
    outer loop
      vertex 42.9262 48.7688 2.05
      vertex 42.6081 48.3897 2.05
      vertex 43.8283 34.4429 2.05
    endloop
  endfacet
  facet normal 0 0 1
    outer loop
      vertex 42.9262 48.7688 2.05
      vertex 28.6613 47.1695 2.05
      vertex 42.6081 48.3897 2.05
    endloop
  endfacet
  facet normal 0 -0 1
    outer loop
      vertex 28.6613 47.1695 2.05
      vertex 42.9262 48.7688 2.05
      vertex 28.2822 47.4876 2.05
    endloop
  endfacet
  facet normal 0 0 1
    outer loop
      vertex 29.8815 33.2227 2.05
      vertex 44.2074 34.1248 2.05
      vertex 43.8283 34.4429 2.05
    endloop
  endfacet
  facet normal -0 0 1
    outer loop
      vertex 29.8815 33.2227 2.05
      vertex 29.5634 32.8436 2.05
      vertex 44.2074 34.1248 2.05
    endloop
  endfacet
  facet normal 0 0 1
    outer loop
      vertex 28.6613 47.1695 2.05
      vertex 29.5634 32.8436 2.05
      vertex 29.8815 33.2227 2.05
    endloop
  endfacet
  facet normal 0 0 1
    outer loop
      vertex 29.5634 32.8436 2.05
      vertex 28.6613 47.1695 2.05
      vertex 28.2822 47.4876 2.05
    endloop
  endfacet
  facet normal -0.0871567 0.996195 0
    outer loop
      vertex 43.8283 34.4429 0.95
      vertex 29.8815 33.2227 2.05
      vertex 43.8283 34.4429 2.05
    endloop
  endfacet
  facet normal -0.0871567 0.996195 0
    outer loop
      vertex 29.8815 33.2227 2.05
      vertex 43.8283 34.4429 0.95
      vertex 29.8815 33.2227 0.95
    endloop
  endfacet
  facet normal 0.996195 0.0871567 -1.43962e-17
    outer loop
      vertex 29.8815 33.2227 2.05
      vertex 28.6613 47.1695 0.95
      vertex 28.6613 47.1695 2.05
    endloop
  endfacet
  facet normal 0.996195 0.0871567 -1.43962e-17
    outer loop
      vertex 28.6613 47.1695 0.95
      vertex 29.8815 33.2227 2.05
      vertex 29.8815 33.2227 0.95
    endloop
  endfacet
  facet normal 0.0871567 -0.996195 0
    outer loop
      vertex 28.6613 47.1695 0.95
      vertex 42.6081 48.3897 2.05
      vertex 28.6613 47.1695 2.05
    endloop
  endfacet
  facet normal 0.0871567 -0.996195 0
    outer loop
      vertex 42.6081 48.3897 2.05
      vertex 28.6613 47.1695 0.95
      vertex 42.6081 48.3897 0.95
    endloop
  endfacet
  facet normal -0.996195 -0.0871568 -8.62374e-17
    outer loop
      vertex 44.2074 34.1248 2.05
      vertex 42.9262 48.7688 2.2
      vertex 42.9262 48.7688 2.05
    endloop
  endfacet
  facet normal -0.996195 -0.0871568 -8.62374e-17
    outer loop
      vertex 42.9262 48.7688 2.2
      vertex 44.2074 34.1248 2.05
      vertex 44.2074 34.1248 2.2
    endloop
  endfacet
  facet normal -0.0871568 0.996195 0
    outer loop
      vertex 44.2074 34.1248 2.05
      vertex 29.5634 32.8436 2.2
      vertex 44.2074 34.1248 2.2
    endloop
  endfacet
  facet normal -0.0871568 0.996195 0
    outer loop
      vertex 29.5634 32.8436 2.2
      vertex 44.2074 34.1248 2.05
      vertex 29.5634 32.8436 2.05
    endloop
  endfacet
  facet normal 0.996195 0.0871568 4.87355e-16
    outer loop
      vertex 29.5634 32.8436 2.2
      vertex 28.2822 47.4876 2.05
      vertex 28.2822 47.4876 2.2
    endloop
  endfacet
  facet normal 0.996195 0.0871568 4.87355e-16
    outer loop
      vertex 28.2822 47.4876 2.05
      vertex 29.5634 32.8436 2.2
      vertex 29.5634 32.8436 2.05
    endloop
  endfacet
  facet normal 0.0871568 -0.996195 0
    outer loop
      vertex 28.2822 47.4876 2.05
      vertex 42.9262 48.7688 2.2
      vertex 28.2822 47.4876 2.2
    endloop
  endfacet
  facet normal 0.0871568 -0.996195 0
    outer loop
      vertex 42.9262 48.7688 2.2
      vertex 28.2822 47.4876 2.05
      vertex 42.9262 48.7688 2.05
    endloop
  endfacet
  facet normal -0.956302 0.29238 2.09001e-16
    outer loop
      vertex 116.675 34.805 0
      vertex 120.973 48.8627 0.95
      vertex 120.973 48.8627 0
    endloop
  endfacet
  facet normal -0.956302 0.29238 2.09001e-16
    outer loop
      vertex 120.973 48.8627 0.95
      vertex 116.675 34.805 0
      vertex 116.675 34.805 0.95
    endloop
  endfacet
  facet normal 0 0 -1
    outer loop
      vertex 116.675 34.805 0.95
      vertex 120.536 48.6303 0.95
      vertex 120.973 48.8627 0.95
    endloop
  endfacet
  facet normal 0 0 -1
    outer loop
      vertex 116.675 34.805 0.95
      vertex 116.442 35.2421 0.95
      vertex 120.536 48.6303 0.95
    endloop
  endfacet
  facet normal 0 0 -1
    outer loop
      vertex 116.675 34.805 0.95
      vertex 103.054 39.3353 0.95
      vertex 116.442 35.2421 0.95
    endloop
  endfacet
  facet normal 0 -0 -1
    outer loop
      vertex 103.054 39.3353 0.95
      vertex 116.675 34.805 0.95
      vertex 102.617 39.1029 0.95
    endloop
  endfacet
  facet normal 0 0 -1
    outer loop
      vertex 107.147 52.7235 0.95
      vertex 120.973 48.8627 0.95
      vertex 120.536 48.6303 0.95
    endloop
  endfacet
  facet normal 0 0 -1
    outer loop
      vertex 107.147 52.7235 0.95
      vertex 106.915 53.1606 0.95
      vertex 120.973 48.8627 0.95
    endloop
  endfacet
  facet normal 0 0 -1
    outer loop
      vertex 103.054 39.3353 0.95
      vertex 106.915 53.1606 0.95
      vertex 107.147 52.7235 0.95
    endloop
  endfacet
  facet normal 0 0 -1
    outer loop
      vertex 106.915 53.1606 0.95
      vertex 103.054 39.3353 0.95
      vertex 102.617 39.1029 0.95
    endloop
  endfacet
  facet normal 0.292368 0.956306 -0
    outer loop
      vertex 116.675 34.805 0
      vertex 102.617 39.1029 0.95
      vertex 116.675 34.805 0.95
    endloop
  endfacet
  facet normal 0.292368 0.956306 0
    outer loop
      vertex 102.617 39.1029 0.95
      vertex 116.675 34.805 0
      vertex 102.617 39.1029 0
    endloop
  endfacet
  facet normal 0.956302 -0.29238 -1.48177e-16
    outer loop
      vertex 102.617 39.1029 0.95
      vertex 106.915 53.1606 0
      vertex 106.915 53.1606 0.95
    endloop
  endfacet
  facet normal 0.956302 -0.29238 -1.48177e-16
    outer loop
      vertex 106.915 53.1606 0
      vertex 102.617 39.1029 0.95
      vertex 102.617 39.1029 0
    endloop
  endfacet
  facet normal -0.292368 -0.956306 0
    outer loop
      vertex 106.915 53.1606 0
      vertex 120.973 48.8627 0.95
      vertex 106.915 53.1606 0.95
    endloop
  endfacet
  facet normal -0.292368 -0.956306 -0
    outer loop
      vertex 120.973 48.8627 0.95
      vertex 106.915 53.1606 0
      vertex 120.973 48.8627 0
    endloop
  endfacet
  facet normal -0.956288 0.292425 1.17273e-17
    outer loop
      vertex 116.442 35.2421 0.95
      vertex 120.536 48.6303 2.05
      vertex 120.536 48.6303 0.95
    endloop
  endfacet
  facet normal -0.956288 0.292425 1.17273e-17
    outer loop
      vertex 120.536 48.6303 2.05
      vertex 116.442 35.2421 0.95
      vertex 116.442 35.2421 2.05
    endloop
  endfacet
  facet normal 0 0 1
    outer loop
      vertex 120.973 48.8627 2.05
      vertex 107.147 52.7235 2.05
      vertex 120.536 48.6303 2.05
    endloop
  endfacet
  facet normal 0 0 1
    outer loop
      vertex 106.915 53.1606 2.05
      vertex 107.147 52.7235 2.05
      vertex 120.973 48.8627 2.05
    endloop
  endfacet
  facet normal 0 0 1
    outer loop
      vertex 106.915 53.1606 2.05
      vertex 103.054 39.3353 2.05
      vertex 107.147 52.7235 2.05
    endloop
  endfacet
  facet normal 0 -0 1
    outer loop
      vertex 103.054 39.3353 2.05
      vertex 106.915 53.1606 2.05
      vertex 102.617 39.1029 2.05
    endloop
  endfacet
  facet normal -0 0 1
    outer loop
      vertex 120.536 48.6303 2.05
      vertex 116.675 34.805 2.05
      vertex 120.973 48.8627 2.05
    endloop
  endfacet
  facet normal -0 0 1
    outer loop
      vertex 116.442 35.2421 2.05
      vertex 116.675 34.805 2.05
      vertex 120.536 48.6303 2.05
    endloop
  endfacet
  facet normal 0 0 1
    outer loop
      vertex 103.054 39.3353 2.05
      vertex 116.675 34.805 2.05
      vertex 116.442 35.2421 2.05
    endloop
  endfacet
  facet normal 0 0 1
    outer loop
      vertex 116.675 34.805 2.05
      vertex 103.054 39.3353 2.05
      vertex 102.617 39.1029 2.05
    endloop
  endfacet
  facet normal 0.292377 0.956303 -0
    outer loop
      vertex 116.442 35.2421 0.95
      vertex 103.054 39.3353 2.05
      vertex 116.442 35.2421 2.05
    endloop
  endfacet
  facet normal 0.292377 0.956303 0
    outer loop
      vertex 103.054 39.3353 2.05
      vertex 116.442 35.2421 0.95
      vertex 103.054 39.3353 0.95
    endloop
  endfacet
  facet normal 0.956308 -0.29236 1.47438e-16
    outer loop
      vertex 103.054 39.3353 2.05
      vertex 107.147 52.7235 0.95
      vertex 107.147 52.7235 2.05
    endloop
  endfacet
  facet normal 0.956308 -0.29236 1.47438e-16
    outer loop
      vertex 107.147 52.7235 0.95
      vertex 103.054 39.3353 2.05
      vertex 103.054 39.3353 0.95
    endloop
  endfacet
  facet normal -0.292357 -0.956309 0
    outer loop
      vertex 107.147 52.7235 0.95
      vertex 120.536 48.6303 2.05
      vertex 107.147 52.7235 2.05
    endloop
  endfacet
  facet normal -0.292357 -0.956309 -0
    outer loop
      vertex 120.536 48.6303 2.05
      vertex 107.147 52.7235 0.95
      vertex 120.536 48.6303 0.95
    endloop
  endfacet
  facet normal -0.956302 0.29238 1.32367e-15
    outer loop
      vertex 116.675 34.805 2.05
      vertex 120.973 48.8627 2.2
      vertex 120.973 48.8627 2.05
    endloop
  endfacet
  facet normal -0.956302 0.29238 1.32367e-15
    outer loop
      vertex 120.973 48.8627 2.2
      vertex 116.675 34.805 2.05
      vertex 116.675 34.805 2.2
    endloop
  endfacet
  facet normal 0.292368 0.956306 -0
    outer loop
      vertex 116.675 34.805 2.05
      vertex 102.617 39.1029 2.2
      vertex 116.675 34.805 2.2
    endloop
  endfacet
  facet normal 0.292368 0.956306 0
    outer loop
      vertex 102.617 39.1029 2.2
      vertex 116.675 34.805 2.05
      vertex 102.617 39.1029 2.05
    endloop
  endfacet
  facet normal 0.956302 -0.29238 -9.38457e-16
    outer loop
      vertex 102.617 39.1029 2.2
      vertex 106.915 53.1606 2.05
      vertex 106.915 53.1606 2.2
    endloop
  endfacet
  facet normal 0.956302 -0.29238 -9.38457e-16
    outer loop
      vertex 106.915 53.1606 2.05
      vertex 102.617 39.1029 2.2
      vertex 102.617 39.1029 2.05
    endloop
  endfacet
  facet normal -0.292368 -0.956306 0
    outer loop
      vertex 106.915 53.1606 2.05
      vertex 120.973 48.8627 2.2
      vertex 106.915 53.1606 2.2
    endloop
  endfacet
  facet normal -0.292368 -0.956306 -0
    outer loop
      vertex 120.973 48.8627 2.2
      vertex 106.915 53.1606 2.05
      vertex 120.973 48.8627 2.05
    endloop
  endfacet
  facet normal -0.99863 -0.0523332 4.86358e-17
    outer loop
      vertex 61.9545 38.9378 0
      vertex 61.1852 53.6177 0.95
      vertex 61.1852 53.6177 0
    endloop
  endfacet
  facet normal -0.99863 -0.0523332 4.86358e-17
    outer loop
      vertex 61.1852 53.6177 0.95
      vertex 61.9545 38.9378 0
      vertex 61.9545 38.9378 0.95
    endloop
  endfacet
  facet normal -0 0 -1
    outer loop
      vertex 61.9545 38.9378 0.95
      vertex 47.6058 38.5363 0.95
      vertex 61.5867 39.269 0.95
    endloop
  endfacet
  facet normal 0 0 -1
    outer loop
      vertex 47.2746 38.1685 0.95
      vertex 47.6058 38.5363 0.95
      vertex 61.9545 38.9378 0.95
    endloop
  endfacet
  facet normal 0 0 -1
    outer loop
      vertex 47.2746 38.1685 0.95
      vertex 46.8731 52.5172 0.95
      vertex 47.6058 38.5363 0.95
    endloop
  endfacet
  facet normal -0 -0 -1
    outer loop
      vertex 46.8731 52.5172 0.95
      vertex 47.2746 38.1685 0.95
      vertex 46.5053 52.8484 0.95
    endloop
  endfacet
  facet normal 0 0 -1
    outer loop
      vertex 61.5867 39.269 0.95
      vertex 61.1852 53.6177 0.95
      vertex 61.9545 38.9378 0.95
    endloop
  endfacet
  facet normal 0 0 -1
    outer loop
      vertex 60.854 53.2499 0.95
      vertex 61.1852 53.6177 0.95
      vertex 61.5867 39.269 0.95
    endloop
  endfacet
  facet normal 0 0 -1
    outer loop
      vertex 46.8731 52.5172 0.95
      vertex 61.1852 53.6177 0.95
      vertex 60.854 53.2499 0.95
    endloop
  endfacet
  facet normal 0 0 -1
    outer loop
      vertex 61.1852 53.6177 0.95
      vertex 46.8731 52.5172 0.95
      vertex 46.5053 52.8484 0.95
    endloop
  endfacet
  facet normal -0.0523332 0.99863 0
    outer loop
      vertex 61.9545 38.9378 0
      vertex 47.2746 38.1685 0.95
      vertex 61.9545 38.9378 0.95
    endloop
  endfacet
  facet normal -0.0523332 0.99863 0
    outer loop
      vertex 47.2746 38.1685 0.95
      vertex 61.9545 38.9378 0
      vertex 47.2746 38.1685 0
    endloop
  endfacet
  facet normal 0.99863 0.0523332 4.86358e-17
    outer loop
      vertex 47.2746 38.1685 0.95
      vertex 46.5053 52.8484 0
      vertex 46.5053 52.8484 0.95
    endloop
  endfacet
  facet normal 0.99863 0.0523332 4.86358e-17
    outer loop
      vertex 46.5053 52.8484 0
      vertex 47.2746 38.1685 0.95
      vertex 47.2746 38.1685 0
    endloop
  endfacet
  facet normal 0.0523332 -0.99863 0
    outer loop
      vertex 46.5053 52.8484 0
      vertex 61.1852 53.6177 0.95
      vertex 46.5053 52.8484 0.95
    endloop
  endfacet
  facet normal 0.0523332 -0.99863 0
    outer loop
      vertex 61.1852 53.6177 0.95
      vertex 46.5053 52.8484 0
      vertex 61.1852 53.6177 0
    endloop
  endfacet
  facet normal -0.99863 -0.0523354 -8.16178e-19
    outer loop
      vertex 61.5867 39.269 0.95
      vertex 60.854 53.2499 2.05
      vertex 60.854 53.2499 0.95
    endloop
  endfacet
  facet normal -0.99863 -0.0523354 -8.16178e-19
    outer loop
      vertex 60.854 53.2499 2.05
      vertex 61.5867 39.269 0.95
      vertex 61.5867 39.269 2.05
    endloop
  endfacet
  facet normal 0 0 1
    outer loop
      vertex 61.1852 53.6177 2.05
      vertex 61.5867 39.269 2.05
      vertex 61.9545 38.9378 2.05
    endloop
  endfacet
  facet normal 0 0 1
    outer loop
      vertex 61.1852 53.6177 2.05
      vertex 60.854 53.2499 2.05
      vertex 61.5867 39.269 2.05
    endloop
  endfacet
  facet normal 0 0 1
    outer loop
      vertex 61.1852 53.6177 2.05
      vertex 46.8731 52.5172 2.05
      vertex 60.854 53.2499 2.05
    endloop
  endfacet
  facet normal 0 -0 1
    outer loop
      vertex 46.8731 52.5172 2.05
      vertex 61.1852 53.6177 2.05
      vertex 46.5053 52.8484 2.05
    endloop
  endfacet
  facet normal 0 0 1
    outer loop
      vertex 47.6058 38.5363 2.05
      vertex 61.9545 38.9378 2.05
      vertex 61.5867 39.269 2.05
    endloop
  endfacet
  facet normal -0 0 1
    outer loop
      vertex 47.6058 38.5363 2.05
      vertex 47.2746 38.1685 2.05
      vertex 61.9545 38.9378 2.05
    endloop
  endfacet
  facet normal 0 0 1
    outer loop
      vertex 46.8731 52.5172 2.05
      vertex 47.2746 38.1685 2.05
      vertex 47.6058 38.5363 2.05
    endloop
  endfacet
  facet normal 0 0 1
    outer loop
      vertex 47.2746 38.1685 2.05
      vertex 46.8731 52.5172 2.05
      vertex 46.5053 52.8484 2.05
    endloop
  endfacet
  facet normal -0.0523354 0.99863 0
    outer loop
      vertex 61.5867 39.269 0.95
      vertex 47.6058 38.5363 2.05
      vertex 61.5867 39.269 2.05
    endloop
  endfacet
  facet normal -0.0523354 0.99863 0
    outer loop
      vertex 47.6058 38.5363 2.05
      vertex 61.5867 39.269 0.95
      vertex 47.6058 38.5363 0.95
    endloop
  endfacet
  facet normal 0.99863 0.0523354 7.16584e-18
    outer loop
      vertex 47.6058 38.5363 2.05
      vertex 46.8731 52.5172 0.95
      vertex 46.8731 52.5172 2.05
    endloop
  endfacet
  facet normal 0.99863 0.0523354 7.16584e-18
    outer loop
      vertex 46.8731 52.5172 0.95
      vertex 47.6058 38.5363 2.05
      vertex 47.6058 38.5363 0.95
    endloop
  endfacet
  facet normal 0.0523354 -0.99863 0
    outer loop
      vertex 46.8731 52.5172 0.95
      vertex 60.854 53.2499 2.05
      vertex 46.8731 52.5172 2.05
    endloop
  endfacet
  facet normal 0.0523354 -0.99863 0
    outer loop
      vertex 60.854 53.2499 2.05
      vertex 46.8731 52.5172 0.95
      vertex 60.854 53.2499 0.95
    endloop
  endfacet
  facet normal -0.99863 -0.0523332 3.08026e-16
    outer loop
      vertex 61.9545 38.9378 2.05
      vertex 61.1852 53.6177 2.2
      vertex 61.1852 53.6177 2.05
    endloop
  endfacet
  facet normal -0.99863 -0.0523332 3.08026e-16
    outer loop
      vertex 61.1852 53.6177 2.2
      vertex 61.9545 38.9378 2.05
      vertex 61.9545 38.9378 2.2
    endloop
  endfacet
  facet normal -0.0523332 0.99863 0
    outer loop
      vertex 61.9545 38.9378 2.05
      vertex 47.2746 38.1685 2.2
      vertex 61.9545 38.9378 2.2
    endloop
  endfacet
  facet normal -0.0523332 0.99863 0
    outer loop
      vertex 47.2746 38.1685 2.2
      vertex 61.9545 38.9378 2.05
      vertex 47.2746 38.1685 2.05
    endloop
  endfacet
  facet normal 0.99863 0.0523332 3.08026e-16
    outer loop
      vertex 47.2746 38.1685 2.2
      vertex 46.5053 52.8484 2.05
      vertex 46.5053 52.8484 2.2
    endloop
  endfacet
  facet normal 0.99863 0.0523332 3.08026e-16
    outer loop
      vertex 46.5053 52.8484 2.05
      vertex 47.2746 38.1685 2.2
      vertex 47.2746 38.1685 2.05
    endloop
  endfacet
  facet normal 0.0523332 -0.99863 0
    outer loop
      vertex 46.5053 52.8484 2.05
      vertex 61.1852 53.6177 2.2
      vertex 46.5053 52.8484 2.2
    endloop
  endfacet
  facet normal 0.0523332 -0.99863 0
    outer loop
      vertex 61.1852 53.6177 2.2
      vertex 46.5053 52.8484 2.05
      vertex 61.1852 53.6177 2.05
    endloop
  endfacet
  facet normal -0.999391 0.0348981 2.52245e-17
    outer loop
      vertex 98.0364 38.7573 0
      vertex 98.5494 53.4483 0.95
      vertex 98.5494 53.4483 0
    endloop
  endfacet
  facet normal -0.999391 0.0348981 2.52245e-17
    outer loop
      vertex 98.5494 53.4483 0.95
      vertex 98.0364 38.7573 0
      vertex 98.0364 38.7573 0.95
    endloop
  endfacet
  facet normal 0 0 -1
    outer loop
      vertex 98.0364 38.7573 0.95
      vertex 98.1874 53.1107 0.95
      vertex 98.5494 53.4483 0.95
    endloop
  endfacet
  facet normal 0 0 -1
    outer loop
      vertex 98.0364 38.7573 0.95
      vertex 97.6988 39.1193 0.95
      vertex 98.1874 53.1107 0.95
    endloop
  endfacet
  facet normal 0 0 -1
    outer loop
      vertex 98.0364 38.7573 0.95
      vertex 83.7074 39.6079 0.95
      vertex 97.6988 39.1193 0.95
    endloop
  endfacet
  facet normal 0 -0 -1
    outer loop
      vertex 83.7074 39.6079 0.95
      vertex 98.0364 38.7573 0.95
      vertex 83.3454 39.2703 0.95
    endloop
  endfacet
  facet normal 0 0 -1
    outer loop
      vertex 84.196 53.5993 0.95
      vertex 98.5494 53.4483 0.95
      vertex 98.1874 53.1107 0.95
    endloop
  endfacet
  facet normal 0 0 -1
    outer loop
      vertex 84.196 53.5993 0.95
      vertex 83.8584 53.9613 0.95
      vertex 98.5494 53.4483 0.95
    endloop
  endfacet
  facet normal 0 0 -1
    outer loop
      vertex 83.7074 39.6079 0.95
      vertex 83.8584 53.9613 0.95
      vertex 84.196 53.5993 0.95
    endloop
  endfacet
  facet normal 0 0 -1
    outer loop
      vertex 83.8584 53.9613 0.95
      vertex 83.7074 39.6079 0.95
      vertex 83.3454 39.2703 0.95
    endloop
  endfacet
  facet normal 0.0348981 0.999391 -0
    outer loop
      vertex 98.0364 38.7573 0
      vertex 83.3454 39.2703 0.95
      vertex 98.0364 38.7573 0.95
    endloop
  endfacet
  facet normal 0.0348981 0.999391 0
    outer loop
      vertex 83.3454 39.2703 0.95
      vertex 98.0364 38.7573 0
      vertex 83.3454 39.2703 0
    endloop
  endfacet
  facet normal 0.999391 -0.0348981 2.52245e-17
    outer loop
      vertex 83.3454 39.2703 0.95
      vertex 83.8584 53.9613 0
      vertex 83.8584 53.9613 0.95
    endloop
  endfacet
  facet normal 0.999391 -0.0348981 2.52245e-17
    outer loop
      vertex 83.8584 53.9613 0
      vertex 83.3454 39.2703 0.95
      vertex 83.3454 39.2703 0
    endloop
  endfacet
  facet normal -0.0348981 -0.999391 0
    outer loop
      vertex 83.8584 53.9613 0
      vertex 98.5494 53.4483 0.95
      vertex 83.8584 53.9613 0.95
    endloop
  endfacet
  facet normal -0.0348981 -0.999391 -0
    outer loop
      vertex 98.5494 53.4483 0.95
      vertex 83.8584 53.9613 0
      vertex 98.5494 53.4483 0
    endloop
  endfacet
  facet normal -0.999391 0.0349002 -2.6563e-18
    outer loop
      vertex 97.6988 39.1193 0.95
      vertex 98.1874 53.1107 2.05
      vertex 98.1874 53.1107 0.95
    endloop
  endfacet
  facet normal -0.999391 0.0349002 -2.6563e-18
    outer loop
      vertex 98.1874 53.1107 2.05
      vertex 97.6988 39.1193 0.95
      vertex 97.6988 39.1193 2.05
    endloop
  endfacet
  facet normal 0 0 1
    outer loop
      vertex 98.5494 53.4483 2.05
      vertex 84.196 53.5993 2.05
      vertex 98.1874 53.1107 2.05
    endloop
  endfacet
  facet normal 0 0 1
    outer loop
      vertex 83.8584 53.9613 2.05
      vertex 84.196 53.5993 2.05
      vertex 98.5494 53.4483 2.05
    endloop
  endfacet
  facet normal 0 0 1
    outer loop
      vertex 83.8584 53.9613 2.05
      vertex 83.7074 39.6079 2.05
      vertex 84.196 53.5993 2.05
    endloop
  endfacet
  facet normal 0 -0 1
    outer loop
      vertex 83.7074 39.6079 2.05
      vertex 83.8584 53.9613 2.05
      vertex 83.3454 39.2703 2.05
    endloop
  endfacet
  facet normal -0 0 1
    outer loop
      vertex 98.1874 53.1107 2.05
      vertex 98.0364 38.7573 2.05
      vertex 98.5494 53.4483 2.05
    endloop
  endfacet
  facet normal -0 0 1
    outer loop
      vertex 97.6988 39.1193 2.05
      vertex 98.0364 38.7573 2.05
      vertex 98.1874 53.1107 2.05
    endloop
  endfacet
  facet normal 0 0 1
    outer loop
      vertex 83.7074 39.6079 2.05
      vertex 98.0364 38.7573 2.05
      vertex 97.6988 39.1193 2.05
    endloop
  endfacet
  facet normal 0 0 1
    outer loop
      vertex 98.0364 38.7573 2.05
      vertex 83.7074 39.6079 2.05
      vertex 83.3454 39.2703 2.05
    endloop
  endfacet
  facet normal 0.0349002 0.999391 -0
    outer loop
      vertex 97.6988 39.1193 0.95
      vertex 83.7074 39.6079 2.05
      vertex 97.6988 39.1193 2.05
    endloop
  endfacet
  facet normal 0.0349002 0.999391 0
    outer loop
      vertex 83.7074 39.6079 2.05
      vertex 97.6988 39.1193 0.95
      vertex 83.7074 39.6079 0.95
    endloop
  endfacet
  facet normal 0.999391 -0.0349002 -2.6563e-18
    outer loop
      vertex 83.7074 39.6079 2.05
      vertex 84.196 53.5993 0.95
      vertex 84.196 53.5993 2.05
    endloop
  endfacet
  facet normal 0.999391 -0.0349002 -2.6563e-18
    outer loop
      vertex 84.196 53.5993 0.95
      vertex 83.7074 39.6079 2.05
      vertex 83.7074 39.6079 0.95
    endloop
  endfacet
  facet normal -0.0349002 -0.999391 0
    outer loop
      vertex 84.196 53.5993 0.95
      vertex 98.1874 53.1107 2.05
      vertex 84.196 53.5993 2.05
    endloop
  endfacet
  facet normal -0.0349002 -0.999391 -0
    outer loop
      vertex 98.1874 53.1107 2.05
      vertex 84.196 53.5993 0.95
      vertex 98.1874 53.1107 0.95
    endloop
  endfacet
  facet normal -0.999391 0.0348981 1.59755e-16
    outer loop
      vertex 98.0364 38.7573 2.05
      vertex 98.5494 53.4483 2.2
      vertex 98.5494 53.4483 2.05
    endloop
  endfacet
  facet normal -0.999391 0.0348981 1.59755e-16
    outer loop
      vertex 98.5494 53.4483 2.2
      vertex 98.0364 38.7573 2.05
      vertex 98.0364 38.7573 2.2
    endloop
  endfacet
  facet normal 0.0348981 0.999391 -0
    outer loop
      vertex 98.0364 38.7573 2.05
      vertex 83.3454 39.2703 2.2
      vertex 98.0364 38.7573 2.2
    endloop
  endfacet
  facet normal 0.0348981 0.999391 0
    outer loop
      vertex 83.3454 39.2703 2.2
      vertex 98.0364 38.7573 2.05
      vertex 83.3454 39.2703 2.05
    endloop
  endfacet
  facet normal 0.999391 -0.0348981 1.59755e-16
    outer loop
      vertex 83.3454 39.2703 2.2
      vertex 83.8584 53.9613 2.05
      vertex 83.8584 53.9613 2.2
    endloop
  endfacet
  facet normal 0.999391 -0.0348981 1.59755e-16
    outer loop
      vertex 83.8584 53.9613 2.05
      vertex 83.3454 39.2703 2.2
      vertex 83.3454 39.2703 2.05
    endloop
  endfacet
  facet normal -0.0348981 -0.999391 0
    outer loop
      vertex 83.8584 53.9613 2.05
      vertex 98.5494 53.4483 2.2
      vertex 83.8584 53.9613 2.2
    endloop
  endfacet
  facet normal -0.0348981 -0.999391 -0
    outer loop
      vertex 98.5494 53.4483 2.2
      vertex 83.8584 53.9613 2.05
      vertex 98.5494 53.4483 2.05
    endloop
  endfacet
  facet normal -1 0 0
    outer loop
      vertex 79.9374 42.5093 0
      vertex 79.9374 57.2093 0.95
      vertex 79.9374 57.2093 0
    endloop
  endfacet
  facet normal -1 -0 0
    outer loop
      vertex 79.9374 57.2093 0.95
      vertex 79.9374 42.5093 0
      vertex 79.9374 42.5093 0.95
    endloop
  endfacet
  facet normal 0 0 -1
    outer loop
      vertex 79.9374 42.5093 0.95
      vertex 79.5874 42.8593 0.95
      vertex 79.9374 57.2093 0.95
    endloop
  endfacet
  facet normal 0 0 -1
    outer loop
      vertex 79.9374 42.5093 0.95
      vertex 65.5874 42.8593 0.95
      vertex 79.5874 42.8593 0.95
    endloop
  endfacet
  facet normal -0 0 -1
    outer loop
      vertex 65.5874 42.8593 0.95
      vertex 65.2374 42.5093 0.95
      vertex 65.5874 56.8593 0.95
    endloop
  endfacet
  facet normal 0 0 -1
    outer loop
      vertex 65.2374 42.5093 0.95
      vertex 65.5874 42.8593 0.95
      vertex 79.9374 42.5093 0.95
    endloop
  endfacet
  facet normal 0 0 -1
    outer loop
      vertex 79.5874 56.8593 0.95
      vertex 79.9374 57.2093 0.95
      vertex 79.5874 42.8593 0.95
    endloop
  endfacet
  facet normal 0 0 -1
    outer loop
      vertex 65.5874 56.8593 0.95
      vertex 79.9374 57.2093 0.95
      vertex 79.5874 56.8593 0.95
    endloop
  endfacet
  facet normal 0 0 -1
    outer loop
      vertex 65.5874 56.8593 0.95
      vertex 65.2374 57.2093 0.95
      vertex 79.9374 57.2093 0.95
    endloop
  endfacet
  facet normal 0 0 -1
    outer loop
      vertex 65.2374 57.2093 0.95
      vertex 65.5874 56.8593 0.95
      vertex 65.2374 42.5093 0.95
    endloop
  endfacet
  facet normal 0 1 -0
    outer loop
      vertex 79.9374 42.5093 0
      vertex 65.2374 42.5093 0.95
      vertex 79.9374 42.5093 0.95
    endloop
  endfacet
  facet normal 0 1 0
    outer loop
      vertex 65.2374 42.5093 0.95
      vertex 79.9374 42.5093 0
      vertex 65.2374 42.5093 0
    endloop
  endfacet
  facet normal 1 -0 0
    outer loop
      vertex 65.2374 42.5093 0.95
      vertex 65.2374 57.2093 0
      vertex 65.2374 57.2093 0.95
    endloop
  endfacet
  facet normal 1 0 0
    outer loop
      vertex 65.2374 57.2093 0
      vertex 65.2374 42.5093 0.95
      vertex 65.2374 42.5093 0
    endloop
  endfacet
  facet normal 0 -1 0
    outer loop
      vertex 65.2374 57.2093 0
      vertex 79.9374 57.2093 0.95
      vertex 65.2374 57.2093 0.95
    endloop
  endfacet
  facet normal 0 -1 -0
    outer loop
      vertex 79.9374 57.2093 0.95
      vertex 65.2374 57.2093 0
      vertex 79.9374 57.2093 0
    endloop
  endfacet
  facet normal -1 0 0
    outer loop
      vertex 79.5874 42.8593 0.95
      vertex 79.5874 56.8593 2.05
      vertex 79.5874 56.8593 0.95
    endloop
  endfacet
  facet normal -1 -0 0
    outer loop
      vertex 79.5874 56.8593 2.05
      vertex 79.5874 42.8593 0.95
      vertex 79.5874 42.8593 2.05
    endloop
  endfacet
  facet normal 0 0 1
    outer loop
      vertex 79.9374 57.2093 2.05
      vertex 79.5874 56.8593 2.05
      vertex 79.9374 42.5093 2.05
    endloop
  endfacet
  facet normal 0 0 1
    outer loop
      vertex 79.9374 57.2093 2.05
      vertex 65.5874 56.8593 2.05
      vertex 79.5874 56.8593 2.05
    endloop
  endfacet
  facet normal 0 0 1
    outer loop
      vertex 65.5874 56.8593 2.05
      vertex 65.2374 57.2093 2.05
      vertex 65.5874 42.8593 2.05
    endloop
  endfacet
  facet normal -0 0 1
    outer loop
      vertex 65.2374 57.2093 2.05
      vertex 65.5874 56.8593 2.05
      vertex 79.9374 57.2093 2.05
    endloop
  endfacet
  facet normal -0 0 1
    outer loop
      vertex 79.5874 42.8593 2.05
      vertex 79.9374 42.5093 2.05
      vertex 79.5874 56.8593 2.05
    endloop
  endfacet
  facet normal -0 0 1
    outer loop
      vertex 65.5874 42.8593 2.05
      vertex 79.9374 42.5093 2.05
      vertex 79.5874 42.8593 2.05
    endloop
  endfacet
  facet normal 0 0 1
    outer loop
      vertex 65.5874 42.8593 2.05
      vertex 65.2374 42.5093 2.05
      vertex 79.9374 42.5093 2.05
    endloop
  endfacet
  facet normal 0 0 1
    outer loop
      vertex 65.2374 42.5093 2.05
      vertex 65.5874 42.8593 2.05
      vertex 65.2374 57.2093 2.05
    endloop
  endfacet
  facet normal 0 1 -0
    outer loop
      vertex 79.5874 42.8593 0.95
      vertex 65.5874 42.8593 2.05
      vertex 79.5874 42.8593 2.05
    endloop
  endfacet
  facet normal 0 1 0
    outer loop
      vertex 65.5874 42.8593 2.05
      vertex 79.5874 42.8593 0.95
      vertex 65.5874 42.8593 0.95
    endloop
  endfacet
  facet normal 1 -0 0
    outer loop
      vertex 65.5874 42.8593 2.05
      vertex 65.5874 56.8593 0.95
      vertex 65.5874 56.8593 2.05
    endloop
  endfacet
  facet normal 1 0 0
    outer loop
      vertex 65.5874 56.8593 0.95
      vertex 65.5874 42.8593 2.05
      vertex 65.5874 42.8593 0.95
    endloop
  endfacet
  facet normal 0 -1 0
    outer loop
      vertex 65.5874 56.8593 0.95
      vertex 79.5874 56.8593 2.05
      vertex 65.5874 56.8593 2.05
    endloop
  endfacet
  facet normal 0 -1 -0
    outer loop
      vertex 79.5874 56.8593 2.05
      vertex 65.5874 56.8593 0.95
      vertex 79.5874 56.8593 0.95
    endloop
  endfacet
  facet normal -1 0 0
    outer loop
      vertex 79.9374 42.5093 2.05
      vertex 79.9374 57.2093 2.2
      vertex 79.9374 57.2093 2.05
    endloop
  endfacet
  facet normal -1 -0 0
    outer loop
      vertex 79.9374 57.2093 2.2
      vertex 79.9374 42.5093 2.05
      vertex 79.9374 42.5093 2.2
    endloop
  endfacet
  facet normal 0 1 -0
    outer loop
      vertex 79.9374 42.5093 2.05
      vertex 65.2374 42.5093 2.2
      vertex 79.9374 42.5093 2.2
    endloop
  endfacet
  facet normal 0 1 0
    outer loop
      vertex 65.2374 42.5093 2.2
      vertex 79.9374 42.5093 2.05
      vertex 65.2374 42.5093 2.05
    endloop
  endfacet
  facet normal 1 -0 0
    outer loop
      vertex 65.2374 42.5093 2.2
      vertex 65.2374 57.2093 2.05
      vertex 65.2374 57.2093 2.2
    endloop
  endfacet
  facet normal 1 0 0
    outer loop
      vertex 65.2374 57.2093 2.05
      vertex 65.2374 42.5093 2.2
      vertex 65.2374 42.5093 2.05
    endloop
  endfacet
  facet normal 0 -1 0
    outer loop
      vertex 65.2374 57.2093 2.05
      vertex 79.9374 57.2093 2.2
      vertex 65.2374 57.2093 2.2
    endloop
  endfacet
  facet normal 0 -1 -0
    outer loop
      vertex 79.9374 57.2093 2.2
      vertex 65.2374 57.2093 2.05
      vertex 79.9374 57.2093 2.05
    endloop
  endfacet
  facet normal -0.996195 -0.0871568 -1.36164e-17
    outer loop
      vertex 25.0993 46.0046 0
      vertex 23.8181 60.6486 0.95
      vertex 23.8181 60.6486 0
    endloop
  endfacet
  facet normal -0.996195 -0.0871568 -1.36164e-17
    outer loop
      vertex 23.8181 60.6486 0.95
      vertex 25.0993 46.0046 0
      vertex 25.0993 46.0046 0.95
    endloop
  endfacet
  facet normal -0 0 -1
    outer loop
      vertex 25.0993 46.0046 0.95
      vertex 10.7734 45.1025 0.95
      vertex 24.7202 46.3227 0.95
    endloop
  endfacet
  facet normal 0 0 -1
    outer loop
      vertex 10.4553 44.7234 0.95
      vertex 10.7734 45.1025 0.95
      vertex 25.0993 46.0046 0.95
    endloop
  endfacet
  facet normal 0 0 -1
    outer loop
      vertex 10.4553 44.7234 0.95
      vertex 9.55325 59.0493 0.95
      vertex 10.7734 45.1025 0.95
    endloop
  endfacet
  facet normal -0 -0 -1
    outer loop
      vertex 9.55325 59.0493 0.95
      vertex 10.4553 44.7234 0.95
      vertex 9.17408 59.3674 0.95
    endloop
  endfacet
  facet normal 0 0 -1
    outer loop
      vertex 24.7202 46.3227 0.95
      vertex 23.8181 60.6486 0.95
      vertex 25.0993 46.0046 0.95
    endloop
  endfacet
  facet normal 0 0 -1
    outer loop
      vertex 23.5 60.2695 0.95
      vertex 23.8181 60.6486 0.95
      vertex 24.7202 46.3227 0.95
    endloop
  endfacet
  facet normal 0 0 -1
    outer loop
      vertex 9.55325 59.0493 0.95
      vertex 23.8181 60.6486 0.95
      vertex 23.5 60.2695 0.95
    endloop
  endfacet
  facet normal 0 0 -1
    outer loop
      vertex 23.8181 60.6486 0.95
      vertex 9.55325 59.0493 0.95
      vertex 9.17408 59.3674 0.95
    endloop
  endfacet
  facet normal -0.0871568 0.996195 0
    outer loop
      vertex 25.0993 46.0046 0
      vertex 10.4553 44.7234 0.95
      vertex 25.0993 46.0046 0.95
    endloop
  endfacet
  facet normal -0.0871568 0.996195 0
    outer loop
      vertex 10.4553 44.7234 0.95
      vertex 25.0993 46.0046 0
      vertex 10.4553 44.7234 0
    endloop
  endfacet
  facet normal 0.996194 0.0871582 4.22425e-17
    outer loop
      vertex 10.4553 44.7234 0.95
      vertex 9.17408 59.3674 0
      vertex 9.17408 59.3674 0.95
    endloop
  endfacet
  facet normal 0.996194 0.0871582 4.22425e-17
    outer loop
      vertex 9.17408 59.3674 0
      vertex 10.4553 44.7234 0.95
      vertex 10.4553 44.7234 0
    endloop
  endfacet
  facet normal 0.0871567 -0.996195 0
    outer loop
      vertex 9.17408 59.3674 0
      vertex 23.8181 60.6486 0.95
      vertex 9.17408 59.3674 0.95
    endloop
  endfacet
  facet normal 0.0871567 -0.996195 0
    outer loop
      vertex 23.8181 60.6486 0.95
      vertex 9.17408 59.3674 0
      vertex 23.8181 60.6486 0
    endloop
  endfacet
  facet normal -0.996195 -0.0871567 1.147e-16
    outer loop
      vertex 24.7202 46.3227 0.95
      vertex 23.5 60.2695 2.05
      vertex 23.5 60.2695 0.95
    endloop
  endfacet
  facet normal -0.996195 -0.0871567 1.147e-16
    outer loop
      vertex 23.5 60.2695 2.05
      vertex 24.7202 46.3227 0.95
      vertex 24.7202 46.3227 2.05
    endloop
  endfacet
  facet normal 0 0 1
    outer loop
      vertex 23.8181 60.6486 2.05
      vertex 24.7202 46.3227 2.05
      vertex 25.0993 46.0046 2.05
    endloop
  endfacet
  facet normal 0 0 1
    outer loop
      vertex 23.8181 60.6486 2.05
      vertex 23.5 60.2695 2.05
      vertex 24.7202 46.3227 2.05
    endloop
  endfacet
  facet normal 0 0 1
    outer loop
      vertex 23.8181 60.6486 2.05
      vertex 9.55325 59.0493 2.05
      vertex 23.5 60.2695 2.05
    endloop
  endfacet
  facet normal 0 -0 1
    outer loop
      vertex 9.55325 59.0493 2.05
      vertex 23.8181 60.6486 2.05
      vertex 9.17408 59.3674 2.05
    endloop
  endfacet
  facet normal 0 0 1
    outer loop
      vertex 10.7734 45.1025 2.05
      vertex 25.0993 46.0046 2.05
      vertex 24.7202 46.3227 2.05
    endloop
  endfacet
  facet normal -0 0 1
    outer loop
      vertex 10.7734 45.1025 2.05
      vertex 10.4553 44.7234 2.05
      vertex 25.0993 46.0046 2.05
    endloop
  endfacet
  facet normal 0 0 1
    outer loop
      vertex 9.55325 59.0493 2.05
      vertex 10.4553 44.7234 2.05
      vertex 10.7734 45.1025 2.05
    endloop
  endfacet
  facet normal 0 0 1
    outer loop
      vertex 10.4553 44.7234 2.05
      vertex 9.55325 59.0493 2.05
      vertex 9.17408 59.3674 2.05
    endloop
  endfacet
  facet normal -0.0871567 0.996195 0
    outer loop
      vertex 24.7202 46.3227 0.95
      vertex 10.7734 45.1025 2.05
      vertex 24.7202 46.3227 2.05
    endloop
  endfacet
  facet normal -0.0871567 0.996195 0
    outer loop
      vertex 10.7734 45.1025 2.05
      vertex 24.7202 46.3227 0.95
      vertex 10.7734 45.1025 0.95
    endloop
  endfacet
  facet normal 0.996195 0.0871531 1.09636e-16
    outer loop
      vertex 10.7734 45.1025 2.05
      vertex 9.55325 59.0493 0.95
      vertex 9.55325 59.0493 2.05
    endloop
  endfacet
  facet normal 0.996195 0.0871531 1.09636e-16
    outer loop
      vertex 9.55325 59.0493 0.95
      vertex 10.7734 45.1025 2.05
      vertex 10.7734 45.1025 0.95
    endloop
  endfacet
  facet normal 0.087157 -0.996195 0
    outer loop
      vertex 9.55325 59.0493 0.95
      vertex 23.5 60.2695 2.05
      vertex 9.55325 59.0493 2.05
    endloop
  endfacet
  facet normal 0.087157 -0.996195 0
    outer loop
      vertex 23.5 60.2695 2.05
      vertex 9.55325 59.0493 0.95
      vertex 23.5 60.2695 0.95
    endloop
  endfacet
  facet normal -0.996195 -0.0871568 -8.62374e-17
    outer loop
      vertex 25.0993 46.0046 2.05
      vertex 23.8181 60.6486 2.2
      vertex 23.8181 60.6486 2.05
    endloop
  endfacet
  facet normal -0.996195 -0.0871568 -8.62374e-17
    outer loop
      vertex 23.8181 60.6486 2.2
      vertex 25.0993 46.0046 2.05
      vertex 25.0993 46.0046 2.2
    endloop
  endfacet
  facet normal -0.0871568 0.996195 0
    outer loop
      vertex 25.0993 46.0046 2.05
      vertex 10.4553 44.7234 2.2
      vertex 25.0993 46.0046 2.2
    endloop
  endfacet
  facet normal -0.0871568 0.996195 0
    outer loop
      vertex 10.4553 44.7234 2.2
      vertex 25.0993 46.0046 2.05
      vertex 10.4553 44.7234 2.05
    endloop
  endfacet
  facet normal 0.996194 0.0871582 2.67536e-16
    outer loop
      vertex 10.4553 44.7234 2.2
      vertex 9.17408 59.3674 2.05
      vertex 9.17408 59.3674 2.2
    endloop
  endfacet
  facet normal 0.996194 0.0871582 2.67536e-16
    outer loop
      vertex 9.17408 59.3674 2.05
      vertex 10.4553 44.7234 2.2
      vertex 10.4553 44.7234 2.05
    endloop
  endfacet
  facet normal 0.0871567 -0.996195 0
    outer loop
      vertex 9.17408 59.3674 2.05
      vertex 23.8181 60.6486 2.2
      vertex 9.17408 59.3674 2.2
    endloop
  endfacet
  facet normal 0.0871567 -0.996195 0
    outer loop
      vertex 23.8181 60.6486 2.2
      vertex 9.17408 59.3674 2.05
      vertex 23.8181 60.6486 2.05
    endloop
  endfacet
  facet normal -0.996195 -0.0871568 -8.68843e-17
    outer loop
      vertex 42.7257 51.0601 0
      vertex 41.4445 65.7041 0.95
      vertex 41.4445 65.7041 0
    endloop
  endfacet
  facet normal -0.996195 -0.0871568 -8.68843e-17
    outer loop
      vertex 41.4445 65.7041 0.95
      vertex 42.7257 51.0601 0
      vertex 42.7257 51.0601 0.95
    endloop
  endfacet
  facet normal -0 0 -1
    outer loop
      vertex 42.7257 51.0601 0.95
      vertex 28.3998 50.158 0.95
      vertex 42.3466 51.3782 0.95
    endloop
  endfacet
  facet normal 0 0 -1
    outer loop
      vertex 28.0817 49.7789 0.95
      vertex 28.3998 50.158 0.95
      vertex 42.7257 51.0601 0.95
    endloop
  endfacet
  facet normal 0 0 -1
    outer loop
      vertex 28.0817 49.7789 0.95
      vertex 27.1796 64.1048 0.95
      vertex 28.3998 50.158 0.95
    endloop
  endfacet
  facet normal -0 -0 -1
    outer loop
      vertex 27.1796 64.1048 0.95
      vertex 28.0817 49.7789 0.95
      vertex 26.8005 64.4229 0.95
    endloop
  endfacet
  facet normal 0 0 -1
    outer loop
      vertex 42.3466 51.3782 0.95
      vertex 41.4445 65.7041 0.95
      vertex 42.7257 51.0601 0.95
    endloop
  endfacet
  facet normal 0 0 -1
    outer loop
      vertex 41.1264 65.325 0.95
      vertex 41.4445 65.7041 0.95
      vertex 42.3466 51.3782 0.95
    endloop
  endfacet
  facet normal 0 0 -1
    outer loop
      vertex 27.1796 64.1048 0.95
      vertex 41.4445 65.7041 0.95
      vertex 41.1264 65.325 0.95
    endloop
  endfacet
  facet normal 0 0 -1
    outer loop
      vertex 41.4445 65.7041 0.95
      vertex 27.1796 64.1048 0.95
      vertex 26.8005 64.4229 0.95
    endloop
  endfacet
  facet normal -0.0871568 0.996195 0
    outer loop
      vertex 42.7257 51.0601 0
      vertex 28.0817 49.7789 0.95
      vertex 42.7257 51.0601 0.95
    endloop
  endfacet
  facet normal -0.0871568 0.996195 0
    outer loop
      vertex 28.0817 49.7789 0.95
      vertex 42.7257 51.0601 0
      vertex 28.0817 49.7789 0
    endloop
  endfacet
  facet normal 0.996195 0.0871568 7.69508e-17
    outer loop
      vertex 28.0817 49.7789 0.95
      vertex 26.8005 64.4229 0
      vertex 26.8005 64.4229 0.95
    endloop
  endfacet
  facet normal 0.996195 0.0871568 7.69508e-17
    outer loop
      vertex 26.8005 64.4229 0
      vertex 28.0817 49.7789 0.95
      vertex 28.0817 49.7789 0
    endloop
  endfacet
  facet normal 0.0871568 -0.996195 0
    outer loop
      vertex 26.8005 64.4229 0
      vertex 41.4445 65.7041 0.95
      vertex 26.8005 64.4229 0.95
    endloop
  endfacet
  facet normal 0.0871568 -0.996195 0
    outer loop
      vertex 41.4445 65.7041 0.95
      vertex 26.8005 64.4229 0
      vertex 41.4445 65.7041 0
    endloop
  endfacet
  facet normal -0.996195 -0.0871567 -9.14482e-17
    outer loop
      vertex 42.3466 51.3782 0.95
      vertex 41.1264 65.325 2.05
      vertex 41.1264 65.325 0.95
    endloop
  endfacet
  facet normal -0.996195 -0.0871567 -9.14482e-17
    outer loop
      vertex 41.1264 65.325 2.05
      vertex 42.3466 51.3782 0.95
      vertex 42.3466 51.3782 2.05
    endloop
  endfacet
  facet normal 0 0 1
    outer loop
      vertex 41.4445 65.7041 2.05
      vertex 42.3466 51.3782 2.05
      vertex 42.7257 51.0601 2.05
    endloop
  endfacet
  facet normal 0 0 1
    outer loop
      vertex 41.4445 65.7041 2.05
      vertex 41.1264 65.325 2.05
      vertex 42.3466 51.3782 2.05
    endloop
  endfacet
  facet normal 0 0 1
    outer loop
      vertex 41.4445 65.7041 2.05
      vertex 27.1796 64.1048 2.05
      vertex 41.1264 65.325 2.05
    endloop
  endfacet
  facet normal 0 -0 1
    outer loop
      vertex 27.1796 64.1048 2.05
      vertex 41.4445 65.7041 2.05
      vertex 26.8005 64.4229 2.05
    endloop
  endfacet
  facet normal 0 0 1
    outer loop
      vertex 28.3998 50.158 2.05
      vertex 42.7257 51.0601 2.05
      vertex 42.3466 51.3782 2.05
    endloop
  endfacet
  facet normal -0 0 1
    outer loop
      vertex 28.3998 50.158 2.05
      vertex 28.0817 49.7789 2.05
      vertex 42.7257 51.0601 2.05
    endloop
  endfacet
  facet normal 0 0 1
    outer loop
      vertex 27.1796 64.1048 2.05
      vertex 28.0817 49.7789 2.05
      vertex 28.3998 50.158 2.05
    endloop
  endfacet
  facet normal 0 0 1
    outer loop
      vertex 28.0817 49.7789 2.05
      vertex 27.1796 64.1048 2.05
      vertex 26.8005 64.4229 2.05
    endloop
  endfacet
  facet normal -0.0871567 0.996195 0
    outer loop
      vertex 42.3466 51.3782 0.95
      vertex 28.3998 50.158 2.05
      vertex 42.3466 51.3782 2.05
    endloop
  endfacet
  facet normal -0.0871567 0.996195 0
    outer loop
      vertex 28.3998 50.158 2.05
      vertex 42.3466 51.3782 0.95
      vertex 28.3998 50.158 0.95
    endloop
  endfacet
  facet normal 0.996195 0.0871567 -1.43962e-17
    outer loop
      vertex 28.3998 50.158 2.05
      vertex 27.1796 64.1048 0.95
      vertex 27.1796 64.1048 2.05
    endloop
  endfacet
  facet normal 0.996195 0.0871567 -1.43962e-17
    outer loop
      vertex 27.1796 64.1048 0.95
      vertex 28.3998 50.158 2.05
      vertex 28.3998 50.158 0.95
    endloop
  endfacet
  facet normal 0.0871567 -0.996195 0
    outer loop
      vertex 27.1796 64.1048 0.95
      vertex 41.1264 65.325 2.05
      vertex 27.1796 64.1048 2.05
    endloop
  endfacet
  facet normal 0.0871567 -0.996195 0
    outer loop
      vertex 41.1264 65.325 2.05
      vertex 27.1796 64.1048 0.95
      vertex 41.1264 65.325 0.95
    endloop
  endfacet
  facet normal -0.996195 -0.0871568 -5.50267e-16
    outer loop
      vertex 42.7257 51.0601 2.05
      vertex 41.4445 65.7041 2.2
      vertex 41.4445 65.7041 2.05
    endloop
  endfacet
  facet normal -0.996195 -0.0871568 -5.50267e-16
    outer loop
      vertex 41.4445 65.7041 2.2
      vertex 42.7257 51.0601 2.05
      vertex 42.7257 51.0601 2.2
    endloop
  endfacet
  facet normal -0.0871568 0.996195 0
    outer loop
      vertex 42.7257 51.0601 2.05
      vertex 28.0817 49.7789 2.2
      vertex 42.7257 51.0601 2.2
    endloop
  endfacet
  facet normal -0.0871568 0.996195 0
    outer loop
      vertex 28.0817 49.7789 2.2
      vertex 42.7257 51.0601 2.05
      vertex 28.0817 49.7789 2.05
    endloop
  endfacet
  facet normal 0.996195 0.0871568 4.87355e-16
    outer loop
      vertex 28.0817 49.7789 2.2
      vertex 26.8005 64.4229 2.05
      vertex 26.8005 64.4229 2.2
    endloop
  endfacet
  facet normal 0.996195 0.0871568 4.87355e-16
    outer loop
      vertex 26.8005 64.4229 2.05
      vertex 28.0817 49.7789 2.2
      vertex 28.0817 49.7789 2.05
    endloop
  endfacet
  facet normal 0.0871568 -0.996195 0
    outer loop
      vertex 26.8005 64.4229 2.05
      vertex 41.4445 65.7041 2.2
      vertex 26.8005 64.4229 2.2
    endloop
  endfacet
  facet normal 0.0871568 -0.996195 0
    outer loop
      vertex 41.4445 65.7041 2.2
      vertex 26.8005 64.4229 2.05
      vertex 41.4445 65.7041 2.05
    endloop
  endfacet
  facet normal -0.99863 -0.0523332 4.86358e-17
    outer loop
      vertex 61.0647 55.9145 0
      vertex 60.2954 70.5944 0.95
      vertex 60.2954 70.5944 0
    endloop
  endfacet
  facet normal -0.99863 -0.0523332 4.86358e-17
    outer loop
      vertex 60.2954 70.5944 0.95
      vertex 61.0647 55.9145 0
      vertex 61.0647 55.9145 0.95
    endloop
  endfacet
  facet normal -0 0 -1
    outer loop
      vertex 61.0647 55.9145 0.95
      vertex 46.716 55.513 0.95
      vertex 60.6969 56.2457 0.95
    endloop
  endfacet
  facet normal 0 0 -1
    outer loop
      vertex 46.3848 55.1452 0.95
      vertex 46.716 55.513 0.95
      vertex 61.0647 55.9145 0.95
    endloop
  endfacet
  facet normal 0 0 -1
    outer loop
      vertex 46.3848 55.1452 0.95
      vertex 45.9833 69.4939 0.95
      vertex 46.716 55.513 0.95
    endloop
  endfacet
  facet normal -0 -0 -1
    outer loop
      vertex 45.9833 69.4939 0.95
      vertex 46.3848 55.1452 0.95
      vertex 45.6155 69.8251 0.95
    endloop
  endfacet
  facet normal 0 0 -1
    outer loop
      vertex 60.6969 56.2457 0.95
      vertex 60.2954 70.5944 0.95
      vertex 61.0647 55.9145 0.95
    endloop
  endfacet
  facet normal 0 0 -1
    outer loop
      vertex 59.9642 70.2266 0.95
      vertex 60.2954 70.5944 0.95
      vertex 60.6969 56.2457 0.95
    endloop
  endfacet
  facet normal 0 0 -1
    outer loop
      vertex 45.9833 69.4939 0.95
      vertex 60.2954 70.5944 0.95
      vertex 59.9642 70.2266 0.95
    endloop
  endfacet
  facet normal 0 0 -1
    outer loop
      vertex 60.2954 70.5944 0.95
      vertex 45.9833 69.4939 0.95
      vertex 45.6155 69.8251 0.95
    endloop
  endfacet
  facet normal -0.0523332 0.99863 0
    outer loop
      vertex 61.0647 55.9145 0
      vertex 46.3848 55.1452 0.95
      vertex 61.0647 55.9145 0.95
    endloop
  endfacet
  facet normal -0.0523332 0.99863 0
    outer loop
      vertex 46.3848 55.1452 0.95
      vertex 61.0647 55.9145 0
      vertex 46.3848 55.1452 0
    endloop
  endfacet
  facet normal 0.99863 0.0523332 3.88159e-17
    outer loop
      vertex 46.3848 55.1452 0.95
      vertex 45.6155 69.8251 0
      vertex 45.6155 69.8251 0.95
    endloop
  endfacet
  facet normal 0.99863 0.0523332 3.88159e-17
    outer loop
      vertex 45.6155 69.8251 0
      vertex 46.3848 55.1452 0.95
      vertex 46.3848 55.1452 0
    endloop
  endfacet
  facet normal 0.0523332 -0.99863 0
    outer loop
      vertex 45.6155 69.8251 0
      vertex 60.2954 70.5944 0.95
      vertex 45.6155 69.8251 0.95
    endloop
  endfacet
  facet normal 0.0523332 -0.99863 0
    outer loop
      vertex 60.2954 70.5944 0.95
      vertex 45.6155 69.8251 0
      vertex 60.2954 70.5944 0
    endloop
  endfacet
  facet normal -0.99863 -0.0523354 7.16584e-18
    outer loop
      vertex 60.6969 56.2457 0.95
      vertex 59.9642 70.2266 2.05
      vertex 59.9642 70.2266 0.95
    endloop
  endfacet
  facet normal -0.99863 -0.0523354 7.16584e-18
    outer loop
      vertex 59.9642 70.2266 2.05
      vertex 60.6969 56.2457 0.95
      vertex 60.6969 56.2457 2.05
    endloop
  endfacet
  facet normal 0 0 1
    outer loop
      vertex 60.2954 70.5944 2.05
      vertex 60.6969 56.2457 2.05
      vertex 61.0647 55.9145 2.05
    endloop
  endfacet
  facet normal 0 0 1
    outer loop
      vertex 60.2954 70.5944 2.05
      vertex 59.9642 70.2266 2.05
      vertex 60.6969 56.2457 2.05
    endloop
  endfacet
  facet normal 0 0 1
    outer loop
      vertex 60.2954 70.5944 2.05
      vertex 45.9833 69.4939 2.05
      vertex 59.9642 70.2266 2.05
    endloop
  endfacet
  facet normal 0 -0 1
    outer loop
      vertex 45.9833 69.4939 2.05
      vertex 60.2954 70.5944 2.05
      vertex 45.6155 69.8251 2.05
    endloop
  endfacet
  facet normal 0 0 1
    outer loop
      vertex 46.716 55.513 2.05
      vertex 61.0647 55.9145 2.05
      vertex 60.6969 56.2457 2.05
    endloop
  endfacet
  facet normal -0 0 1
    outer loop
      vertex 46.716 55.513 2.05
      vertex 46.3848 55.1452 2.05
      vertex 61.0647 55.9145 2.05
    endloop
  endfacet
  facet normal 0 0 1
    outer loop
      vertex 45.9833 69.4939 2.05
      vertex 46.3848 55.1452 2.05
      vertex 46.716 55.513 2.05
    endloop
  endfacet
  facet normal 0 0 1
    outer loop
      vertex 46.3848 55.1452 2.05
      vertex 45.9833 69.4939 2.05
      vertex 45.6155 69.8251 2.05
    endloop
  endfacet
  facet normal -0.0523354 0.99863 0
    outer loop
      vertex 60.6969 56.2457 0.95
      vertex 46.716 55.513 2.05
      vertex 60.6969 56.2457 2.05
    endloop
  endfacet
  facet normal -0.0523354 0.99863 0
    outer loop
      vertex 46.716 55.513 2.05
      vertex 60.6969 56.2457 0.95
      vertex 46.716 55.513 0.95
    endloop
  endfacet
  facet normal 0.99863 0.0523354 -8.16178e-19
    outer loop
      vertex 46.716 55.513 2.05
      vertex 45.9833 69.4939 0.95
      vertex 45.9833 69.4939 2.05
    endloop
  endfacet
  facet normal 0.99863 0.0523354 -8.16178e-19
    outer loop
      vertex 45.9833 69.4939 0.95
      vertex 46.716 55.513 2.05
      vertex 46.716 55.513 0.95
    endloop
  endfacet
  facet normal 0.0523354 -0.99863 0
    outer loop
      vertex 45.9833 69.4939 0.95
      vertex 59.9642 70.2266 2.05
      vertex 45.9833 69.4939 2.05
    endloop
  endfacet
  facet normal 0.0523354 -0.99863 0
    outer loop
      vertex 59.9642 70.2266 2.05
      vertex 45.9833 69.4939 0.95
      vertex 59.9642 70.2266 0.95
    endloop
  endfacet
  facet normal -0.99863 -0.0523332 3.08026e-16
    outer loop
      vertex 61.0647 55.9145 2.05
      vertex 60.2954 70.5944 2.2
      vertex 60.2954 70.5944 2.05
    endloop
  endfacet
  facet normal -0.99863 -0.0523332 3.08026e-16
    outer loop
      vertex 60.2954 70.5944 2.2
      vertex 61.0647 55.9145 2.05
      vertex 61.0647 55.9145 2.2
    endloop
  endfacet
  facet normal -0.0523332 0.99863 0
    outer loop
      vertex 61.0647 55.9145 2.05
      vertex 46.3848 55.1452 2.2
      vertex 61.0647 55.9145 2.2
    endloop
  endfacet
  facet normal -0.0523332 0.99863 0
    outer loop
      vertex 46.3848 55.1452 2.2
      vertex 61.0647 55.9145 2.05
      vertex 46.3848 55.1452 2.05
    endloop
  endfacet
  facet normal 0.99863 0.0523332 2.45834e-16
    outer loop
      vertex 46.3848 55.1452 2.2
      vertex 45.6155 69.8251 2.05
      vertex 45.6155 69.8251 2.2
    endloop
  endfacet
  facet normal 0.99863 0.0523332 2.45834e-16
    outer loop
      vertex 45.6155 69.8251 2.05
      vertex 46.3848 55.1452 2.2
      vertex 46.3848 55.1452 2.05
    endloop
  endfacet
  facet normal 0.0523332 -0.99863 0
    outer loop
      vertex 45.6155 69.8251 2.05
      vertex 60.2954 70.5944 2.2
      vertex 45.6155 69.8251 2.2
    endloop
  endfacet
  facet normal 0.0523332 -0.99863 0
    outer loop
      vertex 60.2954 70.5944 2.2
      vertex 45.6155 69.8251 2.05
      vertex 60.2954 70.5944 2.05
    endloop
  endfacet
  facet normal -0.999391 0.0348981 2.52245e-17
    outer loop
      vertex 98.6297 55.7469 0
      vertex 99.1427 70.4379 0.95
      vertex 99.1427 70.4379 0
    endloop
  endfacet
  facet normal -0.999391 0.0348981 2.52245e-17
    outer loop
      vertex 99.1427 70.4379 0.95
      vertex 98.6297 55.7469 0
      vertex 98.6297 55.7469 0.95
    endloop
  endfacet
  facet normal 0 0 -1
    outer loop
      vertex 98.6297 55.7469 0.95
      vertex 98.7807 70.1003 0.95
      vertex 99.1427 70.4379 0.95
    endloop
  endfacet
  facet normal 0 0 -1
    outer loop
      vertex 98.6297 55.7469 0.95
      vertex 98.2921 56.1089 0.95
      vertex 98.7807 70.1003 0.95
    endloop
  endfacet
  facet normal 0 0 -1
    outer loop
      vertex 98.6297 55.7469 0.95
      vertex 84.3007 56.5975 0.95
      vertex 98.2921 56.1089 0.95
    endloop
  endfacet
  facet normal 0 -0 -1
    outer loop
      vertex 84.3007 56.5975 0.95
      vertex 98.6297 55.7469 0.95
      vertex 83.9387 56.2599 0.95
    endloop
  endfacet
  facet normal 0 0 -1
    outer loop
      vertex 84.7893 70.5889 0.95
      vertex 99.1427 70.4379 0.95
      vertex 98.7807 70.1003 0.95
    endloop
  endfacet
  facet normal 0 0 -1
    outer loop
      vertex 84.7893 70.5889 0.95
      vertex 84.4517 70.9509 0.95
      vertex 99.1427 70.4379 0.95
    endloop
  endfacet
  facet normal 0 0 -1
    outer loop
      vertex 84.3007 56.5975 0.95
      vertex 84.4517 70.9509 0.95
      vertex 84.7893 70.5889 0.95
    endloop
  endfacet
  facet normal 0 0 -1
    outer loop
      vertex 84.4517 70.9509 0.95
      vertex 84.3007 56.5975 0.95
      vertex 83.9387 56.2599 0.95
    endloop
  endfacet
  facet normal 0.0348981 0.999391 -0
    outer loop
      vertex 98.6297 55.7469 0
      vertex 83.9387 56.2599 0.95
      vertex 98.6297 55.7469 0.95
    endloop
  endfacet
  facet normal 0.0348981 0.999391 0
    outer loop
      vertex 83.9387 56.2599 0.95
      vertex 98.6297 55.7469 0
      vertex 83.9387 56.2599 0
    endloop
  endfacet
  facet normal 0.999391 -0.0348981 2.52245e-17
    outer loop
      vertex 83.9387 56.2599 0.95
      vertex 84.4517 70.9509 0
      vertex 84.4517 70.9509 0.95
    endloop
  endfacet
  facet normal 0.999391 -0.0348981 2.52245e-17
    outer loop
      vertex 84.4517 70.9509 0
      vertex 83.9387 56.2599 0.95
      vertex 83.9387 56.2599 0
    endloop
  endfacet
  facet normal -0.0348981 -0.999391 0
    outer loop
      vertex 84.4517 70.9509 0
      vertex 99.1427 70.4379 0.95
      vertex 84.4517 70.9509 0.95
    endloop
  endfacet
  facet normal -0.0348981 -0.999391 -0
    outer loop
      vertex 99.1427 70.4379 0.95
      vertex 84.4517 70.9509 0
      vertex 99.1427 70.4379 0
    endloop
  endfacet
  facet normal -0.999391 0.0349002 -7.91619e-18
    outer loop
      vertex 98.2921 56.1089 0.95
      vertex 98.7807 70.1003 2.05
      vertex 98.7807 70.1003 0.95
    endloop
  endfacet
  facet normal -0.999391 0.0349002 -7.91619e-18
    outer loop
      vertex 98.7807 70.1003 2.05
      vertex 98.2921 56.1089 0.95
      vertex 98.2921 56.1089 2.05
    endloop
  endfacet
  facet normal 0 0 1
    outer loop
      vertex 99.1427 70.4379 2.05
      vertex 84.7893 70.5889 2.05
      vertex 98.7807 70.1003 2.05
    endloop
  endfacet
  facet normal 0 0 1
    outer loop
      vertex 84.4517 70.9509 2.05
      vertex 84.7893 70.5889 2.05
      vertex 99.1427 70.4379 2.05
    endloop
  endfacet
  facet normal 0 0 1
    outer loop
      vertex 84.4517 70.9509 2.05
      vertex 84.3007 56.5975 2.05
      vertex 84.7893 70.5889 2.05
    endloop
  endfacet
  facet normal 0 -0 1
    outer loop
      vertex 84.3007 56.5975 2.05
      vertex 84.4517 70.9509 2.05
      vertex 83.9387 56.2599 2.05
    endloop
  endfacet
  facet normal -0 0 1
    outer loop
      vertex 98.7807 70.1003 2.05
      vertex 98.6297 55.7469 2.05
      vertex 99.1427 70.4379 2.05
    endloop
  endfacet
  facet normal -0 0 1
    outer loop
      vertex 98.2921 56.1089 2.05
      vertex 98.6297 55.7469 2.05
      vertex 98.7807 70.1003 2.05
    endloop
  endfacet
  facet normal 0 0 1
    outer loop
      vertex 84.3007 56.5975 2.05
      vertex 98.6297 55.7469 2.05
      vertex 98.2921 56.1089 2.05
    endloop
  endfacet
  facet normal 0 0 1
    outer loop
      vertex 98.6297 55.7469 2.05
      vertex 84.3007 56.5975 2.05
      vertex 83.9387 56.2599 2.05
    endloop
  endfacet
  facet normal 0.0349002 0.999391 -0
    outer loop
      vertex 98.2921 56.1089 0.95
      vertex 84.3007 56.5975 2.05
      vertex 98.2921 56.1089 2.05
    endloop
  endfacet
  facet normal 0.0349002 0.999391 0
    outer loop
      vertex 84.3007 56.5975 2.05
      vertex 98.2921 56.1089 0.95
      vertex 84.3007 56.5975 0.95
    endloop
  endfacet
  facet normal 0.999391 -0.0349002 -2.6563e-18
    outer loop
      vertex 84.3007 56.5975 2.05
      vertex 84.7893 70.5889 0.95
      vertex 84.7893 70.5889 2.05
    endloop
  endfacet
  facet normal 0.999391 -0.0349002 -2.6563e-18
    outer loop
      vertex 84.7893 70.5889 0.95
      vertex 84.3007 56.5975 2.05
      vertex 84.3007 56.5975 0.95
    endloop
  endfacet
  facet normal -0.0349002 -0.999391 0
    outer loop
      vertex 84.7893 70.5889 0.95
      vertex 98.7807 70.1003 2.05
      vertex 84.7893 70.5889 2.05
    endloop
  endfacet
  facet normal -0.0349002 -0.999391 -0
    outer loop
      vertex 98.7807 70.1003 2.05
      vertex 84.7893 70.5889 0.95
      vertex 98.7807 70.1003 0.95
    endloop
  endfacet
  facet normal -0.999391 0.0348981 1.59755e-16
    outer loop
      vertex 98.6297 55.7469 2.05
      vertex 99.1427 70.4379 2.2
      vertex 99.1427 70.4379 2.05
    endloop
  endfacet
  facet normal -0.999391 0.0348981 1.59755e-16
    outer loop
      vertex 99.1427 70.4379 2.2
      vertex 98.6297 55.7469 2.05
      vertex 98.6297 55.7469 2.2
    endloop
  endfacet
  facet normal 0.0348981 0.999391 -0
    outer loop
      vertex 98.6297 55.7469 2.05
      vertex 83.9387 56.2599 2.2
      vertex 98.6297 55.7469 2.2
    endloop
  endfacet
  facet normal 0.0348981 0.999391 0
    outer loop
      vertex 83.9387 56.2599 2.2
      vertex 98.6297 55.7469 2.05
      vertex 83.9387 56.2599 2.05
    endloop
  endfacet
  facet normal 0.999391 -0.0348981 1.59755e-16
    outer loop
      vertex 83.9387 56.2599 2.2
      vertex 84.4517 70.9509 2.05
      vertex 84.4517 70.9509 2.2
    endloop
  endfacet
  facet normal 0.999391 -0.0348981 1.59755e-16
    outer loop
      vertex 84.4517 70.9509 2.05
      vertex 83.9387 56.2599 2.2
      vertex 83.9387 56.2599 2.05
    endloop
  endfacet
  facet normal -0.0348981 -0.999391 0
    outer loop
      vertex 84.4517 70.9509 2.05
      vertex 99.1427 70.4379 2.2
      vertex 84.4517 70.9509 2.2
    endloop
  endfacet
  facet normal -0.0348981 -0.999391 -0
    outer loop
      vertex 99.1427 70.4379 2.2
      vertex 84.4517 70.9509 2.05
      vertex 99.1427 70.4379 2.05
    endloop
  endfacet
  facet normal -1 0 0
    outer loop
      vertex 79.9374 59.5093 0
      vertex 79.9374 74.2093 0.95
      vertex 79.9374 74.2093 0
    endloop
  endfacet
  facet normal -1 -0 0
    outer loop
      vertex 79.9374 74.2093 0.95
      vertex 79.9374 59.5093 0
      vertex 79.9374 59.5093 0.95
    endloop
  endfacet
  facet normal 0 0 -1
    outer loop
      vertex 79.9374 59.5093 0.95
      vertex 79.5874 59.8593 0.95
      vertex 79.9374 74.2093 0.95
    endloop
  endfacet
  facet normal 0 0 -1
    outer loop
      vertex 79.9374 59.5093 0.95
      vertex 65.5874 59.8593 0.95
      vertex 79.5874 59.8593 0.95
    endloop
  endfacet
  facet normal -0 0 -1
    outer loop
      vertex 65.5874 59.8593 0.95
      vertex 65.2374 59.5093 0.95
      vertex 65.5874 73.8593 0.95
    endloop
  endfacet
  facet normal 0 0 -1
    outer loop
      vertex 65.2374 59.5093 0.95
      vertex 65.5874 59.8593 0.95
      vertex 79.9374 59.5093 0.95
    endloop
  endfacet
  facet normal 0 0 -1
    outer loop
      vertex 79.5874 73.8593 0.95
      vertex 79.9374 74.2093 0.95
      vertex 79.5874 59.8593 0.95
    endloop
  endfacet
  facet normal 0 0 -1
    outer loop
      vertex 65.5874 73.8593 0.95
      vertex 79.9374 74.2093 0.95
      vertex 79.5874 73.8593 0.95
    endloop
  endfacet
  facet normal 0 0 -1
    outer loop
      vertex 65.5874 73.8593 0.95
      vertex 65.2374 74.2093 0.95
      vertex 79.9374 74.2093 0.95
    endloop
  endfacet
  facet normal 0 0 -1
    outer loop
      vertex 65.2374 74.2093 0.95
      vertex 65.5874 73.8593 0.95
      vertex 65.2374 59.5093 0.95
    endloop
  endfacet
  facet normal 0 1 -0
    outer loop
      vertex 79.9374 59.5093 0
      vertex 65.2374 59.5093 0.95
      vertex 79.9374 59.5093 0.95
    endloop
  endfacet
  facet normal 0 1 0
    outer loop
      vertex 65.2374 59.5093 0.95
      vertex 79.9374 59.5093 0
      vertex 65.2374 59.5093 0
    endloop
  endfacet
  facet normal 1 -0 0
    outer loop
      vertex 65.2374 59.5093 0.95
      vertex 65.2374 74.2093 0
      vertex 65.2374 74.2093 0.95
    endloop
  endfacet
  facet normal 1 0 0
    outer loop
      vertex 65.2374 74.2093 0
      vertex 65.2374 59.5093 0.95
      vertex 65.2374 59.5093 0
    endloop
  endfacet
  facet normal 0 -1 0
    outer loop
      vertex 65.2374 74.2093 0
      vertex 79.9374 74.2093 0.95
      vertex 65.2374 74.2093 0.95
    endloop
  endfacet
  facet normal 0 -1 -0
    outer loop
      vertex 79.9374 74.2093 0.95
      vertex 65.2374 74.2093 0
      vertex 79.9374 74.2093 0
    endloop
  endfacet
  facet normal -1 0 0
    outer loop
      vertex 79.5874 59.8593 0.95
      vertex 79.5874 73.8593 2.05
      vertex 79.5874 73.8593 0.95
    endloop
  endfacet
  facet normal -1 -0 0
    outer loop
      vertex 79.5874 73.8593 2.05
      vertex 79.5874 59.8593 0.95
      vertex 79.5874 59.8593 2.05
    endloop
  endfacet
  facet normal 0 0 1
    outer loop
      vertex 79.9374 74.2093 2.05
      vertex 79.5874 73.8593 2.05
      vertex 79.9374 59.5093 2.05
    endloop
  endfacet
  facet normal 0 0 1
    outer loop
      vertex 79.9374 74.2093 2.05
      vertex 65.5874 73.8593 2.05
      vertex 79.5874 73.8593 2.05
    endloop
  endfacet
  facet normal 0 0 1
    outer loop
      vertex 65.5874 73.8593 2.05
      vertex 65.2374 74.2093 2.05
      vertex 65.5874 59.8593 2.05
    endloop
  endfacet
  facet normal -0 0 1
    outer loop
      vertex 65.2374 74.2093 2.05
      vertex 65.5874 73.8593 2.05
      vertex 79.9374 74.2093 2.05
    endloop
  endfacet
  facet normal -0 0 1
    outer loop
      vertex 79.5874 59.8593 2.05
      vertex 79.9374 59.5093 2.05
      vertex 79.5874 73.8593 2.05
    endloop
  endfacet
  facet normal -0 0 1
    outer loop
      vertex 65.5874 59.8593 2.05
      vertex 79.9374 59.5093 2.05
      vertex 79.5874 59.8593 2.05
    endloop
  endfacet
  facet normal 0 0 1
    outer loop
      vertex 65.5874 59.8593 2.05
      vertex 65.2374 59.5093 2.05
      vertex 79.9374 59.5093 2.05
    endloop
  endfacet
  facet normal 0 0 1
    outer loop
      vertex 65.2374 59.5093 2.05
      vertex 65.5874 59.8593 2.05
      vertex 65.2374 74.2093 2.05
    endloop
  endfacet
  facet normal 0 1 -0
    outer loop
      vertex 79.5874 59.8593 0.95
      vertex 65.5874 59.8593 2.05
      vertex 79.5874 59.8593 2.05
    endloop
  endfacet
  facet normal 0 1 0
    outer loop
      vertex 65.5874 59.8593 2.05
      vertex 79.5874 59.8593 0.95
      vertex 65.5874 59.8593 0.95
    endloop
  endfacet
  facet normal 1 -0 0
    outer loop
      vertex 65.5874 59.8593 2.05
      vertex 65.5874 73.8593 0.95
      vertex 65.5874 73.8593 2.05
    endloop
  endfacet
  facet normal 1 0 0
    outer loop
      vertex 65.5874 73.8593 0.95
      vertex 65.5874 59.8593 2.05
      vertex 65.5874 59.8593 0.95
    endloop
  endfacet
  facet normal 0 -1 0
    outer loop
      vertex 65.5874 73.8593 0.95
      vertex 79.5874 73.8593 2.05
      vertex 65.5874 73.8593 2.05
    endloop
  endfacet
  facet normal 0 -1 -0
    outer loop
      vertex 79.5874 73.8593 2.05
      vertex 65.5874 73.8593 0.95
      vertex 79.5874 73.8593 0.95
    endloop
  endfacet
  facet normal -1 0 0
    outer loop
      vertex 79.9374 59.5093 2.05
      vertex 79.9374 74.2093 2.2
      vertex 79.9374 74.2093 2.05
    endloop
  endfacet
  facet normal -1 -0 0
    outer loop
      vertex 79.9374 74.2093 2.2
      vertex 79.9374 59.5093 2.05
      vertex 79.9374 59.5093 2.2
    endloop
  endfacet
  facet normal 0 1 -0
    outer loop
      vertex 79.9374 59.5093 2.05
      vertex 65.2374 59.5093 2.2
      vertex 79.9374 59.5093 2.2
    endloop
  endfacet
  facet normal 0 1 0
    outer loop
      vertex 65.2374 59.5093 2.2
      vertex 79.9374 59.5093 2.05
      vertex 65.2374 59.5093 2.05
    endloop
  endfacet
  facet normal 1 -0 0
    outer loop
      vertex 65.2374 59.5093 2.2
      vertex 65.2374 74.2093 2.05
      vertex 65.2374 74.2093 2.2
    endloop
  endfacet
  facet normal 1 0 0
    outer loop
      vertex 65.2374 74.2093 2.05
      vertex 65.2374 59.5093 2.2
      vertex 65.2374 59.5093 2.05
    endloop
  endfacet
  facet normal 0 -1 0
    outer loop
      vertex 65.2374 74.2093 2.05
      vertex 79.9374 74.2093 2.2
      vertex 65.2374 74.2093 2.2
    endloop
  endfacet
  facet normal 0 -1 -0
    outer loop
      vertex 79.9374 74.2093 2.2
      vertex 65.2374 74.2093 2.05
      vertex 79.9374 74.2093 2.05
    endloop
  endfacet
  facet normal -0.998631 0.0523128 5.8697e-17
    outer loop
      vertex 116.956 59.9801 0
      vertex 117.725 74.66 0.95
      vertex 117.725 74.66 0
    endloop
  endfacet
  facet normal -0.998631 0.0523128 5.8697e-17
    outer loop
      vertex 117.725 74.66 0.95
      vertex 116.956 59.9801 0
      vertex 116.956 59.9801 0.95
    endloop
  endfacet
  facet normal 0 0 -1
    outer loop
      vertex 116.956 59.9801 0.95
      vertex 117.357 74.3288 0.95
      vertex 117.725 74.66 0.95
    endloop
  endfacet
  facet normal 0 0 -1
    outer loop
      vertex 116.956 59.9801 0.95
      vertex 116.625 60.3479 0.95
      vertex 117.357 74.3288 0.95
    endloop
  endfacet
  facet normal 0 0 -1
    outer loop
      vertex 116.956 59.9801 0.95
      vertex 102.644 61.0806 0.95
      vertex 116.625 60.3479 0.95
    endloop
  endfacet
  facet normal 0 -0 -1
    outer loop
      vertex 102.644 61.0806 0.95
      vertex 116.956 59.9801 0.95
      vertex 102.276 60.7494 0.95
    endloop
  endfacet
  facet normal 0 0 -1
    outer loop
      vertex 103.377 75.0615 0.95
      vertex 117.725 74.66 0.95
      vertex 117.357 74.3288 0.95
    endloop
  endfacet
  facet normal 0 0 -1
    outer loop
      vertex 103.377 75.0615 0.95
      vertex 103.045 75.4293 0.95
      vertex 117.725 74.66 0.95
    endloop
  endfacet
  facet normal 0 0 -1
    outer loop
      vertex 102.644 61.0806 0.95
      vertex 103.045 75.4293 0.95
      vertex 103.377 75.0615 0.95
    endloop
  endfacet
  facet normal 0 0 -1
    outer loop
      vertex 103.045 75.4293 0.95
      vertex 102.644 61.0806 0.95
      vertex 102.276 60.7494 0.95
    endloop
  endfacet
  facet normal 0.0523328 0.99863 -0
    outer loop
      vertex 116.956 59.9801 0
      vertex 102.276 60.7494 0.95
      vertex 116.956 59.9801 0.95
    endloop
  endfacet
  facet normal 0.0523328 0.99863 0
    outer loop
      vertex 102.276 60.7494 0.95
      vertex 116.956 59.9801 0
      vertex 102.276 60.7494 0
    endloop
  endfacet
  facet normal 0.998631 -0.0523128 -1.2637e-17
    outer loop
      vertex 102.276 60.7494 0.95
      vertex 103.045 75.4293 0
      vertex 103.045 75.4293 0.95
    endloop
  endfacet
  facet normal 0.998631 -0.0523128 -1.2637e-17
    outer loop
      vertex 103.045 75.4293 0
      vertex 102.276 60.7494 0.95
      vertex 102.276 60.7494 0
    endloop
  endfacet
  facet normal -0.0523328 -0.99863 0
    outer loop
      vertex 103.045 75.4293 0
      vertex 117.725 74.66 0.95
      vertex 103.045 75.4293 0.95
    endloop
  endfacet
  facet normal -0.0523328 -0.99863 -0
    outer loop
      vertex 117.725 74.66 0.95
      vertex 103.045 75.4293 0
      vertex 117.725 74.66 0
    endloop
  endfacet
  facet normal -0.998632 0.0522855 3.12977e-17
    outer loop
      vertex 116.625 60.3479 0.95
      vertex 117.357 74.3288 2.05
      vertex 117.357 74.3288 0.95
    endloop
  endfacet
  facet normal -0.998632 0.0522855 3.12977e-17
    outer loop
      vertex 117.357 74.3288 2.05
      vertex 116.625 60.3479 0.95
      vertex 116.625 60.3479 2.05
    endloop
  endfacet
  facet normal 0 0 1
    outer loop
      vertex 117.725 74.66 2.05
      vertex 103.377 75.0615 2.05
      vertex 117.357 74.3288 2.05
    endloop
  endfacet
  facet normal 0 0 1
    outer loop
      vertex 103.045 75.4293 2.05
      vertex 103.377 75.0615 2.05
      vertex 117.725 74.66 2.05
    endloop
  endfacet
  facet normal 0 0 1
    outer loop
      vertex 103.045 75.4293 2.05
      vertex 102.644 61.0806 2.05
      vertex 103.377 75.0615 2.05
    endloop
  endfacet
  facet normal 0 -0 1
    outer loop
      vertex 102.644 61.0806 2.05
      vertex 103.045 75.4293 2.05
      vertex 102.276 60.7494 2.05
    endloop
  endfacet
  facet normal -0 0 1
    outer loop
      vertex 117.357 74.3288 2.05
      vertex 116.956 59.9801 2.05
      vertex 117.725 74.66 2.05
    endloop
  endfacet
  facet normal -0 0 1
    outer loop
      vertex 116.625 60.3479 2.05
      vertex 116.956 59.9801 2.05
      vertex 117.357 74.3288 2.05
    endloop
  endfacet
  facet normal 0 0 1
    outer loop
      vertex 102.644 61.0806 2.05
      vertex 116.956 59.9801 2.05
      vertex 116.625 60.3479 2.05
    endloop
  endfacet
  facet normal 0 0 1
    outer loop
      vertex 116.956 59.9801 2.05
      vertex 102.644 61.0806 2.05
      vertex 102.276 60.7494 2.05
    endloop
  endfacet
  facet normal 0.052335 0.99863 -0
    outer loop
      vertex 116.625 60.3479 0.95
      vertex 102.644 61.0806 2.05
      vertex 116.625 60.3479 2.05
    endloop
  endfacet
  facet normal 0.052335 0.99863 0
    outer loop
      vertex 102.644 61.0806 2.05
      vertex 116.625 60.3479 0.95
      vertex 102.644 61.0806 0.95
    endloop
  endfacet
  facet normal 0.998628 -0.0523568 2.85987e-18
    outer loop
      vertex 102.644 61.0806 2.05
      vertex 103.377 75.0615 0.95
      vertex 103.377 75.0615 2.05
    endloop
  endfacet
  facet normal 0.998628 -0.0523568 2.85987e-18
    outer loop
      vertex 103.377 75.0615 0.95
      vertex 102.644 61.0806 2.05
      vertex 102.644 61.0806 0.95
    endloop
  endfacet
  facet normal -0.0523388 -0.998629 0
    outer loop
      vertex 103.377 75.0615 0.95
      vertex 117.357 74.3288 2.05
      vertex 103.377 75.0615 2.05
    endloop
  endfacet
  facet normal -0.0523388 -0.998629 -0
    outer loop
      vertex 117.357 74.3288 2.05
      vertex 103.377 75.0615 0.95
      vertex 117.357 74.3288 0.95
    endloop
  endfacet
  facet normal -0.998631 0.0523128 3.71748e-16
    outer loop
      vertex 116.956 59.9801 2.05
      vertex 117.725 74.66 2.2
      vertex 117.725 74.66 2.05
    endloop
  endfacet
  facet normal -0.998631 0.0523128 3.71748e-16
    outer loop
      vertex 117.725 74.66 2.2
      vertex 116.956 59.9801 2.05
      vertex 116.956 59.9801 2.2
    endloop
  endfacet
  facet normal 0.0523328 0.99863 -0
    outer loop
      vertex 116.956 59.9801 2.05
      vertex 102.276 60.7494 2.2
      vertex 116.956 59.9801 2.2
    endloop
  endfacet
  facet normal 0.0523328 0.99863 0
    outer loop
      vertex 102.276 60.7494 2.2
      vertex 116.956 59.9801 2.05
      vertex 102.276 60.7494 2.05
    endloop
  endfacet
  facet normal 0.998631 -0.0523128 -8.00343e-17
    outer loop
      vertex 102.276 60.7494 2.2
      vertex 103.045 75.4293 2.05
      vertex 103.045 75.4293 2.2
    endloop
  endfacet
  facet normal 0.998631 -0.0523128 -8.00343e-17
    outer loop
      vertex 103.045 75.4293 2.05
      vertex 102.276 60.7494 2.2
      vertex 102.276 60.7494 2.05
    endloop
  endfacet
  facet normal -0.0523328 -0.99863 0
    outer loop
      vertex 103.045 75.4293 2.05
      vertex 117.725 74.66 2.2
      vertex 103.045 75.4293 2.2
    endloop
  endfacet
  facet normal -0.0523328 -0.99863 -0
    outer loop
      vertex 117.725 74.66 2.2
      vertex 103.045 75.4293 2.05
      vertex 117.725 74.66 2.05
    endloop
  endfacet
  facet normal -0.996195 -0.0871568 -1.36164e-17
    outer loop
      vertex 23.6176 62.9399 0
      vertex 22.3364 77.5839 0.95
      vertex 22.3364 77.5839 0
    endloop
  endfacet
  facet normal -0.996195 -0.0871568 -1.36164e-17
    outer loop
      vertex 22.3364 77.5839 0.95
      vertex 23.6176 62.9399 0
      vertex 23.6176 62.9399 0.95
    endloop
  endfacet
  facet normal -0 0 -1
    outer loop
      vertex 23.6176 62.9399 0.95
      vertex 9.29173 62.0378 0.95
      vertex 23.2385 63.258 0.95
    endloop
  endfacet
  facet normal 0 0 -1
    outer loop
      vertex 8.97356 61.6587 0.95
      vertex 9.29173 62.0378 0.95
      vertex 23.6176 62.9399 0.95
    endloop
  endfacet
  facet normal 0 0 -1
    outer loop
      vertex 8.97356 61.6587 0.95
      vertex 8.07155 75.9846 0.95
      vertex 9.29173 62.0378 0.95
    endloop
  endfacet
  facet normal -0 -0 -1
    outer loop
      vertex 8.07155 75.9846 0.95
      vertex 8.97356 61.6587 0.95
      vertex 7.69237 76.3027 0.95
    endloop
  endfacet
  facet normal 0 0 -1
    outer loop
      vertex 23.2385 63.258 0.95
      vertex 22.3364 77.5839 0.95
      vertex 23.6176 62.9399 0.95
    endloop
  endfacet
  facet normal 0 0 -1
    outer loop
      vertex 22.0183 77.2048 0.95
      vertex 22.3364 77.5839 0.95
      vertex 23.2385 63.258 0.95
    endloop
  endfacet
  facet normal 0 0 -1
    outer loop
      vertex 8.07155 75.9846 0.95
      vertex 22.3364 77.5839 0.95
      vertex 22.0183 77.2048 0.95
    endloop
  endfacet
  facet normal 0 0 -1
    outer loop
      vertex 22.3364 77.5839 0.95
      vertex 8.07155 75.9846 0.95
      vertex 7.69237 76.3027 0.95
    endloop
  endfacet
  facet normal -0.0871566 0.996195 0
    outer loop
      vertex 23.6176 62.9399 0
      vertex 8.97356 61.6587 0.95
      vertex 23.6176 62.9399 0.95
    endloop
  endfacet
  facet normal -0.0871566 0.996195 0
    outer loop
      vertex 8.97356 61.6587 0.95
      vertex 23.6176 62.9399 0
      vertex 8.97356 61.6587 0
    endloop
  endfacet
  facet normal 0.996195 0.0871561 -1.08764e-16
    outer loop
      vertex 8.97356 61.6587 0.95
      vertex 7.69237 76.3027 0
      vertex 7.69237 76.3027 0.95
    endloop
  endfacet
  facet normal 0.996195 0.0871561 -1.08764e-16
    outer loop
      vertex 7.69237 76.3027 0
      vertex 8.97356 61.6587 0.95
      vertex 8.97356 61.6587 0
    endloop
  endfacet
  facet normal 0.0871566 -0.996195 0
    outer loop
      vertex 7.69237 76.3027 0
      vertex 22.3364 77.5839 0.95
      vertex 7.69237 76.3027 0.95
    endloop
  endfacet
  facet normal 0.0871566 -0.996195 0
    outer loop
      vertex 22.3364 77.5839 0.95
      vertex 7.69237 76.3027 0
      vertex 22.3364 77.5839 0
    endloop
  endfacet
  facet normal -0.996195 -0.0871567 1.147e-16
    outer loop
      vertex 23.2385 63.258 0.95
      vertex 22.0183 77.2048 2.05
      vertex 22.0183 77.2048 0.95
    endloop
  endfacet
  facet normal -0.996195 -0.0871567 1.147e-16
    outer loop
      vertex 22.0183 77.2048 2.05
      vertex 23.2385 63.258 0.95
      vertex 23.2385 63.258 2.05
    endloop
  endfacet
  facet normal 0 0 1
    outer loop
      vertex 22.3364 77.5839 2.05
      vertex 23.2385 63.258 2.05
      vertex 23.6176 62.9399 2.05
    endloop
  endfacet
  facet normal 0 0 1
    outer loop
      vertex 22.3364 77.5839 2.05
      vertex 22.0183 77.2048 2.05
      vertex 23.2385 63.258 2.05
    endloop
  endfacet
  facet normal 0 0 1
    outer loop
      vertex 22.3364 77.5839 2.05
      vertex 8.07155 75.9846 2.05
      vertex 22.0183 77.2048 2.05
    endloop
  endfacet
  facet normal 0 -0 1
    outer loop
      vertex 8.07155 75.9846 2.05
      vertex 22.3364 77.5839 2.05
      vertex 7.69237 76.3027 2.05
    endloop
  endfacet
  facet normal 0 0 1
    outer loop
      vertex 9.29173 62.0378 2.05
      vertex 23.6176 62.9399 2.05
      vertex 23.2385 63.258 2.05
    endloop
  endfacet
  facet normal -0 0 1
    outer loop
      vertex 9.29173 62.0378 2.05
      vertex 8.97356 61.6587 2.05
      vertex 23.6176 62.9399 2.05
    endloop
  endfacet
  facet normal 0 0 1
    outer loop
      vertex 8.07155 75.9846 2.05
      vertex 8.97356 61.6587 2.05
      vertex 9.29173 62.0378 2.05
    endloop
  endfacet
  facet normal 0 0 1
    outer loop
      vertex 8.97356 61.6587 2.05
      vertex 8.07155 75.9846 2.05
      vertex 7.69237 76.3027 2.05
    endloop
  endfacet
  facet normal -0.0871569 0.996195 0
    outer loop
      vertex 23.2385 63.258 0.95
      vertex 9.29173 62.0378 2.05
      vertex 23.2385 63.258 2.05
    endloop
  endfacet
  facet normal -0.0871569 0.996195 0
    outer loop
      vertex 9.29173 62.0378 2.05
      vertex 23.2385 63.258 0.95
      vertex 9.29173 62.0378 0.95
    endloop
  endfacet
  facet normal 0.996195 0.0871553 6.65355e-17
    outer loop
      vertex 9.29173 62.0378 2.05
      vertex 8.07155 75.9846 0.95
      vertex 8.07155 75.9846 2.05
    endloop
  endfacet
  facet normal 0.996195 0.0871553 6.65355e-17
    outer loop
      vertex 8.07155 75.9846 0.95
      vertex 9.29173 62.0378 2.05
      vertex 9.29173 62.0378 0.95
    endloop
  endfacet
  facet normal 0.087157 -0.996195 0
    outer loop
      vertex 8.07155 75.9846 0.95
      vertex 22.0183 77.2048 2.05
      vertex 8.07155 75.9846 2.05
    endloop
  endfacet
  facet normal 0.087157 -0.996195 0
    outer loop
      vertex 22.0183 77.2048 2.05
      vertex 8.07155 75.9846 0.95
      vertex 22.0183 77.2048 0.95
    endloop
  endfacet
  facet normal -0.996195 -0.0871568 -8.62374e-17
    outer loop
      vertex 23.6176 62.9399 2.05
      vertex 22.3364 77.5839 2.2
      vertex 22.3364 77.5839 2.05
    endloop
  endfacet
  facet normal -0.996195 -0.0871568 -8.62374e-17
    outer loop
      vertex 22.3364 77.5839 2.2
      vertex 23.6176 62.9399 2.05
      vertex 23.6176 62.9399 2.2
    endloop
  endfacet
  facet normal -0.0871566 0.996195 0
    outer loop
      vertex 23.6176 62.9399 2.05
      vertex 8.97356 61.6587 2.2
      vertex 23.6176 62.9399 2.2
    endloop
  endfacet
  facet normal -0.0871566 0.996195 0
    outer loop
      vertex 8.97356 61.6587 2.2
      vertex 23.6176 62.9399 2.05
      vertex 8.97356 61.6587 2.05
    endloop
  endfacet
  facet normal 0.996195 0.0871561 -6.88839e-16
    outer loop
      vertex 8.97356 61.6587 2.2
      vertex 7.69237 76.3027 2.05
      vertex 7.69237 76.3027 2.2
    endloop
  endfacet
  facet normal 0.996195 0.0871561 -6.88839e-16
    outer loop
      vertex 7.69237 76.3027 2.05
      vertex 8.97356 61.6587 2.2
      vertex 8.97356 61.6587 2.05
    endloop
  endfacet
  facet normal 0.0871566 -0.996195 0
    outer loop
      vertex 7.69237 76.3027 2.05
      vertex 22.3364 77.5839 2.2
      vertex 7.69237 76.3027 2.2
    endloop
  endfacet
  facet normal 0.0871566 -0.996195 0
    outer loop
      vertex 22.3364 77.5839 2.2
      vertex 7.69237 76.3027 2.05
      vertex 22.3364 77.5839 2.05
    endloop
  endfacet
  facet normal -0.996195 -0.0871568 5.61916e-17
    outer loop
      vertex 41.2441 67.9954 0
      vertex 39.9629 82.6394 0.95
      vertex 39.9629 82.6394 0
    endloop
  endfacet
  facet normal -0.996195 -0.0871568 5.61916e-17
    outer loop
      vertex 39.9629 82.6394 0.95
      vertex 41.2441 67.9954 0
      vertex 41.2441 67.9954 0.95
    endloop
  endfacet
  facet normal -0 0 -1
    outer loop
      vertex 41.2441 67.9954 0.95
      vertex 26.9182 67.0933 0.95
      vertex 40.865 68.3135 0.95
    endloop
  endfacet
  facet normal 0 0 -1
    outer loop
      vertex 26.6001 66.7142 0.95
      vertex 26.9182 67.0933 0.95
      vertex 41.2441 67.9954 0.95
    endloop
  endfacet
  facet normal 0 0 -1
    outer loop
      vertex 26.6001 66.7142 0.95
      vertex 25.698 81.0401 0.95
      vertex 26.9182 67.0933 0.95
    endloop
  endfacet
  facet normal -0 -0 -1
    outer loop
      vertex 25.698 81.0401 0.95
      vertex 26.6001 66.7142 0.95
      vertex 25.3189 81.3582 0.95
    endloop
  endfacet
  facet normal 0 0 -1
    outer loop
      vertex 40.865 68.3135 0.95
      vertex 39.9629 82.6394 0.95
      vertex 41.2441 67.9954 0.95
    endloop
  endfacet
  facet normal 0 0 -1
    outer loop
      vertex 39.6448 82.2603 0.95
      vertex 39.9629 82.6394 0.95
      vertex 40.865 68.3135 0.95
    endloop
  endfacet
  facet normal 0 0 -1
    outer loop
      vertex 25.698 81.0401 0.95
      vertex 39.9629 82.6394 0.95
      vertex 39.6448 82.2603 0.95
    endloop
  endfacet
  facet normal 0 0 -1
    outer loop
      vertex 39.9629 82.6394 0.95
      vertex 25.698 81.0401 0.95
      vertex 25.3189 81.3582 0.95
    endloop
  endfacet
  facet normal -0.0871568 0.996195 0
    outer loop
      vertex 41.2441 67.9954 0
      vertex 26.6001 66.7142 0.95
      vertex 41.2441 67.9954 0.95
    endloop
  endfacet
  facet normal -0.0871568 0.996195 0
    outer loop
      vertex 26.6001 66.7142 0.95
      vertex 41.2441 67.9954 0
      vertex 26.6001 66.7142 0
    endloop
  endfacet
  facet normal 0.996195 0.0871568 -3.43757e-17
    outer loop
      vertex 26.6001 66.7142 0.95
      vertex 25.3189 81.3582 0
      vertex 25.3189 81.3582 0.95
    endloop
  endfacet
  facet normal 0.996195 0.0871568 -3.43757e-17
    outer loop
      vertex 25.3189 81.3582 0
      vertex 26.6001 66.7142 0.95
      vertex 26.6001 66.7142 0
    endloop
  endfacet
  facet normal 0.0871568 -0.996195 0
    outer loop
      vertex 25.3189 81.3582 0
      vertex 39.9629 82.6394 0.95
      vertex 25.3189 81.3582 0.95
    endloop
  endfacet
  facet normal 0.0871568 -0.996195 0
    outer loop
      vertex 39.9629 82.6394 0.95
      vertex 25.3189 81.3582 0
      vertex 39.9629 82.6394 0
    endloop
  endfacet
  facet normal -0.996195 -0.0871567 1.01497e-17
    outer loop
      vertex 40.865 68.3135 0.95
      vertex 39.6448 82.2603 2.05
      vertex 39.6448 82.2603 0.95
    endloop
  endfacet
  facet normal -0.996195 -0.0871567 1.01497e-17
    outer loop
      vertex 39.6448 82.2603 2.05
      vertex 40.865 68.3135 0.95
      vertex 40.865 68.3135 2.05
    endloop
  endfacet
  facet normal 0 0 1
    outer loop
      vertex 39.9629 82.6394 2.05
      vertex 40.865 68.3135 2.05
      vertex 41.2441 67.9954 2.05
    endloop
  endfacet
  facet normal 0 0 1
    outer loop
      vertex 39.9629 82.6394 2.05
      vertex 39.6448 82.2603 2.05
      vertex 40.865 68.3135 2.05
    endloop
  endfacet
  facet normal 0 0 1
    outer loop
      vertex 39.9629 82.6394 2.05
      vertex 25.698 81.0401 2.05
      vertex 39.6448 82.2603 2.05
    endloop
  endfacet
  facet normal 0 -0 1
    outer loop
      vertex 25.698 81.0401 2.05
      vertex 39.9629 82.6394 2.05
      vertex 25.3189 81.3582 2.05
    endloop
  endfacet
  facet normal 0 0 1
    outer loop
      vertex 26.9182 67.0933 2.05
      vertex 41.2441 67.9954 2.05
      vertex 40.865 68.3135 2.05
    endloop
  endfacet
  facet normal -0 0 1
    outer loop
      vertex 26.9182 67.0933 2.05
      vertex 26.6001 66.7142 2.05
      vertex 41.2441 67.9954 2.05
    endloop
  endfacet
  facet normal 0 0 1
    outer loop
      vertex 25.698 81.0401 2.05
      vertex 26.6001 66.7142 2.05
      vertex 26.9182 67.0933 2.05
    endloop
  endfacet
  facet normal 0 0 1
    outer loop
      vertex 26.6001 66.7142 2.05
      vertex 25.698 81.0401 2.05
      vertex 25.3189 81.3582 2.05
    endloop
  endfacet
  facet normal -0.0871567 0.996195 0
    outer loop
      vertex 40.865 68.3135 0.95
      vertex 26.9182 67.0933 2.05
      vertex 40.865 68.3135 2.05
    endloop
  endfacet
  facet normal -0.0871567 0.996195 0
    outer loop
      vertex 26.9182 67.0933 2.05
      vertex 40.865 68.3135 0.95
      vertex 26.9182 67.0933 0.95
    endloop
  endfacet
  facet normal 0.996195 0.0871567 -1.43962e-17
    outer loop
      vertex 26.9182 67.0933 2.05
      vertex 25.698 81.0401 0.95
      vertex 25.698 81.0401 2.05
    endloop
  endfacet
  facet normal 0.996195 0.0871567 -1.43962e-17
    outer loop
      vertex 25.698 81.0401 0.95
      vertex 26.9182 67.0933 2.05
      vertex 26.9182 67.0933 0.95
    endloop
  endfacet
  facet normal 0.0871567 -0.996195 0
    outer loop
      vertex 25.698 81.0401 0.95
      vertex 39.6448 82.2603 2.05
      vertex 25.698 81.0401 2.05
    endloop
  endfacet
  facet normal 0.0871567 -0.996195 0
    outer loop
      vertex 39.6448 82.2603 2.05
      vertex 25.698 81.0401 0.95
      vertex 39.6448 82.2603 0.95
    endloop
  endfacet
  facet normal -0.996195 -0.0871568 3.5588e-16
    outer loop
      vertex 41.2441 67.9954 2.05
      vertex 39.9629 82.6394 2.2
      vertex 39.9629 82.6394 2.05
    endloop
  endfacet
  facet normal -0.996195 -0.0871568 3.5588e-16
    outer loop
      vertex 39.9629 82.6394 2.2
      vertex 41.2441 67.9954 2.05
      vertex 41.2441 67.9954 2.2
    endloop
  endfacet
  facet normal -0.0871568 0.996195 0
    outer loop
      vertex 41.2441 67.9954 2.05
      vertex 26.6001 66.7142 2.2
      vertex 41.2441 67.9954 2.2
    endloop
  endfacet
  facet normal -0.0871568 0.996195 0
    outer loop
      vertex 26.6001 66.7142 2.2
      vertex 41.2441 67.9954 2.05
      vertex 26.6001 66.7142 2.05
    endloop
  endfacet
  facet normal 0.996195 0.0871568 -2.17712e-16
    outer loop
      vertex 26.6001 66.7142 2.2
      vertex 25.3189 81.3582 2.05
      vertex 25.3189 81.3582 2.2
    endloop
  endfacet
  facet normal 0.996195 0.0871568 -2.17712e-16
    outer loop
      vertex 25.3189 81.3582 2.05
      vertex 26.6001 66.7142 2.2
      vertex 26.6001 66.7142 2.05
    endloop
  endfacet
  facet normal 0.0871568 -0.996195 0
    outer loop
      vertex 25.3189 81.3582 2.05
      vertex 39.9629 82.6394 2.2
      vertex 25.3189 81.3582 2.2
    endloop
  endfacet
  facet normal 0.0871568 -0.996195 0
    outer loop
      vertex 39.9629 82.6394 2.2
      vertex 25.3189 81.3582 2.05
      vertex 39.9629 82.6394 2.05
    endloop
  endfacet
  facet normal -0.99863 -0.0523332 3.14895e-18
    outer loop
      vertex 60.175 72.8912 0
      vertex 59.4057 87.5711 0.95
      vertex 59.4057 87.5711 0
    endloop
  endfacet
  facet normal -0.99863 -0.0523332 3.14895e-18
    outer loop
      vertex 59.4057 87.5711 0.95
      vertex 60.175 72.8912 0
      vertex 60.175 72.8912 0.95
    endloop
  endfacet
  facet normal -0 0 -1
    outer loop
      vertex 60.175 72.8912 0.95
      vertex 45.8263 72.4897 0.95
      vertex 59.8072 73.2224 0.95
    endloop
  endfacet
  facet normal 0 0 -1
    outer loop
      vertex 45.4951 72.1219 0.95
      vertex 45.8263 72.4897 0.95
      vertex 60.175 72.8912 0.95
    endloop
  endfacet
  facet normal 0 0 -1
    outer loop
      vertex 45.4951 72.1219 0.95
      vertex 45.0936 86.4706 0.95
      vertex 45.8263 72.4897 0.95
    endloop
  endfacet
  facet normal -0 -0 -1
    outer loop
      vertex 45.0936 86.4706 0.95
      vertex 45.4951 72.1219 0.95
      vertex 44.7258 86.8018 0.95
    endloop
  endfacet
  facet normal 0 0 -1
    outer loop
      vertex 59.8072 73.2224 0.95
      vertex 59.4057 87.5711 0.95
      vertex 60.175 72.8912 0.95
    endloop
  endfacet
  facet normal 0 0 -1
    outer loop
      vertex 59.0745 87.2033 0.95
      vertex 59.4057 87.5711 0.95
      vertex 59.8072 73.2224 0.95
    endloop
  endfacet
  facet normal 0 0 -1
    outer loop
      vertex 45.0936 86.4706 0.95
      vertex 59.4057 87.5711 0.95
      vertex 59.0745 87.2033 0.95
    endloop
  endfacet
  facet normal 0 0 -1
    outer loop
      vertex 59.4057 87.5711 0.95
      vertex 45.0936 86.4706 0.95
      vertex 44.7258 86.8018 0.95
    endloop
  endfacet
  facet normal -0.0523332 0.99863 0
    outer loop
      vertex 60.175 72.8912 0
      vertex 45.4951 72.1219 0.95
      vertex 60.175 72.8912 0.95
    endloop
  endfacet
  facet normal -0.0523332 0.99863 0
    outer loop
      vertex 45.4951 72.1219 0.95
      vertex 60.175 72.8912 0
      vertex 45.4951 72.1219 0
    endloop
  endfacet
  facet normal 0.99863 0.0523332 3.88159e-17
    outer loop
      vertex 45.4951 72.1219 0.95
      vertex 44.7258 86.8018 0
      vertex 44.7258 86.8018 0.95
    endloop
  endfacet
  facet normal 0.99863 0.0523332 3.88159e-17
    outer loop
      vertex 44.7258 86.8018 0
      vertex 45.4951 72.1219 0.95
      vertex 45.4951 72.1219 0
    endloop
  endfacet
  facet normal 0.0523332 -0.99863 0
    outer loop
      vertex 44.7258 86.8018 0
      vertex 59.4057 87.5711 0.95
      vertex 44.7258 86.8018 0.95
    endloop
  endfacet
  facet normal 0.0523332 -0.99863 0
    outer loop
      vertex 59.4057 87.5711 0.95
      vertex 44.7258 86.8018 0
      vertex 59.4057 87.5711 0
    endloop
  endfacet
  facet normal -0.99863 -0.0523354 7.16584e-18
    outer loop
      vertex 59.8072 73.2224 0.95
      vertex 59.0745 87.2033 2.05
      vertex 59.0745 87.2033 0.95
    endloop
  endfacet
  facet normal -0.99863 -0.0523354 7.16584e-18
    outer loop
      vertex 59.0745 87.2033 2.05
      vertex 59.8072 73.2224 0.95
      vertex 59.8072 73.2224 2.05
    endloop
  endfacet
  facet normal 0 0 1
    outer loop
      vertex 59.4057 87.5711 2.05
      vertex 59.8072 73.2224 2.05
      vertex 60.175 72.8912 2.05
    endloop
  endfacet
  facet normal 0 0 1
    outer loop
      vertex 59.4057 87.5711 2.05
      vertex 59.0745 87.2033 2.05
      vertex 59.8072 73.2224 2.05
    endloop
  endfacet
  facet normal 0 0 1
    outer loop
      vertex 59.4057 87.5711 2.05
      vertex 45.0936 86.4706 2.05
      vertex 59.0745 87.2033 2.05
    endloop
  endfacet
  facet normal 0 -0 1
    outer loop
      vertex 45.0936 86.4706 2.05
      vertex 59.4057 87.5711 2.05
      vertex 44.7258 86.8018 2.05
    endloop
  endfacet
  facet normal 0 0 1
    outer loop
      vertex 45.8263 72.4897 2.05
      vertex 60.175 72.8912 2.05
      vertex 59.8072 73.2224 2.05
    endloop
  endfacet
  facet normal -0 0 1
    outer loop
      vertex 45.8263 72.4897 2.05
      vertex 45.4951 72.1219 2.05
      vertex 60.175 72.8912 2.05
    endloop
  endfacet
  facet normal 0 0 1
    outer loop
      vertex 45.0936 86.4706 2.05
      vertex 45.4951 72.1219 2.05
      vertex 45.8263 72.4897 2.05
    endloop
  endfacet
  facet normal 0 0 1
    outer loop
      vertex 45.4951 72.1219 2.05
      vertex 45.0936 86.4706 2.05
      vertex 44.7258 86.8018 2.05
    endloop
  endfacet
  facet normal -0.0523354 0.99863 0
    outer loop
      vertex 59.8072 73.2224 0.95
      vertex 45.8263 72.4897 2.05
      vertex 59.8072 73.2224 2.05
    endloop
  endfacet
  facet normal -0.0523354 0.99863 0
    outer loop
      vertex 45.8263 72.4897 2.05
      vertex 59.8072 73.2224 0.95
      vertex 45.8263 72.4897 0.95
    endloop
  endfacet
  facet normal 0.99863 0.0523354 7.16584e-18
    outer loop
      vertex 45.8263 72.4897 2.05
      vertex 45.0936 86.4706 0.95
      vertex 45.0936 86.4706 2.05
    endloop
  endfacet
  facet normal 0.99863 0.0523354 7.16584e-18
    outer loop
      vertex 45.0936 86.4706 0.95
      vertex 45.8263 72.4897 2.05
      vertex 45.8263 72.4897 0.95
    endloop
  endfacet
  facet normal 0.0523354 -0.99863 0
    outer loop
      vertex 45.0936 86.4706 0.95
      vertex 59.0745 87.2033 2.05
      vertex 45.0936 86.4706 2.05
    endloop
  endfacet
  facet normal 0.0523354 -0.99863 0
    outer loop
      vertex 59.0745 87.2033 2.05
      vertex 45.0936 86.4706 0.95
      vertex 59.0745 87.2033 0.95
    endloop
  endfacet
  facet normal -0.99863 -0.0523332 1.99433e-17
    outer loop
      vertex 60.175 72.8912 2.05
      vertex 59.4057 87.5711 2.2
      vertex 59.4057 87.5711 2.05
    endloop
  endfacet
  facet normal -0.99863 -0.0523332 1.99433e-17
    outer loop
      vertex 59.4057 87.5711 2.2
      vertex 60.175 72.8912 2.05
      vertex 60.175 72.8912 2.2
    endloop
  endfacet
  facet normal -0.0523332 0.99863 0
    outer loop
      vertex 60.175 72.8912 2.05
      vertex 45.4951 72.1219 2.2
      vertex 60.175 72.8912 2.2
    endloop
  endfacet
  facet normal -0.0523332 0.99863 0
    outer loop
      vertex 45.4951 72.1219 2.2
      vertex 60.175 72.8912 2.05
      vertex 45.4951 72.1219 2.05
    endloop
  endfacet
  facet normal 0.99863 0.0523332 2.45834e-16
    outer loop
      vertex 45.4951 72.1219 2.2
      vertex 44.7258 86.8018 2.05
      vertex 44.7258 86.8018 2.2
    endloop
  endfacet
  facet normal 0.99863 0.0523332 2.45834e-16
    outer loop
      vertex 44.7258 86.8018 2.05
      vertex 45.4951 72.1219 2.2
      vertex 45.4951 72.1219 2.05
    endloop
  endfacet
  facet normal 0.0523332 -0.99863 0
    outer loop
      vertex 44.7258 86.8018 2.05
      vertex 59.4057 87.5711 2.2
      vertex 44.7258 86.8018 2.2
    endloop
  endfacet
  facet normal 0.0523332 -0.99863 0
    outer loop
      vertex 59.4057 87.5711 2.2
      vertex 44.7258 86.8018 2.05
      vertex 59.4057 87.5711 2.05
    endloop
  endfacet
  facet normal -0.999391 0.0348981 1.19956e-17
    outer loop
      vertex 99.223 72.7365 0
      vertex 99.736 87.4275 0.95
      vertex 99.736 87.4275 0
    endloop
  endfacet
  facet normal -0.999391 0.0348981 1.19956e-17
    outer loop
      vertex 99.736 87.4275 0.95
      vertex 99.223 72.7365 0
      vertex 99.223 72.7365 0.95
    endloop
  endfacet
  facet normal 0 0 -1
    outer loop
      vertex 99.223 72.7365 0.95
      vertex 99.374 87.0899 0.95
      vertex 99.736 87.4275 0.95
    endloop
  endfacet
  facet normal 0 0 -1
    outer loop
      vertex 99.223 72.7365 0.95
      vertex 98.8854 73.0985 0.95
      vertex 99.374 87.0899 0.95
    endloop
  endfacet
  facet normal 0 0 -1
    outer loop
      vertex 99.223 72.7365 0.95
      vertex 84.894 73.5871 0.95
      vertex 98.8854 73.0985 0.95
    endloop
  endfacet
  facet normal 0 -0 -1
    outer loop
      vertex 84.894 73.5871 0.95
      vertex 99.223 72.7365 0.95
      vertex 84.532 73.2495 0.95
    endloop
  endfacet
  facet normal 0 0 -1
    outer loop
      vertex 85.3826 87.5785 0.95
      vertex 99.736 87.4275 0.95
      vertex 99.374 87.0899 0.95
    endloop
  endfacet
  facet normal 0 0 -1
    outer loop
      vertex 85.3826 87.5785 0.95
      vertex 85.045 87.9405 0.95
      vertex 99.736 87.4275 0.95
    endloop
  endfacet
  facet normal 0 0 -1
    outer loop
      vertex 84.894 73.5871 0.95
      vertex 85.045 87.9405 0.95
      vertex 85.3826 87.5785 0.95
    endloop
  endfacet
  facet normal 0 0 -1
    outer loop
      vertex 85.045 87.9405 0.95
      vertex 84.894 73.5871 0.95
      vertex 84.532 73.2495 0.95
    endloop
  endfacet
  facet normal 0.0348981 0.999391 -0
    outer loop
      vertex 99.223 72.7365 0
      vertex 84.532 73.2495 0.95
      vertex 99.223 72.7365 0.95
    endloop
  endfacet
  facet normal 0.0348981 0.999391 0
    outer loop
      vertex 84.532 73.2495 0.95
      vertex 99.223 72.7365 0
      vertex 84.532 73.2495 0
    endloop
  endfacet
  facet normal 0.999391 -0.0348981 2.52245e-17
    outer loop
      vertex 84.532 73.2495 0.95
      vertex 85.045 87.9405 0
      vertex 85.045 87.9405 0.95
    endloop
  endfacet
  facet normal 0.999391 -0.0348981 2.52245e-17
    outer loop
      vertex 85.045 87.9405 0
      vertex 84.532 73.2495 0.95
      vertex 84.532 73.2495 0
    endloop
  endfacet
  facet normal -0.0348981 -0.999391 0
    outer loop
      vertex 85.045 87.9405 0
      vertex 99.736 87.4275 0.95
      vertex 85.045 87.9405 0.95
    endloop
  endfacet
  facet normal -0.0348981 -0.999391 -0
    outer loop
      vertex 99.736 87.4275 0.95
      vertex 85.045 87.9405 0
      vertex 99.736 87.4275 0
    endloop
  endfacet
  facet normal -0.999391 0.0349002 -2.6563e-18
    outer loop
      vertex 98.8854 73.0985 0.95
      vertex 99.374 87.0899 2.05
      vertex 99.374 87.0899 0.95
    endloop
  endfacet
  facet normal -0.999391 0.0349002 -2.6563e-18
    outer loop
      vertex 99.374 87.0899 2.05
      vertex 98.8854 73.0985 0.95
      vertex 98.8854 73.0985 2.05
    endloop
  endfacet
  facet normal 0 0 1
    outer loop
      vertex 99.736 87.4275 2.05
      vertex 85.3826 87.5785 2.05
      vertex 99.374 87.0899 2.05
    endloop
  endfacet
  facet normal 0 0 1
    outer loop
      vertex 85.045 87.9405 2.05
      vertex 85.3826 87.5785 2.05
      vertex 99.736 87.4275 2.05
    endloop
  endfacet
  facet normal 0 0 1
    outer loop
      vertex 85.045 87.9405 2.05
      vertex 84.894 73.5871 2.05
      vertex 85.3826 87.5785 2.05
    endloop
  endfacet
  facet normal 0 -0 1
    outer loop
      vertex 84.894 73.5871 2.05
      vertex 85.045 87.9405 2.05
      vertex 84.532 73.2495 2.05
    endloop
  endfacet
  facet normal -0 0 1
    outer loop
      vertex 99.374 87.0899 2.05
      vertex 99.223 72.7365 2.05
      vertex 99.736 87.4275 2.05
    endloop
  endfacet
  facet normal -0 0 1
    outer loop
      vertex 98.8854 73.0985 2.05
      vertex 99.223 72.7365 2.05
      vertex 99.374 87.0899 2.05
    endloop
  endfacet
  facet normal 0 0 1
    outer loop
      vertex 84.894 73.5871 2.05
      vertex 99.223 72.7365 2.05
      vertex 98.8854 73.0985 2.05
    endloop
  endfacet
  facet normal 0 0 1
    outer loop
      vertex 99.223 72.7365 2.05
      vertex 84.894 73.5871 2.05
      vertex 84.532 73.2495 2.05
    endloop
  endfacet
  facet normal 0.0349002 0.999391 -0
    outer loop
      vertex 98.8854 73.0985 0.95
      vertex 84.894 73.5871 2.05
      vertex 98.8854 73.0985 2.05
    endloop
  endfacet
  facet normal 0.0349002 0.999391 0
    outer loop
      vertex 84.894 73.5871 2.05
      vertex 98.8854 73.0985 0.95
      vertex 84.894 73.5871 0.95
    endloop
  endfacet
  facet normal 0.999391 -0.0349002 -2.6563e-18
    outer loop
      vertex 84.894 73.5871 2.05
      vertex 85.3826 87.5785 0.95
      vertex 85.3826 87.5785 2.05
    endloop
  endfacet
  facet normal 0.999391 -0.0349002 -2.6563e-18
    outer loop
      vertex 85.3826 87.5785 0.95
      vertex 84.894 73.5871 2.05
      vertex 84.894 73.5871 0.95
    endloop
  endfacet
  facet normal -0.0349002 -0.999391 0
    outer loop
      vertex 85.3826 87.5785 0.95
      vertex 99.374 87.0899 2.05
      vertex 85.3826 87.5785 2.05
    endloop
  endfacet
  facet normal -0.0349002 -0.999391 -0
    outer loop
      vertex 99.374 87.0899 2.05
      vertex 85.3826 87.5785 0.95
      vertex 99.374 87.0899 0.95
    endloop
  endfacet
  facet normal -0.999391 0.0348981 7.59719e-17
    outer loop
      vertex 99.223 72.7365 2.05
      vertex 99.736 87.4275 2.2
      vertex 99.736 87.4275 2.05
    endloop
  endfacet
  facet normal -0.999391 0.0348981 7.59719e-17
    outer loop
      vertex 99.736 87.4275 2.2
      vertex 99.223 72.7365 2.05
      vertex 99.223 72.7365 2.2
    endloop
  endfacet
  facet normal 0.0348981 0.999391 -0
    outer loop
      vertex 99.223 72.7365 2.05
      vertex 84.532 73.2495 2.2
      vertex 99.223 72.7365 2.2
    endloop
  endfacet
  facet normal 0.0348981 0.999391 0
    outer loop
      vertex 84.532 73.2495 2.2
      vertex 99.223 72.7365 2.05
      vertex 84.532 73.2495 2.05
    endloop
  endfacet
  facet normal 0.999391 -0.0348981 1.59755e-16
    outer loop
      vertex 84.532 73.2495 2.2
      vertex 85.045 87.9405 2.05
      vertex 85.045 87.9405 2.2
    endloop
  endfacet
  facet normal 0.999391 -0.0348981 1.59755e-16
    outer loop
      vertex 85.045 87.9405 2.05
      vertex 84.532 73.2495 2.2
      vertex 84.532 73.2495 2.05
    endloop
  endfacet
  facet normal -0.0348981 -0.999391 0
    outer loop
      vertex 85.045 87.9405 2.05
      vertex 99.736 87.4275 2.2
      vertex 85.045 87.9405 2.2
    endloop
  endfacet
  facet normal -0.0348981 -0.999391 -0
    outer loop
      vertex 99.736 87.4275 2.2
      vertex 85.045 87.9405 2.05
      vertex 99.736 87.4275 2.05
    endloop
  endfacet
  facet normal -1 0 0
    outer loop
      vertex 79.9374 76.5093 0
      vertex 79.9374 91.2093 0.95
      vertex 79.9374 91.2093 0
    endloop
  endfacet
  facet normal -1 -0 0
    outer loop
      vertex 79.9374 91.2093 0.95
      vertex 79.9374 76.5093 0
      vertex 79.9374 76.5093 0.95
    endloop
  endfacet
  facet normal 0 0 -1
    outer loop
      vertex 79.9374 76.5093 0.95
      vertex 79.5874 76.8593 0.95
      vertex 79.9374 91.2093 0.95
    endloop
  endfacet
  facet normal 0 0 -1
    outer loop
      vertex 79.9374 76.5093 0.95
      vertex 65.5874 76.8593 0.95
      vertex 79.5874 76.8593 0.95
    endloop
  endfacet
  facet normal -0 0 -1
    outer loop
      vertex 65.5874 76.8593 0.95
      vertex 65.2374 76.5093 0.95
      vertex 65.5874 90.8593 0.95
    endloop
  endfacet
  facet normal 0 0 -1
    outer loop
      vertex 65.2374 76.5093 0.95
      vertex 65.5874 76.8593 0.95
      vertex 79.9374 76.5093 0.95
    endloop
  endfacet
  facet normal 0 0 -1
    outer loop
      vertex 79.5874 90.8593 0.95
      vertex 79.9374 91.2093 0.95
      vertex 79.5874 76.8593 0.95
    endloop
  endfacet
  facet normal 0 0 -1
    outer loop
      vertex 65.5874 90.8593 0.95
      vertex 79.9374 91.2093 0.95
      vertex 79.5874 90.8593 0.95
    endloop
  endfacet
  facet normal 0 0 -1
    outer loop
      vertex 65.5874 90.8593 0.95
      vertex 65.2374 91.2093 0.95
      vertex 79.9374 91.2093 0.95
    endloop
  endfacet
  facet normal 0 0 -1
    outer loop
      vertex 65.2374 91.2093 0.95
      vertex 65.5874 90.8593 0.95
      vertex 65.2374 76.5093 0.95
    endloop
  endfacet
  facet normal 0 1 -0
    outer loop
      vertex 79.9374 76.5093 0
      vertex 65.2374 76.5093 0.95
      vertex 79.9374 76.5093 0.95
    endloop
  endfacet
  facet normal 0 1 0
    outer loop
      vertex 65.2374 76.5093 0.95
      vertex 79.9374 76.5093 0
      vertex 65.2374 76.5093 0
    endloop
  endfacet
  facet normal 1 -0 0
    outer loop
      vertex 65.2374 76.5093 0.95
      vertex 65.2374 91.2093 0
      vertex 65.2374 91.2093 0.95
    endloop
  endfacet
  facet normal 1 0 0
    outer loop
      vertex 65.2374 91.2093 0
      vertex 65.2374 76.5093 0.95
      vertex 65.2374 76.5093 0
    endloop
  endfacet
  facet normal 0 -1 0
    outer loop
      vertex 65.2374 91.2093 0
      vertex 79.9374 91.2093 0.95
      vertex 65.2374 91.2093 0.95
    endloop
  endfacet
  facet normal 0 -1 -0
    outer loop
      vertex 79.9374 91.2093 0.95
      vertex 65.2374 91.2093 0
      vertex 79.9374 91.2093 0
    endloop
  endfacet
  facet normal -1 0 0
    outer loop
      vertex 79.5874 76.8593 0.95
      vertex 79.5874 90.8593 2.05
      vertex 79.5874 90.8593 0.95
    endloop
  endfacet
  facet normal -1 -0 0
    outer loop
      vertex 79.5874 90.8593 2.05
      vertex 79.5874 76.8593 0.95
      vertex 79.5874 76.8593 2.05
    endloop
  endfacet
  facet normal 0 0 1
    outer loop
      vertex 79.9374 91.2093 2.05
      vertex 79.5874 90.8593 2.05
      vertex 79.9374 76.5093 2.05
    endloop
  endfacet
  facet normal 0 0 1
    outer loop
      vertex 79.9374 91.2093 2.05
      vertex 65.5874 90.8593 2.05
      vertex 79.5874 90.8593 2.05
    endloop
  endfacet
  facet normal 0 0 1
    outer loop
      vertex 65.5874 90.8593 2.05
      vertex 65.2374 91.2093 2.05
      vertex 65.5874 76.8593 2.05
    endloop
  endfacet
  facet normal -0 0 1
    outer loop
      vertex 65.2374 91.2093 2.05
      vertex 65.5874 90.8593 2.05
      vertex 79.9374 91.2093 2.05
    endloop
  endfacet
  facet normal -0 0 1
    outer loop
      vertex 79.5874 76.8593 2.05
      vertex 79.9374 76.5093 2.05
      vertex 79.5874 90.8593 2.05
    endloop
  endfacet
  facet normal -0 0 1
    outer loop
      vertex 65.5874 76.8593 2.05
      vertex 79.9374 76.5093 2.05
      vertex 79.5874 76.8593 2.05
    endloop
  endfacet
  facet normal 0 0 1
    outer loop
      vertex 65.5874 76.8593 2.05
      vertex 65.2374 76.5093 2.05
      vertex 79.9374 76.5093 2.05
    endloop
  endfacet
  facet normal 0 0 1
    outer loop
      vertex 65.2374 76.5093 2.05
      vertex 65.5874 76.8593 2.05
      vertex 65.2374 91.2093 2.05
    endloop
  endfacet
  facet normal 0 1 -0
    outer loop
      vertex 79.5874 76.8593 0.95
      vertex 65.5874 76.8593 2.05
      vertex 79.5874 76.8593 2.05
    endloop
  endfacet
  facet normal 0 1 0
    outer loop
      vertex 65.5874 76.8593 2.05
      vertex 79.5874 76.8593 0.95
      vertex 65.5874 76.8593 0.95
    endloop
  endfacet
  facet normal 1 -0 0
    outer loop
      vertex 65.5874 76.8593 2.05
      vertex 65.5874 90.8593 0.95
      vertex 65.5874 90.8593 2.05
    endloop
  endfacet
  facet normal 1 0 0
    outer loop
      vertex 65.5874 90.8593 0.95
      vertex 65.5874 76.8593 2.05
      vertex 65.5874 76.8593 0.95
    endloop
  endfacet
  facet normal 0 -1 0
    outer loop
      vertex 65.5874 90.8593 0.95
      vertex 79.5874 90.8593 2.05
      vertex 65.5874 90.8593 2.05
    endloop
  endfacet
  facet normal 0 -1 -0
    outer loop
      vertex 79.5874 90.8593 2.05
      vertex 65.5874 90.8593 0.95
      vertex 79.5874 90.8593 0.95
    endloop
  endfacet
  facet normal -1 0 0
    outer loop
      vertex 79.9374 76.5093 2.05
      vertex 79.9374 91.2093 2.2
      vertex 79.9374 91.2093 2.05
    endloop
  endfacet
  facet normal -1 -0 0
    outer loop
      vertex 79.9374 91.2093 2.2
      vertex 79.9374 76.5093 2.05
      vertex 79.9374 76.5093 2.2
    endloop
  endfacet
  facet normal 0 1 -0
    outer loop
      vertex 79.9374 76.5093 2.05
      vertex 65.2374 76.5093 2.2
      vertex 79.9374 76.5093 2.2
    endloop
  endfacet
  facet normal 0 1 0
    outer loop
      vertex 65.2374 76.5093 2.2
      vertex 79.9374 76.5093 2.05
      vertex 65.2374 76.5093 2.05
    endloop
  endfacet
  facet normal 1 -0 0
    outer loop
      vertex 65.2374 76.5093 2.2
      vertex 65.2374 91.2093 2.05
      vertex 65.2374 91.2093 2.2
    endloop
  endfacet
  facet normal 1 0 0
    outer loop
      vertex 65.2374 91.2093 2.05
      vertex 65.2374 76.5093 2.2
      vertex 65.2374 76.5093 2.05
    endloop
  endfacet
  facet normal 0 -1 0
    outer loop
      vertex 65.2374 91.2093 2.05
      vertex 79.9374 91.2093 2.2
      vertex 65.2374 91.2093 2.2
    endloop
  endfacet
  facet normal 0 -1 -0
    outer loop
      vertex 79.9374 91.2093 2.2
      vertex 65.2374 91.2093 2.05
      vertex 79.9374 91.2093 2.05
    endloop
  endfacet
  facet normal -0.998631 0.0523128 -5.88362e-17
    outer loop
      vertex 117.846 76.9568 0
      vertex 118.615 91.6367 0.95
      vertex 118.615 91.6367 0
    endloop
  endfacet
  facet normal -0.998631 0.0523128 -5.88362e-17
    outer loop
      vertex 118.615 91.6367 0.95
      vertex 117.846 76.9568 0
      vertex 117.846 76.9568 0.95
    endloop
  endfacet
  facet normal 0 0 -1
    outer loop
      vertex 117.846 76.9568 0.95
      vertex 118.247 91.3055 0.95
      vertex 118.615 91.6367 0.95
    endloop
  endfacet
  facet normal 0 0 -1
    outer loop
      vertex 117.846 76.9568 0.95
      vertex 117.514 77.3246 0.95
      vertex 118.247 91.3055 0.95
    endloop
  endfacet
  facet normal 0 0 -1
    outer loop
      vertex 117.846 76.9568 0.95
      vertex 103.534 78.0573 0.95
      vertex 117.514 77.3246 0.95
    endloop
  endfacet
  facet normal 0 -0 -1
    outer loop
      vertex 103.534 78.0573 0.95
      vertex 117.846 76.9568 0.95
      vertex 103.166 77.7261 0.95
    endloop
  endfacet
  facet normal 0 0 -1
    outer loop
      vertex 104.266 92.0382 0.95
      vertex 118.615 91.6367 0.95
      vertex 118.247 91.3055 0.95
    endloop
  endfacet
  facet normal 0 0 -1
    outer loop
      vertex 104.266 92.0382 0.95
      vertex 103.935 92.406 0.95
      vertex 118.615 91.6367 0.95
    endloop
  endfacet
  facet normal 0 0 -1
    outer loop
      vertex 103.534 78.0573 0.95
      vertex 103.935 92.406 0.95
      vertex 104.266 92.0382 0.95
    endloop
  endfacet
  facet normal 0 0 -1
    outer loop
      vertex 103.935 92.406 0.95
      vertex 103.534 78.0573 0.95
      vertex 103.166 77.7261 0.95
    endloop
  endfacet
  facet normal 0.0523328 0.99863 -0
    outer loop
      vertex 117.846 76.9568 0
      vertex 103.166 77.7261 0.95
      vertex 117.846 76.9568 0.95
    endloop
  endfacet
  facet normal 0.0523328 0.99863 0
    outer loop
      vertex 103.166 77.7261 0.95
      vertex 117.846 76.9568 0
      vertex 103.166 77.7261 0
    endloop
  endfacet
  facet normal 0.998631 -0.0523128 -2.96977e-18
    outer loop
      vertex 103.166 77.7261 0.95
      vertex 103.935 92.406 0
      vertex 103.935 92.406 0.95
    endloop
  endfacet
  facet normal 0.998631 -0.0523128 -2.96977e-18
    outer loop
      vertex 103.935 92.406 0
      vertex 103.166 77.7261 0.95
      vertex 103.166 77.7261 0
    endloop
  endfacet
  facet normal -0.0523328 -0.99863 0
    outer loop
      vertex 103.935 92.406 0
      vertex 118.615 91.6367 0.95
      vertex 103.935 92.406 0.95
    endloop
  endfacet
  facet normal -0.0523328 -0.99863 -0
    outer loop
      vertex 118.615 91.6367 0.95
      vertex 103.935 92.406 0
      vertex 118.615 91.6367 0
    endloop
  endfacet
  facet normal -0.998628 0.0523568 -6.92156e-18
    outer loop
      vertex 117.514 77.3246 0.95
      vertex 118.247 91.3055 2.05
      vertex 118.247 91.3055 0.95
    endloop
  endfacet
  facet normal -0.998628 0.0523568 -6.92156e-18
    outer loop
      vertex 118.247 91.3055 2.05
      vertex 117.514 77.3246 0.95
      vertex 117.514 77.3246 2.05
    endloop
  endfacet
  facet normal 0 0 1
    outer loop
      vertex 118.615 91.6367 2.05
      vertex 104.266 92.0382 2.05
      vertex 118.247 91.3055 2.05
    endloop
  endfacet
  facet normal 0 0 1
    outer loop
      vertex 103.935 92.406 2.05
      vertex 104.266 92.0382 2.05
      vertex 118.615 91.6367 2.05
    endloop
  endfacet
  facet normal 0 0 1
    outer loop
      vertex 103.935 92.406 2.05
      vertex 103.534 78.0573 2.05
      vertex 104.266 92.0382 2.05
    endloop
  endfacet
  facet normal 0 -0 1
    outer loop
      vertex 103.534 78.0573 2.05
      vertex 103.935 92.406 2.05
      vertex 103.166 77.7261 2.05
    endloop
  endfacet
  facet normal -0 0 1
    outer loop
      vertex 118.247 91.3055 2.05
      vertex 117.846 76.9568 2.05
      vertex 118.615 91.6367 2.05
    endloop
  endfacet
  facet normal -0 0 1
    outer loop
      vertex 117.514 77.3246 2.05
      vertex 117.846 76.9568 2.05
      vertex 118.247 91.3055 2.05
    endloop
  endfacet
  facet normal 0 0 1
    outer loop
      vertex 103.534 78.0573 2.05
      vertex 117.846 76.9568 2.05
      vertex 117.514 77.3246 2.05
    endloop
  endfacet
  facet normal 0 0 1
    outer loop
      vertex 117.846 76.9568 2.05
      vertex 103.534 78.0573 2.05
      vertex 103.166 77.7261 2.05
    endloop
  endfacet
  facet normal 0.0523388 0.998629 -0
    outer loop
      vertex 117.514 77.3246 0.95
      vertex 103.534 78.0573 2.05
      vertex 117.514 77.3246 2.05
    endloop
  endfacet
  facet normal 0.0523388 0.998629 0
    outer loop
      vertex 103.534 78.0573 2.05
      vertex 117.514 77.3246 0.95
      vertex 103.534 78.0573 0.95
    endloop
  endfacet
  facet normal 0.998632 -0.0522855 2.29927e-17
    outer loop
      vertex 103.534 78.0573 2.05
      vertex 104.266 92.0382 0.95
      vertex 104.266 92.0382 2.05
    endloop
  endfacet
  facet normal 0.998632 -0.0522855 2.29927e-17
    outer loop
      vertex 104.266 92.0382 0.95
      vertex 103.534 78.0573 2.05
      vertex 103.534 78.0573 0.95
    endloop
  endfacet
  facet normal -0.052335 -0.99863 0
    outer loop
      vertex 104.266 92.0382 0.95
      vertex 118.247 91.3055 2.05
      vertex 104.266 92.0382 2.05
    endloop
  endfacet
  facet normal -0.052335 -0.99863 -0
    outer loop
      vertex 118.247 91.3055 2.05
      vertex 104.266 92.0382 0.95
      vertex 118.247 91.3055 0.95
    endloop
  endfacet
  facet normal -0.998631 0.0523128 -3.72629e-16
    outer loop
      vertex 117.846 76.9568 2.05
      vertex 118.615 91.6367 2.2
      vertex 118.615 91.6367 2.05
    endloop
  endfacet
  facet normal -0.998631 0.0523128 -3.72629e-16
    outer loop
      vertex 118.615 91.6367 2.2
      vertex 117.846 76.9568 2.05
      vertex 117.846 76.9568 2.2
    endloop
  endfacet
  facet normal 0.0523328 0.99863 -0
    outer loop
      vertex 117.846 76.9568 2.05
      vertex 103.166 77.7261 2.2
      vertex 117.846 76.9568 2.2
    endloop
  endfacet
  facet normal 0.0523328 0.99863 0
    outer loop
      vertex 103.166 77.7261 2.2
      vertex 117.846 76.9568 2.05
      vertex 103.166 77.7261 2.05
    endloop
  endfacet
  facet normal 0.998631 -0.0523128 -1.88086e-17
    outer loop
      vertex 103.166 77.7261 2.2
      vertex 103.935 92.406 2.05
      vertex 103.935 92.406 2.2
    endloop
  endfacet
  facet normal 0.998631 -0.0523128 -1.88086e-17
    outer loop
      vertex 103.935 92.406 2.05
      vertex 103.166 77.7261 2.2
      vertex 103.166 77.7261 2.05
    endloop
  endfacet
  facet normal -0.0523328 -0.99863 0
    outer loop
      vertex 103.935 92.406 2.05
      vertex 118.615 91.6367 2.2
      vertex 103.935 92.406 2.2
    endloop
  endfacet
  facet normal -0.0523328 -0.99863 -0
    outer loop
      vertex 118.615 91.6367 2.2
      vertex 103.935 92.406 2.05
      vertex 118.615 91.6367 2.05
    endloop
  endfacet
  facet normal -0.996195 -0.0871568 -1.24943e-16
    outer loop
      vertex 22.136 79.8752 0
      vertex 20.8548 94.5192 0.95
      vertex 20.8548 94.5192 0
    endloop
  endfacet
  facet normal -0.996195 -0.0871568 -1.24943e-16
    outer loop
      vertex 20.8548 94.5192 0.95
      vertex 22.136 79.8752 0
      vertex 22.136 79.8752 0.95
    endloop
  endfacet
  facet normal -0 0 -1
    outer loop
      vertex 22.136 79.8752 0.95
      vertex 7.81013 78.9731 0.95
      vertex 21.7569 80.1933 0.95
    endloop
  endfacet
  facet normal 0 0 -1
    outer loop
      vertex 7.49196 78.594 0.95
      vertex 7.81013 78.9731 0.95
      vertex 22.136 79.8752 0.95
    endloop
  endfacet
  facet normal 0 0 -1
    outer loop
      vertex 7.49196 78.594 0.95
      vertex 6.58995 92.9199 0.95
      vertex 7.81013 78.9731 0.95
    endloop
  endfacet
  facet normal -0 -0 -1
    outer loop
      vertex 6.58995 92.9199 0.95
      vertex 7.49196 78.594 0.95
      vertex 6.21077 93.238 0.95
    endloop
  endfacet
  facet normal 0 0 -1
    outer loop
      vertex 21.7569 80.1933 0.95
      vertex 20.8548 94.5192 0.95
      vertex 22.136 79.8752 0.95
    endloop
  endfacet
  facet normal 0 0 -1
    outer loop
      vertex 20.5367 94.1401 0.95
      vertex 20.8548 94.5192 0.95
      vertex 21.7569 80.1933 0.95
    endloop
  endfacet
  facet normal 0 0 -1
    outer loop
      vertex 6.58995 92.9199 0.95
      vertex 20.8548 94.5192 0.95
      vertex 20.5367 94.1401 0.95
    endloop
  endfacet
  facet normal 0 0 -1
    outer loop
      vertex 20.8548 94.5192 0.95
      vertex 6.58995 92.9199 0.95
      vertex 6.21077 93.238 0.95
    endloop
  endfacet
  facet normal -0.0871566 0.996195 0
    outer loop
      vertex 22.136 79.8752 0
      vertex 7.49196 78.594 0.95
      vertex 22.136 79.8752 0.95
    endloop
  endfacet
  facet normal -0.0871566 0.996195 0
    outer loop
      vertex 7.49196 78.594 0.95
      vertex 22.136 79.8752 0
      vertex 7.49196 78.594 0
    endloop
  endfacet
  facet normal 0.996195 0.0871561 -8.36749e-17
    outer loop
      vertex 7.49196 78.594 0.95
      vertex 6.21077 93.238 0
      vertex 6.21077 93.238 0.95
    endloop
  endfacet
  facet normal 0.996195 0.0871561 -8.36749e-17
    outer loop
      vertex 6.21077 93.238 0
      vertex 7.49196 78.594 0.95
      vertex 7.49196 78.594 0
    endloop
  endfacet
  facet normal 0.0871566 -0.996195 0
    outer loop
      vertex 6.21077 93.238 0
      vertex 20.8548 94.5192 0.95
      vertex 6.21077 93.238 0.95
    endloop
  endfacet
  facet normal 0.0871566 -0.996195 0
    outer loop
      vertex 20.8548 94.5192 0.95
      vertex 6.21077 93.238 0
      vertex 20.8548 94.5192 0
    endloop
  endfacet
  facet normal -0.996195 -0.0871567 2.53755e-17
    outer loop
      vertex 21.7569 80.1933 0.95
      vertex 20.5367 94.1401 2.05
      vertex 20.5367 94.1401 0.95
    endloop
  endfacet
  facet normal -0.996195 -0.0871567 2.53755e-17
    outer loop
      vertex 20.5367 94.1401 2.05
      vertex 21.7569 80.1933 0.95
      vertex 21.7569 80.1933 2.05
    endloop
  endfacet
  facet normal 0 0 1
    outer loop
      vertex 20.8548 94.5192 2.05
      vertex 21.7569 80.1933 2.05
      vertex 22.136 79.8752 2.05
    endloop
  endfacet
  facet normal 0 0 1
    outer loop
      vertex 20.8548 94.5192 2.05
      vertex 20.5367 94.1401 2.05
      vertex 21.7569 80.1933 2.05
    endloop
  endfacet
  facet normal 0 0 1
    outer loop
      vertex 20.8548 94.5192 2.05
      vertex 6.58995 92.9199 2.05
      vertex 20.5367 94.1401 2.05
    endloop
  endfacet
  facet normal 0 -0 1
    outer loop
      vertex 6.58995 92.9199 2.05
      vertex 20.8548 94.5192 2.05
      vertex 6.21077 93.238 2.05
    endloop
  endfacet
  facet normal 0 0 1
    outer loop
      vertex 7.81013 78.9731 2.05
      vertex 22.136 79.8752 2.05
      vertex 21.7569 80.1933 2.05
    endloop
  endfacet
  facet normal -0 0 1
    outer loop
      vertex 7.81013 78.9731 2.05
      vertex 7.49196 78.594 2.05
      vertex 22.136 79.8752 2.05
    endloop
  endfacet
  facet normal 0 0 1
    outer loop
      vertex 6.58995 92.9199 2.05
      vertex 7.49196 78.594 2.05
      vertex 7.81013 78.9731 2.05
    endloop
  endfacet
  facet normal 0 0 1
    outer loop
      vertex 7.49196 78.594 2.05
      vertex 6.58995 92.9199 2.05
      vertex 6.21077 93.238 2.05
    endloop
  endfacet
  facet normal -0.0871569 0.996195 0
    outer loop
      vertex 21.7569 80.1933 0.95
      vertex 7.81013 78.9731 2.05
      vertex 21.7569 80.1933 2.05
    endloop
  endfacet
  facet normal -0.0871569 0.996195 0
    outer loop
      vertex 7.81013 78.9731 2.05
      vertex 21.7569 80.1933 0.95
      vertex 7.81013 78.9731 0.95
    endloop
  endfacet
  facet normal 0.996195 0.0871553 5.58452e-17
    outer loop
      vertex 7.81013 78.9731 2.05
      vertex 6.58995 92.9199 0.95
      vertex 6.58995 92.9199 2.05
    endloop
  endfacet
  facet normal 0.996195 0.0871553 5.58452e-17
    outer loop
      vertex 6.58995 92.9199 0.95
      vertex 7.81013 78.9731 2.05
      vertex 7.81013 78.9731 0.95
    endloop
  endfacet
  facet normal 0.087157 -0.996195 0
    outer loop
      vertex 6.58995 92.9199 0.95
      vertex 20.5367 94.1401 2.05
      vertex 6.58995 92.9199 2.05
    endloop
  endfacet
  facet normal 0.087157 -0.996195 0
    outer loop
      vertex 20.5367 94.1401 2.05
      vertex 6.58995 92.9199 0.95
      vertex 20.5367 94.1401 0.95
    endloop
  endfacet
  facet normal -0.996195 -0.0871568 -7.91305e-16
    outer loop
      vertex 22.136 79.8752 2.05
      vertex 20.8548 94.5192 2.2
      vertex 20.8548 94.5192 2.05
    endloop
  endfacet
  facet normal -0.996195 -0.0871568 -7.91305e-16
    outer loop
      vertex 20.8548 94.5192 2.2
      vertex 22.136 79.8752 2.05
      vertex 22.136 79.8752 2.2
    endloop
  endfacet
  facet normal -0.0871566 0.996195 0
    outer loop
      vertex 22.136 79.8752 2.05
      vertex 7.49196 78.594 2.2
      vertex 22.136 79.8752 2.2
    endloop
  endfacet
  facet normal -0.0871566 0.996195 0
    outer loop
      vertex 7.49196 78.594 2.2
      vertex 22.136 79.8752 2.05
      vertex 7.49196 78.594 2.05
    endloop
  endfacet
  facet normal 0.996195 0.0871561 -5.29941e-16
    outer loop
      vertex 7.49196 78.594 2.2
      vertex 6.21077 93.238 2.05
      vertex 6.21077 93.238 2.2
    endloop
  endfacet
  facet normal 0.996195 0.0871561 -5.29941e-16
    outer loop
      vertex 6.21077 93.238 2.05
      vertex 7.49196 78.594 2.2
      vertex 7.49196 78.594 2.05
    endloop
  endfacet
  facet normal 0.0871566 -0.996195 0
    outer loop
      vertex 6.21077 93.238 2.05
      vertex 20.8548 94.5192 2.2
      vertex 6.21077 93.238 2.2
    endloop
  endfacet
  facet normal 0.0871566 -0.996195 0
    outer loop
      vertex 20.8548 94.5192 2.2
      vertex 6.21077 93.238 2.05
      vertex 20.8548 94.5192 2.05
    endloop
  endfacet
  facet normal -0.996195 -0.0871568 9.771e-17
    outer loop
      vertex 39.7624 84.9307 0
      vertex 38.4812 99.5747 0.95
      vertex 38.4812 99.5747 0
    endloop
  endfacet
  facet normal -0.996195 -0.0871568 9.771e-17
    outer loop
      vertex 38.4812 99.5747 0.95
      vertex 39.7624 84.9307 0
      vertex 39.7624 84.9307 0.95
    endloop
  endfacet
  facet normal -0 0 -1
    outer loop
      vertex 39.7624 84.9307 0.95
      vertex 25.4365 84.0286 0.95
      vertex 39.3833 85.2488 0.95
    endloop
  endfacet
  facet normal 0 0 -1
    outer loop
      vertex 25.1184 83.6495 0.95
      vertex 25.4365 84.0286 0.95
      vertex 39.7624 84.9307 0.95
    endloop
  endfacet
  facet normal 0 0 -1
    outer loop
      vertex 25.1184 83.6495 0.95
      vertex 24.2163 97.9754 0.95
      vertex 25.4365 84.0286 0.95
    endloop
  endfacet
  facet normal -0 -0 -1
    outer loop
      vertex 24.2163 97.9754 0.95
      vertex 25.1184 83.6495 0.95
      vertex 23.8372 98.2935 0.95
    endloop
  endfacet
  facet normal 0 0 -1
    outer loop
      vertex 39.3833 85.2488 0.95
      vertex 38.4812 99.5747 0.95
      vertex 39.7624 84.9307 0.95
    endloop
  endfacet
  facet normal 0 0 -1
    outer loop
      vertex 38.1631 99.1956 0.95
      vertex 38.4812 99.5747 0.95
      vertex 39.3833 85.2488 0.95
    endloop
  endfacet
  facet normal 0 0 -1
    outer loop
      vertex 24.2163 97.9754 0.95
      vertex 38.4812 99.5747 0.95
      vertex 38.1631 99.1956 0.95
    endloop
  endfacet
  facet normal 0 0 -1
    outer loop
      vertex 38.4812 99.5747 0.95
      vertex 24.2163 97.9754 0.95
      vertex 23.8372 98.2935 0.95
    endloop
  endfacet
  facet normal -0.0871568 0.996195 0
    outer loop
      vertex 39.7624 84.9307 0
      vertex 25.1184 83.6495 0.95
      vertex 39.7624 84.9307 0.95
    endloop
  endfacet
  facet normal -0.0871568 0.996195 0
    outer loop
      vertex 25.1184 83.6495 0.95
      vertex 39.7624 84.9307 0
      vertex 25.1184 83.6495 0
    endloop
  endfacet
  facet normal 0.996195 0.0871568 -3.43757e-17
    outer loop
      vertex 25.1184 83.6495 0.95
      vertex 23.8372 98.2935 0
      vertex 23.8372 98.2935 0.95
    endloop
  endfacet
  facet normal 0.996195 0.0871568 -3.43757e-17
    outer loop
      vertex 23.8372 98.2935 0
      vertex 25.1184 83.6495 0.95
      vertex 25.1184 83.6495 0
    endloop
  endfacet
  facet normal 0.0871568 -0.996195 0
    outer loop
      vertex 23.8372 98.2935 0
      vertex 38.4812 99.5747 0.95
      vertex 23.8372 98.2935 0.95
    endloop
  endfacet
  facet normal 0.0871568 -0.996195 0
    outer loop
      vertex 38.4812 99.5747 0.95
      vertex 23.8372 98.2935 0
      vertex 38.4812 99.5747 0
    endloop
  endfacet
  facet normal -0.996195 -0.0871567 -1.43962e-17
    outer loop
      vertex 39.3833 85.2488 0.95
      vertex 38.1631 99.1956 2.05
      vertex 38.1631 99.1956 0.95
    endloop
  endfacet
  facet normal -0.996195 -0.0871567 -1.43962e-17
    outer loop
      vertex 38.1631 99.1956 2.05
      vertex 39.3833 85.2488 0.95
      vertex 39.3833 85.2488 2.05
    endloop
  endfacet
  facet normal 0 0 1
    outer loop
      vertex 38.4812 99.5747 2.05
      vertex 39.3833 85.2488 2.05
      vertex 39.7624 84.9307 2.05
    endloop
  endfacet
  facet normal 0 0 1
    outer loop
      vertex 38.4812 99.5747 2.05
      vertex 38.1631 99.1956 2.05
      vertex 39.3833 85.2488 2.05
    endloop
  endfacet
  facet normal 0 0 1
    outer loop
      vertex 38.4812 99.5747 2.05
      vertex 24.2163 97.9754 2.05
      vertex 38.1631 99.1956 2.05
    endloop
  endfacet
  facet normal 0 -0 1
    outer loop
      vertex 24.2163 97.9754 2.05
      vertex 38.4812 99.5747 2.05
      vertex 23.8372 98.2935 2.05
    endloop
  endfacet
  facet normal 0 0 1
    outer loop
      vertex 25.4365 84.0286 2.05
      vertex 39.7624 84.9307 2.05
      vertex 39.3833 85.2488 2.05
    endloop
  endfacet
  facet normal -0 0 1
    outer loop
      vertex 25.4365 84.0286 2.05
      vertex 25.1184 83.6495 2.05
      vertex 39.7624 84.9307 2.05
    endloop
  endfacet
  facet normal 0 0 1
    outer loop
      vertex 24.2163 97.9754 2.05
      vertex 25.1184 83.6495 2.05
      vertex 25.4365 84.0286 2.05
    endloop
  endfacet
  facet normal 0 0 1
    outer loop
      vertex 25.1184 83.6495 2.05
      vertex 24.2163 97.9754 2.05
      vertex 23.8372 98.2935 2.05
    endloop
  endfacet
  facet normal -0.0871567 0.996195 0
    outer loop
      vertex 39.3833 85.2488 0.95
      vertex 25.4365 84.0286 2.05
      vertex 39.3833 85.2488 2.05
    endloop
  endfacet
  facet normal -0.0871567 0.996195 0
    outer loop
      vertex 25.4365 84.0286 2.05
      vertex 39.3833 85.2488 0.95
      vertex 25.4365 84.0286 0.95
    endloop
  endfacet
  facet normal 0.996195 0.0871567 -1.43962e-17
    outer loop
      vertex 25.4365 84.0286 2.05
      vertex 24.2163 97.9754 0.95
      vertex 24.2163 97.9754 2.05
    endloop
  endfacet
  facet normal 0.996195 0.0871567 -1.43962e-17
    outer loop
      vertex 24.2163 97.9754 0.95
      vertex 25.4365 84.0286 2.05
      vertex 25.4365 84.0286 0.95
    endloop
  endfacet
  facet normal 0.0871567 -0.996195 0
    outer loop
      vertex 24.2163 97.9754 0.95
      vertex 38.1631 99.1956 2.05
      vertex 24.2163 97.9754 2.05
    endloop
  endfacet
  facet normal 0.0871567 -0.996195 0
    outer loop
      vertex 38.1631 99.1956 2.05
      vertex 24.2163 97.9754 0.95
      vertex 38.1631 99.1956 0.95
    endloop
  endfacet
  facet normal -0.996195 -0.0871568 6.1883e-16
    outer loop
      vertex 39.7624 84.9307 2.05
      vertex 38.4812 99.5747 2.2
      vertex 38.4812 99.5747 2.05
    endloop
  endfacet
  facet normal -0.996195 -0.0871568 6.1883e-16
    outer loop
      vertex 38.4812 99.5747 2.2
      vertex 39.7624 84.9307 2.05
      vertex 39.7624 84.9307 2.2
    endloop
  endfacet
  facet normal -0.0871568 0.996195 0
    outer loop
      vertex 39.7624 84.9307 2.05
      vertex 25.1184 83.6495 2.2
      vertex 39.7624 84.9307 2.2
    endloop
  endfacet
  facet normal -0.0871568 0.996195 0
    outer loop
      vertex 25.1184 83.6495 2.2
      vertex 39.7624 84.9307 2.05
      vertex 25.1184 83.6495 2.05
    endloop
  endfacet
  facet normal 0.996195 0.0871568 -2.17712e-16
    outer loop
      vertex 25.1184 83.6495 2.2
      vertex 23.8372 98.2935 2.05
      vertex 23.8372 98.2935 2.2
    endloop
  endfacet
  facet normal 0.996195 0.0871568 -2.17712e-16
    outer loop
      vertex 23.8372 98.2935 2.05
      vertex 25.1184 83.6495 2.2
      vertex 25.1184 83.6495 2.05
    endloop
  endfacet
  facet normal 0.0871568 -0.996195 0
    outer loop
      vertex 23.8372 98.2935 2.05
      vertex 38.4812 99.5747 2.2
      vertex 23.8372 98.2935 2.2
    endloop
  endfacet
  facet normal 0.0871568 -0.996195 0
    outer loop
      vertex 38.4812 99.5747 2.2
      vertex 23.8372 98.2935 2.05
      vertex 38.4812 99.5747 2.05
    endloop
  endfacet
  facet normal -0.99863 -0.0523325 2.30255e-17
    outer loop
      vertex 59.2853 89.8679 0
      vertex 58.516 104.548 0.95
      vertex 58.516 104.548 0
    endloop
  endfacet
  facet normal -0.99863 -0.0523325 2.30255e-17
    outer loop
      vertex 58.516 104.548 0.95
      vertex 59.2853 89.8679 0
      vertex 59.2853 89.8679 0.95
    endloop
  endfacet
  facet normal -0 0 -1
    outer loop
      vertex 59.2853 89.8679 0.95
      vertex 44.9366 89.4664 0.95
      vertex 58.9175 90.1991 0.95
    endloop
  endfacet
  facet normal 0 0 -1
    outer loop
      vertex 44.6054 89.0986 0.95
      vertex 44.9366 89.4664 0.95
      vertex 59.2853 89.8679 0.95
    endloop
  endfacet
  facet normal 0 0 -1
    outer loop
      vertex 44.6054 89.0986 0.95
      vertex 44.2039 103.447 0.95
      vertex 44.9366 89.4664 0.95
    endloop
  endfacet
  facet normal -0 -0 -1
    outer loop
      vertex 44.2039 103.447 0.95
      vertex 44.6054 89.0986 0.95
      vertex 43.8361 103.778 0.95
    endloop
  endfacet
  facet normal 0 0 -1
    outer loop
      vertex 58.9175 90.1991 0.95
      vertex 58.516 104.548 0.95
      vertex 59.2853 89.8679 0.95
    endloop
  endfacet
  facet normal 0 0 -1
    outer loop
      vertex 58.1848 104.18 0.95
      vertex 58.516 104.548 0.95
      vertex 58.9175 90.1991 0.95
    endloop
  endfacet
  facet normal 0 0 -1
    outer loop
      vertex 44.2039 103.447 0.95
      vertex 58.516 104.548 0.95
      vertex 58.1848 104.18 0.95
    endloop
  endfacet
  facet normal 0 0 -1
    outer loop
      vertex 58.516 104.548 0.95
      vertex 44.2039 103.447 0.95
      vertex 43.8361 103.778 0.95
    endloop
  endfacet
  facet normal -0.0523332 0.99863 0
    outer loop
      vertex 59.2853 89.8679 0
      vertex 44.6054 89.0986 0.95
      vertex 59.2853 89.8679 0.95
    endloop
  endfacet
  facet normal -0.0523332 0.99863 0
    outer loop
      vertex 44.6054 89.0986 0.95
      vertex 59.2853 89.8679 0
      vertex 44.6054 89.0986 0
    endloop
  endfacet
  facet normal 0.99863 0.052335 -1.94502e-17
    outer loop
      vertex 44.6054 89.0986 0.95
      vertex 43.8361 103.778 0
      vertex 43.8361 103.778 0.95
    endloop
  endfacet
  facet normal 0.99863 0.052335 -1.94502e-17
    outer loop
      vertex 43.8361 103.778 0
      vertex 44.6054 89.0986 0.95
      vertex 44.6054 89.0986 0
    endloop
  endfacet
  facet normal 0.0523807 -0.998627 0
    outer loop
      vertex 43.8361 103.778 0
      vertex 58.516 104.548 0.95
      vertex 43.8361 103.778 0.95
    endloop
  endfacet
  facet normal 0.0523807 -0.998627 0
    outer loop
      vertex 58.516 104.548 0.95
      vertex 43.8361 103.778 0
      vertex 58.516 104.548 0
    endloop
  endfacet
  facet normal -0.99863 -0.0523354 -1.64668e-18
    outer loop
      vertex 58.9175 90.1991 0.95
      vertex 58.1848 104.18 2.05
      vertex 58.1848 104.18 0.95
    endloop
  endfacet
  facet normal -0.99863 -0.0523354 -1.64668e-18
    outer loop
      vertex 58.1848 104.18 2.05
      vertex 58.9175 90.1991 0.95
      vertex 58.9175 90.1991 2.05
    endloop
  endfacet
  facet normal 0 0 1
    outer loop
      vertex 58.516 104.548 2.05
      vertex 58.9175 90.1991 2.05
      vertex 59.2853 89.8679 2.05
    endloop
  endfacet
  facet normal 0 0 1
    outer loop
      vertex 58.516 104.548 2.05
      vertex 58.1848 104.18 2.05
      vertex 58.9175 90.1991 2.05
    endloop
  endfacet
  facet normal 0 0 1
    outer loop
      vertex 58.516 104.548 2.05
      vertex 44.2039 103.447 2.05
      vertex 58.1848 104.18 2.05
    endloop
  endfacet
  facet normal 0 -0 1
    outer loop
      vertex 44.2039 103.447 2.05
      vertex 58.516 104.548 2.05
      vertex 43.8361 103.778 2.05
    endloop
  endfacet
  facet normal 0 0 1
    outer loop
      vertex 44.9366 89.4664 2.05
      vertex 59.2853 89.8679 2.05
      vertex 58.9175 90.1991 2.05
    endloop
  endfacet
  facet normal -0 0 1
    outer loop
      vertex 44.9366 89.4664 2.05
      vertex 44.6054 89.0986 2.05
      vertex 59.2853 89.8679 2.05
    endloop
  endfacet
  facet normal 0 0 1
    outer loop
      vertex 44.2039 103.447 2.05
      vertex 44.6054 89.0986 2.05
      vertex 44.9366 89.4664 2.05
    endloop
  endfacet
  facet normal 0 0 1
    outer loop
      vertex 44.6054 89.0986 2.05
      vertex 44.2039 103.447 2.05
      vertex 43.8361 103.778 2.05
    endloop
  endfacet
  facet normal -0.0523354 0.99863 0
    outer loop
      vertex 58.9175 90.1991 0.95
      vertex 44.9366 89.4664 2.05
      vertex 58.9175 90.1991 2.05
    endloop
  endfacet
  facet normal -0.0523354 0.99863 0
    outer loop
      vertex 44.9366 89.4664 2.05
      vertex 58.9175 90.1991 0.95
      vertex 44.9366 89.4664 0.95
    endloop
  endfacet
  facet normal 0.99863 0.0523365 -1.76331e-17
    outer loop
      vertex 44.9366 89.4664 2.05
      vertex 44.2039 103.447 0.95
      vertex 44.2039 103.447 2.05
    endloop
  endfacet
  facet normal 0.99863 0.0523365 -1.76331e-17
    outer loop
      vertex 44.2039 103.447 0.95
      vertex 44.9366 89.4664 2.05
      vertex 44.9366 89.4664 0.95
    endloop
  endfacet
  facet normal 0.0523568 -0.998628 0
    outer loop
      vertex 44.2039 103.447 0.95
      vertex 58.1848 104.18 2.05
      vertex 44.2039 103.447 2.05
    endloop
  endfacet
  facet normal 0.0523568 -0.998628 0
    outer loop
      vertex 58.1848 104.18 2.05
      vertex 44.2039 103.447 0.95
      vertex 58.1848 104.18 0.95
    endloop
  endfacet
  facet normal -0.99863 -0.0523325 1.45828e-16
    outer loop
      vertex 59.2853 89.8679 2.05
      vertex 58.516 104.548 2.2
      vertex 58.516 104.548 2.05
    endloop
  endfacet
  facet normal -0.99863 -0.0523325 1.45828e-16
    outer loop
      vertex 58.516 104.548 2.2
      vertex 59.2853 89.8679 2.05
      vertex 59.2853 89.8679 2.2
    endloop
  endfacet
  facet normal -0.0523332 0.99863 0
    outer loop
      vertex 59.2853 89.8679 2.05
      vertex 44.6054 89.0986 2.2
      vertex 59.2853 89.8679 2.2
    endloop
  endfacet
  facet normal -0.0523332 0.99863 0
    outer loop
      vertex 44.6054 89.0986 2.2
      vertex 59.2853 89.8679 2.05
      vertex 44.6054 89.0986 2.05
    endloop
  endfacet
  facet normal 0.99863 0.052335 -1.23185e-16
    outer loop
      vertex 44.6054 89.0986 2.2
      vertex 43.8361 103.778 2.05
      vertex 43.8361 103.778 2.2
    endloop
  endfacet
  facet normal 0.99863 0.052335 -1.23185e-16
    outer loop
      vertex 43.8361 103.778 2.05
      vertex 44.6054 89.0986 2.2
      vertex 44.6054 89.0986 2.05
    endloop
  endfacet
  facet normal 0.0523807 -0.998627 0
    outer loop
      vertex 43.8361 103.778 2.05
      vertex 58.516 104.548 2.2
      vertex 43.8361 103.778 2.2
    endloop
  endfacet
  facet normal 0.0523807 -0.998627 0
    outer loop
      vertex 58.516 104.548 2.2
      vertex 43.8361 103.778 2.05
      vertex 58.516 104.548 2.05
    endloop
  endfacet
  facet normal -0.999392 0.0348782 -1.92313e-17
    outer loop
      vertex 99.8163 89.7262 0
      vertex 100.329 104.417 0.95
      vertex 100.329 104.417 0
    endloop
  endfacet
  facet normal -0.999392 0.0348782 -1.92313e-17
    outer loop
      vertex 100.329 104.417 0.95
      vertex 99.8163 89.7262 0
      vertex 99.8163 89.7262 0.95
    endloop
  endfacet
  facet normal 0 0 -1
    outer loop
      vertex 99.8163 89.7262 0.95
      vertex 99.9673 104.08 0.95
      vertex 100.329 104.417 0.95
    endloop
  endfacet
  facet normal 0 0 -1
    outer loop
      vertex 99.8163 89.7262 0.95
      vertex 99.4787 90.0882 0.95
      vertex 99.9673 104.08 0.95
    endloop
  endfacet
  facet normal 0 0 -1
    outer loop
      vertex 99.8163 89.7262 0.95
      vertex 85.4873 90.5768 0.95
      vertex 99.4787 90.0882 0.95
    endloop
  endfacet
  facet normal 0 -0 -1
    outer loop
      vertex 85.4873 90.5768 0.95
      vertex 99.8163 89.7262 0.95
      vertex 85.1253 90.2392 0.95
    endloop
  endfacet
  facet normal 0 0 -1
    outer loop
      vertex 85.9759 104.568 0.95
      vertex 100.329 104.417 0.95
      vertex 99.9673 104.08 0.95
    endloop
  endfacet
  facet normal 0 0 -1
    outer loop
      vertex 85.9759 104.568 0.95
      vertex 85.6383 104.93 0.95
      vertex 100.329 104.417 0.95
    endloop
  endfacet
  facet normal 0 0 -1
    outer loop
      vertex 85.4873 90.5768 0.95
      vertex 85.6383 104.93 0.95
      vertex 85.9759 104.568 0.95
    endloop
  endfacet
  facet normal 0 0 -1
    outer loop
      vertex 85.6383 104.93 0.95
      vertex 85.4873 90.5768 0.95
      vertex 85.1253 90.2392 0.95
    endloop
  endfacet
  facet normal 0.0348981 0.999391 -0
    outer loop
      vertex 99.8163 89.7262 0
      vertex 85.1253 90.2392 0.95
      vertex 99.8163 89.7262 0.95
    endloop
  endfacet
  facet normal 0.0348981 0.999391 0
    outer loop
      vertex 85.1253 90.2392 0.95
      vertex 99.8163 89.7262 0
      vertex 85.1253 90.2392 0
    endloop
  endfacet
  facet normal 0.999391 -0.0348985 -1.8099e-17
    outer loop
      vertex 85.1253 90.2392 0.95
      vertex 85.6383 104.93 0
      vertex 85.6383 104.93 0.95
    endloop
  endfacet
  facet normal 0.999391 -0.0348985 -1.8099e-17
    outer loop
      vertex 85.6383 104.93 0
      vertex 85.1253 90.2392 0.95
      vertex 85.1253 90.2392 0
    endloop
  endfacet
  facet normal -0.0348988 -0.999391 0
    outer loop
      vertex 85.6383 104.93 0
      vertex 100.329 104.417 0.95
      vertex 85.6383 104.93 0.95
    endloop
  endfacet
  facet normal -0.0348988 -0.999391 -0
    outer loop
      vertex 100.329 104.417 0.95
      vertex 85.6383 104.93 0
      vertex 100.329 104.417 0
    endloop
  endfacet
  facet normal -0.999391 0.0348992 -1.38698e-17
    outer loop
      vertex 99.4787 90.0882 0.95
      vertex 99.9673 104.08 2.05
      vertex 99.9673 104.08 0.95
    endloop
  endfacet
  facet normal -0.999391 0.0348992 -1.38698e-17
    outer loop
      vertex 99.9673 104.08 2.05
      vertex 99.4787 90.0882 0.95
      vertex 99.4787 90.0882 2.05
    endloop
  endfacet
  facet normal 0 0 1
    outer loop
      vertex 100.329 104.417 2.05
      vertex 85.9759 104.568 2.05
      vertex 99.9673 104.08 2.05
    endloop
  endfacet
  facet normal 0 0 1
    outer loop
      vertex 85.6383 104.93 2.05
      vertex 85.9759 104.568 2.05
      vertex 100.329 104.417 2.05
    endloop
  endfacet
  facet normal 0 0 1
    outer loop
      vertex 85.6383 104.93 2.05
      vertex 85.4873 90.5768 2.05
      vertex 85.9759 104.568 2.05
    endloop
  endfacet
  facet normal 0 -0 1
    outer loop
      vertex 85.4873 90.5768 2.05
      vertex 85.6383 104.93 2.05
      vertex 85.1253 90.2392 2.05
    endloop
  endfacet
  facet normal -0 0 1
    outer loop
      vertex 99.9673 104.08 2.05
      vertex 99.8163 89.7262 2.05
      vertex 100.329 104.417 2.05
    endloop
  endfacet
  facet normal -0 0 1
    outer loop
      vertex 99.4787 90.0882 2.05
      vertex 99.8163 89.7262 2.05
      vertex 99.9673 104.08 2.05
    endloop
  endfacet
  facet normal 0 0 1
    outer loop
      vertex 85.4873 90.5768 2.05
      vertex 99.8163 89.7262 2.05
      vertex 99.4787 90.0882 2.05
    endloop
  endfacet
  facet normal 0 0 1
    outer loop
      vertex 99.8163 89.7262 2.05
      vertex 85.4873 90.5768 2.05
      vertex 85.1253 90.2392 2.05
    endloop
  endfacet
  facet normal 0.0349002 0.999391 -0
    outer loop
      vertex 99.4787 90.0882 0.95
      vertex 85.4873 90.5768 2.05
      vertex 99.4787 90.0882 2.05
    endloop
  endfacet
  facet normal 0.0349002 0.999391 0
    outer loop
      vertex 85.4873 90.5768 2.05
      vertex 99.4787 90.0882 0.95
      vertex 85.4873 90.5768 0.95
    endloop
  endfacet
  facet normal 0.999391 -0.0349007 -2.06269e-17
    outer loop
      vertex 85.4873 90.5768 2.05
      vertex 85.9759 104.568 0.95
      vertex 85.9759 104.568 2.05
    endloop
  endfacet
  facet normal 0.999391 -0.0349007 -2.06269e-17
    outer loop
      vertex 85.9759 104.568 0.95
      vertex 85.4873 90.5768 2.05
      vertex 85.4873 90.5768 0.95
    endloop
  endfacet
  facet normal -0.0348574 -0.999392 0
    outer loop
      vertex 85.9759 104.568 0.95
      vertex 99.9673 104.08 2.05
      vertex 85.9759 104.568 2.05
    endloop
  endfacet
  facet normal -0.0348574 -0.999392 -0
    outer loop
      vertex 99.9673 104.08 2.05
      vertex 85.9759 104.568 0.95
      vertex 99.9673 104.08 0.95
    endloop
  endfacet
  facet normal -0.999392 0.0348782 -1.21798e-16
    outer loop
      vertex 99.8163 89.7262 2.05
      vertex 100.329 104.417 2.2
      vertex 100.329 104.417 2.05
    endloop
  endfacet
  facet normal -0.999392 0.0348782 -1.21798e-16
    outer loop
      vertex 100.329 104.417 2.2
      vertex 99.8163 89.7262 2.05
      vertex 99.8163 89.7262 2.2
    endloop
  endfacet
  facet normal 0.0348981 0.999391 -0
    outer loop
      vertex 99.8163 89.7262 2.05
      vertex 85.1253 90.2392 2.2
      vertex 99.8163 89.7262 2.2
    endloop
  endfacet
  facet normal 0.0348981 0.999391 0
    outer loop
      vertex 85.1253 90.2392 2.2
      vertex 99.8163 89.7262 2.05
      vertex 85.1253 90.2392 2.05
    endloop
  endfacet
  facet normal 0.999391 -0.0348985 -1.14627e-16
    outer loop
      vertex 85.1253 90.2392 2.2
      vertex 85.6383 104.93 2.05
      vertex 85.6383 104.93 2.2
    endloop
  endfacet
  facet normal 0.999391 -0.0348985 -1.14627e-16
    outer loop
      vertex 85.6383 104.93 2.05
      vertex 85.1253 90.2392 2.2
      vertex 85.1253 90.2392 2.05
    endloop
  endfacet
  facet normal -0.0348988 -0.999391 0
    outer loop
      vertex 85.6383 104.93 2.05
      vertex 100.329 104.417 2.2
      vertex 85.6383 104.93 2.2
    endloop
  endfacet
  facet normal -0.0348988 -0.999391 -0
    outer loop
      vertex 100.329 104.417 2.2
      vertex 85.6383 104.93 2.05
      vertex 100.329 104.417 2.05
    endloop
  endfacet
  facet normal -1 0 0
    outer loop
      vertex 79.9374 93.5093 0
      vertex 79.9374 108.209 0.95
      vertex 79.9374 108.209 0
    endloop
  endfacet
  facet normal -1 -0 0
    outer loop
      vertex 79.9374 108.209 0.95
      vertex 79.9374 93.5093 0
      vertex 79.9374 93.5093 0.95
    endloop
  endfacet
  facet normal 0 0 -1
    outer loop
      vertex 79.9374 93.5093 0.95
      vertex 79.5874 93.8593 0.95
      vertex 79.9374 108.209 0.95
    endloop
  endfacet
  facet normal 0 0 -1
    outer loop
      vertex 79.9374 93.5093 0.95
      vertex 65.5874 93.8593 0.95
      vertex 79.5874 93.8593 0.95
    endloop
  endfacet
  facet normal -0 0 -1
    outer loop
      vertex 65.5874 93.8593 0.95
      vertex 65.2374 93.5093 0.95
      vertex 65.5874 107.859 0.95
    endloop
  endfacet
  facet normal 0 0 -1
    outer loop
      vertex 65.2374 93.5093 0.95
      vertex 65.5874 93.8593 0.95
      vertex 79.9374 93.5093 0.95
    endloop
  endfacet
  facet normal 0 0 -1
    outer loop
      vertex 79.5874 107.859 0.95
      vertex 79.9374 108.209 0.95
      vertex 79.5874 93.8593 0.95
    endloop
  endfacet
  facet normal 0 0 -1
    outer loop
      vertex 65.5874 107.859 0.95
      vertex 79.9374 108.209 0.95
      vertex 79.5874 107.859 0.95
    endloop
  endfacet
  facet normal 0 0 -1
    outer loop
      vertex 65.5874 107.859 0.95
      vertex 65.2374 108.209 0.95
      vertex 79.9374 108.209 0.95
    endloop
  endfacet
  facet normal 0 0 -1
    outer loop
      vertex 65.2374 108.209 0.95
      vertex 65.5874 107.859 0.95
      vertex 65.2374 93.5093 0.95
    endloop
  endfacet
  facet normal 0 1 -0
    outer loop
      vertex 79.9374 93.5093 0
      vertex 65.2374 93.5093 0.95
      vertex 79.9374 93.5093 0.95
    endloop
  endfacet
  facet normal 0 1 0
    outer loop
      vertex 65.2374 93.5093 0.95
      vertex 79.9374 93.5093 0
      vertex 65.2374 93.5093 0
    endloop
  endfacet
  facet normal 1 -0 0
    outer loop
      vertex 65.2374 93.5093 0.95
      vertex 65.2374 108.209 0
      vertex 65.2374 108.209 0.95
    endloop
  endfacet
  facet normal 1 0 0
    outer loop
      vertex 65.2374 108.209 0
      vertex 65.2374 93.5093 0.95
      vertex 65.2374 93.5093 0
    endloop
  endfacet
  facet normal 0 -1 0
    outer loop
      vertex 65.2374 108.209 0
      vertex 79.9374 108.209 0.95
      vertex 65.2374 108.209 0.95
    endloop
  endfacet
  facet normal 0 -1 -0
    outer loop
      vertex 79.9374 108.209 0.95
      vertex 65.2374 108.209 0
      vertex 79.9374 108.209 0
    endloop
  endfacet
  facet normal -1 0 0
    outer loop
      vertex 79.5874 93.8593 0.95
      vertex 79.5874 107.859 2.05
      vertex 79.5874 107.859 0.95
    endloop
  endfacet
  facet normal -1 -0 0
    outer loop
      vertex 79.5874 107.859 2.05
      vertex 79.5874 93.8593 0.95
      vertex 79.5874 93.8593 2.05
    endloop
  endfacet
  facet normal 0 0 1
    outer loop
      vertex 79.9374 108.209 2.05
      vertex 79.5874 107.859 2.05
      vertex 79.9374 93.5093 2.05
    endloop
  endfacet
  facet normal 0 0 1
    outer loop
      vertex 79.9374 108.209 2.05
      vertex 65.5874 107.859 2.05
      vertex 79.5874 107.859 2.05
    endloop
  endfacet
  facet normal 0 0 1
    outer loop
      vertex 65.5874 107.859 2.05
      vertex 65.2374 108.209 2.05
      vertex 65.5874 93.8593 2.05
    endloop
  endfacet
  facet normal -0 0 1
    outer loop
      vertex 65.2374 108.209 2.05
      vertex 65.5874 107.859 2.05
      vertex 79.9374 108.209 2.05
    endloop
  endfacet
  facet normal -0 0 1
    outer loop
      vertex 79.5874 93.8593 2.05
      vertex 79.9374 93.5093 2.05
      vertex 79.5874 107.859 2.05
    endloop
  endfacet
  facet normal -0 0 1
    outer loop
      vertex 65.5874 93.8593 2.05
      vertex 79.9374 93.5093 2.05
      vertex 79.5874 93.8593 2.05
    endloop
  endfacet
  facet normal 0 0 1
    outer loop
      vertex 65.5874 93.8593 2.05
      vertex 65.2374 93.5093 2.05
      vertex 79.9374 93.5093 2.05
    endloop
  endfacet
  facet normal 0 0 1
    outer loop
      vertex 65.2374 93.5093 2.05
      vertex 65.5874 93.8593 2.05
      vertex 65.2374 108.209 2.05
    endloop
  endfacet
  facet normal 0 1 -0
    outer loop
      vertex 79.5874 93.8593 0.95
      vertex 65.5874 93.8593 2.05
      vertex 79.5874 93.8593 2.05
    endloop
  endfacet
  facet normal 0 1 0
    outer loop
      vertex 65.5874 93.8593 2.05
      vertex 79.5874 93.8593 0.95
      vertex 65.5874 93.8593 0.95
    endloop
  endfacet
  facet normal 1 -0 0
    outer loop
      vertex 65.5874 93.8593 2.05
      vertex 65.5874 107.859 0.95
      vertex 65.5874 107.859 2.05
    endloop
  endfacet
  facet normal 1 0 0
    outer loop
      vertex 65.5874 107.859 0.95
      vertex 65.5874 93.8593 2.05
      vertex 65.5874 93.8593 0.95
    endloop
  endfacet
  facet normal 0 -1 0
    outer loop
      vertex 65.5874 107.859 0.95
      vertex 79.5874 107.859 2.05
      vertex 65.5874 107.859 2.05
    endloop
  endfacet
  facet normal 0 -1 -0
    outer loop
      vertex 79.5874 107.859 2.05
      vertex 65.5874 107.859 0.95
      vertex 79.5874 107.859 0.95
    endloop
  endfacet
  facet normal -1 0 0
    outer loop
      vertex 79.9374 93.5093 2.05
      vertex 79.9374 108.209 2.2
      vertex 79.9374 108.209 2.05
    endloop
  endfacet
  facet normal -1 -0 0
    outer loop
      vertex 79.9374 108.209 2.2
      vertex 79.9374 93.5093 2.05
      vertex 79.9374 93.5093 2.2
    endloop
  endfacet
  facet normal 0 1 -0
    outer loop
      vertex 79.9374 93.5093 2.05
      vertex 65.2374 93.5093 2.2
      vertex 79.9374 93.5093 2.2
    endloop
  endfacet
  facet normal 0 1 0
    outer loop
      vertex 65.2374 93.5093 2.2
      vertex 79.9374 93.5093 2.05
      vertex 65.2374 93.5093 2.05
    endloop
  endfacet
  facet normal 1 -0 0
    outer loop
      vertex 65.2374 93.5093 2.2
      vertex 65.2374 108.209 2.05
      vertex 65.2374 108.209 2.2
    endloop
  endfacet
  facet normal 1 0 0
    outer loop
      vertex 65.2374 108.209 2.05
      vertex 65.2374 93.5093 2.2
      vertex 65.2374 93.5093 2.05
    endloop
  endfacet
  facet normal 0 -1 0
    outer loop
      vertex 65.2374 108.209 2.05
      vertex 79.9374 108.209 2.2
      vertex 65.2374 108.209 2.2
    endloop
  endfacet
  facet normal 0 -1 -0
    outer loop
      vertex 79.9374 108.209 2.2
      vertex 65.2374 108.209 2.05
      vertex 79.9374 108.209 2.05
    endloop
  endfacet
  facet normal 0.720227 -0.693739 -2.48773e-19
    outer loop
      vertex 151.969 -2.2508 2.2
      vertex 151.98 -2.23938 0
      vertex 151.98 -2.23938 2.2
    endloop
  endfacet
  facet normal 0.720227 -0.693739 -2.48773e-19
    outer loop
      vertex 151.98 -2.23938 0
      vertex 151.969 -2.2508 2.2
      vertex 151.969 -2.2508 0
    endloop
  endfacet
  facet normal 0.734229 -0.678902 2.05346e-19
    outer loop
      vertex 151.98 -2.23938 2.2
      vertex 152.087 -2.12366 0
      vertex 152.087 -2.12366 2.2
    endloop
  endfacet
  facet normal 0.734229 -0.678902 2.05346e-19
    outer loop
      vertex 152.087 -2.12366 0
      vertex 151.98 -2.23938 2.2
      vertex 151.98 -2.23938 0
    endloop
  endfacet
  facet normal 0.758444 -0.651738 -1.72213e-18
    outer loop
      vertex 152.087 -2.12366 2.2
      vertex 152.189 -2.00496 0
      vertex 152.189 -2.00496 2.2
    endloop
  endfacet
  facet normal 0.758444 -0.651738 -1.72213e-18
    outer loop
      vertex 152.189 -2.00496 0
      vertex 152.087 -2.12366 2.2
      vertex 152.087 -2.12366 0
    endloop
  endfacet
  facet normal 0.77831 -0.62788 9.95792e-19
    outer loop
      vertex 152.189 -2.00496 2.2
      vertex 152.285 -1.88596 0
      vertex 152.285 -1.88596 2.2
    endloop
  endfacet
  facet normal 0.77831 -0.62788 9.95792e-19
    outer loop
      vertex 152.285 -1.88596 0
      vertex 152.189 -2.00496 2.2
      vertex 152.189 -2.00496 0
    endloop
  endfacet
  facet normal 0.799068 -0.601241 7.77588e-19
    outer loop
      vertex 152.285 -1.88596 2.2
      vertex 152.378 -1.76236 0
      vertex 152.378 -1.76236 2.2
    endloop
  endfacet
  facet normal 0.799068 -0.601241 7.77588e-19
    outer loop
      vertex 152.378 -1.76236 0
      vertex 152.285 -1.88596 2.2
      vertex 152.285 -1.88596 0
    endloop
  endfacet
  facet normal 0.821096 -0.570791 2.24853e-18
    outer loop
      vertex 152.378 -1.76236 2.2
      vertex 152.466 -1.63577 0
      vertex 152.466 -1.63577 2.2
    endloop
  endfacet
  facet normal 0.821096 -0.570791 2.24853e-18
    outer loop
      vertex 152.466 -1.63577 0
      vertex 152.378 -1.76236 2.2
      vertex 152.378 -1.76236 0
    endloop
  endfacet
  facet normal 0.837499 -0.546438 5.62295e-19
    outer loop
      vertex 152.466 -1.63577 2.2
      vertex 152.549 -1.50856 0
      vertex 152.549 -1.50856 2.2
    endloop
  endfacet
  facet normal 0.837499 -0.546438 5.62295e-19
    outer loop
      vertex 152.549 -1.50856 0
      vertex 152.466 -1.63577 2.2
      vertex 152.466 -1.63577 0
    endloop
  endfacet
  facet normal 0.851784 -0.523893 -1.01958e-18
    outer loop
      vertex 152.549 -1.50856 2.2
      vertex 152.629 -1.37849 0
      vertex 152.629 -1.37849 2.2
    endloop
  endfacet
  facet normal 0.851784 -0.523893 -1.01958e-18
    outer loop
      vertex 152.629 -1.37849 0
      vertex 152.549 -1.50856 2.2
      vertex 152.549 -1.50856 0
    endloop
  endfacet
  facet normal 0.871009 -0.491267 -2.17126e-18
    outer loop
      vertex 152.629 -1.37849 2.2
      vertex 152.706 -1.24197 0
      vertex 152.706 -1.24197 2.2
    endloop
  endfacet
  facet normal 0.871009 -0.491267 -2.17126e-18
    outer loop
      vertex 152.706 -1.24197 0
      vertex 152.629 -1.37849 2.2
      vertex 152.629 -1.37849 0
    endloop
  endfacet
  facet normal 0.887247 -0.461295 -8.84909e-19
    outer loop
      vertex 152.706 -1.24197 2.2
      vertex 152.777 -1.10541 0
      vertex 152.777 -1.10541 2.2
    endloop
  endfacet
  facet normal 0.887247 -0.461295 -8.84909e-19
    outer loop
      vertex 152.777 -1.10541 0
      vertex 152.706 -1.24197 2.2
      vertex 152.706 -1.24197 0
    endloop
  endfacet
  facet normal 0.900655 -0.434536 1.70706e-18
    outer loop
      vertex 152.777 -1.10541 2.2
      vertex 152.843 -0.968613 0
      vertex 152.843 -0.968613 2.2
    endloop
  endfacet
  facet normal 0.900655 -0.434536 1.70706e-18
    outer loop
      vertex 152.843 -0.968613 0
      vertex 152.777 -1.10541 2.2
      vertex 152.777 -1.10541 0
    endloop
  endfacet
  facet normal 0.914846 -0.403804 -1.82578e-18
    outer loop
      vertex 152.843 -0.968613 2.2
      vertex 152.906 -0.825882 0
      vertex 152.906 -0.825882 2.2
    endloop
  endfacet
  facet normal 0.914846 -0.403804 -1.82578e-18
    outer loop
      vertex 152.906 -0.825882 0
      vertex 152.843 -0.968613 2.2
      vertex 152.843 -0.968613 0
    endloop
  endfacet
  facet normal 0.928517 -0.37129 -1.34897e-18
    outer loop
      vertex 152.906 -0.825882 2.2
      vertex 152.952 -0.710846 0
      vertex 152.952 -0.710846 2.2
    endloop
  endfacet
  facet normal 0.928517 -0.37129 -1.34897e-18
    outer loop
      vertex 152.952 -0.710846 0
      vertex 152.906 -0.825882 2.2
      vertex 152.906 -0.825882 0
    endloop
  endfacet
  facet normal 0.933578 -0.358374 6.10529e-17
    outer loop
      vertex 152.952 -0.710846 2.2
      vertex 166.143 33.6522 0
      vertex 166.143 33.6522 2.2
    endloop
  endfacet
  facet normal 0.933578 -0.358374 6.10529e-17
    outer loop
      vertex 166.143 33.6522 0
      vertex 152.952 -0.710846 2.2
      vertex 152.952 -0.710846 0
    endloop
  endfacet
  facet normal 0.692949 0.720987 -0
    outer loop
      vertex 165.805 40.8012 0
      vertex 165.787 40.8185 2.2
      vertex 165.805 40.8012 2.2
    endloop
  endfacet
  facet normal 0.692949 0.720987 0
    outer loop
      vertex 165.787 40.8185 2.2
      vertex 165.805 40.8012 0
      vertex 165.787 40.8185 0
    endloop
  endfacet
  facet normal 0.675784 0.7371 -0
    outer loop
      vertex 165.787 40.8185 0
      vertex 165.674 40.9221 2.2
      vertex 165.787 40.8185 2.2
    endloop
  endfacet
  facet normal 0.675784 0.7371 0
    outer loop
      vertex 165.674 40.9221 2.2
      vertex 165.787 40.8185 0
      vertex 165.674 40.9221 0
    endloop
  endfacet
  facet normal 0.652565 0.757733 -0
    outer loop
      vertex 165.674 40.9221 0
      vertex 165.558 41.022 2.2
      vertex 165.674 40.9221 2.2
    endloop
  endfacet
  facet normal 0.652565 0.757733 0
    outer loop
      vertex 165.558 41.022 2.2
      vertex 165.674 40.9221 0
      vertex 165.558 41.022 0
    endloop
  endfacet
  facet normal 0.627728 0.778433 -0
    outer loop
      vertex 165.558 41.022 0
      vertex 165.433 41.1228 2.2
      vertex 165.558 41.022 2.2
    endloop
  endfacet
  facet normal 0.627728 0.778433 0
    outer loop
      vertex 165.433 41.1228 2.2
      vertex 165.558 41.022 0
      vertex 165.433 41.1228 0
    endloop
  endfacet
  facet normal 0.598958 0.800781 -0
    outer loop
      vertex 165.433 41.1228 0
      vertex 165.31 41.2148 2.2
      vertex 165.433 41.1228 2.2
    endloop
  endfacet
  facet normal 0.598958 0.800781 0
    outer loop
      vertex 165.31 41.2148 2.2
      vertex 165.433 41.1228 0
      vertex 165.31 41.2148 0
    endloop
  endfacet
  facet normal 0.573462 0.819232 -0
    outer loop
      vertex 165.31 41.2148 0
      vertex 165.186 41.3016 2.2
      vertex 165.31 41.2148 2.2
    endloop
  endfacet
  facet normal 0.573462 0.819232 0
    outer loop
      vertex 165.186 41.3016 2.2
      vertex 165.31 41.2148 0
      vertex 165.186 41.3016 0
    endloop
  endfacet
  facet normal 0.547994 0.836482 -0
    outer loop
      vertex 165.186 41.3016 0
      vertex 165.059 41.3848 2.2
      vertex 165.186 41.3016 2.2
    endloop
  endfacet
  facet normal 0.547994 0.836482 0
    outer loop
      vertex 165.059 41.3848 2.2
      vertex 165.186 41.3016 0
      vertex 165.059 41.3848 0
    endloop
  endfacet
  facet normal 0.519801 0.854287 -0
    outer loop
      vertex 165.059 41.3848 0
      vertex 164.929 41.4639 2.2
      vertex 165.059 41.3848 2.2
    endloop
  endfacet
  facet normal 0.519801 0.854287 0
    outer loop
      vertex 164.929 41.4639 2.2
      vertex 165.059 41.3848 0
      vertex 164.929 41.4639 0
    endloop
  endfacet
  facet normal 0.493013 0.870022 -0
    outer loop
      vertex 164.929 41.4639 0
      vertex 164.797 41.5387 2.2
      vertex 164.929 41.4639 2.2
    endloop
  endfacet
  facet normal 0.493013 0.870022 0
    outer loop
      vertex 164.797 41.5387 2.2
      vertex 164.929 41.4639 0
      vertex 164.797 41.5387 0
    endloop
  endfacet
  facet normal 0.463232 0.886237 -0
    outer loop
      vertex 164.797 41.5387 0
      vertex 164.656 41.6124 2.2
      vertex 164.797 41.5387 2.2
    endloop
  endfacet
  facet normal 0.463232 0.886237 0
    outer loop
      vertex 164.656 41.6124 2.2
      vertex 164.797 41.5387 0
      vertex 164.656 41.6124 0
    endloop
  endfacet
  facet normal 0.431042 0.902332 -0
    outer loop
      vertex 164.656 41.6124 0
      vertex 164.517 41.6788 2.2
      vertex 164.656 41.6124 2.2
    endloop
  endfacet
  facet normal 0.431042 0.902332 0
    outer loop
      vertex 164.517 41.6788 2.2
      vertex 164.656 41.6124 0
      vertex 164.517 41.6788 0
    endloop
  endfacet
  facet normal 0.405643 0.914032 -0
    outer loop
      vertex 164.517 41.6788 0
      vertex 164.38 41.7396 2.2
      vertex 164.517 41.6788 2.2
    endloop
  endfacet
  facet normal 0.405643 0.914032 0
    outer loop
      vertex 164.38 41.7396 2.2
      vertex 164.517 41.6788 0
      vertex 164.38 41.7396 0
    endloop
  endfacet
  facet normal 0.373528 0.927619 -0
    outer loop
      vertex 164.38 41.7396 0
      vertex 164.193 41.8149 2.2
      vertex 164.38 41.7396 2.2
    endloop
  endfacet
  facet normal 0.373528 0.927619 0
    outer loop
      vertex 164.193 41.8149 2.2
      vertex 164.38 41.7396 0
      vertex 164.193 41.8149 0
    endloop
  endfacet
  facet normal 0.32017 0.94736 -0
    outer loop
      vertex 164.193 41.8149 0
      vertex 124.768 55.139 2.2
      vertex 164.193 41.8149 2.2
    endloop
  endfacet
  facet normal 0.32017 0.94736 0
    outer loop
      vertex 124.768 55.139 2.2
      vertex 164.193 41.8149 0
      vertex 124.768 55.139 0
    endloop
  endfacet
  facet normal 0.998916 -0.046549 1.581e-17
    outer loop
      vertex 124.768 55.139 2.2
      vertex 126.576 93.9377 0
      vertex 126.576 93.9377 2.2
    endloop
  endfacet
  facet normal 0.998916 -0.046549 1.581e-17
    outer loop
      vertex 126.576 93.9377 0
      vertex 124.768 55.139 2.2
      vertex 124.768 55.139 0
    endloop
  endfacet
  facet normal 0.999383 -0.0351277 -6.14631e-21
    outer loop
      vertex 126.576 93.9377 2.2
      vertex 126.58 94.0515 0
      vertex 126.58 94.0515 2.2
    endloop
  endfacet
  facet normal 0.999383 -0.0351277 -6.14631e-21
    outer loop
      vertex 126.58 94.0515 0
      vertex 126.576 93.9377 2.2
      vertex 126.576 93.9377 0
    endloop
  endfacet
  facet normal 0.99998 -0.00634908 1.07135e-20
    outer loop
      vertex 126.58 94.0515 2.2
      vertex 126.581 94.209 0
      vertex 126.581 94.209 2.2
    endloop
  endfacet
  facet normal 0.99998 -0.00634908 1.07135e-20
    outer loop
      vertex 126.581 94.209 0
      vertex 126.58 94.0515 2.2
      vertex 126.58 94.0515 0
    endloop
  endfacet
  facet normal 0.999451 0.0331383 7.60484e-20
    outer loop
      vertex 126.581 94.209 2.2
      vertex 126.576 94.3598 0
      vertex 126.576 94.3598 2.2
    endloop
  endfacet
  facet normal 0.999451 0.0331383 7.60484e-20
    outer loop
      vertex 126.576 94.3598 0
      vertex 126.581 94.209 2.2
      vertex 126.581 94.209 0
    endloop
  endfacet
  facet normal 0.998235 0.0593795 6.87213e-20
    outer loop
      vertex 126.576 94.3598 2.2
      vertex 126.567 94.5111 0
      vertex 126.567 94.5111 2.2
    endloop
  endfacet
  facet normal 0.998235 0.0593795 6.87213e-20
    outer loop
      vertex 126.567 94.5111 0
      vertex 126.576 94.3598 2.2
      vertex 126.576 94.3598 0
    endloop
  endfacet
  facet normal 0.995501 0.0947495 -4.14237e-19
    outer loop
      vertex 126.567 94.5111 2.2
      vertex 126.552 94.6687 0
      vertex 126.552 94.6687 2.2
    endloop
  endfacet
  facet normal 0.995501 0.0947495 -4.14237e-19
    outer loop
      vertex 126.552 94.6687 0
      vertex 126.567 94.5111 2.2
      vertex 126.567 94.5111 0
    endloop
  endfacet
  facet normal 0.991376 0.131048 -5.35841e-19
    outer loop
      vertex 126.552 94.6687 2.2
      vertex 126.532 94.82 0
      vertex 126.532 94.82 2.2
    endloop
  endfacet
  facet normal 0.991376 0.131048 -5.35841e-19
    outer loop
      vertex 126.532 94.82 0
      vertex 126.552 94.6687 2.2
      vertex 126.552 94.6687 0
    endloop
  endfacet
  facet normal 0.987408 0.158196 -3.03233e-19
    outer loop
      vertex 126.532 94.82 2.2
      vertex 126.508 94.9698 0
      vertex 126.508 94.9698 2.2
    endloop
  endfacet
  facet normal 0.987408 0.158196 -3.03233e-19
    outer loop
      vertex 126.508 94.9698 0
      vertex 126.532 94.82 2.2
      vertex 126.532 94.82 0
    endloop
  endfacet
  facet normal 0.981218 0.1929 6.69581e-19
    outer loop
      vertex 126.508 94.9698 2.2
      vertex 126.478 95.1224 0
      vertex 126.478 95.1224 2.2
    endloop
  endfacet
  facet normal 0.981218 0.1929 6.69581e-19
    outer loop
      vertex 126.478 95.1224 0
      vertex 126.508 94.9698 2.2
      vertex 126.508 94.9698 0
    endloop
  endfacet
  facet normal 0.975292 0.220919 -5.90942e-19
    outer loop
      vertex 126.478 95.1224 2.2
      vertex 126.444 95.2725 0
      vertex 126.444 95.2725 2.2
    endloop
  endfacet
  facet normal 0.975292 0.220919 -5.90942e-19
    outer loop
      vertex 126.444 95.2725 0
      vertex 126.478 95.1224 2.2
      vertex 126.478 95.1224 0
    endloop
  endfacet
  facet normal 0.966063 0.258306 2.53537e-19
    outer loop
      vertex 126.444 95.2725 2.2
      vertex 126.404 95.4221 0
      vertex 126.404 95.4221 2.2
    endloop
  endfacet
  facet normal 0.966063 0.258306 2.53537e-19
    outer loop
      vertex 126.404 95.4221 0
      vertex 126.444 95.2725 2.2
      vertex 126.444 95.2725 0
    endloop
  endfacet
  facet normal 0.957628 0.288008 -7.34178e-19
    outer loop
      vertex 126.404 95.4221 2.2
      vertex 126.36 95.5684 0
      vertex 126.36 95.5684 2.2
    endloop
  endfacet
  facet normal 0.957628 0.288008 -7.34178e-19
    outer loop
      vertex 126.36 95.5684 0
      vertex 126.404 95.4221 2.2
      vertex 126.404 95.4221 0
    endloop
  endfacet
  facet normal 0.948018 0.318216 -7.44219e-19
    outer loop
      vertex 126.36 95.5684 2.2
      vertex 126.312 95.7114 0
      vertex 126.312 95.7114 2.2
    endloop
  endfacet
  facet normal 0.948018 0.318216 -7.44219e-19
    outer loop
      vertex 126.312 95.7114 0
      vertex 126.36 95.5684 2.2
      vertex 126.36 95.5684 0
    endloop
  endfacet
  facet normal 0.937352 0.348385 -3.60711e-19
    outer loop
      vertex 126.312 95.7114 2.2
      vertex 126.259 95.854 0
      vertex 126.259 95.854 2.2
    endloop
  endfacet
  facet normal 0.937352 0.348385 -3.60711e-19
    outer loop
      vertex 126.259 95.854 0
      vertex 126.312 95.7114 2.2
      vertex 126.312 95.7114 0
    endloop
  endfacet
  facet normal 0.926529 0.376223 -2.15011e-18
    outer loop
      vertex 126.259 95.854 2.2
      vertex 126.2 95.9993 0
      vertex 126.2 95.9993 2.2
    endloop
  endfacet
  facet normal 0.926529 0.376223 -2.15011e-18
    outer loop
      vertex 126.2 95.9993 0
      vertex 126.259 95.854 2.2
      vertex 126.259 95.854 0
    endloop
  endfacet
  facet normal 0.912113 0.409939 7.64853e-19
    outer loop
      vertex 126.2 95.9993 2.2
      vertex 126.136 96.1417 0
      vertex 126.136 96.1417 2.2
    endloop
  endfacet
  facet normal 0.912113 0.409939 7.64853e-19
    outer loop
      vertex 126.136 96.1417 0
      vertex 126.2 95.9993 2.2
      vertex 126.2 95.9993 0
    endloop
  endfacet
  facet normal 0.897307 0.441407 1.11271e-18
    outer loop
      vertex 126.136 96.1417 2.2
      vertex 126.069 96.2779 0
      vertex 126.069 96.2779 2.2
    endloop
  endfacet
  facet normal 0.897307 0.441407 1.11271e-18
    outer loop
      vertex 126.069 96.2779 0
      vertex 126.136 96.1417 2.2
      vertex 126.136 96.1417 0
    endloop
  endfacet
  facet normal 0.884496 0.466547 2.45284e-18
    outer loop
      vertex 126.069 96.2779 2.2
      vertex 125.997 96.4144 0
      vertex 125.997 96.4144 2.2
    endloop
  endfacet
  facet normal 0.884496 0.466547 2.45284e-18
    outer loop
      vertex 125.997 96.4144 0
      vertex 126.069 96.2779 2.2
      vertex 126.069 96.2779 0
    endloop
  endfacet
  facet normal 0.867527 0.497391 -1.10143e-18
    outer loop
      vertex 125.997 96.4144 2.2
      vertex 125.92 96.5487 0
      vertex 125.92 96.5487 2.2
    endloop
  endfacet
  facet normal 0.867527 0.497391 -1.10143e-18
    outer loop
      vertex 125.92 96.5487 0
      vertex 125.997 96.4144 2.2
      vertex 125.997 96.4144 0
    endloop
  endfacet
  facet normal 0.850755 0.525563 2.19473e-18
    outer loop
      vertex 125.92 96.5487 2.2
      vertex 125.84 96.6782 0
      vertex 125.84 96.6782 2.2
    endloop
  endfacet
  facet normal 0.850755 0.525563 2.19473e-18
    outer loop
      vertex 125.84 96.6782 0
      vertex 125.92 96.5487 2.2
      vertex 125.92 96.5487 0
    endloop
  endfacet
  facet normal 0.832833 0.553525 -2.03285e-18
    outer loop
      vertex 125.84 96.6782 2.2
      vertex 125.753 96.8091 0
      vertex 125.753 96.8091 2.2
    endloop
  endfacet
  facet normal 0.832833 0.553525 -2.03285e-18
    outer loop
      vertex 125.753 96.8091 0
      vertex 125.84 96.6782 2.2
      vertex 125.84 96.6782 0
    endloop
  endfacet
  facet normal 0.814832 0.579697 1.51326e-18
    outer loop
      vertex 125.753 96.8091 2.2
      vertex 125.664 96.9342 0
      vertex 125.664 96.9342 2.2
    endloop
  endfacet
  facet normal 0.814832 0.579697 1.51326e-18
    outer loop
      vertex 125.664 96.9342 0
      vertex 125.753 96.8091 2.2
      vertex 125.753 96.8091 0
    endloop
  endfacet
  facet normal 0.79534 0.606164 -7.13718e-19
    outer loop
      vertex 125.664 96.9342 2.2
      vertex 125.573 97.0536 0
      vertex 125.573 97.0536 2.2
    endloop
  endfacet
  facet normal 0.79534 0.606164 -7.13718e-19
    outer loop
      vertex 125.573 97.0536 0
      vertex 125.664 96.9342 2.2
      vertex 125.664 96.9342 0
    endloop
  endfacet
  facet normal 0.775636 0.63118 -1.23935e-18
    outer loop
      vertex 125.573 97.0536 2.2
      vertex 125.476 97.1728 0
      vertex 125.476 97.1728 2.2
    endloop
  endfacet
  facet normal 0.775636 0.63118 -1.23935e-18
    outer loop
      vertex 125.476 97.1728 0
      vertex 125.573 97.0536 2.2
      vertex 125.573 97.0536 0
    endloop
  endfacet
  facet normal 0.75242 0.658684 1.61676e-18
    outer loop
      vertex 125.476 97.1728 2.2
      vertex 125.372 97.2916 0
      vertex 125.372 97.2916 2.2
    endloop
  endfacet
  facet normal 0.75242 0.658684 1.61676e-18
    outer loop
      vertex 125.372 97.2916 0
      vertex 125.476 97.1728 2.2
      vertex 125.476 97.1728 0
    endloop
  endfacet
  facet normal 0.731952 0.681356 -1.63173e-18
    outer loop
      vertex 125.372 97.2916 2.2
      vertex 125.271 97.4001 0
      vertex 125.271 97.4001 2.2
    endloop
  endfacet
  facet normal 0.731952 0.681356 -1.63173e-18
    outer loop
      vertex 125.271 97.4001 0
      vertex 125.372 97.2916 2.2
      vertex 125.372 97.2916 0
    endloop
  endfacet
  facet normal 0.711688 0.702496 1.7012e-18
    outer loop
      vertex 125.271 97.4001 2.2
      vertex 125.164 97.5085 0
      vertex 125.164 97.5085 2.2
    endloop
  endfacet
  facet normal 0.711688 0.702496 1.7012e-18
    outer loop
      vertex 125.164 97.5085 0
      vertex 125.271 97.4001 2.2
      vertex 125.271 97.4001 0
    endloop
  endfacet
  facet normal 0.685636 0.727944 -0
    outer loop
      vertex 125.164 97.5085 0
      vertex 125.047 97.6187 2.2
      vertex 125.164 97.5085 2.2
    endloop
  endfacet
  facet normal 0.685636 0.727944 0
    outer loop
      vertex 125.047 97.6187 2.2
      vertex 125.164 97.5085 0
      vertex 125.047 97.6187 0
    endloop
  endfacet
  facet normal 0.66026 0.751037 -0
    outer loop
      vertex 125.047 97.6187 0
      vertex 124.932 97.7198 2.2
      vertex 125.047 97.6187 2.2
    endloop
  endfacet
  facet normal 0.66026 0.751037 0
    outer loop
      vertex 124.932 97.7198 2.2
      vertex 125.047 97.6187 0
      vertex 124.932 97.7198 0
    endloop
  endfacet
  facet normal 0.637741 0.770251 -0
    outer loop
      vertex 124.932 97.7198 0
      vertex 124.814 97.8175 2.2
      vertex 124.932 97.7198 2.2
    endloop
  endfacet
  facet normal 0.637741 0.770251 0
    outer loop
      vertex 124.814 97.8175 2.2
      vertex 124.932 97.7198 0
      vertex 124.814 97.8175 0
    endloop
  endfacet
  facet normal 0.612053 0.790817 -0
    outer loop
      vertex 124.814 97.8175 0
      vertex 124.695 97.9096 2.2
      vertex 124.814 97.8175 2.2
    endloop
  endfacet
  facet normal 0.612053 0.790817 0
    outer loop
      vertex 124.695 97.9096 2.2
      vertex 124.814 97.8175 0
      vertex 124.695 97.9096 0
    endloop
  endfacet
  facet normal 0.584472 0.811414 -0
    outer loop
      vertex 124.695 97.9096 0
      vertex 124.567 98.0018 2.2
      vertex 124.695 97.9096 2.2
    endloop
  endfacet
  facet normal 0.584472 0.811414 0
    outer loop
      vertex 124.567 98.0018 2.2
      vertex 124.695 97.9096 0
      vertex 124.567 98.0018 0
    endloop
  endfacet
  facet normal 0.556347 0.83095 -0
    outer loop
      vertex 124.567 98.0018 0
      vertex 124.439 98.0875 2.2
      vertex 124.567 98.0018 2.2
    endloop
  endfacet
  facet normal 0.556347 0.83095 0
    outer loop
      vertex 124.439 98.0875 2.2
      vertex 124.567 98.0018 0
      vertex 124.439 98.0875 0
    endloop
  endfacet
  facet normal 0.534116 0.845411 -0
    outer loop
      vertex 124.439 98.0875 0
      vertex 124.31 98.169 2.2
      vertex 124.439 98.0875 2.2
    endloop
  endfacet
  facet normal 0.534116 0.845411 0
    outer loop
      vertex 124.31 98.169 2.2
      vertex 124.439 98.0875 0
      vertex 124.31 98.169 0
    endloop
  endfacet
  facet normal 0.499457 0.866339 -0
    outer loop
      vertex 124.31 98.169 0
      vertex 124.178 98.2451 2.2
      vertex 124.31 98.169 2.2
    endloop
  endfacet
  facet normal 0.499457 0.866339 0
    outer loop
      vertex 124.178 98.2451 2.2
      vertex 124.31 98.169 0
      vertex 124.178 98.2451 0
    endloop
  endfacet
  facet normal 0.475297 0.879825 -0
    outer loop
      vertex 124.178 98.2451 0
      vertex 124.086 98.2948 2.2
      vertex 124.178 98.2451 2.2
    endloop
  endfacet
  facet normal 0.475297 0.879825 0
    outer loop
      vertex 124.086 98.2948 2.2
      vertex 124.178 98.2451 0
      vertex 124.086 98.2948 0
    endloop
  endfacet
  facet normal 0.0523263 0.99863 -0
    outer loop
      vertex 116.279 99.1447 0
      vertex 107.939 99.5817 2.2
      vertex 116.279 99.1447 2.2
    endloop
  endfacet
  facet normal 0.0523263 0.99863 0
    outer loop
      vertex 107.939 99.5817 2.2
      vertex 116.279 99.1447 0
      vertex 107.939 99.5817 0
    endloop
  endfacet
  facet normal 1 -0 0
    outer loop
      vertex 107.939 99.5817 2.2
      vertex 107.939 107.932 0
      vertex 107.939 107.932 2.2
    endloop
  endfacet
  facet normal 1 0 0
    outer loop
      vertex 107.939 107.932 0
      vertex 107.939 99.5817 2.2
      vertex 107.939 99.5817 0
    endloop
  endfacet
  facet normal 1 -0 0
    outer loop
      vertex 107.939 115.232 2.2
      vertex 107.939 119.575 0
      vertex 107.939 119.575 2.2
    endloop
  endfacet
  facet normal 1 0 0
    outer loop
      vertex 107.939 119.575 0
      vertex 107.939 115.232 2.2
      vertex 107.939 115.232 0
    endloop
  endfacet
  facet normal 0 1 -0
    outer loop
      vertex 100.033 119.726 0
      vertex 50.6106 119.726 2.2
      vertex 100.033 119.726 2.2
    endloop
  endfacet
  facet normal 0 1 0
    outer loop
      vertex 50.6106 119.726 2.2
      vertex 100.033 119.726 0
      vertex 50.6106 119.726 0
    endloop
  endfacet
  facet normal 0.973349 0.229329 0
    outer loop
      vertex 50.6106 119.726 2.2
      vertex 47.6106 132.459 0
      vertex 47.6106 132.459 2.2
    endloop
  endfacet
  facet normal 0.973349 0.229329 0
    outer loop
      vertex 47.6106 132.459 0
      vertex 50.6106 119.726 2.2
      vertex 50.6106 119.726 0
    endloop
  endfacet
  facet normal 0 1 -0
    outer loop
      vertex 47.6106 132.459 0
      vertex 45.4672 132.459 2.2
      vertex 47.6106 132.459 2.2
    endloop
  endfacet
  facet normal 0 1 0
    outer loop
      vertex 45.4672 132.459 2.2
      vertex 47.6106 132.459 0
      vertex 45.4672 132.459 0
    endloop
  endfacet
  facet normal 0 1 -0
    outer loop
      vertex 37.5328 132.459 0
      vertex 35.0392 132.459 2.2
      vertex 37.5328 132.459 2.2
    endloop
  endfacet
  facet normal 0 1 0
    outer loop
      vertex 35.0392 132.459 2.2
      vertex 37.5328 132.459 0
      vertex 35.0392 132.459 0
    endloop
  endfacet
  facet normal 0 1 -0
    outer loop
      vertex 28.0112 131.326 0
      vertex 22.341 131.326 2.2
      vertex 28.0112 131.326 2.2
    endloop
  endfacet
  facet normal 0 1 0
    outer loop
      vertex 22.341 131.326 2.2
      vertex 28.0112 131.326 0
      vertex 22.341 131.326 0
    endloop
  endfacet
  facet normal -0.752302 0.658818 -5.03546e-18
    outer loop
      vertex 16.0374 126.387 0
      vertex 16.2756 126.659 2.2
      vertex 16.2756 126.659 0
    endloop
  endfacet
  facet normal -0.752302 0.658818 -5.03546e-18
    outer loop
      vertex 16.2756 126.659 2.2
      vertex 16.0374 126.387 0
      vertex 16.0374 126.387 2.2
    endloop
  endfacet
  facet normal -0.768296 0.640094 -3.69617e-18
    outer loop
      vertex 15.2001 125.382 0
      vertex 16.0374 126.387 2.2
      vertex 16.0374 126.387 0
    endloop
  endfacet
  facet normal -0.768296 0.640094 -3.69617e-18
    outer loop
      vertex 16.0374 126.387 2.2
      vertex 15.2001 125.382 0
      vertex 15.2001 125.382 2.2
    endloop
  endfacet
  facet normal -0.7823 0.622902 -2.00682e-18
    outer loop
      vertex 14.3943 124.37 0
      vertex 15.2001 125.382 2.2
      vertex 15.2001 125.382 0
    endloop
  endfacet
  facet normal -0.7823 0.622902 -2.00682e-18
    outer loop
      vertex 15.2001 125.382 2.2
      vertex 14.3943 124.37 0
      vertex 14.3943 124.37 2.2
    endloop
  endfacet
  facet normal -0.795627 0.605787 6.08239e-18
    outer loop
      vertex 13.6192 123.352 0
      vertex 14.3943 124.37 2.2
      vertex 14.3943 124.37 0
    endloop
  endfacet
  facet normal -0.795627 0.605787 6.08239e-18
    outer loop
      vertex 14.3943 124.37 2.2
      vertex 13.6192 123.352 0
      vertex 13.6192 123.352 2.2
    endloop
  endfacet
  facet normal -0.807935 0.589271 -2.71666e-19
    outer loop
      vertex 12.8738 122.33 0
      vertex 13.6192 123.352 2.2
      vertex 13.6192 123.352 0
    endloop
  endfacet
  facet normal -0.807935 0.589271 -2.71666e-19
    outer loop
      vertex 13.6192 123.352 2.2
      vertex 12.8738 122.33 0
      vertex 12.8738 122.33 2.2
    endloop
  endfacet
  facet normal -0.819157 0.57357 5.70977e-18
    outer loop
      vertex 12.1575 121.307 0
      vertex 12.8738 122.33 2.2
      vertex 12.8738 122.33 0
    endloop
  endfacet
  facet normal -0.819157 0.57357 5.70977e-18
    outer loop
      vertex 12.8738 122.33 2.2
      vertex 12.1575 121.307 0
      vertex 12.1575 121.307 2.2
    endloop
  endfacet
  facet normal -0.830012 0.557745 1.45995e-17
    outer loop
      vertex 11.4694 120.283 0
      vertex 12.1575 121.307 2.2
      vertex 12.1575 121.307 0
    endloop
  endfacet
  facet normal -0.830012 0.557745 1.45995e-17
    outer loop
      vertex 12.1575 121.307 2.2
      vertex 11.4694 120.283 0
      vertex 11.4694 120.283 2.2
    endloop
  endfacet
  facet normal -0.839605 0.543197 -1.15929e-17
    outer loop
      vertex 10.8082 119.261 0
      vertex 11.4694 120.283 2.2
      vertex 11.4694 120.283 0
    endloop
  endfacet
  facet normal -0.839605 0.543197 -1.15929e-17
    outer loop
      vertex 11.4694 120.283 2.2
      vertex 10.8082 119.261 0
      vertex 10.8082 119.261 2.2
    endloop
  endfacet
  facet normal -0.848699 0.528875 -1.53328e-18
    outer loop
      vertex 10.1732 118.242 0
      vertex 10.8082 119.261 2.2
      vertex 10.8082 119.261 0
    endloop
  endfacet
  facet normal -0.848699 0.528875 -1.53328e-18
    outer loop
      vertex 10.8082 119.261 2.2
      vertex 10.1732 118.242 0
      vertex 10.1732 118.242 2.2
    endloop
  endfacet
  facet normal -0.857314 0.514794 6.84287e-18
    outer loop
      vertex 9.56372 117.227 0
      vertex 10.1732 118.242 2.2
      vertex 10.1732 118.242 0
    endloop
  endfacet
  facet normal -0.857314 0.514794 6.84287e-18
    outer loop
      vertex 10.1732 118.242 2.2
      vertex 9.56372 117.227 0
      vertex 9.56372 117.227 2.2
    endloop
  endfacet
  facet normal -0.864905 0.501936 -1.78538e-17
    outer loop
      vertex 8.97874 116.219 0
      vertex 9.56372 117.227 2.2
      vertex 9.56372 117.227 0
    endloop
  endfacet
  facet normal -0.864905 0.501936 -1.78538e-17
    outer loop
      vertex 9.56372 117.227 2.2
      vertex 8.97874 116.219 0
      vertex 8.97874 116.219 2.2
    endloop
  endfacet
  facet normal -0.872045 0.489426 0
    outer loop
      vertex 8.4175 115.219 0
      vertex 8.97874 116.219 2.2
      vertex 8.97874 116.219 0
    endloop
  endfacet
  facet normal -0.872045 0.489426 0
    outer loop
      vertex 8.97874 116.219 2.2
      vertex 8.4175 115.219 0
      vertex 8.4175 115.219 2.2
    endloop
  endfacet
  facet normal -0.878315 0.478082 5.43436e-18
    outer loop
      vertex 7.87917 114.23 0
      vertex 8.4175 115.219 2.2
      vertex 8.4175 115.219 0
    endloop
  endfacet
  facet normal -0.878315 0.478082 5.43436e-18
    outer loop
      vertex 8.4175 115.219 2.2
      vertex 7.87917 114.23 0
      vertex 7.87917 114.23 2.2
    endloop
  endfacet
  facet normal -0.884454 0.466628 -1.88904e-17
    outer loop
      vertex 7.36266 113.251 0
      vertex 7.87917 114.23 2.2
      vertex 7.87917 114.23 0
    endloop
  endfacet
  facet normal -0.884454 0.466628 -1.88904e-17
    outer loop
      vertex 7.87917 114.23 2.2
      vertex 7.36266 113.251 0
      vertex 7.36266 113.251 2.2
    endloop
  endfacet
  facet normal -0.88962 0.456702 6.45214e-18
    outer loop
      vertex 6.86726 112.286 0
      vertex 7.36266 113.251 2.2
      vertex 7.36266 113.251 0
    endloop
  endfacet
  facet normal -0.88962 0.456702 6.45214e-18
    outer loop
      vertex 7.36266 113.251 2.2
      vertex 6.86726 112.286 0
      vertex 6.86726 112.286 2.2
    endloop
  endfacet
  facet normal -0.894465 0.447138 -6.77368e-18
    outer loop
      vertex 6.39236 111.336 0
      vertex 6.86726 112.286 2.2
      vertex 6.86726 112.286 0
    endloop
  endfacet
  facet normal -0.894465 0.447138 -6.77368e-18
    outer loop
      vertex 6.86726 112.286 2.2
      vertex 6.39236 111.336 0
      vertex 6.39236 111.336 2.2
    endloop
  endfacet
  facet normal -0.898629 0.43871 -1.18108e-17
    outer loop
      vertex 5.93687 110.403 0
      vertex 6.39236 111.336 2.2
      vertex 6.39236 111.336 0
    endloop
  endfacet
  facet normal -0.898629 0.43871 -1.18108e-17
    outer loop
      vertex 6.39236 111.336 2.2
      vertex 5.93687 110.403 0
      vertex 5.93687 110.403 2.2
    endloop
  endfacet
  facet normal -0.902521 0.430646 3.4501e-18
    outer loop
      vertex 5.50027 109.488 0
      vertex 5.93687 110.403 2.2
      vertex 5.93687 110.403 0
    endloop
  endfacet
  facet normal -0.902521 0.430646 3.4501e-18
    outer loop
      vertex 5.93687 110.403 2.2
      vertex 5.50027 109.488 0
      vertex 5.50027 109.488 2.2
    endloop
  endfacet
  facet normal -0.905836 0.423628 -8.23291e-18
    outer loop
      vertex 5.08171 108.593 0
      vertex 5.50027 109.488 2.2
      vertex 5.50027 109.488 0
    endloop
  endfacet
  facet normal -0.905836 0.423628 -8.23291e-18
    outer loop
      vertex 5.50027 109.488 2.2
      vertex 5.08171 108.593 0
      vertex 5.08171 108.593 2.2
    endloop
  endfacet
  facet normal -0.90838 0.418146 -3.69757e-19
    outer loop
      vertex 4.68031 107.721 0
      vertex 5.08171 108.593 2.2
      vertex 5.08171 108.593 0
    endloop
  endfacet
  facet normal -0.90838 0.418146 -3.69757e-19
    outer loop
      vertex 5.08171 108.593 2.2
      vertex 4.68031 107.721 0
      vertex 4.68031 107.721 2.2
    endloop
  endfacet
  facet normal -0.910822 0.412799 -1.28589e-17
    outer loop
      vertex 4.29553 106.872 0
      vertex 4.68031 107.721 2.2
      vertex 4.68031 107.721 0
    endloop
  endfacet
  facet normal -0.910822 0.412799 -1.28589e-17
    outer loop
      vertex 4.68031 107.721 2.2
      vertex 4.29553 106.872 0
      vertex 4.29553 106.872 2.2
    endloop
  endfacet
  facet normal -0.912526 0.409018 -1.59931e-19
    outer loop
      vertex 3.92664 106.049 0
      vertex 4.29553 106.872 2.2
      vertex 4.29553 106.872 0
    endloop
  endfacet
  facet normal -0.912526 0.409018 -1.59931e-19
    outer loop
      vertex 4.29553 106.872 2.2
      vertex 3.92664 106.049 0
      vertex 3.92664 106.049 2.2
    endloop
  endfacet
  facet normal -0.913642 0.406519 -7.34849e-18
    outer loop
      vertex 3.57291 105.254 0
      vertex 3.92664 106.049 2.2
      vertex 3.92664 106.049 0
    endloop
  endfacet
  facet normal -0.913642 0.406519 -7.34849e-18
    outer loop
      vertex 3.92664 106.049 2.2
      vertex 3.57291 105.254 0
      vertex 3.57291 105.254 2.2
    endloop
  endfacet
  facet normal -0.914365 0.40489 -1.00384e-17
    outer loop
      vertex 2.90781 103.752 0
      vertex 3.57291 105.254 2.2
      vertex 3.57291 105.254 0
    endloop
  endfacet
  facet normal -0.914365 0.40489 -1.00384e-17
    outer loop
      vertex 3.57291 105.254 2.2
      vertex 2.90781 103.752 0
      vertex 2.90781 103.752 2.2
    endloop
  endfacet
  facet normal -0.913701 0.406387 4.25256e-18
    outer loop
      vertex 2.59825 103.056 0
      vertex 2.90781 103.752 2.2
      vertex 2.90781 103.752 0
    endloop
  endfacet
  facet normal -0.913701 0.406387 4.25256e-18
    outer loop
      vertex 2.90781 103.752 2.2
      vertex 2.59825 103.056 0
      vertex 2.59825 103.056 2.2
    endloop
  endfacet
  facet normal -0.912056 0.410067 3.04627e-19
    outer loop
      vertex 2.30061 102.394 0
      vertex 2.59825 103.056 2.2
      vertex 2.59825 103.056 0
    endloop
  endfacet
  facet normal -0.912056 0.410067 3.04627e-19
    outer loop
      vertex 2.59825 103.056 2.2
      vertex 2.30061 102.394 0
      vertex 2.30061 102.394 2.2
    endloop
  endfacet
  facet normal -0.909733 0.415193 2.74177e-18
    outer loop
      vertex 2.01491 101.768 0
      vertex 2.30061 102.394 2.2
      vertex 2.30061 102.394 0
    endloop
  endfacet
  facet normal -0.909733 0.415193 2.74177e-18
    outer loop
      vertex 2.30061 102.394 2.2
      vertex 2.01491 101.768 0
      vertex 2.01491 101.768 2.2
    endloop
  endfacet
  facet normal -0.906484 0.42224 8.37576e-18
    outer loop
      vertex 1.74428 101.187 0
      vertex 2.01491 101.768 2.2
      vertex 2.01491 101.768 0
    endloop
  endfacet
  facet normal -0.906484 0.42224 8.37576e-18
    outer loop
      vertex 2.01491 101.768 2.2
      vertex 1.74428 101.187 0
      vertex 1.74428 101.187 2.2
    endloop
  endfacet
  facet normal -0.901366 0.433058 3.69996e-19
    outer loop
      vertex 1.48628 100.65 0
      vertex 1.74428 101.187 2.2
      vertex 1.74428 101.187 0
    endloop
  endfacet
  facet normal -0.901366 0.433058 3.69996e-19
    outer loop
      vertex 1.74428 101.187 2.2
      vertex 1.48628 100.65 0
      vertex 1.48628 100.65 2.2
    endloop
  endfacet
  facet normal -0.894977 0.446113 4.78006e-18
    outer loop
      vertex 1.24303 100.162 0
      vertex 1.48628 100.65 2.2
      vertex 1.48628 100.65 0
    endloop
  endfacet
  facet normal -0.894977 0.446113 4.78006e-18
    outer loop
      vertex 1.48628 100.65 2.2
      vertex 1.24303 100.162 0
      vertex 1.24303 100.162 2.2
    endloop
  endfacet
  facet normal -0.886024 0.46364 -3.7303e-18
    outer loop
      vertex 1.01535 99.7269 0
      vertex 1.24303 100.162 2.2
      vertex 1.24303 100.162 0
    endloop
  endfacet
  facet normal -0.886024 0.46364 -3.7303e-18
    outer loop
      vertex 1.24303 100.162 2.2
      vertex 1.01535 99.7269 0
      vertex 1.01535 99.7269 2.2
    endloop
  endfacet
  facet normal -0.874608 0.48483 -4.61119e-18
    outer loop
      vertex 0.805588 99.3485 0
      vertex 1.01535 99.7269 2.2
      vertex 1.01535 99.7269 0
    endloop
  endfacet
  facet normal -0.874608 0.48483 -4.61119e-18
    outer loop
      vertex 1.01535 99.7269 2.2
      vertex 0.805588 99.3485 0
      vertex 0.805588 99.3485 2.2
    endloop
  endfacet
  facet normal -0.85912 0.511774 1.11183e-18
    outer loop
      vertex 0.752869 99.26 0
      vertex 0.805588 99.3485 2.2
      vertex 0.805588 99.3485 0
    endloop
  endfacet
  facet normal -0.85912 0.511774 1.11183e-18
    outer loop
      vertex 0.805588 99.3485 2.2
      vertex 0.752869 99.26 0
      vertex 0.752869 99.26 2.2
    endloop
  endfacet
  facet normal -0.0440503 0.999029 0
    outer loop
      vertex 0.752869 99.26 0
      vertex 0.562363 99.2516 2.2
      vertex 0.752869 99.26 2.2
    endloop
  endfacet
  facet normal -0.0440503 0.999029 0
    outer loop
      vertex 0.562363 99.2516 2.2
      vertex 0.752869 99.26 0
      vertex 0.562363 99.2516 0
    endloop
  endfacet
  facet normal -0.10155 0.99483 0
    outer loop
      vertex 0.562363 99.2516 0
      vertex 0.319412 99.2268 2.2
      vertex 0.562363 99.2516 2.2
    endloop
  endfacet
  facet normal -0.10155 0.99483 0
    outer loop
      vertex 0.319412 99.2268 2.2
      vertex 0.562363 99.2516 0
      vertex 0.319412 99.2268 0
    endloop
  endfacet
  facet normal -0.157369 0.98754 0
    outer loop
      vertex 0.319412 99.2268 0
      vertex 0.0753021 99.1879 2.2
      vertex 0.319412 99.2268 2.2
    endloop
  endfacet
  facet normal -0.157369 0.98754 0
    outer loop
      vertex 0.0753021 99.1879 2.2
      vertex 0.319412 99.2268 0
      vertex 0.0753021 99.1879 0
    endloop
  endfacet
  facet normal -0.215612 0.976479 0
    outer loop
      vertex 0.0753021 99.1879 0
      vertex -0.165634 99.1347 2.2
      vertex 0.0753021 99.1879 2.2
    endloop
  endfacet
  facet normal -0.215612 0.976479 0
    outer loop
      vertex -0.165634 99.1347 2.2
      vertex 0.0753021 99.1879 0
      vertex -0.165634 99.1347 0
    endloop
  endfacet
  facet normal -0.269944 0.962876 0
    outer loop
      vertex -0.165634 99.1347 0
      vertex -0.394989 99.0704 2.2
      vertex -0.165634 99.1347 2.2
    endloop
  endfacet
  facet normal -0.269944 0.962876 0
    outer loop
      vertex -0.394989 99.0704 2.2
      vertex -0.165634 99.1347 0
      vertex -0.394989 99.0704 0
    endloop
  endfacet
  facet normal -0.322978 0.946406 0
    outer loop
      vertex -0.394989 99.0704 0
      vertex -0.620911 98.9933 2.2
      vertex -0.394989 99.0704 2.2
    endloop
  endfacet
  facet normal -0.322978 0.946406 0
    outer loop
      vertex -0.620911 98.9933 2.2
      vertex -0.394989 99.0704 0
      vertex -0.620911 98.9933 0
    endloop
  endfacet
  facet normal -0.375358 0.92688 0
    outer loop
      vertex -0.620911 98.9933 0
      vertex -0.832779 98.9075 2.2
      vertex -0.620911 98.9933 2.2
    endloop
  endfacet
  facet normal -0.375358 0.92688 0
    outer loop
      vertex -0.832779 98.9075 2.2
      vertex -0.620911 98.9933 0
      vertex -0.832779 98.9075 0
    endloop
  endfacet
  facet normal -0.421022 0.90705 0
    outer loop
      vertex -0.832779 98.9075 0
      vertex -1.03163 98.8152 2.2
      vertex -0.832779 98.9075 2.2
    endloop
  endfacet
  facet normal -0.421022 0.90705 0
    outer loop
      vertex -1.03163 98.8152 2.2
      vertex -0.832779 98.9075 0
      vertex -1.03163 98.8152 0
    endloop
  endfacet
  facet normal -0.466761 0.884384 0
    outer loop
      vertex -1.03163 98.8152 0
      vertex -1.22205 98.7147 2.2
      vertex -1.03163 98.8152 2.2
    endloop
  endfacet
  facet normal -0.466761 0.884384 0
    outer loop
      vertex -1.22205 98.7147 2.2
      vertex -1.03163 98.8152 0
      vertex -1.22205 98.7147 0
    endloop
  endfacet
  facet normal -0.508531 0.861044 0
    outer loop
      vertex -1.22205 98.7147 0
      vertex -1.40373 98.6074 2.2
      vertex -1.22205 98.7147 2.2
    endloop
  endfacet
  facet normal -0.508531 0.861044 0
    outer loop
      vertex -1.40373 98.6074 2.2
      vertex -1.22205 98.7147 0
      vertex -1.40373 98.6074 0
    endloop
  endfacet
  facet normal -0.54985 0.835263 0
    outer loop
      vertex -1.40373 98.6074 0
      vertex -1.57417 98.4952 2.2
      vertex -1.40373 98.6074 2.2
    endloop
  endfacet
  facet normal -0.54985 0.835263 0
    outer loop
      vertex -1.57417 98.4952 2.2
      vertex -1.40373 98.6074 0
      vertex -1.57417 98.4952 0
    endloop
  endfacet
  facet normal -0.58574 0.810499 0
    outer loop
      vertex -1.57417 98.4952 0
      vertex -1.73648 98.3779 2.2
      vertex -1.57417 98.4952 2.2
    endloop
  endfacet
  facet normal -0.58574 0.810499 0
    outer loop
      vertex -1.73648 98.3779 2.2
      vertex -1.57417 98.4952 0
      vertex -1.73648 98.3779 0
    endloop
  endfacet
  facet normal -0.622903 0.782299 0
    outer loop
      vertex -1.73648 98.3779 0
      vertex -1.88568 98.2591 2.2
      vertex -1.73648 98.3779 2.2
    endloop
  endfacet
  facet normal -0.622903 0.782299 0
    outer loop
      vertex -1.88568 98.2591 2.2
      vertex -1.73648 98.3779 0
      vertex -1.88568 98.2591 0
    endloop
  endfacet
  facet normal -0.65272 0.7576 0
    outer loop
      vertex -1.88568 98.2591 0
      vertex -2.02531 98.1388 2.2
      vertex -1.88568 98.2591 2.2
    endloop
  endfacet
  facet normal -0.65272 0.7576 0
    outer loop
      vertex -2.02531 98.1388 2.2
      vertex -1.88568 98.2591 0
      vertex -2.02531 98.1388 0
    endloop
  endfacet
  facet normal -0.684721 0.728805 0
    outer loop
      vertex -2.02531 98.1388 0
      vertex -2.15889 98.0133 2.2
      vertex -2.02531 98.1388 2.2
    endloop
  endfacet
  facet normal -0.684721 0.728805 0
    outer loop
      vertex -2.15889 98.0133 2.2
      vertex -2.02531 98.1388 0
      vertex -2.15889 98.0133 0
    endloop
  endfacet
  facet normal -0.711568 0.702617 -1.38433e-18
    outer loop
      vertex -2.28212 97.8885 0
      vertex -2.15889 98.0133 2.2
      vertex -2.15889 98.0133 0
    endloop
  endfacet
  facet normal -0.711568 0.702617 -1.38433e-18
    outer loop
      vertex -2.15889 98.0133 2.2
      vertex -2.28212 97.8885 0
      vertex -2.28212 97.8885 2.2
    endloop
  endfacet
  facet normal -0.738258 0.674518 1.82392e-19
    outer loop
      vertex -2.39514 97.7648 0
      vertex -2.28212 97.8885 2.2
      vertex -2.28212 97.8885 0
    endloop
  endfacet
  facet normal -0.738258 0.674518 1.82392e-19
    outer loop
      vertex -2.28212 97.8885 2.2
      vertex -2.39514 97.7648 0
      vertex -2.39514 97.7648 2.2
    endloop
  endfacet
  facet normal -0.760689 0.649117 1.25017e-18
    outer loop
      vertex -2.49899 97.6431 0
      vertex -2.39514 97.7648 2.2
      vertex -2.39514 97.7648 0
    endloop
  endfacet
  facet normal -0.760689 0.649117 1.25017e-18
    outer loop
      vertex -2.39514 97.7648 2.2
      vertex -2.49899 97.6431 0
      vertex -2.49899 97.6431 2.2
    endloop
  endfacet
  facet normal -0.78226 0.622953 1.25702e-19
    outer loop
      vertex -2.59718 97.5198 0
      vertex -2.49899 97.6431 2.2
      vertex -2.49899 97.6431 0
    endloop
  endfacet
  facet normal -0.78226 0.622953 1.25702e-19
    outer loop
      vertex -2.49899 97.6431 2.2
      vertex -2.59718 97.5198 0
      vertex -2.59718 97.5198 2.2
    endloop
  endfacet
  facet normal -0.802039 0.597272 2.32768e-18
    outer loop
      vertex -2.69049 97.3945 0
      vertex -2.59718 97.5198 2.2
      vertex -2.59718 97.5198 0
    endloop
  endfacet
  facet normal -0.802039 0.597272 2.32768e-18
    outer loop
      vertex -2.59718 97.5198 2.2
      vertex -2.69049 97.3945 0
      vertex -2.69049 97.3945 2.2
    endloop
  endfacet
  facet normal -0.821539 0.570152 9.1293e-19
    outer loop
      vertex -2.78078 97.2644 0
      vertex -2.69049 97.3945 2.2
      vertex -2.69049 97.3945 0
    endloop
  endfacet
  facet normal -0.821539 0.570152 9.1293e-19
    outer loop
      vertex -2.69049 97.3945 2.2
      vertex -2.78078 97.2644 0
      vertex -2.78078 97.2644 2.2
    endloop
  endfacet
  facet normal -0.839868 0.542791 9.01126e-19
    outer loop
      vertex -2.85898 97.1434 0
      vertex -2.78078 97.2644 2.2
      vertex -2.78078 97.2644 0
    endloop
  endfacet
  facet normal -0.839868 0.542791 9.01126e-19
    outer loop
      vertex -2.78078 97.2644 2.2
      vertex -2.85898 97.1434 0
      vertex -2.85898 97.1434 2.2
    endloop
  endfacet
  facet normal -0.853895 0.520446 1.21913e-18
    outer loop
      vertex -2.93279 97.0223 0
      vertex -2.85898 97.1434 2.2
      vertex -2.85898 97.1434 0
    endloop
  endfacet
  facet normal -0.853895 0.520446 1.21913e-18
    outer loop
      vertex -2.85898 97.1434 2.2
      vertex -2.93279 97.0223 0
      vertex -2.93279 97.0223 2.2
    endloop
  endfacet
  facet normal -0.869843 0.493328 -2.30298e-18
    outer loop
      vertex -3.00374 96.8972 0
      vertex -2.93279 97.0223 2.2
      vertex -2.93279 97.0223 0
    endloop
  endfacet
  facet normal -0.869843 0.493328 -2.30298e-18
    outer loop
      vertex -2.93279 97.0223 2.2
      vertex -3.00374 96.8972 0
      vertex -3.00374 96.8972 2.2
    endloop
  endfacet
  facet normal -0.882801 0.469748 1.80295e-18
    outer loop
      vertex -3.06903 96.7745 0
      vertex -3.00374 96.8972 2.2
      vertex -3.00374 96.8972 0
    endloop
  endfacet
  facet normal -0.882801 0.469748 1.80295e-18
    outer loop
      vertex -3.00374 96.8972 2.2
      vertex -3.06903 96.7745 0
      vertex -3.06903 96.7745 2.2
    endloop
  endfacet
  facet normal -0.896034 0.443985 -1.96106e-18
    outer loop
      vertex -3.1329 96.6456 0
      vertex -3.06903 96.7745 2.2
      vertex -3.06903 96.7745 0
    endloop
  endfacet
  facet normal -0.896034 0.443985 -1.96106e-18
    outer loop
      vertex -3.06903 96.7745 2.2
      vertex -3.1329 96.6456 0
      vertex -3.1329 96.6456 2.2
    endloop
  endfacet
  facet normal -0.908826 0.417176 -1.27973e-18
    outer loop
      vertex -3.18858 96.5243 0
      vertex -3.1329 96.6456 2.2
      vertex -3.1329 96.6456 0
    endloop
  endfacet
  facet normal -0.908826 0.417176 -1.27973e-18
    outer loop
      vertex -3.1329 96.6456 2.2
      vertex -3.18858 96.5243 0
      vertex -3.18858 96.5243 2.2
    endloop
  endfacet
  facet normal -0.918376 0.395709 1.15454e-18
    outer loop
      vertex -3.24007 96.4048 0
      vertex -3.18858 96.5243 2.2
      vertex -3.18858 96.5243 0
    endloop
  endfacet
  facet normal -0.918376 0.395709 1.15454e-18
    outer loop
      vertex -3.18858 96.5243 2.2
      vertex -3.24007 96.4048 0
      vertex -3.24007 96.4048 2.2
    endloop
  endfacet
  facet normal -0.928998 0.370085 1.135e-19
    outer loop
      vertex -3.29138 96.276 0
      vertex -3.24007 96.4048 2.2
      vertex -3.24007 96.4048 0
    endloop
  endfacet
  facet normal -0.928998 0.370085 1.135e-19
    outer loop
      vertex -3.24007 96.4048 2.2
      vertex -3.29138 96.276 0
      vertex -3.29138 96.276 2.2
    endloop
  endfacet
  facet normal -0.939058 0.343759 -1.36725e-18
    outer loop
      vertex -3.33626 96.1534 0
      vertex -3.29138 96.276 2.2
      vertex -3.29138 96.276 0
    endloop
  endfacet
  facet normal -0.939058 0.343759 -1.36725e-18
    outer loop
      vertex -3.29138 96.276 2.2
      vertex -3.33626 96.1534 0
      vertex -3.33626 96.1534 2.2
    endloop
  endfacet
  facet normal -0.946773 0.321903 -1.00952e-18
    outer loop
      vertex -3.3791 96.0274 0
      vertex -3.33626 96.1534 2.2
      vertex -3.33626 96.1534 0
    endloop
  endfacet
  facet normal -0.946773 0.321903 -1.00952e-18
    outer loop
      vertex -3.33626 96.1534 2.2
      vertex -3.3791 96.0274 0
      vertex -3.3791 96.0274 2.2
    endloop
  endfacet
  facet normal -0.95587 0.293789 -3.16511e-19
    outer loop
      vertex -3.41881 95.8982 0
      vertex -3.3791 96.0274 2.2
      vertex -3.3791 96.0274 0
    endloop
  endfacet
  facet normal -0.95587 0.293789 -3.16511e-19
    outer loop
      vertex -3.3791 96.0274 2.2
      vertex -3.41881 95.8982 0
      vertex -3.41881 95.8982 2.2
    endloop
  endfacet
  facet normal -0.962911 0.269821 -2.99309e-19
    outer loop
      vertex -3.45294 95.7764 0
      vertex -3.41881 95.8982 2.2
      vertex -3.41881 95.8982 0
    endloop
  endfacet
  facet normal -0.962911 0.269821 -2.99309e-19
    outer loop
      vertex -3.41881 95.8982 2.2
      vertex -3.45294 95.7764 0
      vertex -3.45294 95.7764 2.2
    endloop
  endfacet
  facet normal -0.96924 0.246119 2.42141e-19
    outer loop
      vertex -3.48557 95.6479 0
      vertex -3.45294 95.7764 2.2
      vertex -3.45294 95.7764 0
    endloop
  endfacet
  facet normal -0.96924 0.246119 2.42141e-19
    outer loop
      vertex -3.45294 95.7764 2.2
      vertex -3.48557 95.6479 0
      vertex -3.48557 95.6479 2.2
    endloop
  endfacet
  facet normal -0.975804 0.218647 -9.91972e-19
    outer loop
      vertex -3.51564 95.5137 0
      vertex -3.48557 95.6479 2.2
      vertex -3.48557 95.6479 0
    endloop
  endfacet
  facet normal -0.975804 0.218647 -9.91972e-19
    outer loop
      vertex -3.48557 95.6479 2.2
      vertex -3.51564 95.5137 0
      vertex -3.51564 95.5137 2.2
    endloop
  endfacet
  facet normal -0.981467 0.191631 7.27711e-19
    outer loop
      vertex -3.54112 95.3832 0
      vertex -3.51564 95.5137 2.2
      vertex -3.51564 95.5137 0
    endloop
  endfacet
  facet normal -0.981467 0.191631 7.27711e-19
    outer loop
      vertex -3.51564 95.5137 2.2
      vertex -3.54112 95.3832 0
      vertex -3.54112 95.3832 2.2
    endloop
  endfacet
  facet normal -0.986082 0.166257 5.56456e-19
    outer loop
      vertex -3.56346 95.2507 0
      vertex -3.54112 95.3832 2.2
      vertex -3.54112 95.3832 0
    endloop
  endfacet
  facet normal -0.986082 0.166257 5.56456e-19
    outer loop
      vertex -3.54112 95.3832 2.2
      vertex -3.56346 95.2507 0
      vertex -3.56346 95.2507 2.2
    endloop
  endfacet
  facet normal -0.990446 0.137901 6.00838e-19
    outer loop
      vertex -3.58266 95.1128 0
      vertex -3.56346 95.2507 2.2
      vertex -3.56346 95.2507 0
    endloop
  endfacet
  facet normal -0.990446 0.137901 6.00838e-19
    outer loop
      vertex -3.56346 95.2507 2.2
      vertex -3.58266 95.1128 0
      vertex -3.58266 95.1128 2.2
    endloop
  endfacet
  facet normal -0.993986 0.109509 2.39229e-19
    outer loop
      vertex -3.59869 94.9673 0
      vertex -3.58266 95.1128 2.2
      vertex -3.58266 95.1128 0
    endloop
  endfacet
  facet normal -0.993986 0.109509 2.39229e-19
    outer loop
      vertex -3.58266 95.1128 2.2
      vertex -3.59869 94.9673 0
      vertex -3.59869 94.9673 2.2
    endloop
  endfacet
  facet normal -0.997039 0.0768945 2.83522e-19
    outer loop
      vertex -3.60968 94.8248 0
      vertex -3.59869 94.9673 2.2
      vertex -3.59869 94.9673 0
    endloop
  endfacet
  facet normal -0.997039 0.0768945 2.83522e-19
    outer loop
      vertex -3.59869 94.9673 2.2
      vertex -3.60968 94.8248 0
      vertex -3.60968 94.8248 2.2
    endloop
  endfacet
  facet normal -0.998749 0.0500066 -2.08955e-19
    outer loop
      vertex -3.61691 94.6804 0
      vertex -3.60968 94.8248 2.2
      vertex -3.60968 94.8248 0
    endloop
  endfacet
  facet normal -0.998749 0.0500066 -2.08955e-19
    outer loop
      vertex -3.60968 94.8248 2.2
      vertex -3.61691 94.6804 0
      vertex -3.61691 94.6804 2.2
    endloop
  endfacet
  facet normal -0.999869 0.0161583 1.86517e-20
    outer loop
      vertex -3.61824 94.5981 0
      vertex -3.61691 94.6804 2.2
      vertex -3.61691 94.6804 0
    endloop
  endfacet
  facet normal -0.999869 0.0161583 1.86517e-20
    outer loop
      vertex -3.61691 94.6804 2.2
      vertex -3.61824 94.5981 0
      vertex -3.61824 94.5981 2.2
    endloop
  endfacet
  facet normal -0.99975 0.022376 7.21339e-21
    outer loop
      vertex -3.6198 94.5284 0
      vertex -3.61824 94.5981 2.2
      vertex -3.61824 94.5981 0
    endloop
  endfacet
  facet normal -0.99975 0.022376 7.21339e-21
    outer loop
      vertex -3.61824 94.5981 2.2
      vertex -3.6198 94.5284 0
      vertex -3.6198 94.5284 2.2
    endloop
  endfacet
  facet normal -0.999764 0.0217449 7.50012e-20
    outer loop
      vertex -3.62502 94.2884 0
      vertex -3.6198 94.5284 2.2
      vertex -3.6198 94.5284 0
    endloop
  endfacet
  facet normal -0.999764 0.0217449 7.50012e-20
    outer loop
      vertex -3.6198 94.5284 2.2
      vertex -3.62502 94.2884 0
      vertex -3.62502 94.2884 2.2
    endloop
  endfacet
  facet normal -0.999809 0.0195459 -8.86067e-20
    outer loop
      vertex -3.63266 93.8976 0
      vertex -3.62502 94.2884 2.2
      vertex -3.62502 94.2884 0
    endloop
  endfacet
  facet normal -0.999809 0.0195459 -8.86067e-20
    outer loop
      vertex -3.62502 94.2884 2.2
      vertex -3.63266 93.8976 0
      vertex -3.63266 93.8976 2.2
    endloop
  endfacet
  facet normal -0.99984 0.017865 -1.21023e-19
    outer loop
      vertex -3.64218 93.3648 0
      vertex -3.63266 93.8976 2.2
      vertex -3.63266 93.8976 0
    endloop
  endfacet
  facet normal -0.99984 0.017865 -1.21023e-19
    outer loop
      vertex -3.63266 93.8976 2.2
      vertex -3.64218 93.3648 0
      vertex -3.64218 93.3648 2.2
    endloop
  endfacet
  facet normal -0.999874 0.0158488 2.11677e-19
    outer loop
      vertex -3.6528 92.6948 0
      vertex -3.64218 93.3648 2.2
      vertex -3.64218 93.3648 0
    endloop
  endfacet
  facet normal -0.999874 0.0158488 2.11677e-19
    outer loop
      vertex -3.64218 93.3648 2.2
      vertex -3.6528 92.6948 0
      vertex -3.6528 92.6948 2.2
    endloop
  endfacet
  facet normal -0.999907 0.0136379 1.33276e-20
    outer loop
      vertex -3.66371 91.8949 0
      vertex -3.6528 92.6948 2.2
      vertex -3.6528 92.6948 0
    endloop
  endfacet
  facet normal -0.999907 0.0136379 1.33276e-20
    outer loop
      vertex -3.6528 92.6948 2.2
      vertex -3.66371 91.8949 0
      vertex -3.66371 91.8949 2.2
    endloop
  endfacet
  facet normal -0.999933 0.0115881 3.54962e-20
    outer loop
      vertex -3.67441 90.9716 0
      vertex -3.66371 91.8949 2.2
      vertex -3.66371 91.8949 0
    endloop
  endfacet
  facet normal -0.999933 0.0115881 3.54962e-20
    outer loop
      vertex -3.66371 91.8949 2.2
      vertex -3.67441 90.9716 0
      vertex -3.67441 90.9716 2.2
    endloop
  endfacet
  facet normal -0.999957 0.00930795 -1.67563e-19
    outer loop
      vertex -3.6841 89.9306 0
      vertex -3.67441 90.9716 2.2
      vertex -3.67441 90.9716 0
    endloop
  endfacet
  facet normal -0.999957 0.00930795 -1.67563e-19
    outer loop
      vertex -3.67441 90.9716 2.2
      vertex -3.6841 89.9306 0
      vertex -3.6841 89.9306 2.2
    endloop
  endfacet
  facet normal -0.999976 0.00690855 1.29531e-19
    outer loop
      vertex -3.69076 88.9666 0
      vertex -3.6841 89.9306 2.2
      vertex -3.6841 89.9306 0
    endloop
  endfacet
  facet normal -0.999976 0.00690855 1.29531e-19
    outer loop
      vertex -3.6841 89.9306 2.2
      vertex -3.69076 88.9666 0
      vertex -3.69076 88.9666 2.2
    endloop
  endfacet
  facet normal -0.999948 -0.0101637 3.32163e-19
    outer loop
      vertex -3.66444 79.8835 0
      vertex -3.67614 81.0346 2.2
      vertex -3.67614 81.0346 0
    endloop
  endfacet
  facet normal -0.999948 -0.0101637 3.32163e-19
    outer loop
      vertex -3.67614 81.0346 2.2
      vertex -3.66444 79.8835 0
      vertex -3.66444 79.8835 2.2
    endloop
  endfacet
  facet normal -0.999909 -0.013483 2.07063e-19
    outer loop
      vertex -3.64079 78.1296 0
      vertex -3.66444 79.8835 2.2
      vertex -3.66444 79.8835 0
    endloop
  endfacet
  facet normal -0.999909 -0.013483 2.07063e-19
    outer loop
      vertex -3.66444 79.8835 2.2
      vertex -3.64079 78.1296 0
      vertex -3.64079 78.1296 2.2
    endloop
  endfacet
  facet normal -0.999854 -0.0171068 -6.4382e-19
    outer loop
      vertex -3.60974 76.3148 0
      vertex -3.64079 78.1296 2.2
      vertex -3.64079 78.1296 0
    endloop
  endfacet
  facet normal -0.999854 -0.0171068 -6.4382e-19
    outer loop
      vertex -3.64079 78.1296 2.2
      vertex -3.60974 76.3148 0
      vertex -3.60974 76.3148 2.2
    endloop
  endfacet
  facet normal -0.999781 -0.0209048 5.79292e-19
    outer loop
      vertex -3.57065 74.4453 0
      vertex -3.60974 76.3148 2.2
      vertex -3.60974 76.3148 0
    endloop
  endfacet
  facet normal -0.999781 -0.0209048 5.79292e-19
    outer loop
      vertex -3.60974 76.3148 2.2
      vertex -3.57065 74.4453 0
      vertex -3.57065 74.4453 2.2
    endloop
  endfacet
  facet normal -0.999687 -0.0250287 7.15171e-19
    outer loop
      vertex -3.52264 72.5277 0
      vertex -3.57065 74.4453 2.2
      vertex -3.57065 74.4453 0
    endloop
  endfacet
  facet normal -0.999687 -0.0250287 7.15171e-19
    outer loop
      vertex -3.57065 74.4453 2.2
      vertex -3.52264 72.5277 0
      vertex -3.52264 72.5277 2.2
    endloop
  endfacet
  facet normal -0.999572 -0.0292551 3.10562e-20
    outer loop
      vertex -3.46529 70.5682 0
      vertex -3.52264 72.5277 2.2
      vertex -3.52264 72.5277 0
    endloop
  endfacet
  facet normal -0.999572 -0.0292551 3.10562e-20
    outer loop
      vertex -3.52264 72.5277 2.2
      vertex -3.46529 70.5682 0
      vertex -3.46529 70.5682 2.2
    endloop
  endfacet
  facet normal -0.999429 -0.0338018 -2.77253e-18
    outer loop
      vertex -3.3978 68.5727 0
      vertex -3.46529 70.5682 2.2
      vertex -3.46529 70.5682 0
    endloop
  endfacet
  facet normal -0.999429 -0.0338018 -2.77253e-18
    outer loop
      vertex -3.46529 70.5682 2.2
      vertex -3.3978 68.5727 0
      vertex -3.3978 68.5727 2.2
    endloop
  endfacet
  facet normal -0.999248 -0.0387621 1.12034e-18
    outer loop
      vertex -3.31924 66.5475 0
      vertex -3.3978 68.5727 2.2
      vertex -3.3978 68.5727 0
    endloop
  endfacet
  facet normal -0.999248 -0.0387621 1.12034e-18
    outer loop
      vertex -3.3978 68.5727 2.2
      vertex -3.31924 66.5475 0
      vertex -3.31924 66.5475 2.2
    endloop
  endfacet
  facet normal -0.999033 -0.0439744 -3.11849e-19
    outer loop
      vertex -3.22908 64.4992 0
      vertex -3.31924 66.5475 2.2
      vertex -3.31924 66.5475 0
    endloop
  endfacet
  facet normal -0.999033 -0.0439744 -3.11849e-19
    outer loop
      vertex -3.31924 66.5475 2.2
      vertex -3.22908 64.4992 0
      vertex -3.22908 64.4992 2.2
    endloop
  endfacet
  facet normal -0.998772 -0.0495518 -2.07832e-18
    outer loop
      vertex -3.1266 62.4336 0
      vertex -3.22908 64.4992 2.2
      vertex -3.22908 64.4992 0
    endloop
  endfacet
  facet normal -0.998772 -0.0495518 -2.07832e-18
    outer loop
      vertex -3.22908 64.4992 2.2
      vertex -3.1266 62.4336 0
      vertex -3.1266 62.4336 2.2
    endloop
  endfacet
  facet normal -0.998452 -0.0556181 -1.201e-18
    outer loop
      vertex -3.01093 60.3571 0
      vertex -3.1266 62.4336 2.2
      vertex -3.1266 62.4336 0
    endloop
  endfacet
  facet normal -0.998452 -0.0556181 -1.201e-18
    outer loop
      vertex -3.1266 62.4336 2.2
      vertex -3.01093 60.3571 0
      vertex -3.01093 60.3571 2.2
    endloop
  endfacet
  facet normal -0.998071 -0.0620786 -5.02029e-18
    outer loop
      vertex -2.88147 58.2757 0
      vertex -3.01093 60.3571 2.2
      vertex -3.01093 60.3571 0
    endloop
  endfacet
  facet normal -0.998071 -0.0620786 -5.02029e-18
    outer loop
      vertex -3.01093 60.3571 2.2
      vertex -2.88147 58.2757 0
      vertex -2.88147 58.2757 2.2
    endloop
  endfacet
  facet normal -0.997609 -0.0691051 -5.28548e-18
    outer loop
      vertex -2.73738 56.1956 0
      vertex -2.88147 58.2757 2.2
      vertex -2.88147 58.2757 0
    endloop
  endfacet
  facet normal -0.997609 -0.0691051 -5.28548e-18
    outer loop
      vertex -2.88147 58.2757 2.2
      vertex -2.73738 56.1956 0
      vertex -2.73738 56.1956 2.2
    endloop
  endfacet
  facet normal -0.997055 -0.0766947 1.10234e-18
    outer loop
      vertex -2.57793 54.1227 0
      vertex -2.73738 56.1956 2.2
      vertex -2.73738 56.1956 0
    endloop
  endfacet
  facet normal -0.997055 -0.0766947 1.10234e-18
    outer loop
      vertex -2.73738 56.1956 2.2
      vertex -2.57793 54.1227 0
      vertex -2.57793 54.1227 2.2
    endloop
  endfacet
  facet normal -0.996383 -0.0849737 4.56584e-18
    outer loop
      vertex -2.4023 52.0633 0
      vertex -2.57793 54.1227 2.2
      vertex -2.57793 54.1227 0
    endloop
  endfacet
  facet normal -0.996383 -0.0849737 4.56584e-18
    outer loop
      vertex -2.57793 54.1227 2.2
      vertex -2.4023 52.0633 0
      vertex -2.4023 52.0633 2.2
    endloop
  endfacet
  facet normal -0.995573 -0.0939938 -2.04906e-20
    outer loop
      vertex -2.2097 50.0233 0
      vertex -2.4023 52.0633 2.2
      vertex -2.4023 52.0633 0
    endloop
  endfacet
  facet normal -0.995573 -0.0939938 -2.04906e-20
    outer loop
      vertex -2.4023 52.0633 2.2
      vertex -2.2097 50.0233 0
      vertex -2.2097 50.0233 2.2
    endloop
  endfacet
  facet normal -0.994597 -0.103814 -8.2855e-19
    outer loop
      vertex -1.9994 48.0085 0
      vertex -2.2097 50.0233 2.2
      vertex -2.2097 50.0233 0
    endloop
  endfacet
  facet normal -0.994597 -0.103814 -8.2855e-19
    outer loop
      vertex -2.2097 50.0233 2.2
      vertex -1.9994 48.0085 0
      vertex -1.9994 48.0085 2.2
    endloop
  endfacet
  facet normal -0.993399 -0.114709 2.4097e-18
    outer loop
      vertex -1.77034 46.0248 0
      vertex -1.9994 48.0085 2.2
      vertex -1.9994 48.0085 0
    endloop
  endfacet
  facet normal -0.993399 -0.114709 2.4097e-18
    outer loop
      vertex -1.9994 48.0085 2.2
      vertex -1.77034 46.0248 0
      vertex -1.77034 46.0248 2.2
    endloop
  endfacet
  facet normal -0.991947 -0.126653 -6.33501e-18
    outer loop
      vertex -1.52177 44.078 0
      vertex -1.77034 46.0248 2.2
      vertex -1.77034 46.0248 0
    endloop
  endfacet
  facet normal -0.991947 -0.126653 -6.33501e-18
    outer loop
      vertex -1.77034 46.0248 2.2
      vertex -1.52177 44.078 0
      vertex -1.52177 44.078 2.2
    endloop
  endfacet
  facet normal -0.990159 -0.139945 -8.52014e-18
    outer loop
      vertex -1.25261 42.1736 0
      vertex -1.52177 44.078 2.2
      vertex -1.52177 44.078 0
    endloop
  endfacet
  facet normal -0.990159 -0.139945 -8.52014e-18
    outer loop
      vertex -1.52177 44.078 2.2
      vertex -1.25261 42.1736 0
      vertex -1.25261 42.1736 2.2
    endloop
  endfacet
  facet normal -0.987953 -0.154753 -2.7494e-18
    outer loop
      vertex -0.961807 40.3171 0
      vertex -1.25261 42.1736 2.2
      vertex -1.25261 42.1736 0
    endloop
  endfacet
  facet normal -0.987953 -0.154753 -2.7494e-18
    outer loop
      vertex -1.25261 42.1736 2.2
      vertex -0.961807 40.3171 0
      vertex -0.961807 40.3171 2.2
    endloop
  endfacet
  facet normal -0.985211 -0.171345 1.98169e-18
    outer loop
      vertex -0.648148 38.5136 0
      vertex -0.961807 40.3171 2.2
      vertex -0.961807 40.3171 0
    endloop
  endfacet
  facet normal -0.985211 -0.171345 1.98169e-18
    outer loop
      vertex -0.961807 40.3171 2.2
      vertex -0.648148 38.5136 0
      vertex -0.648148 38.5136 2.2
    endloop
  endfacet
  facet normal -0.981768 -0.190086 1.11062e-17
    outer loop
      vertex -0.310211 36.7682 0
      vertex -0.648148 38.5136 2.2
      vertex -0.648148 38.5136 0
    endloop
  endfacet
  facet normal -0.981768 -0.190086 1.11062e-17
    outer loop
      vertex -0.648148 38.5136 2.2
      vertex -0.310211 36.7682 0
      vertex -0.310211 36.7682 2.2
    endloop
  endfacet
  facet normal -0.97741 -0.211354 -1.34082e-17
    outer loop
      vertex 0.0535889 35.0858 0
      vertex -0.310211 36.7682 2.2
      vertex -0.310211 36.7682 0
    endloop
  endfacet
  facet normal -0.97741 -0.211354 -1.34082e-17
    outer loop
      vertex -0.310211 36.7682 2.2
      vertex 0.0535889 35.0858 0
      vertex 0.0535889 35.0858 2.2
    endloop
  endfacet
  facet normal -0.971857 -0.23557 1.43223e-17
    outer loop
      vertex 0.445221 33.4701 0
      vertex 0.0535889 35.0858 2.2
      vertex 0.0535889 35.0858 0
    endloop
  endfacet
  facet normal -0.971857 -0.23557 1.43223e-17
    outer loop
      vertex 0.0535889 35.0858 2.2
      vertex 0.445221 33.4701 0
      vertex 0.445221 33.4701 2.2
    endloop
  endfacet
  facet normal -0.964638 -0.263578 -3.38198e-18
    outer loop
      vertex 0.867432 31.9249 0
      vertex 0.445221 33.4701 2.2
      vertex 0.445221 33.4701 0
    endloop
  endfacet
  facet normal -0.964638 -0.263578 -3.38198e-18
    outer loop
      vertex 0.445221 33.4701 2.2
      vertex 0.867432 31.9249 0
      vertex 0.867432 31.9249 2.2
    endloop
  endfacet
  facet normal -0.955178 -0.296034 -1.10007e-17
    outer loop
      vertex 1.32358 30.4531 0
      vertex 0.867432 31.9249 2.2
      vertex 0.867432 31.9249 0
    endloop
  endfacet
  facet normal -0.955178 -0.296034 -1.10007e-17
    outer loop
      vertex 0.867432 31.9249 2.2
      vertex 1.32358 30.4531 0
      vertex 1.32358 30.4531 2.2
    endloop
  endfacet
  facet normal -0.942549 -0.334067 -1.55905e-18
    outer loop
      vertex 1.81854 29.0566 0
      vertex 1.32358 30.4531 2.2
      vertex 1.32358 30.4531 0
    endloop
  endfacet
  facet normal -0.942549 -0.334067 -1.55905e-18
    outer loop
      vertex 1.32358 30.4531 2.2
      vertex 1.81854 29.0566 0
      vertex 1.81854 29.0566 2.2
    endloop
  endfacet
  facet normal -0.925536 -0.37866 -5.98146e-19
    outer loop
      vertex 1.84006 29.004 0
      vertex 1.81854 29.0566 2.2
      vertex 1.81854 29.0566 0
    endloop
  endfacet
  facet normal -0.925536 -0.37866 -5.98146e-19
    outer loop
      vertex 1.81854 29.0566 2.2
      vertex 1.84006 29.004 0
      vertex 1.84006 29.004 2.2
    endloop
  endfacet
  facet normal -0.728887 -0.684634 -3.6226e-19
    outer loop
      vertex 5.99672 22.4175 0
      vertex 5.97831 22.4371 2.2
      vertex 5.97831 22.4371 0
    endloop
  endfacet
  facet normal -0.728887 -0.684634 -3.6226e-19
    outer loop
      vertex 5.97831 22.4371 2.2
      vertex 5.99672 22.4175 0
      vertex 5.99672 22.4175 2.2
    endloop
  endfacet
  facet normal -0.702672 -0.711514 0
    outer loop
      vertex 5.99672 22.4175 0
      vertex 6.10294 22.3126 2.2
      vertex 5.99672 22.4175 2.2
    endloop
  endfacet
  facet normal -0.702672 -0.711514 -0
    outer loop
      vertex 6.10294 22.3126 2.2
      vertex 5.99672 22.4175 0
      vertex 6.10294 22.3126 0
    endloop
  endfacet
  facet normal -0.679181 -0.733971 0
    outer loop
      vertex 6.10294 22.3126 0
      vertex 6.19966 22.2231 2.2
      vertex 6.10294 22.3126 2.2
    endloop
  endfacet
  facet normal -0.679181 -0.733971 -0
    outer loop
      vertex 6.19966 22.2231 2.2
      vertex 6.10294 22.3126 0
      vertex 6.19966 22.2231 0
    endloop
  endfacet
  facet normal -0.658588 -0.752503 0
    outer loop
      vertex 6.19966 22.2231 0
      vertex 6.30775 22.1285 2.2
      vertex 6.19966 22.2231 2.2
    endloop
  endfacet
  facet normal -0.658588 -0.752503 -0
    outer loop
      vertex 6.30775 22.1285 2.2
      vertex 6.19966 22.2231 0
      vertex 6.30775 22.1285 0
    endloop
  endfacet
  facet normal -0.628813 -0.777557 0
    outer loop
      vertex 6.30775 22.1285 0
      vertex 6.42448 22.0341 2.2
      vertex 6.30775 22.1285 2.2
    endloop
  endfacet
  facet normal -0.628813 -0.777557 -0
    outer loop
      vertex 6.42448 22.0341 2.2
      vertex 6.30775 22.1285 0
      vertex 6.42448 22.0341 0
    endloop
  endfacet
  facet normal -0.603711 -0.797203 0
    outer loop
      vertex 6.42448 22.0341 0
      vertex 6.53976 21.9468 2.2
      vertex 6.42448 22.0341 2.2
    endloop
  endfacet
  facet normal -0.603711 -0.797203 -0
    outer loop
      vertex 6.53976 21.9468 2.2
      vertex 6.42448 22.0341 0
      vertex 6.53976 21.9468 0
    endloop
  endfacet
  facet normal -0.575242 -0.817983 0
    outer loop
      vertex 6.53976 21.9468 0
      vertex 6.65167 21.8681 2.2
      vertex 6.53976 21.9468 2.2
    endloop
  endfacet
  facet normal -0.575242 -0.817983 -0
    outer loop
      vertex 6.65167 21.8681 2.2
      vertex 6.53976 21.9468 0
      vertex 6.65167 21.8681 0
    endloop
  endfacet
  facet normal -0.552663 -0.833405 0
    outer loop
      vertex 6.65167 21.8681 0
      vertex 6.76884 21.7904 2.2
      vertex 6.65167 21.8681 2.2
    endloop
  endfacet
  facet normal -0.552663 -0.833405 -0
    outer loop
      vertex 6.76884 21.7904 2.2
      vertex 6.65167 21.8681 0
      vertex 6.76884 21.7904 0
    endloop
  endfacet
  facet normal -0.520632 -0.853781 0
    outer loop
      vertex 6.76884 21.7904 0
      vertex 6.8938 21.7142 2.2
      vertex 6.76884 21.7904 2.2
    endloop
  endfacet
  facet normal -0.520632 -0.853781 -0
    outer loop
      vertex 6.8938 21.7142 2.2
      vertex 6.76884 21.7904 0
      vertex 6.8938 21.7142 0
    endloop
  endfacet
  facet normal -0.494737 -0.869043 0
    outer loop
      vertex 6.8938 21.7142 0
      vertex 7.02203 21.6412 2.2
      vertex 6.8938 21.7142 2.2
    endloop
  endfacet
  facet normal -0.494737 -0.869043 -0
    outer loop
      vertex 7.02203 21.6412 2.2
      vertex 6.8938 21.7142 0
      vertex 7.02203 21.6412 0
    endloop
  endfacet
  facet normal -0.46052 -0.887649 0
    outer loop
      vertex 7.02203 21.6412 0
      vertex 7.14963 21.575 2.2
      vertex 7.02203 21.6412 2.2
    endloop
  endfacet
  facet normal -0.46052 -0.887649 -0
    outer loop
      vertex 7.14963 21.575 2.2
      vertex 7.02203 21.6412 0
      vertex 7.14963 21.575 0
    endloop
  endfacet
  facet normal -0.435435 -0.90022 0
    outer loop
      vertex 7.14963 21.575 0
      vertex 7.27078 21.5164 2.2
      vertex 7.14963 21.575 2.2
    endloop
  endfacet
  facet normal -0.435435 -0.90022 -0
    outer loop
      vertex 7.27078 21.5164 2.2
      vertex 7.14963 21.575 0
      vertex 7.27078 21.5164 0
    endloop
  endfacet
  facet normal -0.405143 -0.914253 0
    outer loop
      vertex 7.27078 21.5164 0
      vertex 7.4055 21.4567 2.2
      vertex 7.27078 21.5164 2.2
    endloop
  endfacet
  facet normal -0.405143 -0.914253 -0
    outer loop
      vertex 7.4055 21.4567 2.2
      vertex 7.27078 21.5164 0
      vertex 7.4055 21.4567 0
    endloop
  endfacet
  facet normal -0.372605 -0.92799 0
    outer loop
      vertex 7.4055 21.4567 0
      vertex 7.54248 21.4017 2.2
      vertex 7.4055 21.4567 2.2
    endloop
  endfacet
  facet normal -0.372605 -0.92799 -0
    outer loop
      vertex 7.54248 21.4017 2.2
      vertex 7.4055 21.4567 0
      vertex 7.54248 21.4017 0
    endloop
  endfacet
  facet normal -0.341168 -0.940003 0
    outer loop
      vertex 7.54248 21.4017 0
      vertex 7.67363 21.3541 2.2
      vertex 7.54248 21.4017 2.2
    endloop
  endfacet
  facet normal -0.341168 -0.940003 -0
    outer loop
      vertex 7.67363 21.3541 2.2
      vertex 7.54248 21.4017 0
      vertex 7.67363 21.3541 0
    endloop
  endfacet
  facet normal -0.312161 -0.950029 0
    outer loop
      vertex 7.67363 21.3541 0
      vertex 7.8118 21.3087 2.2
      vertex 7.67363 21.3541 2.2
    endloop
  endfacet
  facet normal -0.312161 -0.950029 -0
    outer loop
      vertex 7.8118 21.3087 2.2
      vertex 7.67363 21.3541 0
      vertex 7.8118 21.3087 0
    endloop
  endfacet
  facet normal -0.276729 -0.960948 0
    outer loop
      vertex 7.8118 21.3087 0
      vertex 7.94827 21.2694 2.2
      vertex 7.8118 21.3087 2.2
    endloop
  endfacet
  facet normal -0.276729 -0.960948 -0
    outer loop
      vertex 7.94827 21.2694 2.2
      vertex 7.8118 21.3087 0
      vertex 7.94827 21.2694 0
    endloop
  endfacet
  facet normal -0.248375 -0.968664 0
    outer loop
      vertex 7.94827 21.2694 0
      vertex 8.07892 21.2359 2.2
      vertex 7.94827 21.2694 2.2
    endloop
  endfacet
  facet normal -0.248375 -0.968664 -0
    outer loop
      vertex 8.07892 21.2359 2.2
      vertex 7.94827 21.2694 0
      vertex 8.07892 21.2359 0
    endloop
  endfacet
  facet normal -0.216916 -0.97619 0
    outer loop
      vertex 8.07892 21.2359 0
      vertex 8.22023 21.2045 2.2
      vertex 8.07892 21.2359 2.2
    endloop
  endfacet
  facet normal -0.216916 -0.97619 -0
    outer loop
      vertex 8.22023 21.2045 2.2
      vertex 8.07892 21.2359 0
      vertex 8.22023 21.2045 0
    endloop
  endfacet
  facet normal -0.183223 -0.983071 0
    outer loop
      vertex 8.22023 21.2045 0
      vertex 8.36617 21.1773 2.2
      vertex 8.22023 21.2045 2.2
    endloop
  endfacet
  facet normal -0.183223 -0.983071 -0
    outer loop
      vertex 8.36617 21.1773 2.2
      vertex 8.22023 21.2045 0
      vertex 8.36617 21.1773 0
    endloop
  endfacet
  facet normal -0.148569 -0.988902 0
    outer loop
      vertex 8.36617 21.1773 0
      vertex 8.50595 21.1563 2.2
      vertex 8.36617 21.1773 2.2
    endloop
  endfacet
  facet normal -0.148569 -0.988902 -0
    outer loop
      vertex 8.50595 21.1563 2.2
      vertex 8.36617 21.1773 0
      vertex 8.50595 21.1563 0
    endloop
  endfacet
  facet normal -0.118128 -0.992998 0
    outer loop
      vertex 8.50595 21.1563 0
      vertex 8.64381 21.1399 2.2
      vertex 8.50595 21.1563 2.2
    endloop
  endfacet
  facet normal -0.118128 -0.992998 -0
    outer loop
      vertex 8.64381 21.1399 2.2
      vertex 8.50595 21.1563 0
      vertex 8.64381 21.1399 0
    endloop
  endfacet
  facet normal -0.0850006 -0.996381 0
    outer loop
      vertex 8.64381 21.1399 0
      vertex 8.79268 21.1272 2.2
      vertex 8.64381 21.1399 2.2
    endloop
  endfacet
  facet normal -0.0850006 -0.996381 -0
    outer loop
      vertex 8.79268 21.1272 2.2
      vertex 8.64381 21.1399 0
      vertex 8.79268 21.1272 0
    endloop
  endfacet
  facet normal -0.0490002 -0.998799 0
    outer loop
      vertex 8.79268 21.1272 0
      vertex 8.94148 21.1199 2.2
      vertex 8.79268 21.1272 2.2
    endloop
  endfacet
  facet normal -0.0490002 -0.998799 -0
    outer loop
      vertex 8.94148 21.1199 2.2
      vertex 8.79268 21.1272 0
      vertex 8.94148 21.1199 0
    endloop
  endfacet
  facet normal -0.0150964 -0.999886 0
    outer loop
      vertex 8.94148 21.1199 0
      vertex 9.08057 21.1178 2.2
      vertex 8.94148 21.1199 2.2
    endloop
  endfacet
  facet normal -0.0150964 -0.999886 -0
    outer loop
      vertex 9.08057 21.1178 2.2
      vertex 8.94148 21.1199 0
      vertex 9.08057 21.1178 0
    endloop
  endfacet
  facet normal 0.0150693 -0.999886 0
    outer loop
      vertex 9.08057 21.1178 0
      vertex 9.21991 21.1199 2.2
      vertex 9.08057 21.1178 2.2
    endloop
  endfacet
  facet normal 0.0150693 -0.999886 0
    outer loop
      vertex 9.21991 21.1199 2.2
      vertex 9.08057 21.1178 0
      vertex 9.21991 21.1199 0
    endloop
  endfacet
  facet normal 0.0490278 -0.998797 0
    outer loop
      vertex 9.21991 21.1199 0
      vertex 9.35844 21.1267 2.2
      vertex 9.21991 21.1199 2.2
    endloop
  endfacet
  facet normal 0.0490278 -0.998797 0
    outer loop
      vertex 9.35844 21.1267 2.2
      vertex 9.21991 21.1199 0
      vertex 9.35844 21.1267 0
    endloop
  endfacet
  facet normal 0.0794216 -0.996841 0
    outer loop
      vertex 9.35844 21.1267 0
      vertex 9.5078 21.1386 2.2
      vertex 9.35844 21.1267 2.2
    endloop
  endfacet
  facet normal 0.0794216 -0.996841 0
    outer loop
      vertex 9.5078 21.1386 2.2
      vertex 9.35844 21.1267 0
      vertex 9.5078 21.1386 0
    endloop
  endfacet
  facet normal 0.119199 -0.99287 0
    outer loop
      vertex 9.5078 21.1386 0
      vertex 9.5811 21.1474 2.2
      vertex 9.5078 21.1386 2.2
    endloop
  endfacet
  facet normal 0.119199 -0.99287 0
    outer loop
      vertex 9.5811 21.1474 2.2
      vertex 9.5078 21.1386 0
      vertex 9.5811 21.1474 0
    endloop
  endfacet
  facet normal 0.0886091 -0.996066 0
    outer loop
      vertex 9.5811 21.1474 0
      vertex 11.7675 21.3419 2.2
      vertex 9.5811 21.1474 2.2
    endloop
  endfacet
  facet normal 0.0886091 -0.996066 0
    outer loop
      vertex 11.7675 21.3419 2.2
      vertex 9.5811 21.1474 0
      vertex 11.7675 21.3419 0
    endloop
  endfacet
  facet normal 0.0927948 -0.995685 0
    outer loop
      vertex 11.7675 21.3419 0
      vertex 13.9371 21.5441 2.2
      vertex 11.7675 21.3419 2.2
    endloop
  endfacet
  facet normal 0.0927948 -0.995685 0
    outer loop
      vertex 13.9371 21.5441 2.2
      vertex 11.7675 21.3419 0
      vertex 13.9371 21.5441 0
    endloop
  endfacet
  facet normal 0.0971254 -0.995272 0
    outer loop
      vertex 13.9371 21.5441 0
      vertex 16.0132 21.7467 2.2
      vertex 13.9371 21.5441 2.2
    endloop
  endfacet
  facet normal 0.0971254 -0.995272 0
    outer loop
      vertex 16.0132 21.7467 2.2
      vertex 13.9371 21.5441 0
      vertex 16.0132 21.7467 0
    endloop
  endfacet
  facet normal 0.10183 -0.994802 0
    outer loop
      vertex 16.0132 21.7467 0
      vertex 17.9983 21.9499 2.2
      vertex 16.0132 21.7467 2.2
    endloop
  endfacet
  facet normal 0.10183 -0.994802 0
    outer loop
      vertex 17.9983 21.9499 2.2
      vertex 16.0132 21.7467 0
      vertex 17.9983 21.9499 0
    endloop
  endfacet
  facet normal 0.106759 -0.994285 0
    outer loop
      vertex 17.9983 21.9499 0
      vertex 19.8945 22.1535 2.2
      vertex 17.9983 21.9499 2.2
    endloop
  endfacet
  facet normal 0.106759 -0.994285 0
    outer loop
      vertex 19.8945 22.1535 2.2
      vertex 17.9983 21.9499 0
      vertex 19.8945 22.1535 0
    endloop
  endfacet
  facet normal 0.111896 -0.99372 0
    outer loop
      vertex 19.8945 22.1535 0
      vertex 21.7044 22.3573 2.2
      vertex 19.8945 22.1535 2.2
    endloop
  endfacet
  facet normal 0.111896 -0.99372 0
    outer loop
      vertex 21.7044 22.3573 2.2
      vertex 19.8945 22.1535 0
      vertex 21.7044 22.3573 0
    endloop
  endfacet
  facet normal 0.117469 -0.993077 0
    outer loop
      vertex 21.7044 22.3573 0
      vertex 23.4307 22.5615 2.2
      vertex 21.7044 22.3573 2.2
    endloop
  endfacet
  facet normal 0.117469 -0.993077 0
    outer loop
      vertex 23.4307 22.5615 2.2
      vertex 21.7044 22.3573 0
      vertex 23.4307 22.5615 0
    endloop
  endfacet
  facet normal 0.123344 -0.992364 0
    outer loop
      vertex 23.4307 22.5615 0
      vertex 25.0752 22.7659 2.2
      vertex 23.4307 22.5615 2.2
    endloop
  endfacet
  facet normal 0.123344 -0.992364 0
    outer loop
      vertex 25.0752 22.7659 2.2
      vertex 23.4307 22.5615 0
      vertex 25.0752 22.7659 0
    endloop
  endfacet
  facet normal 0.129496 -0.99158 0
    outer loop
      vertex 25.0752 22.7659 0
      vertex 26.6411 22.9704 2.2
      vertex 25.0752 22.7659 2.2
    endloop
  endfacet
  facet normal 0.129496 -0.99158 0
    outer loop
      vertex 26.6411 22.9704 2.2
      vertex 25.0752 22.7659 0
      vertex 26.6411 22.9704 0
    endloop
  endfacet
  facet normal 0.136214 -0.990679 0
    outer loop
      vertex 26.6411 22.9704 0
      vertex 28.1306 23.1752 2.2
      vertex 26.6411 22.9704 2.2
    endloop
  endfacet
  facet normal 0.136214 -0.990679 0
    outer loop
      vertex 28.1306 23.1752 2.2
      vertex 26.6411 22.9704 0
      vertex 28.1306 23.1752 0
    endloop
  endfacet
  facet normal 0.143281 -0.989682 0
    outer loop
      vertex 28.1306 23.1752 0
      vertex 29.5459 23.3801 2.2
      vertex 28.1306 23.1752 2.2
    endloop
  endfacet
  facet normal 0.143281 -0.989682 0
    outer loop
      vertex 29.5459 23.3801 2.2
      vertex 28.1306 23.1752 0
      vertex 29.5459 23.3801 0
    endloop
  endfacet
  facet normal 0.150797 -0.988565 0
    outer loop
      vertex 29.5459 23.3801 0
      vertex 30.8898 23.5851 2.2
      vertex 29.5459 23.3801 2.2
    endloop
  endfacet
  facet normal 0.150797 -0.988565 0
    outer loop
      vertex 30.8898 23.5851 2.2
      vertex 29.5459 23.3801 0
      vertex 30.8898 23.5851 0
    endloop
  endfacet
  facet normal 0.158821 -0.987307 0
    outer loop
      vertex 30.8898 23.5851 0
      vertex 32.1648 23.7902 2.2
      vertex 30.8898 23.5851 2.2
    endloop
  endfacet
  facet normal 0.158821 -0.987307 0
    outer loop
      vertex 32.1648 23.7902 2.2
      vertex 30.8898 23.5851 0
      vertex 32.1648 23.7902 0
    endloop
  endfacet
  facet normal 0.167401 -0.985889 0
    outer loop
      vertex 32.1648 23.7902 0
      vertex 33.3733 23.9954 2.2
      vertex 32.1648 23.7902 2.2
    endloop
  endfacet
  facet normal 0.167401 -0.985889 0
    outer loop
      vertex 33.3733 23.9954 2.2
      vertex 32.1648 23.7902 0
      vertex 33.3733 23.9954 0
    endloop
  endfacet
  facet normal 0.176562 -0.98429 0
    outer loop
      vertex 33.3733 23.9954 0
      vertex 34.5178 24.2007 2.2
      vertex 33.3733 23.9954 2.2
    endloop
  endfacet
  facet normal 0.176562 -0.98429 0
    outer loop
      vertex 34.5178 24.2007 2.2
      vertex 33.3733 23.9954 0
      vertex 34.5178 24.2007 0
    endloop
  endfacet
  facet normal 0.186249 -0.982503 0
    outer loop
      vertex 34.5178 24.2007 0
      vertex 35.6008 24.406 2.2
      vertex 34.5178 24.2007 2.2
    endloop
  endfacet
  facet normal 0.186249 -0.982503 0
    outer loop
      vertex 35.6008 24.406 2.2
      vertex 34.5178 24.2007 0
      vertex 35.6008 24.406 0
    endloop
  endfacet
  facet normal 0.196724 -0.980459 0
    outer loop
      vertex 35.6008 24.406 0
      vertex 36.625 24.6115 2.2
      vertex 35.6008 24.406 2.2
    endloop
  endfacet
  facet normal 0.196724 -0.980459 0
    outer loop
      vertex 36.625 24.6115 2.2
      vertex 35.6008 24.406 0
      vertex 36.625 24.6115 0
    endloop
  endfacet
  facet normal 0.207879 -0.978154 0
    outer loop
      vertex 36.625 24.6115 0
      vertex 37.5929 24.8172 2.2
      vertex 36.625 24.6115 2.2
    endloop
  endfacet
  facet normal 0.207879 -0.978154 0
    outer loop
      vertex 37.5929 24.8172 2.2
      vertex 36.625 24.6115 0
      vertex 37.5929 24.8172 0
    endloop
  endfacet
  facet normal 0.219822 -0.97554 0
    outer loop
      vertex 37.5929 24.8172 0
      vertex 38.5071 25.0232 2.2
      vertex 37.5929 24.8172 2.2
    endloop
  endfacet
  facet normal 0.219822 -0.97554 0
    outer loop
      vertex 38.5071 25.0232 2.2
      vertex 37.5929 24.8172 0
      vertex 38.5071 25.0232 0
    endloop
  endfacet
  facet normal 0.232631 -0.972565 0
    outer loop
      vertex 38.5071 25.0232 0
      vertex 39.37 25.2296 2.2
      vertex 38.5071 25.0232 2.2
    endloop
  endfacet
  facet normal 0.232631 -0.972565 0
    outer loop
      vertex 39.37 25.2296 2.2
      vertex 38.5071 25.0232 0
      vertex 39.37 25.2296 0
    endloop
  endfacet
  facet normal 0.246315 -0.96919 0
    outer loop
      vertex 39.37 25.2296 0
      vertex 40.1841 25.4365 2.2
      vertex 39.37 25.2296 2.2
    endloop
  endfacet
  facet normal 0.246315 -0.96919 0
    outer loop
      vertex 40.1841 25.4365 2.2
      vertex 39.37 25.2296 0
      vertex 40.1841 25.4365 0
    endloop
  endfacet
  facet normal 0.260722 -0.965414 0
    outer loop
      vertex 40.1841 25.4365 0
      vertex 40.9517 25.6438 2.2
      vertex 40.1841 25.4365 2.2
    endloop
  endfacet
  facet normal 0.260722 -0.965414 0
    outer loop
      vertex 40.9517 25.6438 2.2
      vertex 40.1841 25.4365 0
      vertex 40.9517 25.6438 0
    endloop
  endfacet
  facet normal 0.276159 -0.961112 0
    outer loop
      vertex 40.9517 25.6438 0
      vertex 41.6756 25.8518 2.2
      vertex 40.9517 25.6438 2.2
    endloop
  endfacet
  facet normal 0.276159 -0.961112 0
    outer loop
      vertex 41.6756 25.8518 2.2
      vertex 40.9517 25.6438 0
      vertex 41.6756 25.8518 0
    endloop
  endfacet
  facet normal 0.292571 -0.956244 0
    outer loop
      vertex 41.6756 25.8518 0
      vertex 42.3587 26.0608 2.2
      vertex 41.6756 25.8518 2.2
    endloop
  endfacet
  facet normal 0.292571 -0.956244 0
    outer loop
      vertex 42.3587 26.0608 2.2
      vertex 41.6756 25.8518 0
      vertex 42.3587 26.0608 0
    endloop
  endfacet
  facet normal 0.310151 -0.950687 0
    outer loop
      vertex 42.3587 26.0608 0
      vertex 43.0024 26.2708 2.2
      vertex 42.3587 26.0608 2.2
    endloop
  endfacet
  facet normal 0.310151 -0.950687 0
    outer loop
      vertex 43.0024 26.2708 2.2
      vertex 42.3587 26.0608 0
      vertex 43.0024 26.2708 0
    endloop
  endfacet
  facet normal 0.328249 -0.944591 0
    outer loop
      vertex 43.0024 26.2708 0
      vertex 43.6093 26.4817 2.2
      vertex 43.0024 26.2708 2.2
    endloop
  endfacet
  facet normal 0.328249 -0.944591 0
    outer loop
      vertex 43.6093 26.4817 2.2
      vertex 43.0024 26.2708 0
      vertex 43.6093 26.4817 0
    endloop
  endfacet
  facet normal 0.347784 -0.937575 0
    outer loop
      vertex 43.6093 26.4817 0
      vertex 44.1819 26.6941 2.2
      vertex 43.6093 26.4817 2.2
    endloop
  endfacet
  facet normal 0.347784 -0.937575 0
    outer loop
      vertex 44.1819 26.6941 2.2
      vertex 43.6093 26.4817 0
      vertex 44.1819 26.6941 0
    endloop
  endfacet
  facet normal 0.367915 -0.929859 0
    outer loop
      vertex 44.1819 26.6941 0
      vertex 44.722 26.9078 2.2
      vertex 44.1819 26.6941 2.2
    endloop
  endfacet
  facet normal 0.367915 -0.929859 0
    outer loop
      vertex 44.722 26.9078 2.2
      vertex 44.1819 26.6941 0
      vertex 44.722 26.9078 0
    endloop
  endfacet
  facet normal 0.388713 -0.921359 0
    outer loop
      vertex 44.722 26.9078 0
      vertex 45.2309 27.1225 2.2
      vertex 44.722 26.9078 2.2
    endloop
  endfacet
  facet normal 0.388713 -0.921359 0
    outer loop
      vertex 45.2309 27.1225 2.2
      vertex 44.722 26.9078 0
      vertex 45.2309 27.1225 0
    endloop
  endfacet
  facet normal 0.41012 -0.912032 0
    outer loop
      vertex 45.2309 27.1225 0
      vertex 45.7108 27.3383 2.2
      vertex 45.2309 27.1225 2.2
    endloop
  endfacet
  facet normal 0.41012 -0.912032 0
    outer loop
      vertex 45.7108 27.3383 2.2
      vertex 45.2309 27.1225 0
      vertex 45.7108 27.3383 0
    endloop
  endfacet
  facet normal 0.431935 -0.901905 0
    outer loop
      vertex 45.7108 27.3383 0
      vertex 46.1637 27.5552 2.2
      vertex 45.7108 27.3383 2.2
    endloop
  endfacet
  facet normal 0.431935 -0.901905 0
    outer loop
      vertex 46.1637 27.5552 2.2
      vertex 45.7108 27.3383 0
      vertex 46.1637 27.5552 0
    endloop
  endfacet
  facet normal 0.454064 -0.890969 0
    outer loop
      vertex 46.1637 27.5552 0
      vertex 46.5895 27.7722 2.2
      vertex 46.1637 27.5552 2.2
    endloop
  endfacet
  facet normal 0.454064 -0.890969 0
    outer loop
      vertex 46.5895 27.7722 2.2
      vertex 46.1637 27.5552 0
      vertex 46.5895 27.7722 0
    endloop
  endfacet
  facet normal 0.475306 -0.879821 0
    outer loop
      vertex 46.5895 27.7722 0
      vertex 46.9897 27.9884 2.2
      vertex 46.5895 27.7722 2.2
    endloop
  endfacet
  facet normal 0.475306 -0.879821 0
    outer loop
      vertex 46.9897 27.9884 2.2
      vertex 46.5895 27.7722 0
      vertex 46.9897 27.9884 0
    endloop
  endfacet
  facet normal 0.496313 -0.868143 0
    outer loop
      vertex 46.9897 27.9884 0
      vertex 47.3649 28.2029 2.2
      vertex 46.9897 27.9884 2.2
    endloop
  endfacet
  facet normal 0.496313 -0.868143 0
    outer loop
      vertex 47.3649 28.2029 2.2
      vertex 46.9897 27.9884 0
      vertex 47.3649 28.2029 0
    endloop
  endfacet
  facet normal 0.515788 -0.856716 0
    outer loop
      vertex 47.3649 28.2029 0
      vertex 47.7157 28.4141 2.2
      vertex 47.3649 28.2029 2.2
    endloop
  endfacet
  facet normal 0.515788 -0.856716 0
    outer loop
      vertex 47.7157 28.4141 2.2
      vertex 47.3649 28.2029 0
      vertex 47.7157 28.4141 0
    endloop
  endfacet
  facet normal 0.533759 -0.845636 0
    outer loop
      vertex 47.7157 28.4141 0
      vertex 48.0427 28.6205 2.2
      vertex 47.7157 28.4141 2.2
    endloop
  endfacet
  facet normal 0.533759 -0.845636 0
    outer loop
      vertex 48.0427 28.6205 2.2
      vertex 47.7157 28.4141 0
      vertex 48.0427 28.6205 0
    endloop
  endfacet
  facet normal 0.549216 -0.83568 0
    outer loop
      vertex 48.0427 28.6205 0
      vertex 48.3458 28.8197 2.2
      vertex 48.0427 28.6205 2.2
    endloop
  endfacet
  facet normal 0.549216 -0.83568 0
    outer loop
      vertex 48.3458 28.8197 2.2
      vertex 48.0427 28.6205 0
      vertex 48.3458 28.8197 0
    endloop
  endfacet
  facet normal 0.562092 -0.827074 0
    outer loop
      vertex 48.3458 28.8197 0
      vertex 48.6264 29.0104 2.2
      vertex 48.3458 28.8197 2.2
    endloop
  endfacet
  facet normal 0.562092 -0.827074 0
    outer loop
      vertex 48.6264 29.0104 2.2
      vertex 48.3458 28.8197 0
      vertex 48.6264 29.0104 0
    endloop
  endfacet
  facet normal 0.571923 -0.820308 0
    outer loop
      vertex 48.6264 29.0104 0
      vertex 48.884 29.19 2.2
      vertex 48.6264 29.0104 2.2
    endloop
  endfacet
  facet normal 0.571923 -0.820308 0
    outer loop
      vertex 48.884 29.19 2.2
      vertex 48.6264 29.0104 0
      vertex 48.884 29.19 0
    endloop
  endfacet
  facet normal 0.577555 -0.816352 0
    outer loop
      vertex 48.884 29.19 0
      vertex 49.1192 29.3564 2.2
      vertex 48.884 29.19 2.2
    endloop
  endfacet
  facet normal 0.577555 -0.816352 0
    outer loop
      vertex 49.1192 29.3564 2.2
      vertex 48.884 29.19 0
      vertex 49.1192 29.3564 0
    endloop
  endfacet
  facet normal 0.578939 -0.815371 0
    outer loop
      vertex 49.1192 29.3564 0
      vertex 49.3375 29.5114 2.2
      vertex 49.1192 29.3564 2.2
    endloop
  endfacet
  facet normal 0.578939 -0.815371 0
    outer loop
      vertex 49.3375 29.5114 2.2
      vertex 49.1192 29.3564 0
      vertex 49.3375 29.5114 0
    endloop
  endfacet
  facet normal 0.576467 -0.81712 0
    outer loop
      vertex 49.3375 29.5114 0
      vertex 49.5307 29.6477 2.2
      vertex 49.3375 29.5114 2.2
    endloop
  endfacet
  facet normal 0.576467 -0.81712 0
    outer loop
      vertex 49.5307 29.6477 2.2
      vertex 49.3375 29.5114 0
      vertex 49.5307 29.6477 0
    endloop
  endfacet
  facet normal 0.569234 -0.822176 0
    outer loop
      vertex 49.5307 29.6477 0
      vertex 49.7111 29.7726 2.2
      vertex 49.5307 29.6477 2.2
    endloop
  endfacet
  facet normal 0.569234 -0.822176 0
    outer loop
      vertex 49.7111 29.7726 2.2
      vertex 49.5307 29.6477 0
      vertex 49.7111 29.7726 0
    endloop
  endfacet
  facet normal 0.557137 -0.830421 0
    outer loop
      vertex 49.7111 29.7726 0
      vertex 49.8761 29.8833 2.2
      vertex 49.7111 29.7726 2.2
    endloop
  endfacet
  facet normal 0.557137 -0.830421 0
    outer loop
      vertex 49.8761 29.8833 2.2
      vertex 49.7111 29.7726 0
      vertex 49.8761 29.8833 0
    endloop
  endfacet
  facet normal 0.541281 -0.840841 0
    outer loop
      vertex 49.8761 29.8833 0
      vertex 50.0302 29.9825 2.2
      vertex 49.8761 29.8833 2.2
    endloop
  endfacet
  facet normal 0.541281 -0.840841 0
    outer loop
      vertex 50.0302 29.9825 2.2
      vertex 49.8761 29.8833 0
      vertex 50.0302 29.9825 0
    endloop
  endfacet
  facet normal 0.521073 -0.853512 0
    outer loop
      vertex 50.0302 29.9825 0
      vertex 50.1768 30.072 2.2
      vertex 50.0302 29.9825 2.2
    endloop
  endfacet
  facet normal 0.521073 -0.853512 0
    outer loop
      vertex 50.1768 30.072 2.2
      vertex 50.0302 29.9825 0
      vertex 50.1768 30.072 0
    endloop
  endfacet
  facet normal 0.49679 -0.867871 0
    outer loop
      vertex 50.1768 30.072 0
      vertex 50.3204 30.1542 2.2
      vertex 50.1768 30.072 2.2
    endloop
  endfacet
  facet normal 0.49679 -0.867871 0
    outer loop
      vertex 50.3204 30.1542 2.2
      vertex 50.1768 30.072 0
      vertex 50.3204 30.1542 0
    endloop
  endfacet
  facet normal 0.470142 -0.882591 0
    outer loop
      vertex 50.3204 30.1542 0
      vertex 50.4642 30.2308 2.2
      vertex 50.3204 30.1542 2.2
    endloop
  endfacet
  facet normal 0.470142 -0.882591 0
    outer loop
      vertex 50.4642 30.2308 2.2
      vertex 50.3204 30.1542 0
      vertex 50.4642 30.2308 0
    endloop
  endfacet
  facet normal 0.439261 -0.89836 0
    outer loop
      vertex 50.4642 30.2308 0
      vertex 50.6227 30.3083 2.2
      vertex 50.4642 30.2308 2.2
    endloop
  endfacet
  facet normal 0.439261 -0.89836 0
    outer loop
      vertex 50.6227 30.3083 2.2
      vertex 50.4642 30.2308 0
      vertex 50.6227 30.3083 0
    endloop
  endfacet
  facet normal 0.410009 -0.912081 0
    outer loop
      vertex 50.6227 30.3083 0
      vertex 50.8149 30.3947 2.2
      vertex 50.6227 30.3083 2.2
    endloop
  endfacet
  facet normal 0.410009 -0.912081 0
    outer loop
      vertex 50.8149 30.3947 2.2
      vertex 50.6227 30.3083 0
      vertex 50.8149 30.3947 0
    endloop
  endfacet
  facet normal 0.383358 -0.9236 0
    outer loop
      vertex 50.8149 30.3947 0
      vertex 51.0445 30.49 2.2
      vertex 50.8149 30.3947 2.2
    endloop
  endfacet
  facet normal 0.383358 -0.9236 0
    outer loop
      vertex 51.0445 30.49 2.2
      vertex 50.8149 30.3947 0
      vertex 51.0445 30.49 0
    endloop
  endfacet
  facet normal 0.359121 -0.933291 0
    outer loop
      vertex 51.0445 30.49 0
      vertex 51.3088 30.5917 2.2
      vertex 51.0445 30.49 2.2
    endloop
  endfacet
  facet normal 0.359121 -0.933291 0
    outer loop
      vertex 51.3088 30.5917 2.2
      vertex 51.0445 30.49 0
      vertex 51.3088 30.5917 0
    endloop
  endfacet
  facet normal 0.337093 -0.941471 0
    outer loop
      vertex 51.3088 30.5917 0
      vertex 51.6082 30.6989 2.2
      vertex 51.3088 30.5917 2.2
    endloop
  endfacet
  facet normal 0.337093 -0.941471 0
    outer loop
      vertex 51.6082 30.6989 2.2
      vertex 51.3088 30.5917 0
      vertex 51.6082 30.6989 0
    endloop
  endfacet
  facet normal 0.316828 -0.948483 0
    outer loop
      vertex 51.6082 30.6989 0
      vertex 51.9399 30.8097 2.2
      vertex 51.6082 30.6989 2.2
    endloop
  endfacet
  facet normal 0.316828 -0.948483 0
    outer loop
      vertex 51.9399 30.8097 2.2
      vertex 51.6082 30.6989 0
      vertex 51.9399 30.8097 0
    endloop
  endfacet
  facet normal 0.298648 -0.954363 0
    outer loop
      vertex 51.9399 30.8097 0
      vertex 52.3042 30.9237 2.2
      vertex 51.9399 30.8097 2.2
    endloop
  endfacet
  facet normal 0.298648 -0.954363 0
    outer loop
      vertex 52.3042 30.9237 2.2
      vertex 51.9399 30.8097 0
      vertex 52.3042 30.9237 0
    endloop
  endfacet
  facet normal 0.280719 -0.95979 0
    outer loop
      vertex 52.3042 30.9237 0
      vertex 52.6991 31.0392 2.2
      vertex 52.3042 30.9237 2.2
    endloop
  endfacet
  facet normal 0.280719 -0.95979 0
    outer loop
      vertex 52.6991 31.0392 2.2
      vertex 52.3042 30.9237 0
      vertex 52.6991 31.0392 0
    endloop
  endfacet
  facet normal 0.264552 -0.964371 0
    outer loop
      vertex 52.6991 31.0392 0
      vertex 53.1256 31.1562 2.2
      vertex 52.6991 31.0392 2.2
    endloop
  endfacet
  facet normal 0.264552 -0.964371 0
    outer loop
      vertex 53.1256 31.1562 2.2
      vertex 52.6991 31.0392 0
      vertex 53.1256 31.1562 0
    endloop
  endfacet
  facet normal 0.249531 -0.968367 0
    outer loop
      vertex 53.1256 31.1562 0
      vertex 53.5812 31.2736 2.2
      vertex 53.1256 31.1562 2.2
    endloop
  endfacet
  facet normal 0.249531 -0.968367 0
    outer loop
      vertex 53.5812 31.2736 2.2
      vertex 53.1256 31.1562 0
      vertex 53.5812 31.2736 0
    endloop
  endfacet
  facet normal 0.234575 -0.972098 0
    outer loop
      vertex 53.5812 31.2736 0
      vertex 54.0673 31.3909 2.2
      vertex 53.5812 31.2736 2.2
    endloop
  endfacet
  facet normal 0.234575 -0.972098 0
    outer loop
      vertex 54.0673 31.3909 2.2
      vertex 53.5812 31.2736 0
      vertex 54.0673 31.3909 0
    endloop
  endfacet
  facet normal 0.220999 -0.975274 0
    outer loop
      vertex 54.0673 31.3909 0
      vertex 54.5823 31.5076 2.2
      vertex 54.0673 31.3909 2.2
    endloop
  endfacet
  facet normal 0.220999 -0.975274 0
    outer loop
      vertex 54.5823 31.5076 2.2
      vertex 54.0673 31.3909 0
      vertex 54.5823 31.5076 0
    endloop
  endfacet
  facet normal 0.207676 -0.978198 0
    outer loop
      vertex 54.5823 31.5076 0
      vertex 55.1268 31.6232 2.2
      vertex 54.5823 31.5076 2.2
    endloop
  endfacet
  facet normal 0.207676 -0.978198 0
    outer loop
      vertex 55.1268 31.6232 2.2
      vertex 54.5823 31.5076 0
      vertex 55.1268 31.6232 0
    endloop
  endfacet
  facet normal 0.195127 -0.980778 0
    outer loop
      vertex 55.1268 31.6232 0
      vertex 55.6988 31.737 2.2
      vertex 55.1268 31.6232 2.2
    endloop
  endfacet
  facet normal 0.195127 -0.980778 0
    outer loop
      vertex 55.6988 31.737 2.2
      vertex 55.1268 31.6232 0
      vertex 55.6988 31.737 0
    endloop
  endfacet
  facet normal 0.182999 -0.983113 0
    outer loop
      vertex 55.6988 31.737 0
      vertex 56.3021 31.8493 2.2
      vertex 55.6988 31.737 2.2
    endloop
  endfacet
  facet normal 0.182999 -0.983113 0
    outer loop
      vertex 56.3021 31.8493 2.2
      vertex 55.6988 31.737 0
      vertex 56.3021 31.8493 0
    endloop
  endfacet
  facet normal 0.171269 -0.985224 0
    outer loop
      vertex 56.3021 31.8493 0
      vertex 56.932 31.9588 2.2
      vertex 56.3021 31.8493 2.2
    endloop
  endfacet
  facet normal 0.171269 -0.985224 0
    outer loop
      vertex 56.932 31.9588 2.2
      vertex 56.3021 31.8493 0
      vertex 56.932 31.9588 0
    endloop
  endfacet
  facet normal 0.160032 -0.987112 0
    outer loop
      vertex 56.932 31.9588 0
      vertex 57.5883 32.0652 2.2
      vertex 56.932 31.9588 2.2
    endloop
  endfacet
  facet normal 0.160032 -0.987112 0
    outer loop
      vertex 57.5883 32.0652 2.2
      vertex 56.932 31.9588 0
      vertex 57.5883 32.0652 0
    endloop
  endfacet
  facet normal 0.149028 -0.988833 0
    outer loop
      vertex 57.5883 32.0652 0
      vertex 58.2777 32.1691 2.2
      vertex 57.5883 32.0652 2.2
    endloop
  endfacet
  facet normal 0.149028 -0.988833 0
    outer loop
      vertex 58.2777 32.1691 2.2
      vertex 57.5883 32.0652 0
      vertex 58.2777 32.1691 0
    endloop
  endfacet
  facet normal 0.138351 -0.990383 0
    outer loop
      vertex 58.2777 32.1691 0
      vertex 58.9914 32.2688 2.2
      vertex 58.2777 32.1691 2.2
    endloop
  endfacet
  facet normal 0.138351 -0.990383 0
    outer loop
      vertex 58.9914 32.2688 2.2
      vertex 58.2777 32.1691 0
      vertex 58.9914 32.2688 0
    endloop
  endfacet
  facet normal 0.128065 -0.991766 0
    outer loop
      vertex 58.9914 32.2688 0
      vertex 59.7333 32.3646 2.2
      vertex 58.9914 32.2688 2.2
    endloop
  endfacet
  facet normal 0.128065 -0.991766 0
    outer loop
      vertex 59.7333 32.3646 2.2
      vertex 58.9914 32.2688 0
      vertex 59.7333 32.3646 0
    endloop
  endfacet
  facet normal 0.11808 -0.993004 0
    outer loop
      vertex 59.7333 32.3646 0
      vertex 60.5053 32.4564 2.2
      vertex 59.7333 32.3646 2.2
    endloop
  endfacet
  facet normal 0.11808 -0.993004 0
    outer loop
      vertex 60.5053 32.4564 2.2
      vertex 59.7333 32.3646 0
      vertex 60.5053 32.4564 0
    endloop
  endfacet
  facet normal 0.108065 -0.994144 0
    outer loop
      vertex 60.5053 32.4564 0
      vertex 61.3029 32.5431 2.2
      vertex 60.5053 32.4564 2.2
    endloop
  endfacet
  facet normal 0.108065 -0.994144 0
    outer loop
      vertex 61.3029 32.5431 2.2
      vertex 60.5053 32.4564 0
      vertex 61.3029 32.5431 0
    endloop
  endfacet
  facet normal 0.0985152 -0.995136 0
    outer loop
      vertex 61.3029 32.5431 0
      vertex 62.1302 32.625 2.2
      vertex 61.3029 32.5431 2.2
    endloop
  endfacet
  facet normal 0.0985152 -0.995136 0
    outer loop
      vertex 62.1302 32.625 2.2
      vertex 61.3029 32.5431 0
      vertex 62.1302 32.625 0
    endloop
  endfacet
  facet normal 0.0891988 -0.996014 0
    outer loop
      vertex 62.1302 32.625 0
      vertex 62.9833 32.7014 2.2
      vertex 62.1302 32.625 2.2
    endloop
  endfacet
  facet normal 0.0891988 -0.996014 0
    outer loop
      vertex 62.9833 32.7014 2.2
      vertex 62.1302 32.625 0
      vertex 62.9833 32.7014 0
    endloop
  endfacet
  facet normal 0.0798127 -0.99681 0
    outer loop
      vertex 62.9833 32.7014 0
      vertex 63.8638 32.7719 2.2
      vertex 62.9833 32.7014 2.2
    endloop
  endfacet
  facet normal 0.0798127 -0.99681 0
    outer loop
      vertex 63.8638 32.7719 2.2
      vertex 62.9833 32.7014 0
      vertex 63.8638 32.7719 0
    endloop
  endfacet
  facet normal 0.0708263 -0.997489 0
    outer loop
      vertex 63.8638 32.7719 0
      vertex 64.7736 32.8365 2.2
      vertex 63.8638 32.7719 2.2
    endloop
  endfacet
  facet normal 0.0708263 -0.997489 0
    outer loop
      vertex 64.7736 32.8365 2.2
      vertex 63.8638 32.7719 0
      vertex 64.7736 32.8365 0
    endloop
  endfacet
  facet normal 0.0620596 -0.998072 0
    outer loop
      vertex 64.7736 32.8365 0
      vertex 65.7096 32.8947 2.2
      vertex 64.7736 32.8365 2.2
    endloop
  endfacet
  facet normal 0.0620596 -0.998072 0
    outer loop
      vertex 65.7096 32.8947 2.2
      vertex 64.7736 32.8365 0
      vertex 65.7096 32.8947 0
    endloop
  endfacet
  facet normal 0.0531021 -0.998589 0
    outer loop
      vertex 65.7096 32.8947 0
      vertex 66.6743 32.946 2.2
      vertex 65.7096 32.8947 2.2
    endloop
  endfacet
  facet normal 0.0531021 -0.998589 0
    outer loop
      vertex 66.6743 32.946 2.2
      vertex 65.7096 32.8947 0
      vertex 66.6743 32.946 0
    endloop
  endfacet
  facet normal 0.0445526 -0.999007 0
    outer loop
      vertex 66.6743 32.946 0
      vertex 67.6654 32.9902 2.2
      vertex 66.6743 32.946 2.2
    endloop
  endfacet
  facet normal 0.0445526 -0.999007 0
    outer loop
      vertex 67.6654 32.9902 2.2
      vertex 66.6743 32.946 0
      vertex 67.6654 32.9902 0
    endloop
  endfacet
  facet normal 0.0361069 -0.999348 0
    outer loop
      vertex 67.6654 32.9902 0
      vertex 68.6867 33.0271 2.2
      vertex 67.6654 32.9902 2.2
    endloop
  endfacet
  facet normal 0.0361069 -0.999348 0
    outer loop
      vertex 68.6867 33.0271 2.2
      vertex 67.6654 32.9902 0
      vertex 68.6867 33.0271 0
    endloop
  endfacet
  facet normal 0.0276154 -0.999619 0
    outer loop
      vertex 68.6867 33.0271 0
      vertex 69.7292 33.0559 2.2
      vertex 68.6867 33.0271 2.2
    endloop
  endfacet
  facet normal 0.0276154 -0.999619 0
    outer loop
      vertex 69.7292 33.0559 2.2
      vertex 68.6867 33.0271 0
      vertex 69.7292 33.0559 0
    endloop
  endfacet
  facet normal 0.019466 -0.999811 0
    outer loop
      vertex 69.7292 33.0559 0
      vertex 70.8078 33.0769 2.2
      vertex 69.7292 33.0559 2.2
    endloop
  endfacet
  facet normal 0.019466 -0.999811 0
    outer loop
      vertex 70.8078 33.0769 2.2
      vertex 69.7292 33.0559 0
      vertex 70.8078 33.0769 0
    endloop
  endfacet
  facet normal 0.0113888 -0.999935 0
    outer loop
      vertex 70.8078 33.0769 0
      vertex 71.9053 33.0894 2.2
      vertex 70.8078 33.0769 2.2
    endloop
  endfacet
  facet normal 0.0113888 -0.999935 0
    outer loop
      vertex 71.9053 33.0894 2.2
      vertex 70.8078 33.0769 0
      vertex 71.9053 33.0894 0
    endloop
  endfacet
  facet normal 0.00327027 -0.999995 0
    outer loop
      vertex 71.9053 33.0894 0
      vertex 73.0367 33.0931 2.2
      vertex 71.9053 33.0894 2.2
    endloop
  endfacet
  facet normal 0.00327027 -0.999995 0
    outer loop
      vertex 73.0367 33.0931 2.2
      vertex 71.9053 33.0894 0
      vertex 73.0367 33.0931 0
    endloop
  endfacet
  facet normal -0.00476515 -0.999989 0
    outer loop
      vertex 73.0367 33.0931 0
      vertex 74.1909 33.0876 2.2
      vertex 73.0367 33.0931 2.2
    endloop
  endfacet
  facet normal -0.00476515 -0.999989 -0
    outer loop
      vertex 74.1909 33.0876 2.2
      vertex 73.0367 33.0931 0
      vertex 74.1909 33.0876 0
    endloop
  endfacet
  facet normal -0.0125032 -0.999922 0
    outer loop
      vertex 74.1909 33.0876 0
      vertex 75.3745 33.0728 2.2
      vertex 74.1909 33.0876 2.2
    endloop
  endfacet
  facet normal -0.0125032 -0.999922 -0
    outer loop
      vertex 75.3745 33.0728 2.2
      vertex 74.1909 33.0876 0
      vertex 75.3745 33.0728 0
    endloop
  endfacet
  facet normal -0.0202895 -0.999794 0
    outer loop
      vertex 75.3745 33.0728 0
      vertex 76.5867 33.0482 2.2
      vertex 75.3745 33.0728 2.2
    endloop
  endfacet
  facet normal -0.0202895 -0.999794 -0
    outer loop
      vertex 76.5867 33.0482 2.2
      vertex 75.3745 33.0728 0
      vertex 76.5867 33.0482 0
    endloop
  endfacet
  facet normal -0.0280113 -0.999608 0
    outer loop
      vertex 76.5867 33.0482 0
      vertex 77.825 33.0135 2.2
      vertex 76.5867 33.0482 2.2
    endloop
  endfacet
  facet normal -0.0280113 -0.999608 -0
    outer loop
      vertex 77.825 33.0135 2.2
      vertex 76.5867 33.0482 0
      vertex 77.825 33.0135 0
    endloop
  endfacet
  facet normal -0.0355928 -0.999366 0
    outer loop
      vertex 77.825 33.0135 0
      vertex 79.0885 32.9685 2.2
      vertex 77.825 33.0135 2.2
    endloop
  endfacet
  facet normal -0.0355928 -0.999366 -0
    outer loop
      vertex 79.0885 32.9685 2.2
      vertex 77.825 33.0135 0
      vertex 79.0885 32.9685 0
    endloop
  endfacet
  facet normal -0.0431092 -0.99907 0
    outer loop
      vertex 79.0885 32.9685 0
      vertex 80.384 32.9126 2.2
      vertex 79.0885 32.9685 2.2
    endloop
  endfacet
  facet normal -0.0431092 -0.99907 -0
    outer loop
      vertex 80.384 32.9126 2.2
      vertex 79.0885 32.9685 0
      vertex 80.384 32.9126 0
    endloop
  endfacet
  facet normal -0.050637 -0.998717 0
    outer loop
      vertex 80.384 32.9126 0
      vertex 81.7015 32.8458 2.2
      vertex 80.384 32.9126 2.2
    endloop
  endfacet
  facet normal -0.050637 -0.998717 -0
    outer loop
      vertex 81.7015 32.8458 2.2
      vertex 80.384 32.9126 0
      vertex 81.7015 32.8458 0
    endloop
  endfacet
  facet normal -0.0579241 -0.998321 0
    outer loop
      vertex 81.7015 32.8458 0
      vertex 83.051 32.7675 2.2
      vertex 81.7015 32.8458 2.2
    endloop
  endfacet
  facet normal -0.0579241 -0.998321 -0
    outer loop
      vertex 83.051 32.7675 2.2
      vertex 81.7015 32.8458 0
      vertex 83.051 32.7675 0
    endloop
  endfacet
  facet normal -0.0653621 -0.997862 0
    outer loop
      vertex 83.051 32.7675 0
      vertex 84.425 32.6775 2.2
      vertex 83.051 32.7675 2.2
    endloop
  endfacet
  facet normal -0.0653621 -0.997862 -0
    outer loop
      vertex 84.425 32.6775 2.2
      vertex 83.051 32.7675 0
      vertex 84.425 32.6775 0
    endloop
  endfacet
  facet normal -0.0725072 -0.997368 0
    outer loop
      vertex 84.425 32.6775 0
      vertex 84.6781 32.6591 2.2
      vertex 84.425 32.6775 2.2
    endloop
  endfacet
  facet normal -0.0725072 -0.997368 -0
    outer loop
      vertex 84.6781 32.6591 2.2
      vertex 84.425 32.6775 0
      vertex 84.6781 32.6591 0
    endloop
  endfacet
  facet normal -0.999517 0.0310723 2.10375e-18
    outer loop
      vertex 88.611 20.0634 0
      vertex 88.8289 27.0727 2.2
      vertex 88.8289 27.0727 0
    endloop
  endfacet
  facet normal -0.999517 0.0310723 2.10375e-18
    outer loop
      vertex 88.8289 27.0727 2.2
      vertex 88.611 20.0634 0
      vertex 88.611 20.0634 2.2
    endloop
  endfacet
  facet normal -0.988835 0.149017 8.31508e-20
    outer loop
      vertex 88.597 19.9705 0
      vertex 88.611 20.0634 2.2
      vertex 88.611 20.0634 0
    endloop
  endfacet
  facet normal -0.988835 0.149017 8.31508e-20
    outer loop
      vertex 88.611 20.0634 2.2
      vertex 88.597 19.9705 0
      vertex 88.597 19.9705 2.2
    endloop
  endfacet
  facet normal -0.993216 0.116288 1.97962e-19
    outer loop
      vertex 88.5787 19.8142 0
      vertex 88.597 19.9705 2.2
      vertex 88.597 19.9705 0
    endloop
  endfacet
  facet normal -0.993216 0.116288 1.97962e-19
    outer loop
      vertex 88.597 19.9705 2.2
      vertex 88.5787 19.8142 0
      vertex 88.5787 19.8142 2.2
    endloop
  endfacet
  facet normal -0.996582 0.0826079 1.07971e-19
    outer loop
      vertex 88.5662 19.6634 0
      vertex 88.5787 19.8142 2.2
      vertex 88.5787 19.8142 0
    endloop
  endfacet
  facet normal -0.996582 0.0826079 1.07971e-19
    outer loop
      vertex 88.5787 19.8142 2.2
      vertex 88.5662 19.6634 0
      vertex 88.5662 19.6634 2.2
    endloop
  endfacet
  facet normal -0.998618 0.0525588 2.9835e-19
    outer loop
      vertex 88.5582 19.5114 0
      vertex 88.5662 19.6634 2.2
      vertex 88.5662 19.6634 0
    endloop
  endfacet
  facet normal -0.998618 0.0525588 2.9835e-19
    outer loop
      vertex 88.5662 19.6634 2.2
      vertex 88.5582 19.5114 0
      vertex 88.5582 19.5114 2.2
    endloop
  endfacet
  facet normal -0.999842 0.017775 3.75022e-20
    outer loop
      vertex 88.5554 19.3539 0
      vertex 88.5582 19.5114 2.2
      vertex 88.5582 19.5114 0
    endloop
  endfacet
  facet normal -0.999842 0.017775 3.75022e-20
    outer loop
      vertex 88.5582 19.5114 2.2
      vertex 88.5554 19.3539 0
      vertex 88.5554 19.3539 2.2
    endloop
  endfacet
  facet normal -0.999884 -0.0151998 7.94106e-20
    outer loop
      vertex 88.5577 19.2026 0
      vertex 88.5554 19.3539 2.2
      vertex 88.5554 19.3539 0
    endloop
  endfacet
  facet normal -0.999884 -0.0151998 7.94106e-20
    outer loop
      vertex 88.5554 19.3539 2.2
      vertex 88.5577 19.2026 0
      vertex 88.5577 19.2026 2.2
    endloop
  endfacet
  facet normal -0.99894 -0.0460341 -1.57688e-19
    outer loop
      vertex 88.5647 19.0507 0
      vertex 88.5577 19.2026 2.2
      vertex 88.5577 19.2026 0
    endloop
  endfacet
  facet normal -0.99894 -0.0460341 -1.57688e-19
    outer loop
      vertex 88.5577 19.2026 2.2
      vertex 88.5647 19.0507 0
      vertex 88.5647 19.0507 2.2
    endloop
  endfacet
  facet normal -0.996864 -0.0791364 -1.33669e-19
    outer loop
      vertex 88.5771 18.8945 0
      vertex 88.5647 19.0507 2.2
      vertex 88.5647 19.0507 0
    endloop
  endfacet
  facet normal -0.996864 -0.0791364 -1.33669e-19
    outer loop
      vertex 88.5647 19.0507 2.2
      vertex 88.5771 18.8945 0
      vertex 88.5771 18.8945 2.2
    endloop
  endfacet
  facet normal -0.9936 -0.112954 -5.31121e-19
    outer loop
      vertex 88.5943 18.7432 0
      vertex 88.5771 18.8945 2.2
      vertex 88.5771 18.8945 0
    endloop
  endfacet
  facet normal -0.9936 -0.112954 -5.31121e-19
    outer loop
      vertex 88.5771 18.8945 2.2
      vertex 88.5943 18.7432 0
      vertex 88.5943 18.7432 2.2
    endloop
  endfacet
  facet normal -0.989554 -0.144161 5.20341e-19
    outer loop
      vertex 88.6164 18.5915 0
      vertex 88.5943 18.7432 2.2
      vertex 88.5943 18.7432 0
    endloop
  endfacet
  facet normal -0.989554 -0.144161 5.20341e-19
    outer loop
      vertex 88.5943 18.7432 2.2
      vertex 88.6164 18.5915 0
      vertex 88.6164 18.5915 2.2
    endloop
  endfacet
  facet normal -0.984254 -0.176761 1.10676e-18
    outer loop
      vertex 88.6435 18.4406 0
      vertex 88.6164 18.5915 2.2
      vertex 88.6164 18.5915 0
    endloop
  endfacet
  facet normal -0.984254 -0.176761 1.10676e-18
    outer loop
      vertex 88.6164 18.5915 2.2
      vertex 88.6435 18.4406 0
      vertex 88.6435 18.4406 2.2
    endloop
  endfacet
  facet normal -0.978106 -0.208108 -6.81782e-19
    outer loop
      vertex 88.6755 18.2902 0
      vertex 88.6435 18.4406 2.2
      vertex 88.6435 18.4406 0
    endloop
  endfacet
  facet normal -0.978106 -0.208108 -6.81782e-19
    outer loop
      vertex 88.6435 18.4406 2.2
      vertex 88.6755 18.2902 0
      vertex 88.6755 18.2902 2.2
    endloop
  endfacet
  facet normal -0.970443 -0.24133 -3.64249e-19
    outer loop
      vertex 88.7132 18.1386 0
      vertex 88.6755 18.2902 2.2
      vertex 88.6755 18.2902 0
    endloop
  endfacet
  facet normal -0.970443 -0.24133 -3.64249e-19
    outer loop
      vertex 88.6755 18.2902 2.2
      vertex 88.7132 18.1386 0
      vertex 88.7132 18.1386 2.2
    endloop
  endfacet
  facet normal -0.962034 -0.272931 -2.15861e-19
    outer loop
      vertex 88.7555 17.9895 0
      vertex 88.7132 18.1386 2.2
      vertex 88.7132 18.1386 0
    endloop
  endfacet
  facet normal -0.962034 -0.272931 -2.15861e-19
    outer loop
      vertex 88.7132 18.1386 2.2
      vertex 88.7555 17.9895 0
      vertex 88.7555 17.9895 2.2
    endloop
  endfacet
  facet normal -0.952548 -0.304388 -1.14514e-18
    outer loop
      vertex 88.8011 17.8468 0
      vertex 88.7555 17.9895 2.2
      vertex 88.7555 17.9895 0
    endloop
  endfacet
  facet normal -0.952548 -0.304388 -1.14514e-18
    outer loop
      vertex 88.7555 17.9895 2.2
      vertex 88.8011 17.8468 0
      vertex 88.8011 17.8468 2.2
    endloop
  endfacet
  facet normal -0.942859 -0.333191 3.25334e-19
    outer loop
      vertex 88.8528 17.7005 0
      vertex 88.8011 17.8468 2.2
      vertex 88.8011 17.8468 0
    endloop
  endfacet
  facet normal -0.942859 -0.333191 3.25334e-19
    outer loop
      vertex 88.8011 17.8468 2.2
      vertex 88.8528 17.7005 0
      vertex 88.8528 17.7005 2.2
    endloop
  endfacet
  facet normal -0.93022 -0.367003 -1.57478e-18
    outer loop
      vertex 88.9091 17.5578 0
      vertex 88.8528 17.7005 2.2
      vertex 88.8528 17.7005 0
    endloop
  endfacet
  facet normal -0.93022 -0.367003 -1.57478e-18
    outer loop
      vertex 88.8528 17.7005 2.2
      vertex 88.9091 17.5578 0
      vertex 88.9091 17.5578 2.2
    endloop
  endfacet
  facet normal -0.919145 -0.393919 9.98481e-19
    outer loop
      vertex 88.97 17.4157 0
      vertex 88.9091 17.5578 2.2
      vertex 88.9091 17.5578 0
    endloop
  endfacet
  facet normal -0.919145 -0.393919 9.98481e-19
    outer loop
      vertex 88.9091 17.5578 2.2
      vertex 88.97 17.4157 0
      vertex 88.97 17.4157 2.2
    endloop
  endfacet
  facet normal -0.904172 -0.427168 5.5963e-19
    outer loop
      vertex 89.036 17.276 0
      vertex 88.97 17.4157 2.2
      vertex 88.97 17.4157 0
    endloop
  endfacet
  facet normal -0.904172 -0.427168 5.5963e-19
    outer loop
      vertex 88.97 17.4157 2.2
      vertex 89.036 17.276 0
      vertex 89.036 17.276 2.2
    endloop
  endfacet
  facet normal -0.891245 -0.453521 1.5862e-19
    outer loop
      vertex 89.1049 17.1406 0
      vertex 89.036 17.276 2.2
      vertex 89.036 17.276 0
    endloop
  endfacet
  facet normal -0.891245 -0.453521 1.5862e-19
    outer loop
      vertex 89.036 17.276 2.2
      vertex 89.1049 17.1406 0
      vertex 89.1049 17.1406 2.2
    endloop
  endfacet
  facet normal -0.874494 -0.485036 -2.31142e-18
    outer loop
      vertex 89.1795 17.0061 0
      vertex 89.1049 17.1406 2.2
      vertex 89.1049 17.1406 0
    endloop
  endfacet
  facet normal -0.874494 -0.485036 -2.31142e-18
    outer loop
      vertex 89.1049 17.1406 2.2
      vertex 89.1795 17.0061 0
      vertex 89.1795 17.0061 2.2
    endloop
  endfacet
  facet normal -0.85989 -0.510479 -4.52688e-20
    outer loop
      vertex 89.2581 16.8737 0
      vertex 89.1795 17.0061 2.2
      vertex 89.1795 17.0061 0
    endloop
  endfacet
  facet normal -0.85989 -0.510479 -4.52688e-20
    outer loop
      vertex 89.1795 17.0061 2.2
      vertex 89.2581 16.8737 0
      vertex 89.2581 16.8737 2.2
    endloop
  endfacet
  facet normal -0.840951 -0.541111 -1.26191e-18
    outer loop
      vertex 89.3431 16.7416 0
      vertex 89.2581 16.8737 2.2
      vertex 89.2581 16.8737 0
    endloop
  endfacet
  facet normal -0.840951 -0.541111 -1.26191e-18
    outer loop
      vertex 89.2581 16.8737 2.2
      vertex 89.3431 16.7416 0
      vertex 89.3431 16.7416 2.2
    endloop
  endfacet
  facet normal -0.823638 -0.567116 -3.59805e-19
    outer loop
      vertex 89.4291 16.6167 0
      vertex 89.3431 16.7416 2.2
      vertex 89.3431 16.7416 0
    endloop
  endfacet
  facet normal -0.823638 -0.567116 -3.59805e-19
    outer loop
      vertex 89.3431 16.7416 2.2
      vertex 89.4291 16.6167 0
      vertex 89.4291 16.6167 2.2
    endloop
  endfacet
  facet normal -0.804285 -0.594244 2.61356e-19
    outer loop
      vertex 89.5202 16.4934 0
      vertex 89.4291 16.6167 2.2
      vertex 89.4291 16.6167 0
    endloop
  endfacet
  facet normal -0.804285 -0.594244 2.61356e-19
    outer loop
      vertex 89.4291 16.6167 2.2
      vertex 89.5202 16.4934 0
      vertex 89.5202 16.4934 2.2
    endloop
  endfacet
  facet normal -0.784666 -0.619919 2.00527e-18
    outer loop
      vertex 89.6154 16.3729 0
      vertex 89.5202 16.4934 2.2
      vertex 89.5202 16.4934 0
    endloop
  endfacet
  facet normal -0.784666 -0.619919 2.00527e-18
    outer loop
      vertex 89.5202 16.4934 2.2
      vertex 89.6154 16.3729 0
      vertex 89.6154 16.3729 2.2
    endloop
  endfacet
  facet normal -0.764233 -0.644941 -6.00148e-19
    outer loop
      vertex 89.7165 16.2531 0
      vertex 89.6154 16.3729 2.2
      vertex 89.6154 16.3729 0
    endloop
  endfacet
  facet normal -0.764233 -0.644941 -6.00148e-19
    outer loop
      vertex 89.6154 16.3729 2.2
      vertex 89.7165 16.2531 0
      vertex 89.7165 16.2531 2.2
    endloop
  endfacet
  facet normal -0.741691 -0.670741 -2.19693e-18
    outer loop
      vertex 89.8186 16.1402 0
      vertex 89.7165 16.2531 2.2
      vertex 89.7165 16.2531 0
    endloop
  endfacet
  facet normal -0.741691 -0.670741 -2.19693e-18
    outer loop
      vertex 89.7165 16.2531 2.2
      vertex 89.8186 16.1402 0
      vertex 89.8186 16.1402 2.2
    endloop
  endfacet
  facet normal -0.720658 -0.693291 1.05973e-19
    outer loop
      vertex 89.925 16.0296 0
      vertex 89.8186 16.1402 2.2
      vertex 89.8186 16.1402 0
    endloop
  endfacet
  facet normal -0.720658 -0.693291 1.05973e-19
    outer loop
      vertex 89.8186 16.1402 2.2
      vertex 89.925 16.0296 0
      vertex 89.925 16.0296 2.2
    endloop
  endfacet
  facet normal -0.696166 -0.717881 0
    outer loop
      vertex 89.925 16.0296 0
      vertex 90.0374 15.9206 2.2
      vertex 89.925 16.0296 2.2
    endloop
  endfacet
  facet normal -0.696166 -0.717881 -0
    outer loop
      vertex 90.0374 15.9206 2.2
      vertex 89.925 16.0296 0
      vertex 90.0374 15.9206 0
    endloop
  endfacet
  facet normal -0.672841 -0.739787 0
    outer loop
      vertex 90.0374 15.9206 0
      vertex 90.1468 15.8211 2.2
      vertex 90.0374 15.9206 2.2
    endloop
  endfacet
  facet normal -0.672841 -0.739787 -0
    outer loop
      vertex 90.1468 15.8211 2.2
      vertex 90.0374 15.9206 0
      vertex 90.1468 15.8211 0
    endloop
  endfacet
  facet normal -0.649824 -0.760085 0
    outer loop
      vertex 90.1468 15.8211 0
      vertex 90.2633 15.7215 2.2
      vertex 90.1468 15.8211 2.2
    endloop
  endfacet
  facet normal -0.649824 -0.760085 -0
    outer loop
      vertex 90.2633 15.7215 2.2
      vertex 90.1468 15.8211 0
      vertex 90.2633 15.7215 0
    endloop
  endfacet
  facet normal -0.623306 -0.781978 0
    outer loop
      vertex 90.2633 15.7215 0
      vertex 90.387 15.6229 2.2
      vertex 90.2633 15.7215 2.2
    endloop
  endfacet
  facet normal -0.623306 -0.781978 -0
    outer loop
      vertex 90.387 15.6229 2.2
      vertex 90.2633 15.7215 0
      vertex 90.387 15.6229 0
    endloop
  endfacet
  facet normal -0.597293 -0.802023 0
    outer loop
      vertex 90.387 15.6229 0
      vertex 90.5104 15.531 2.2
      vertex 90.387 15.6229 2.2
    endloop
  endfacet
  facet normal -0.597293 -0.802023 -0
    outer loop
      vertex 90.5104 15.531 2.2
      vertex 90.387 15.6229 0
      vertex 90.5104 15.531 0
    endloop
  endfacet
  facet normal -0.571027 -0.820932 0
    outer loop
      vertex 90.5104 15.531 0
      vertex 90.6372 15.4428 2.2
      vertex 90.5104 15.531 2.2
    endloop
  endfacet
  facet normal -0.571027 -0.820932 -0
    outer loop
      vertex 90.6372 15.4428 2.2
      vertex 90.5104 15.531 0
      vertex 90.6372 15.4428 0
    endloop
  endfacet
  facet normal -0.542815 -0.839852 0
    outer loop
      vertex 90.6372 15.4428 0
      vertex 90.765 15.3602 2.2
      vertex 90.6372 15.4428 2.2
    endloop
  endfacet
  facet normal -0.542815 -0.839852 -0
    outer loop
      vertex 90.765 15.3602 2.2
      vertex 90.6372 15.4428 0
      vertex 90.765 15.3602 0
    endloop
  endfacet
  facet normal -0.516843 -0.85608 0
    outer loop
      vertex 90.765 15.3602 0
      vertex 90.899 15.2793 2.2
      vertex 90.765 15.3602 2.2
    endloop
  endfacet
  facet normal -0.516843 -0.85608 -0
    outer loop
      vertex 90.899 15.2793 2.2
      vertex 90.765 15.3602 0
      vertex 90.899 15.2793 0
    endloop
  endfacet
  facet normal -0.485872 -0.87403 0
    outer loop
      vertex 90.899 15.2793 0
      vertex 91.0287 15.2072 2.2
      vertex 90.899 15.2793 2.2
    endloop
  endfacet
  facet normal -0.485872 -0.87403 -0
    outer loop
      vertex 91.0287 15.2072 2.2
      vertex 90.899 15.2793 0
      vertex 91.0287 15.2072 0
    endloop
  endfacet
  facet normal -0.461538 -0.88712 0
    outer loop
      vertex 91.0287 15.2072 0
      vertex 91.1644 15.1366 2.2
      vertex 91.0287 15.2072 2.2
    endloop
  endfacet
  facet normal -0.461538 -0.88712 -0
    outer loop
      vertex 91.1644 15.1366 2.2
      vertex 91.0287 15.2072 0
      vertex 91.1644 15.1366 0
    endloop
  endfacet
  facet normal -0.42865 -0.903471 0
    outer loop
      vertex 91.1644 15.1366 0
      vertex 91.3092 15.0679 2.2
      vertex 91.1644 15.1366 2.2
    endloop
  endfacet
  facet normal -0.42865 -0.903471 -0
    outer loop
      vertex 91.3092 15.0679 2.2
      vertex 91.1644 15.1366 0
      vertex 91.3092 15.0679 0
    endloop
  endfacet
  facet normal -0.399843 -0.916584 0
    outer loop
      vertex 91.3092 15.0679 0
      vertex 91.4472 15.0077 2.2
      vertex 91.3092 15.0679 2.2
    endloop
  endfacet
  facet normal -0.399843 -0.916584 -0
    outer loop
      vertex 91.4472 15.0077 2.2
      vertex 91.3092 15.0679 0
      vertex 91.4472 15.0077 0
    endloop
  endfacet
  facet normal -0.369589 -0.929195 0
    outer loop
      vertex 91.4472 15.0077 0
      vertex 91.5895 14.9511 2.2
      vertex 91.4472 15.0077 2.2
    endloop
  endfacet
  facet normal -0.369589 -0.929195 -0
    outer loop
      vertex 91.5895 14.9511 2.2
      vertex 91.4472 15.0077 0
      vertex 91.5895 14.9511 0
    endloop
  endfacet
  facet normal -0.339275 -0.940687 0
    outer loop
      vertex 91.5895 14.9511 0
      vertex 91.7334 14.8992 2.2
      vertex 91.5895 14.9511 2.2
    endloop
  endfacet
  facet normal -0.339275 -0.940687 -0
    outer loop
      vertex 91.7334 14.8992 2.2
      vertex 91.5895 14.9511 0
      vertex 91.7334 14.8992 0
    endloop
  endfacet
  facet normal -0.308051 -0.95137 0
    outer loop
      vertex 91.7334 14.8992 0
      vertex 91.8103 14.8743 2.2
      vertex 91.7334 14.8992 2.2
    endloop
  endfacet
  facet normal -0.308051 -0.95137 -0
    outer loop
      vertex 91.8103 14.8743 2.2
      vertex 91.7334 14.8992 0
      vertex 91.8103 14.8743 0
    endloop
  endfacet
  facet normal -0.314776 -0.949166 0
    outer loop
      vertex 91.8103 14.8743 0
      vertex 144.777 -2.69128 2.2
      vertex 91.8103 14.8743 2.2
    endloop
  endfacet
  facet normal -0.314776 -0.949166 -0
    outer loop
      vertex 144.777 -2.69128 2.2
      vertex 91.8103 14.8743 0
      vertex 144.777 -2.69128 0
    endloop
  endfacet
  facet normal 0.980764 0.195197 2.42951e-18
    outer loop
      vertex 45.4658 133.482 2.2
      vertex 45.3637 133.995 0
      vertex 45.3637 133.995 2.2
    endloop
  endfacet
  facet normal 0.980764 0.195197 2.42951e-18
    outer loop
      vertex 45.3637 133.995 0
      vertex 45.4658 133.482 2.2
      vertex 45.4658 133.482 0
    endloop
  endfacet
  facet normal 0.997861 0.0653771 1.76615e-19
    outer loop
      vertex 45.5 132.96 2.2
      vertex 45.4658 133.482 0
      vertex 45.4658 133.482 2.2
    endloop
  endfacet
  facet normal 0.997861 0.0653771 1.76615e-19
    outer loop
      vertex 45.4658 133.482 0
      vertex 45.5 132.96 2.2
      vertex 45.5 132.96 0
    endloop
  endfacet
  facet normal 0.947028 0.32115 -5.05064e-18
    outer loop
      vertex 45.3637 133.995 2.2
      vertex 45.1955 134.491 0
      vertex 45.1955 134.491 2.2
    endloop
  endfacet
  facet normal 0.947028 0.32115 -5.05064e-18
    outer loop
      vertex 45.1955 134.491 0
      vertex 45.3637 133.995 2.2
      vertex 45.3637 133.995 0
    endloop
  endfacet
  facet normal -0.997861 0.0653771 -1.76615e-19
    outer loop
      vertex 37.5 132.96 0
      vertex 37.5342 133.482 2.2
      vertex 37.5342 133.482 0
    endloop
  endfacet
  facet normal -0.997861 0.0653771 -1.76615e-19
    outer loop
      vertex 37.5342 133.482 2.2
      vertex 37.5 132.96 0
      vertex 37.5 132.96 2.2
    endloop
  endfacet
  facet normal 0.321156 0.947026 -0
    outer loop
      vertex 43.0307 136.656 0
      vertex 42.5353 136.824 2.2
      vertex 43.0307 136.656 2.2
    endloop
  endfacet
  facet normal 0.321156 0.947026 0
    outer loop
      vertex 42.5353 136.824 2.2
      vertex 43.0307 136.656 0
      vertex 42.5353 136.824 0
    endloop
  endfacet
  facet normal 0.831432 0.555626 8.33989e-18
    outer loop
      vertex 44.9641 134.96 2.2
      vertex 44.6734 135.395 0
      vertex 44.6734 135.395 2.2
    endloop
  endfacet
  facet normal 0.831432 0.555626 8.33989e-18
    outer loop
      vertex 44.6734 135.395 0
      vertex 44.9641 134.96 2.2
      vertex 44.9641 134.96 0
    endloop
  endfacet
  facet normal 0.896786 0.442465 5.17088e-18
    outer loop
      vertex 45.1955 134.491 2.2
      vertex 44.9641 134.96 0
      vertex 44.9641 134.96 2.2
    endloop
  endfacet
  facet normal 0.896786 0.442465 5.17088e-18
    outer loop
      vertex 44.9641 134.96 0
      vertex 45.1955 134.491 2.2
      vertex 45.1955 134.491 0
    endloop
  endfacet
  facet normal -0.75151 0.659722 -4.16882e-19
    outer loop
      vertex 38.3266 135.395 0
      vertex 38.6716 135.788 2.2
      vertex 38.6716 135.788 0
    endloop
  endfacet
  facet normal -0.75151 0.659722 -4.16882e-19
    outer loop
      vertex 38.6716 135.788 2.2
      vertex 38.3266 135.395 0
      vertex 38.3266 135.395 2.2
    endloop
  endfacet
  facet normal 0.064984 0.997886 -0
    outer loop
      vertex 42.0221 136.926 0
      vertex 41.5 136.96 2.2
      vertex 42.0221 136.926 2.2
    endloop
  endfacet
  facet normal 0.064984 0.997886 0
    outer loop
      vertex 41.5 136.96 2.2
      vertex 42.0221 136.926 0
      vertex 41.5 136.96 0
    endloop
  endfacet
  facet normal 0.659343 0.751842 -0
    outer loop
      vertex 44.3284 135.788 0
      vertex 43.935 136.133 2.2
      vertex 44.3284 135.788 2.2
    endloop
  endfacet
  facet normal 0.659343 0.751842 0
    outer loop
      vertex 43.935 136.133 2.2
      vertex 44.3284 135.788 0
      vertex 43.935 136.133 0
    endloop
  endfacet
  facet normal -0.443159 0.896443 0
    outer loop
      vertex 39.9693 136.656 0
      vertex 39.5 136.424 2.2
      vertex 39.9693 136.656 2.2
    endloop
  endfacet
  facet normal -0.443159 0.896443 0
    outer loop
      vertex 39.5 136.424 2.2
      vertex 39.9693 136.656 0
      vertex 39.5 136.424 0
    endloop
  endfacet
  facet normal -0.064984 0.997886 0
    outer loop
      vertex 41.5 136.96 0
      vertex 40.9779 136.926 2.2
      vertex 41.5 136.96 2.2
    endloop
  endfacet
  facet normal -0.064984 0.997886 0
    outer loop
      vertex 40.9779 136.926 2.2
      vertex 41.5 136.96 0
      vertex 40.9779 136.926 0
    endloop
  endfacet
  facet normal 0.556022 0.831167 -0
    outer loop
      vertex 43.935 136.133 0
      vertex 43.5 136.424 2.2
      vertex 43.935 136.133 2.2
    endloop
  endfacet
  facet normal 0.556022 0.831167 0
    outer loop
      vertex 43.5 136.424 2.2
      vertex 43.935 136.133 0
      vertex 43.5 136.424 0
    endloop
  endfacet
  facet normal -0.556022 0.831167 0
    outer loop
      vertex 39.5 136.424 0
      vertex 39.065 136.133 2.2
      vertex 39.5 136.424 2.2
    endloop
  endfacet
  facet normal -0.556022 0.831167 0
    outer loop
      vertex 39.065 136.133 2.2
      vertex 39.5 136.424 0
      vertex 39.065 136.133 0
    endloop
  endfacet
  facet normal -0.980764 0.195197 -2.42951e-18
    outer loop
      vertex 37.5342 133.482 0
      vertex 37.6363 133.995 2.2
      vertex 37.6363 133.995 0
    endloop
  endfacet
  facet normal -0.980764 0.195197 -2.42951e-18
    outer loop
      vertex 37.6363 133.995 2.2
      vertex 37.5342 133.482 0
      vertex 37.5342 133.482 2.2
    endloop
  endfacet
  facet normal -0.19494 0.980815 0
    outer loop
      vertex 40.9779 136.926 0
      vertex 40.4647 136.824 2.2
      vertex 40.9779 136.926 2.2
    endloop
  endfacet
  facet normal -0.19494 0.980815 0
    outer loop
      vertex 40.4647 136.824 2.2
      vertex 40.9779 136.926 0
      vertex 40.4647 136.824 0
    endloop
  endfacet
  facet normal 0.997864 -0.0653292 -6.87266e-19
    outer loop
      vertex 45.4672 132.459 2.2
      vertex 45.5 132.96 0
      vertex 45.5 132.96 2.2
    endloop
  endfacet
  facet normal 0.997864 -0.0653292 -6.87266e-19
    outer loop
      vertex 45.5 132.96 0
      vertex 45.4672 132.459 2.2
      vertex 45.4672 132.459 0
    endloop
  endfacet
  facet normal -0.831432 0.555626 -8.33989e-18
    outer loop
      vertex 38.0359 134.96 0
      vertex 38.3266 135.395 2.2
      vertex 38.3266 135.395 0
    endloop
  endfacet
  facet normal -0.831432 0.555626 -8.33989e-18
    outer loop
      vertex 38.3266 135.395 2.2
      vertex 38.0359 134.96 0
      vertex 38.0359 134.96 2.2
    endloop
  endfacet
  facet normal 0.19494 0.980815 -0
    outer loop
      vertex 42.5353 136.824 0
      vertex 42.0221 136.926 2.2
      vertex 42.5353 136.824 2.2
    endloop
  endfacet
  facet normal 0.19494 0.980815 0
    outer loop
      vertex 42.0221 136.926 2.2
      vertex 42.5353 136.824 0
      vertex 42.0221 136.926 0
    endloop
  endfacet
  facet normal 0.443159 0.896443 -0
    outer loop
      vertex 43.5 136.424 0
      vertex 43.0307 136.656 2.2
      vertex 43.5 136.424 2.2
    endloop
  endfacet
  facet normal 0.443159 0.896443 0
    outer loop
      vertex 43.0307 136.656 2.2
      vertex 43.5 136.424 0
      vertex 43.0307 136.656 0
    endloop
  endfacet
  facet normal -0.321156 0.947026 0
    outer loop
      vertex 40.4647 136.824 0
      vertex 39.9693 136.656 2.2
      vertex 40.4647 136.824 2.2
    endloop
  endfacet
  facet normal -0.321156 0.947026 0
    outer loop
      vertex 39.9693 136.656 2.2
      vertex 40.4647 136.824 0
      vertex 39.9693 136.656 0
    endloop
  endfacet
  facet normal -0.659343 0.751842 0
    outer loop
      vertex 39.065 136.133 0
      vertex 38.6716 135.788 2.2
      vertex 39.065 136.133 2.2
    endloop
  endfacet
  facet normal -0.659343 0.751842 0
    outer loop
      vertex 38.6716 135.788 2.2
      vertex 39.065 136.133 0
      vertex 38.6716 135.788 0
    endloop
  endfacet
  facet normal 0.75151 0.659722 4.16882e-19
    outer loop
      vertex 44.6734 135.395 2.2
      vertex 44.3284 135.788 0
      vertex 44.3284 135.788 2.2
    endloop
  endfacet
  facet normal 0.75151 0.659722 4.16882e-19
    outer loop
      vertex 44.3284 135.788 0
      vertex 44.6734 135.395 2.2
      vertex 44.6734 135.395 0
    endloop
  endfacet
  facet normal -0.896786 0.442465 -5.17088e-18
    outer loop
      vertex 37.8045 134.491 0
      vertex 38.0359 134.96 2.2
      vertex 38.0359 134.96 0
    endloop
  endfacet
  facet normal -0.896786 0.442465 -5.17088e-18
    outer loop
      vertex 38.0359 134.96 2.2
      vertex 37.8045 134.491 0
      vertex 37.8045 134.491 2.2
    endloop
  endfacet
  facet normal -0.997864 -0.0653292 6.87266e-19
    outer loop
      vertex 37.5328 132.459 0
      vertex 37.5 132.96 2.2
      vertex 37.5 132.96 0
    endloop
  endfacet
  facet normal -0.997864 -0.0653292 6.87266e-19
    outer loop
      vertex 37.5 132.96 2.2
      vertex 37.5328 132.459 0
      vertex 37.5328 132.459 2.2
    endloop
  endfacet
  facet normal -0.947028 0.32115 5.05064e-18
    outer loop
      vertex 37.6363 133.995 0
      vertex 37.8045 134.491 2.2
      vertex 37.8045 134.491 0
    endloop
  endfacet
  facet normal -0.947028 0.32115 5.05064e-18
    outer loop
      vertex 37.8045 134.491 2.2
      vertex 37.6363 133.995 0
      vertex 37.6363 133.995 2.2
    endloop
  endfacet
  facet normal 0.75151 0.659722 4.16882e-19
    outer loop
      vertex 107.173 122.665 2.2
      vertex 106.828 123.058 0
      vertex 106.828 123.058 2.2
    endloop
  endfacet
  facet normal 0.75151 0.659722 4.16882e-19
    outer loop
      vertex 106.828 123.058 0
      vertex 107.173 122.665 2.2
      vertex 107.173 122.665 0
    endloop
  endfacet
  facet normal 0.980801 0.195013 -2.27777e-18
    outer loop
      vertex 107.966 120.752 2.2
      vertex 107.864 121.265 0
      vertex 107.864 121.265 2.2
    endloop
  endfacet
  facet normal 0.980801 0.195013 -2.27777e-18
    outer loop
      vertex 107.864 121.265 0
      vertex 107.966 120.752 2.2
      vertex 107.966 120.752 0
    endloop
  endfacet
  facet normal 0.997886 0.0649964 2.42722e-19
    outer loop
      vertex 108 120.23 2.2
      vertex 107.966 120.752 0
      vertex 107.966 120.752 2.2
    endloop
  endfacet
  facet normal 0.997886 0.0649964 2.42722e-19
    outer loop
      vertex 107.966 120.752 0
      vertex 108 120.23 2.2
      vertex 108 120.23 0
    endloop
  endfacet
  facet normal 0.947145 0.320807 -4.97478e-18
    outer loop
      vertex 107.864 121.265 2.2
      vertex 107.696 121.761 0
      vertex 107.696 121.761 2.2
    endloop
  endfacet
  facet normal 0.947145 0.320807 -4.97478e-18
    outer loop
      vertex 107.696 121.761 0
      vertex 107.864 121.265 2.2
      vertex 107.864 121.265 0
    endloop
  endfacet
  facet normal -0.320807 0.947145 0
    outer loop
      vertex 102.965 124.094 0
      vertex 102.469 123.926 2.2
      vertex 102.965 124.094 2.2
    endloop
  endfacet
  facet normal -0.320807 0.947145 0
    outer loop
      vertex 102.469 123.926 2.2
      vertex 102.965 124.094 0
      vertex 102.469 123.926 0
    endloop
  endfacet
  facet normal 0.98001 -0.198949 -3.9165e-19
    outer loop
      vertex 107.939 119.575 2.2
      vertex 107.966 119.708 0
      vertex 107.966 119.708 2.2
    endloop
  endfacet
  facet normal 0.98001 -0.198949 -3.9165e-19
    outer loop
      vertex 107.966 119.708 0
      vertex 107.939 119.575 2.2
      vertex 107.939 119.575 0
    endloop
  endfacet
  facet normal -0.659722 0.75151 0
    outer loop
      vertex 101.565 123.403 0
      vertex 101.172 123.058 2.2
      vertex 101.565 123.403 2.2
    endloop
  endfacet
  facet normal -0.659722 0.75151 0
    outer loop
      vertex 101.172 123.058 2.2
      vertex 101.565 123.403 0
      vertex 101.172 123.058 0
    endloop
  endfacet
  facet normal 0.831167 0.556022 3.88783e-18
    outer loop
      vertex 107.464 122.23 2.2
      vertex 107.173 122.665 0
      vertex 107.173 122.665 2.2
    endloop
  endfacet
  facet normal 0.831167 0.556022 3.88783e-18
    outer loop
      vertex 107.173 122.665 0
      vertex 107.464 122.23 2.2
      vertex 107.464 122.23 0
    endloop
  endfacet
  facet normal 0.89633 0.443387 5.45265e-18
    outer loop
      vertex 107.696 121.761 2.2
      vertex 107.464 122.23 0
      vertex 107.464 122.23 2.2
    endloop
  endfacet
  facet normal 0.89633 0.443387 5.45265e-18
    outer loop
      vertex 107.464 122.23 0
      vertex 107.696 121.761 2.2
      vertex 107.696 121.761 0
    endloop
  endfacet
  facet normal -0.195013 0.980801 0
    outer loop
      vertex 103.478 124.196 0
      vertex 102.965 124.094 2.2
      vertex 103.478 124.196 2.2
    endloop
  endfacet
  facet normal -0.195013 0.980801 0
    outer loop
      vertex 102.965 124.094 2.2
      vertex 103.478 124.196 0
      vertex 102.965 124.094 0
    endloop
  endfacet
  facet normal -0.443387 0.89633 0
    outer loop
      vertex 102.469 123.926 0
      vertex 102 123.694 2.2
      vertex 102.469 123.926 2.2
    endloop
  endfacet
  facet normal -0.443387 0.89633 0
    outer loop
      vertex 102 123.694 2.2
      vertex 102.469 123.926 0
      vertex 102 123.694 0
    endloop
  endfacet
  facet normal 0.320807 0.947145 -0
    outer loop
      vertex 105.531 123.926 0
      vertex 105.035 124.094 2.2
      vertex 105.531 123.926 2.2
    endloop
  endfacet
  facet normal 0.320807 0.947145 0
    outer loop
      vertex 105.035 124.094 2.2
      vertex 105.531 123.926 0
      vertex 105.035 124.094 0
    endloop
  endfacet
  facet normal -0.89633 0.443387 -5.45265e-18
    outer loop
      vertex 100.304 121.761 0
      vertex 100.536 122.23 2.2
      vertex 100.536 122.23 0
    endloop
  endfacet
  facet normal -0.89633 0.443387 -5.45265e-18
    outer loop
      vertex 100.536 122.23 2.2
      vertex 100.304 121.761 0
      vertex 100.304 121.761 2.2
    endloop
  endfacet
  facet normal 0.659722 0.75151 -0
    outer loop
      vertex 106.828 123.058 0
      vertex 106.435 123.403 2.2
      vertex 106.828 123.058 2.2
    endloop
  endfacet
  facet normal 0.659722 0.75151 0
    outer loop
      vertex 106.435 123.403 2.2
      vertex 106.828 123.058 0
      vertex 106.435 123.403 0
    endloop
  endfacet
  facet normal 0.556022 0.831167 -0
    outer loop
      vertex 106.435 123.403 0
      vertex 106 123.694 2.2
      vertex 106.435 123.403 2.2
    endloop
  endfacet
  facet normal 0.556022 0.831167 0
    outer loop
      vertex 106 123.694 2.2
      vertex 106.435 123.403 0
      vertex 106 123.694 0
    endloop
  endfacet
  facet normal -0.556022 0.831167 0
    outer loop
      vertex 102 123.694 0
      vertex 101.565 123.403 2.2
      vertex 102 123.694 2.2
    endloop
  endfacet
  facet normal -0.556022 0.831167 0
    outer loop
      vertex 101.565 123.403 2.2
      vertex 102 123.694 0
      vertex 101.565 123.403 0
    endloop
  endfacet
  facet normal 0.0649964 0.997886 -0
    outer loop
      vertex 104.522 124.196 0
      vertex 104 124.23 2.2
      vertex 104.522 124.196 2.2
    endloop
  endfacet
  facet normal 0.0649964 0.997886 0
    outer loop
      vertex 104 124.23 2.2
      vertex 104.522 124.196 0
      vertex 104 124.23 0
    endloop
  endfacet
  facet normal 0.443387 0.89633 -0
    outer loop
      vertex 106 123.694 0
      vertex 105.531 123.926 2.2
      vertex 106 123.694 2.2
    endloop
  endfacet
  facet normal 0.443387 0.89633 0
    outer loop
      vertex 105.531 123.926 2.2
      vertex 106 123.694 0
      vertex 105.531 123.926 0
    endloop
  endfacet
  facet normal -0.997886 0.0649964 -2.42722e-19
    outer loop
      vertex 100 120.23 0
      vertex 100.034 120.752 2.2
      vertex 100.034 120.752 0
    endloop
  endfacet
  facet normal -0.997886 0.0649964 -2.42722e-19
    outer loop
      vertex 100.034 120.752 2.2
      vertex 100 120.23 0
      vertex 100 120.23 2.2
    endloop
  endfacet
  facet normal 0.997886 -0.0649964 5.53166e-19
    outer loop
      vertex 107.966 119.708 2.2
      vertex 108 120.23 0
      vertex 108 120.23 2.2
    endloop
  endfacet
  facet normal 0.997886 -0.0649964 5.53166e-19
    outer loop
      vertex 108 120.23 0
      vertex 107.966 119.708 2.2
      vertex 107.966 119.708 0
    endloop
  endfacet
  facet normal -0.75151 0.659722 -4.16882e-19
    outer loop
      vertex 100.827 122.665 0
      vertex 101.172 123.058 2.2
      vertex 101.172 123.058 0
    endloop
  endfacet
  facet normal -0.75151 0.659722 -4.16882e-19
    outer loop
      vertex 101.172 123.058 2.2
      vertex 100.827 122.665 0
      vertex 100.827 122.665 2.2
    endloop
  endfacet
  facet normal -0.980801 0.195013 2.27777e-18
    outer loop
      vertex 100.034 120.752 0
      vertex 100.136 121.265 2.2
      vertex 100.136 121.265 0
    endloop
  endfacet
  facet normal -0.980801 0.195013 2.27777e-18
    outer loop
      vertex 100.136 121.265 2.2
      vertex 100.034 120.752 0
      vertex 100.034 120.752 2.2
    endloop
  endfacet
  facet normal -0.0649964 0.997886 0
    outer loop
      vertex 104 124.23 0
      vertex 103.478 124.196 2.2
      vertex 104 124.23 2.2
    endloop
  endfacet
  facet normal -0.0649964 0.997886 0
    outer loop
      vertex 103.478 124.196 2.2
      vertex 104 124.23 0
      vertex 103.478 124.196 0
    endloop
  endfacet
  facet normal -0.997863 -0.0653363 3.44105e-19
    outer loop
      vertex 100.033 119.726 0
      vertex 100 120.23 2.2
      vertex 100 120.23 0
    endloop
  endfacet
  facet normal -0.997863 -0.0653363 3.44105e-19
    outer loop
      vertex 100 120.23 2.2
      vertex 100.033 119.726 0
      vertex 100.033 119.726 2.2
    endloop
  endfacet
  facet normal -0.831167 0.556022 -3.88783e-18
    outer loop
      vertex 100.536 122.23 0
      vertex 100.827 122.665 2.2
      vertex 100.827 122.665 0
    endloop
  endfacet
  facet normal -0.831167 0.556022 -3.88783e-18
    outer loop
      vertex 100.827 122.665 2.2
      vertex 100.536 122.23 0
      vertex 100.536 122.23 2.2
    endloop
  endfacet
  facet normal -0.947145 0.320807 4.97478e-18
    outer loop
      vertex 100.136 121.265 0
      vertex 100.304 121.761 2.2
      vertex 100.304 121.761 0
    endloop
  endfacet
  facet normal -0.947145 0.320807 4.97478e-18
    outer loop
      vertex 100.304 121.761 2.2
      vertex 100.136 121.265 0
      vertex 100.136 121.265 2.2
    endloop
  endfacet
  facet normal 0.195013 0.980801 -0
    outer loop
      vertex 105.035 124.094 0
      vertex 104.522 124.196 2.2
      vertex 105.035 124.094 2.2
    endloop
  endfacet
  facet normal 0.195013 0.980801 0
    outer loop
      vertex 104.522 124.196 2.2
      vertex 105.035 124.094 0
      vertex 104.522 124.196 0
    endloop
  endfacet
  facet normal 0.32115 -0.947028 0
    outer loop
      vertex 168.785 33.4463 0
      vertex 169.281 33.6145 2.2
      vertex 168.785 33.4463 2.2
    endloop
  endfacet
  facet normal 0.32115 -0.947028 0
    outer loop
      vertex 169.281 33.6145 2.2
      vertex 168.785 33.4463 0
      vertex 169.281 33.6145 0
    endloop
  endfacet
  facet normal 0.980815 0.19494 1.68095e-18
    outer loop
      vertex 171.716 37.8321 2.2
      vertex 171.614 38.3453 0
      vertex 171.614 38.3453 2.2
    endloop
  endfacet
  facet normal 0.980815 0.19494 1.68095e-18
    outer loop
      vertex 171.614 38.3453 0
      vertex 171.716 37.8321 2.2
      vertex 171.716 37.8321 0
    endloop
  endfacet
  facet normal 0.997886 0.064984 2.30406e-19
    outer loop
      vertex 171.75 37.31 2.2
      vertex 171.716 37.8321 0
      vertex 171.716 37.8321 2.2
    endloop
  endfacet
  facet normal 0.997886 0.064984 2.30406e-19
    outer loop
      vertex 171.716 37.8321 0
      vertex 171.75 37.31 2.2
      vertex 171.75 37.31 0
    endloop
  endfacet
  facet normal 0.947026 0.321156 8.47241e-19
    outer loop
      vertex 171.614 38.3453 2.2
      vertex 171.446 38.8407 0
      vertex 171.446 38.8407 2.2
    endloop
  endfacet
  facet normal 0.947026 0.321156 8.47241e-19
    outer loop
      vertex 171.446 38.8407 0
      vertex 171.614 38.3453 2.2
      vertex 171.614 38.3453 0
    endloop
  endfacet
  facet normal 0.980815 -0.19494 1.64646e-18
    outer loop
      vertex 171.614 36.2747 2.2
      vertex 171.716 36.7879 0
      vertex 171.716 36.7879 2.2
    endloop
  endfacet
  facet normal 0.980815 -0.19494 1.64646e-18
    outer loop
      vertex 171.716 36.7879 0
      vertex 171.614 36.2747 2.2
      vertex 171.614 36.2747 0
    endloop
  endfacet
  facet normal -0.32115 0.947028 0
    outer loop
      vertex 166.715 41.1737 0
      vertex 166.219 41.0055 2.2
      vertex 166.715 41.1737 2.2
    endloop
  endfacet
  facet normal -0.32115 0.947028 0
    outer loop
      vertex 166.219 41.0055 2.2
      vertex 166.715 41.1737 0
      vertex 166.219 41.0055 0
    endloop
  endfacet
  facet normal 0.751842 -0.659343 9.79727e-18
    outer loop
      vertex 170.578 34.4816 2.2
      vertex 170.923 34.875 0
      vertex 170.923 34.875 2.2
    endloop
  endfacet
  facet normal 0.751842 -0.659343 9.79727e-18
    outer loop
      vertex 170.923 34.875 0
      vertex 170.578 34.4816 2.2
      vertex 170.578 34.4816 0
    endloop
  endfacet
  facet normal 0.32115 0.947028 -0
    outer loop
      vertex 169.281 41.0055 0
      vertex 168.785 41.1737 2.2
      vertex 169.281 41.0055 2.2
    endloop
  endfacet
  facet normal 0.32115 0.947028 0
    outer loop
      vertex 168.785 41.1737 2.2
      vertex 169.281 41.0055 0
      vertex 168.785 41.1737 0
    endloop
  endfacet
  facet normal 0.831167 0.556022 -8.26164e-18
    outer loop
      vertex 171.214 39.31 2.2
      vertex 170.923 39.745 0
      vertex 170.923 39.745 2.2
    endloop
  endfacet
  facet normal 0.831167 0.556022 -8.26164e-18
    outer loop
      vertex 170.923 39.745 0
      vertex 171.214 39.31 2.2
      vertex 171.214 39.31 0
    endloop
  endfacet
  facet normal 0.896443 0.443159 -2.85533e-18
    outer loop
      vertex 171.446 38.8407 2.2
      vertex 171.214 39.31 0
      vertex 171.214 39.31 2.2
    endloop
  endfacet
  facet normal 0.896443 0.443159 -2.85533e-18
    outer loop
      vertex 171.214 39.31 0
      vertex 171.446 38.8407 2.2
      vertex 171.446 38.8407 0
    endloop
  endfacet
  facet normal -0.195197 0.980764 0
    outer loop
      vertex 167.228 41.2758 0
      vertex 166.715 41.1737 2.2
      vertex 167.228 41.2758 2.2
    endloop
  endfacet
  facet normal -0.195197 0.980764 0
    outer loop
      vertex 166.715 41.1737 2.2
      vertex 167.228 41.2758 0
      vertex 166.715 41.1737 0
    endloop
  endfacet
  facet normal -0.0653771 -0.997861 0
    outer loop
      vertex 167.228 33.3442 0
      vertex 167.75 33.31 2.2
      vertex 167.228 33.3442 2.2
    endloop
  endfacet
  facet normal -0.0653771 -0.997861 -0
    outer loop
      vertex 167.75 33.31 2.2
      vertex 167.228 33.3442 0
      vertex 167.75 33.31 0
    endloop
  endfacet
  facet normal -0.442529 0.896754 0
    outer loop
      vertex 166.219 41.0055 0
      vertex 165.805 40.8012 2.2
      vertex 166.219 41.0055 2.2
    endloop
  endfacet
  facet normal -0.442529 0.896754 0
    outer loop
      vertex 165.805 40.8012 2.2
      vertex 166.219 41.0055 0
      vertex 165.805 40.8012 0
    endloop
  endfacet
  facet normal 0.947026 -0.321156 -6.543e-19
    outer loop
      vertex 171.446 35.7793 2.2
      vertex 171.614 36.2747 0
      vertex 171.614 36.2747 2.2
    endloop
  endfacet
  facet normal 0.947026 -0.321156 -6.543e-19
    outer loop
      vertex 171.614 36.2747 0
      vertex 171.446 35.7793 2.2
      vertex 171.446 35.7793 0
    endloop
  endfacet
  facet normal 0.195197 -0.980764 0
    outer loop
      vertex 168.272 33.3442 0
      vertex 168.785 33.4463 2.2
      vertex 168.272 33.3442 2.2
    endloop
  endfacet
  facet normal 0.195197 -0.980764 0
    outer loop
      vertex 168.785 33.4463 2.2
      vertex 168.272 33.3442 0
      vertex 168.785 33.4463 0
    endloop
  endfacet
  facet normal 0.0653771 0.997861 -0
    outer loop
      vertex 168.272 41.2758 0
      vertex 167.75 41.31 2.2
      vertex 168.272 41.2758 2.2
    endloop
  endfacet
  facet normal 0.0653771 0.997861 0
    outer loop
      vertex 167.75 41.31 2.2
      vertex 168.272 41.2758 0
      vertex 167.75 41.31 0
    endloop
  endfacet
  facet normal 0.997886 -0.064984 -1.33961e-18
    outer loop
      vertex 171.716 36.7879 2.2
      vertex 171.75 37.31 0
      vertex 171.75 37.31 2.2
    endloop
  endfacet
  facet normal 0.997886 -0.064984 -1.33961e-18
    outer loop
      vertex 171.75 37.31 0
      vertex 171.716 36.7879 2.2
      vertex 171.716 36.7879 0
    endloop
  endfacet
  facet normal 0.896443 -0.443159 5.45803e-18
    outer loop
      vertex 171.214 35.31 2.2
      vertex 171.446 35.7793 0
      vertex 171.446 35.7793 2.2
    endloop
  endfacet
  facet normal 0.896443 -0.443159 5.45803e-18
    outer loop
      vertex 171.446 35.7793 0
      vertex 171.214 35.31 2.2
      vertex 171.214 35.31 0
    endloop
  endfacet
  facet normal -0.195197 -0.980764 0
    outer loop
      vertex 166.715 33.4463 0
      vertex 167.228 33.3442 2.2
      vertex 166.715 33.4463 2.2
    endloop
  endfacet
  facet normal -0.195197 -0.980764 -0
    outer loop
      vertex 167.228 33.3442 2.2
      vertex 166.715 33.4463 0
      vertex 167.228 33.3442 0
    endloop
  endfacet
  facet normal -0.32115 -0.947028 0
    outer loop
      vertex 166.219 33.6145 0
      vertex 166.715 33.4463 2.2
      vertex 166.219 33.6145 2.2
    endloop
  endfacet
  facet normal -0.32115 -0.947028 -0
    outer loop
      vertex 166.715 33.4463 2.2
      vertex 166.219 33.6145 0
      vertex 166.715 33.4463 0
    endloop
  endfacet
  facet normal 0.442465 0.896786 -0
    outer loop
      vertex 169.75 40.7741 0
      vertex 169.281 41.0055 2.2
      vertex 169.75 40.7741 2.2
    endloop
  endfacet
  facet normal 0.442465 0.896786 0
    outer loop
      vertex 169.281 41.0055 2.2
      vertex 169.75 40.7741 0
      vertex 169.281 41.0055 0
    endloop
  endfacet
  facet normal 0.831167 -0.556022 -3.88783e-18
    outer loop
      vertex 170.923 34.875 2.2
      vertex 171.214 35.31 0
      vertex 171.214 35.31 2.2
    endloop
  endfacet
  facet normal 0.831167 -0.556022 -3.88783e-18
    outer loop
      vertex 171.214 35.31 0
      vertex 170.923 34.875 2.2
      vertex 170.923 34.875 0
    endloop
  endfacet
  facet normal 0.555626 0.831432 -0
    outer loop
      vertex 170.185 40.4834 0
      vertex 169.75 40.7741 2.2
      vertex 170.185 40.4834 2.2
    endloop
  endfacet
  facet normal 0.555626 0.831432 0
    outer loop
      vertex 169.75 40.7741 2.2
      vertex 170.185 40.4834 0
      vertex 169.75 40.7741 0
    endloop
  endfacet
  facet normal 0.442465 -0.896786 0
    outer loop
      vertex 169.281 33.6145 0
      vertex 169.75 33.8459 2.2
      vertex 169.281 33.6145 2.2
    endloop
  endfacet
  facet normal 0.442465 -0.896786 0
    outer loop
      vertex 169.75 33.8459 2.2
      vertex 169.281 33.6145 0
      vertex 169.75 33.8459 0
    endloop
  endfacet
  facet normal -0.444382 -0.895837 0
    outer loop
      vertex 166.143 33.6522 0
      vertex 166.219 33.6145 2.2
      vertex 166.143 33.6522 2.2
    endloop
  endfacet
  facet normal -0.444382 -0.895837 -0
    outer loop
      vertex 166.219 33.6145 2.2
      vertex 166.143 33.6522 0
      vertex 166.219 33.6145 0
    endloop
  endfacet
  facet normal -0.0653771 0.997861 0
    outer loop
      vertex 167.75 41.31 0
      vertex 167.228 41.2758 2.2
      vertex 167.75 41.31 2.2
    endloop
  endfacet
  facet normal -0.0653771 0.997861 0
    outer loop
      vertex 167.228 41.2758 2.2
      vertex 167.75 41.31 0
      vertex 167.228 41.2758 0
    endloop
  endfacet
  facet normal 0.659722 -0.75151 0
    outer loop
      vertex 170.185 34.1366 0
      vertex 170.578 34.4816 2.2
      vertex 170.185 34.1366 2.2
    endloop
  endfacet
  facet normal 0.659722 -0.75151 0
    outer loop
      vertex 170.578 34.4816 2.2
      vertex 170.185 34.1366 0
      vertex 170.578 34.4816 0
    endloop
  endfacet
  facet normal 0.0653771 -0.997861 0
    outer loop
      vertex 167.75 33.31 0
      vertex 168.272 33.3442 2.2
      vertex 167.75 33.31 2.2
    endloop
  endfacet
  facet normal 0.0653771 -0.997861 0
    outer loop
      vertex 168.272 33.3442 2.2
      vertex 167.75 33.31 0
      vertex 168.272 33.3442 0
    endloop
  endfacet
  facet normal 0.659722 0.75151 -0
    outer loop
      vertex 170.578 40.1384 0
      vertex 170.185 40.4834 2.2
      vertex 170.578 40.1384 2.2
    endloop
  endfacet
  facet normal 0.659722 0.75151 0
    outer loop
      vertex 170.185 40.4834 2.2
      vertex 170.578 40.1384 0
      vertex 170.185 40.4834 0
    endloop
  endfacet
  facet normal 0.751842 0.659343 -9.79727e-18
    outer loop
      vertex 170.923 39.745 2.2
      vertex 170.578 40.1384 0
      vertex 170.578 40.1384 2.2
    endloop
  endfacet
  facet normal 0.751842 0.659343 -9.79727e-18
    outer loop
      vertex 170.578 40.1384 0
      vertex 170.923 39.745 2.2
      vertex 170.923 39.745 0
    endloop
  endfacet
  facet normal 0.555626 -0.831432 0
    outer loop
      vertex 169.75 33.8459 0
      vertex 170.185 34.1366 2.2
      vertex 169.75 33.8459 2.2
    endloop
  endfacet
  facet normal 0.555626 -0.831432 0
    outer loop
      vertex 170.185 34.1366 2.2
      vertex 169.75 33.8459 0
      vertex 170.185 34.1366 0
    endloop
  endfacet
  facet normal 0.195197 0.980764 -0
    outer loop
      vertex 168.785 41.1737 0
      vertex 168.272 41.2758 2.2
      vertex 168.785 41.1737 2.2
    endloop
  endfacet
  facet normal 0.195197 0.980764 0
    outer loop
      vertex 168.272 41.2758 2.2
      vertex 168.785 41.1737 0
      vertex 168.272 41.2758 0
    endloop
  endfacet
  facet normal 0.980814 -0.194947 -1.45882e-18
    outer loop
      vertex 152.344 -5.23528 2.2
      vertex 152.446 -4.7221 0
      vertex 152.446 -4.7221 2.2
    endloop
  endfacet
  facet normal 0.980814 -0.194947 -1.45882e-18
    outer loop
      vertex 152.446 -4.7221 0
      vertex 152.344 -5.23528 2.2
      vertex 152.344 -5.23528 0
    endloop
  endfacet
  facet normal 0.0654151 -0.997858 0
    outer loop
      vertex 148.48 -8.2 0
      vertex 149.002 -8.16578 2.2
      vertex 148.48 -8.2 2.2
    endloop
  endfacet
  facet normal 0.0654151 -0.997858 0
    outer loop
      vertex 149.002 -8.16578 2.2
      vertex 148.48 -8.2 0
      vertex 149.002 -8.16578 0
    endloop
  endfacet
  facet normal 0.980813 0.194951 -2.51034e-18
    outer loop
      vertex 152.446 -3.67789 2.2
      vertex 152.344 -3.16472 0
      vertex 152.344 -3.16472 2.2
    endloop
  endfacet
  facet normal 0.980813 0.194951 -2.51034e-18
    outer loop
      vertex 152.344 -3.16472 0
      vertex 152.446 -3.67789 2.2
      vertex 152.446 -3.67789 0
    endloop
  endfacet
  facet normal 0.997886 0.0649827 -1.0488e-18
    outer loop
      vertex 152.48 -4.2 2.2
      vertex 152.446 -3.67789 0
      vertex 152.446 -3.67789 2.2
    endloop
  endfacet
  facet normal 0.997886 0.0649827 -1.0488e-18
    outer loop
      vertex 152.446 -3.67789 0
      vertex 152.48 -4.2 2.2
      vertex 152.48 -4.2 0
    endloop
  endfacet
  facet normal 0.947036 0.321126 -1.74449e-18
    outer loop
      vertex 152.344 -3.16472 2.2
      vertex 152.176 -2.66927 0
      vertex 152.176 -2.66927 2.2
    endloop
  endfacet
  facet normal 0.947036 0.321126 -1.74449e-18
    outer loop
      vertex 152.176 -2.66927 0
      vertex 152.344 -3.16472 2.2
      vertex 152.344 -3.16472 0
    endloop
  endfacet
  facet normal -0.947036 -0.321126 -5.58366e-18
    outer loop
      vertex 144.784 -5.73073 0
      vertex 144.616 -5.23528 2.2
      vertex 144.616 -5.23528 0
    endloop
  endfacet
  facet normal -0.947036 -0.321126 -5.58366e-18
    outer loop
      vertex 144.616 -5.23528 2.2
      vertex 144.784 -5.73073 0
      vertex 144.784 -5.73073 2.2
    endloop
  endfacet
  facet normal -0.946754 0.321957 -2.22109e-18
    outer loop
      vertex 144.616 -3.16472 0
      vertex 144.777 -2.69128 2.2
      vertex 144.777 -2.69128 0
    endloop
  endfacet
  facet normal -0.946754 0.321957 -2.22109e-18
    outer loop
      vertex 144.777 -2.69128 2.2
      vertex 144.616 -3.16472 0
      vertex 144.616 -3.16472 2.2
    endloop
  endfacet
  facet normal -0.997886 0.0649827 1.42592e-18
    outer loop
      vertex 144.48 -4.2 0
      vertex 144.514 -3.67789 2.2
      vertex 144.514 -3.67789 0
    endloop
  endfacet
  facet normal -0.997886 0.0649827 1.42592e-18
    outer loop
      vertex 144.514 -3.67789 2.2
      vertex 144.48 -4.2 0
      vertex 144.48 -4.2 2.2
    endloop
  endfacet
  facet normal -0.980814 -0.194947 1.45882e-18
    outer loop
      vertex 144.616 -5.23528 0
      vertex 144.514 -4.7221 2.2
      vertex 144.514 -4.7221 0
    endloop
  endfacet
  facet normal -0.980814 -0.194947 1.45882e-18
    outer loop
      vertex 144.514 -4.7221 2.2
      vertex 144.616 -5.23528 0
      vertex 144.616 -5.23528 2.2
    endloop
  endfacet
  facet normal 0.947036 -0.321126 1.74449e-18
    outer loop
      vertex 152.176 -5.73073 2.2
      vertex 152.344 -5.23528 0
      vertex 152.344 -5.23528 2.2
    endloop
  endfacet
  facet normal 0.947036 -0.321126 1.74449e-18
    outer loop
      vertex 152.344 -5.23528 0
      vertex 152.176 -5.73073 2.2
      vertex 152.176 -5.73073 0
    endloop
  endfacet
  facet normal 0.896334 0.44338 -5.54039e-18
    outer loop
      vertex 152.176 -2.66927 2.2
      vertex 151.969 -2.2508 0
      vertex 151.969 -2.2508 2.2
    endloop
  endfacet
  facet normal 0.896334 0.44338 -5.54039e-18
    outer loop
      vertex 151.969 -2.2508 0
      vertex 152.176 -2.66927 2.2
      vertex 152.176 -2.66927 0
    endloop
  endfacet
  facet normal -0.997886 -0.064984 -5.74975e-19
    outer loop
      vertex 144.514 -4.7221 0
      vertex 144.48 -4.2 2.2
      vertex 144.48 -4.2 0
    endloop
  endfacet
  facet normal -0.997886 -0.064984 -5.74975e-19
    outer loop
      vertex 144.48 -4.2 2.2
      vertex 144.514 -4.7221 0
      vertex 144.514 -4.7221 2.2
    endloop
  endfacet
  facet normal -0.321115 -0.94704 0
    outer loop
      vertex 146.949 -7.89552 0
      vertex 147.445 -8.0637 2.2
      vertex 146.949 -7.89552 2.2
    endloop
  endfacet
  facet normal -0.321115 -0.94704 -0
    outer loop
      vertex 147.445 -8.0637 2.2
      vertex 146.949 -7.89552 0
      vertex 147.445 -8.0637 0
    endloop
  endfacet
  facet normal -0.442496 -0.89677 0
    outer loop
      vertex 146.48 -7.6641 0
      vertex 146.949 -7.89552 2.2
      vertex 146.48 -7.6641 2.2
    endloop
  endfacet
  facet normal -0.442496 -0.89677 -0
    outer loop
      vertex 146.949 -7.89552 2.2
      vertex 146.48 -7.6641 0
      vertex 146.949 -7.89552 0
    endloop
  endfacet
  facet normal -0.555613 -0.831441 0
    outer loop
      vertex 146.045 -7.37341 0
      vertex 146.48 -7.6641 2.2
      vertex 146.045 -7.37341 2.2
    endloop
  endfacet
  facet normal -0.555613 -0.831441 -0
    outer loop
      vertex 146.48 -7.6641 2.2
      vertex 146.045 -7.37341 0
      vertex 146.48 -7.6641 0
    endloop
  endfacet
  facet normal 0.997886 -0.064984 4.44763e-19
    outer loop
      vertex 152.446 -4.7221 2.2
      vertex 152.48 -4.2 0
      vertex 152.48 -4.2 2.2
    endloop
  endfacet
  facet normal 0.997886 -0.064984 4.44763e-19
    outer loop
      vertex 152.48 -4.2 0
      vertex 152.446 -4.7221 2.2
      vertex 152.446 -4.7221 0
    endloop
  endfacet
  facet normal -0.980813 0.194951 2.51034e-18
    outer loop
      vertex 144.514 -3.67789 0
      vertex 144.616 -3.16472 2.2
      vertex 144.616 -3.16472 0
    endloop
  endfacet
  facet normal -0.980813 0.194951 2.51034e-18
    outer loop
      vertex 144.616 -3.16472 2.2
      vertex 144.514 -3.67789 0
      vertex 144.514 -3.67789 2.2
    endloop
  endfacet
  facet normal 0.831197 -0.555978 -9.61791e-18
    outer loop
      vertex 151.653 -6.63505 2.2
      vertex 151.944 -6.2 0
      vertex 151.944 -6.2 2.2
    endloop
  endfacet
  facet normal 0.831197 -0.555978 -9.61791e-18
    outer loop
      vertex 151.944 -6.2 0
      vertex 151.653 -6.63505 2.2
      vertex 151.653 -6.63505 0
    endloop
  endfacet
  facet normal 0.896432 -0.443182 1.90923e-18
    outer loop
      vertex 151.944 -6.2 2.2
      vertex 152.176 -5.73073 0
      vertex 152.176 -5.73073 2.2
    endloop
  endfacet
  facet normal 0.896432 -0.443182 1.90923e-18
    outer loop
      vertex 152.176 -5.73073 0
      vertex 151.944 -6.2 2.2
      vertex 151.944 -6.2 0
    endloop
  endfacet
  facet normal -0.896432 -0.443182 -1.90923e-18
    outer loop
      vertex 145.016 -6.2 0
      vertex 144.784 -5.73073 2.2
      vertex 144.784 -5.73073 0
    endloop
  endfacet
  facet normal -0.896432 -0.443182 -1.90923e-18
    outer loop
      vertex 144.784 -5.73073 2.2
      vertex 145.016 -6.2 0
      vertex 145.016 -6.2 2.2
    endloop
  endfacet
  facet normal -0.659701 -0.751529 0
    outer loop
      vertex 145.652 -7.02843 0
      vertex 146.045 -7.37341 2.2
      vertex 145.652 -7.02843 2.2
    endloop
  endfacet
  facet normal -0.659701 -0.751529 -0
    outer loop
      vertex 146.045 -7.37341 2.2
      vertex 145.652 -7.02843 0
      vertex 146.045 -7.37341 0
    endloop
  endfacet
  facet normal 0.751826 -0.659362 -7.91952e-19
    outer loop
      vertex 151.308 -7.02843 2.2
      vertex 151.653 -6.63505 0
      vertex 151.653 -6.63505 2.2
    endloop
  endfacet
  facet normal 0.751826 -0.659362 -7.91952e-19
    outer loop
      vertex 151.653 -6.63505 0
      vertex 151.308 -7.02843 2.2
      vertex 151.308 -7.02843 0
    endloop
  endfacet
  facet normal 0.442496 -0.89677 0
    outer loop
      vertex 150.011 -7.89552 0
      vertex 150.48 -7.6641 2.2
      vertex 150.011 -7.89552 2.2
    endloop
  endfacet
  facet normal 0.442496 -0.89677 0
    outer loop
      vertex 150.48 -7.6641 2.2
      vertex 150.011 -7.89552 0
      vertex 150.48 -7.6641 0
    endloop
  endfacet
  facet normal 0.321115 -0.94704 0
    outer loop
      vertex 149.515 -8.0637 0
      vertex 150.011 -7.89552 2.2
      vertex 149.515 -8.0637 2.2
    endloop
  endfacet
  facet normal 0.321115 -0.94704 0
    outer loop
      vertex 150.011 -7.89552 2.2
      vertex 149.515 -8.0637 0
      vertex 150.011 -7.89552 0
    endloop
  endfacet
  facet normal 0.555613 -0.831441 0
    outer loop
      vertex 150.48 -7.6641 0
      vertex 150.915 -7.37341 2.2
      vertex 150.48 -7.6641 2.2
    endloop
  endfacet
  facet normal 0.555613 -0.831441 0
    outer loop
      vertex 150.915 -7.37341 2.2
      vertex 150.48 -7.6641 0
      vertex 150.915 -7.37341 0
    endloop
  endfacet
  facet normal -0.0654151 -0.997858 0
    outer loop
      vertex 147.958 -8.16578 0
      vertex 148.48 -8.2 2.2
      vertex 147.958 -8.16578 2.2
    endloop
  endfacet
  facet normal -0.0654151 -0.997858 -0
    outer loop
      vertex 148.48 -8.2 2.2
      vertex 147.958 -8.16578 0
      vertex 148.48 -8.2 0
    endloop
  endfacet
  facet normal 0.19516 -0.980771 0
    outer loop
      vertex 149.002 -8.16578 0
      vertex 149.515 -8.0637 2.2
      vertex 149.002 -8.16578 2.2
    endloop
  endfacet
  facet normal 0.19516 -0.980771 0
    outer loop
      vertex 149.515 -8.0637 2.2
      vertex 149.002 -8.16578 0
      vertex 149.515 -8.0637 0
    endloop
  endfacet
  facet normal -0.831197 -0.555978 9.61791e-18
    outer loop
      vertex 145.307 -6.63505 0
      vertex 145.016 -6.2 2.2
      vertex 145.016 -6.2 0
    endloop
  endfacet
  facet normal -0.831197 -0.555978 9.61791e-18
    outer loop
      vertex 145.016 -6.2 2.2
      vertex 145.307 -6.63505 0
      vertex 145.307 -6.63505 2.2
    endloop
  endfacet
  facet normal -0.751826 -0.659362 7.91952e-19
    outer loop
      vertex 145.652 -7.02843 0
      vertex 145.307 -6.63505 2.2
      vertex 145.307 -6.63505 0
    endloop
  endfacet
  facet normal -0.751826 -0.659362 7.91952e-19
    outer loop
      vertex 145.307 -6.63505 2.2
      vertex 145.652 -7.02843 0
      vertex 145.652 -7.02843 2.2
    endloop
  endfacet
  facet normal 0.659701 -0.751529 0
    outer loop
      vertex 150.915 -7.37341 0
      vertex 151.308 -7.02843 2.2
      vertex 150.915 -7.37341 2.2
    endloop
  endfacet
  facet normal 0.659701 -0.751529 0
    outer loop
      vertex 151.308 -7.02843 2.2
      vertex 150.915 -7.37341 0
      vertex 151.308 -7.02843 0
    endloop
  endfacet
  facet normal -0.19516 -0.980771 0
    outer loop
      vertex 147.445 -8.0637 0
      vertex 147.958 -8.16578 2.2
      vertex 147.445 -8.0637 2.2
    endloop
  endfacet
  facet normal -0.19516 -0.980771 -0
    outer loop
      vertex 147.958 -8.16578 2.2
      vertex 147.445 -8.0637 0
      vertex 147.958 -8.16578 0
    endloop
  endfacet
  facet normal -0.555626 -0.831432 0
    outer loop
      vertex 85.895 27.8666 0
      vertex 86.33 27.5759 2.2
      vertex 85.895 27.8666 2.2
    endloop
  endfacet
  facet normal -0.555626 -0.831432 -0
    outer loop
      vertex 86.33 27.5759 2.2
      vertex 85.895 27.8666 0
      vertex 86.33 27.5759 0
    endloop
  endfacet
  facet normal -0.896849 0.442337 -9.11881e-19
    outer loop
      vertex 84.6345 32.5707 0
      vertex 84.6781 32.6591 2.2
      vertex 84.6781 32.6591 0
    endloop
  endfacet
  facet normal -0.896849 0.442337 -9.11881e-19
    outer loop
      vertex 84.6781 32.6591 2.2
      vertex 84.6345 32.5707 0
      vertex 84.6345 32.5707 2.2
    endloop
  endfacet
  facet normal -0.997861 0.0653646 -1.45866e-18
    outer loop
      vertex 84.33 31.04 0
      vertex 84.3642 31.5621 2.2
      vertex 84.3642 31.5621 0
    endloop
  endfacet
  facet normal -0.997861 0.0653646 -1.45866e-18
    outer loop
      vertex 84.3642 31.5621 2.2
      vertex 84.33 31.04 0
      vertex 84.33 31.04 2.2
    endloop
  endfacet
  facet normal -0.94691 -0.321498 5.36982e-18
    outer loop
      vertex 84.6345 29.5093 0
      vertex 84.4663 30.0047 2.2
      vertex 84.4663 30.0047 0
    endloop
  endfacet
  facet normal -0.94691 -0.321498 5.36982e-18
    outer loop
      vertex 84.4663 30.0047 2.2
      vertex 84.6345 29.5093 0
      vertex 84.6345 29.5093 2.2
    endloop
  endfacet
  facet normal -0.896898 -0.442238 -9.7874e-19
    outer loop
      vertex 84.8659 29.04 0
      vertex 84.6345 29.5093 2.2
      vertex 84.6345 29.5093 0
    endloop
  endfacet
  facet normal -0.896898 -0.442238 -9.7874e-19
    outer loop
      vertex 84.6345 29.5093 2.2
      vertex 84.8659 29.04 0
      vertex 84.8659 29.04 2.2
    endloop
  endfacet
  facet normal -0.321498 -0.94691 0
    outer loop
      vertex 86.7993 27.3445 0
      vertex 87.2947 27.1763 2.2
      vertex 86.7993 27.3445 2.2
    endloop
  endfacet
  facet normal -0.321498 -0.94691 -0
    outer loop
      vertex 87.2947 27.1763 2.2
      vertex 86.7993 27.3445 0
      vertex 87.2947 27.1763 0
    endloop
  endfacet
  facet normal -0.751842 -0.659343 -9.79727e-18
    outer loop
      vertex 85.5016 28.2116 0
      vertex 85.1566 28.605 2.2
      vertex 85.1566 28.605 0
    endloop
  endfacet
  facet normal -0.751842 -0.659343 -9.79727e-18
    outer loop
      vertex 85.1566 28.605 2.2
      vertex 85.5016 28.2116 0
      vertex 85.5016 28.2116 2.2
    endloop
  endfacet
  facet normal -0.0653646 -0.997861 0
    outer loop
      vertex 87.8079 27.0742 0
      vertex 88.33 27.04 2.2
      vertex 87.8079 27.0742 2.2
    endloop
  endfacet
  facet normal -0.0653646 -0.997861 -0
    outer loop
      vertex 88.33 27.04 2.2
      vertex 87.8079 27.0742 0
      vertex 88.33 27.04 0
    endloop
  endfacet
  facet normal -0.831432 -0.555626 -1.07196e-17
    outer loop
      vertex 85.1566 28.605 0
      vertex 84.8659 29.04 2.2
      vertex 84.8659 29.04 0
    endloop
  endfacet
  facet normal -0.831432 -0.555626 -1.07196e-17
    outer loop
      vertex 84.8659 29.04 2.2
      vertex 85.1566 28.605 0
      vertex 85.1566 28.605 2.2
    endloop
  endfacet
  facet normal -0.442238 -0.896898 0
    outer loop
      vertex 86.33 27.5759 0
      vertex 86.7993 27.3445 2.2
      vertex 86.33 27.5759 2.2
    endloop
  endfacet
  facet normal -0.442238 -0.896898 -0
    outer loop
      vertex 86.7993 27.3445 2.2
      vertex 86.33 27.5759 0
      vertex 86.7993 27.3445 0
    endloop
  endfacet
  facet normal -0.980779 0.195124 -1.90362e-18
    outer loop
      vertex 84.3642 31.5621 0
      vertex 84.4663 32.0753 2.2
      vertex 84.4663 32.0753 0
    endloop
  endfacet
  facet normal -0.980779 0.195124 -1.90362e-18
    outer loop
      vertex 84.4663 32.0753 2.2
      vertex 84.3642 31.5621 0
      vertex 84.3642 31.5621 2.2
    endloop
  endfacet
  facet normal 0.0654039 -0.997859 0
    outer loop
      vertex 88.33 27.04 0
      vertex 88.8289 27.0727 2.2
      vertex 88.33 27.04 2.2
    endloop
  endfacet
  facet normal 0.0654039 -0.997859 0
    outer loop
      vertex 88.8289 27.0727 2.2
      vertex 88.33 27.04 0
      vertex 88.8289 27.0727 0
    endloop
  endfacet
  facet normal -0.997861 -0.0653646 -1.49272e-18
    outer loop
      vertex 84.3642 30.5179 0
      vertex 84.33 31.04 2.2
      vertex 84.33 31.04 0
    endloop
  endfacet
  facet normal -0.997861 -0.0653646 -1.49272e-18
    outer loop
      vertex 84.33 31.04 2.2
      vertex 84.3642 30.5179 0
      vertex 84.3642 30.5179 2.2
    endloop
  endfacet
  facet normal -0.195124 -0.980779 0
    outer loop
      vertex 87.2947 27.1763 0
      vertex 87.8079 27.0742 2.2
      vertex 87.2947 27.1763 2.2
    endloop
  endfacet
  facet normal -0.195124 -0.980779 -0
    outer loop
      vertex 87.8079 27.0742 2.2
      vertex 87.2947 27.1763 0
      vertex 87.8079 27.0742 0
    endloop
  endfacet
  facet normal -0.980779 -0.195124 2.44796e-19
    outer loop
      vertex 84.4663 30.0047 0
      vertex 84.3642 30.5179 2.2
      vertex 84.3642 30.5179 0
    endloop
  endfacet
  facet normal -0.980779 -0.195124 2.44796e-19
    outer loop
      vertex 84.3642 30.5179 2.2
      vertex 84.4663 30.0047 0
      vertex 84.4663 30.0047 2.2
    endloop
  endfacet
  facet normal -0.659343 -0.751842 0
    outer loop
      vertex 85.5016 28.2116 0
      vertex 85.895 27.8666 2.2
      vertex 85.5016 28.2116 2.2
    endloop
  endfacet
  facet normal -0.659343 -0.751842 -0
    outer loop
      vertex 85.895 27.8666 2.2
      vertex 85.5016 28.2116 0
      vertex 85.895 27.8666 0
    endloop
  endfacet
  facet normal -0.94691 0.321498 -4.65603e-18
    outer loop
      vertex 84.4663 32.0753 0
      vertex 84.6345 32.5707 2.2
      vertex 84.6345 32.5707 0
    endloop
  endfacet
  facet normal -0.94691 0.321498 -4.65603e-18
    outer loop
      vertex 84.6345 32.5707 2.2
      vertex 84.4663 32.0753 0
      vertex 84.4663 32.0753 2.2
    endloop
  endfacet
  facet normal -0.831443 -0.555611 3.73568e-18
    outer loop
      vertex -0.0634127 22.785 0
      vertex -0.354101 23.22 2.2
      vertex -0.354101 23.22 0
    endloop
  endfacet
  facet normal -0.831443 -0.555611 3.73568e-18
    outer loop
      vertex -0.354101 23.22 2.2
      vertex -0.0634127 22.785 0
      vertex -0.0634127 22.785 2.2
    endloop
  endfacet
  facet normal 0.321469 -0.94692 0
    outer loop
      vertex 4.14528 21.3563 0
      vertex 4.64073 21.5245 2.2
      vertex 4.14528 21.3563 2.2
    endloop
  endfacet
  facet normal 0.321469 -0.94692 0
    outer loop
      vertex 4.64073 21.5245 2.2
      vertex 4.14528 21.3563 0
      vertex 4.64073 21.5245 0
    endloop
  endfacet
  facet normal 0.752024 -0.659136 4.23354e-19
    outer loop
      vertex 5.93843 22.3916 2.2
      vertex 5.97831 22.4371 0
      vertex 5.97831 22.4371 2.2
    endloop
  endfacet
  facet normal 0.752024 -0.659136 4.23354e-19
    outer loop
      vertex 5.97831 22.4371 0
      vertex 5.93843 22.3916 2.2
      vertex 5.93843 22.3916 0
    endloop
  endfacet
  facet normal -0.980787 -0.19508 1.50453e-18
    outer loop
      vertex -0.753703 24.1847 0
      vertex -0.855779 24.6979 2.2
      vertex -0.855779 24.6979 0
    endloop
  endfacet
  facet normal -0.980787 -0.19508 1.50453e-18
    outer loop
      vertex -0.855779 24.6979 2.2
      vertex -0.753703 24.1847 0
      vertex -0.753703 24.1847 2.2
    endloop
  endfacet
  facet normal -0.896885 0.442264 -4.9549e-18
    outer loop
      vertex -0.585518 26.7507 0
      vertex -0.354101 27.22 2.2
      vertex -0.354101 27.22 0
    endloop
  endfacet
  facet normal -0.896885 0.442264 -4.9549e-18
    outer loop
      vertex -0.354101 27.22 2.2
      vertex -0.585518 26.7507 0
      vertex -0.585518 26.7507 2.2
    endloop
  endfacet
  facet normal -0.321354 0.946959 0
    outer loop
      vertex 1.84006 29.004 0
      vertex 1.57927 28.9155 2.2
      vertex 1.84006 29.004 2.2
    endloop
  endfacet
  facet normal -0.321354 0.946959 0
    outer loop
      vertex 1.57927 28.9155 2.2
      vertex 1.84006 29.004 0
      vertex 1.57927 28.9155 0
    endloop
  endfacet
  facet normal -0.659361 0.751826 0
    outer loop
      vertex 0.674953 28.3934 0
      vertex 0.281572 28.0484 2.2
      vertex 0.674953 28.3934 2.2
    endloop
  endfacet
  facet normal -0.659361 0.751826 0
    outer loop
      vertex 0.281572 28.0484 2.2
      vertex 0.674953 28.3934 0
      vertex 0.281572 28.0484 0
    endloop
  endfacet
  facet normal -0.946919 -0.321473 2.86274e-18
    outer loop
      vertex -0.585518 23.6893 0
      vertex -0.753703 24.1847 2.2
      vertex -0.753703 24.1847 0
    endloop
  endfacet
  facet normal -0.946919 -0.321473 2.86274e-18
    outer loop
      vertex -0.753703 24.1847 2.2
      vertex -0.585518 23.6893 0
      vertex -0.585518 23.6893 2.2
    endloop
  endfacet
  facet normal -0.997859 -0.0654027 1.29647e-18
    outer loop
      vertex -0.855779 24.6979 0
      vertex -0.889999 25.22 2.2
      vertex -0.889999 25.22 0
    endloop
  endfacet
  facet normal -0.997859 -0.0654027 1.29647e-18
    outer loop
      vertex -0.889999 25.22 2.2
      vertex -0.855779 24.6979 0
      vertex -0.855779 24.6979 2.2
    endloop
  endfacet
  facet normal 0.0653646 -0.997861 0
    outer loop
      vertex 3.11 21.22 0
      vertex 3.6321 21.2542 2.2
      vertex 3.11 21.22 2.2
    endloop
  endfacet
  facet normal 0.0653646 -0.997861 0
    outer loop
      vertex 3.6321 21.2542 2.2
      vertex 3.11 21.22 0
      vertex 3.6321 21.2542 0
    endloop
  endfacet
  facet normal -0.0653634 -0.997862 0
    outer loop
      vertex 2.58789 21.2542 0
      vertex 3.11 21.22 2.2
      vertex 2.58789 21.2542 2.2
    endloop
  endfacet
  facet normal -0.0653634 -0.997862 -0
    outer loop
      vertex 3.11 21.22 2.2
      vertex 2.58789 21.2542 0
      vertex 3.11 21.22 0
    endloop
  endfacet
  facet normal -0.44226 -0.896887 0
    outer loop
      vertex 1.11 21.7559 0
      vertex 1.57927 21.5245 2.2
      vertex 1.11 21.7559 2.2
    endloop
  endfacet
  facet normal -0.44226 -0.896887 -0
    outer loop
      vertex 1.57927 21.5245 2.2
      vertex 1.11 21.7559 0
      vertex 1.57927 21.5245 0
    endloop
  endfacet
  facet normal -0.980787 0.19508 2.93846e-18
    outer loop
      vertex -0.855779 25.7421 0
      vertex -0.753703 26.2553 2.2
      vertex -0.753703 26.2553 0
    endloop
  endfacet
  facet normal -0.980787 0.19508 2.93846e-18
    outer loop
      vertex -0.753703 26.2553 2.2
      vertex -0.855779 25.7421 0
      vertex -0.855779 25.7421 2.2
    endloop
  endfacet
  facet normal -0.751857 0.659327 2.80839e-18
    outer loop
      vertex -0.0634127 27.655 0
      vertex 0.281572 28.0484 2.2
      vertex 0.281572 28.0484 0
    endloop
  endfacet
  facet normal -0.751857 0.659327 2.80839e-18
    outer loop
      vertex 0.281572 28.0484 2.2
      vertex -0.0634127 27.655 0
      vertex -0.0634127 27.655 2.2
    endloop
  endfacet
  facet normal 0.44226 -0.896887 0
    outer loop
      vertex 4.64073 21.5245 0
      vertex 5.11 21.7559 2.2
      vertex 4.64073 21.5245 2.2
    endloop
  endfacet
  facet normal 0.44226 -0.896887 0
    outer loop
      vertex 5.11 21.7559 2.2
      vertex 4.64073 21.5245 0
      vertex 5.11 21.7559 0
    endloop
  endfacet
  facet normal -0.896885 -0.442264 4.9549e-18
    outer loop
      vertex -0.354101 23.22 0
      vertex -0.585518 23.6893 2.2
      vertex -0.585518 23.6893 0
    endloop
  endfacet
  facet normal -0.896885 -0.442264 4.9549e-18
    outer loop
      vertex -0.585518 23.6893 2.2
      vertex -0.354101 23.22 0
      vertex -0.354101 23.22 2.2
    endloop
  endfacet
  facet normal 0.659353 -0.751834 0
    outer loop
      vertex 5.54504 22.0466 0
      vertex 5.93843 22.3916 2.2
      vertex 5.54504 22.0466 2.2
    endloop
  endfacet
  facet normal 0.659353 -0.751834 0
    outer loop
      vertex 5.93843 22.3916 2.2
      vertex 5.54504 22.0466 0
      vertex 5.93843 22.3916 0
    endloop
  endfacet
  facet normal 0.195131 -0.980777 0
    outer loop
      vertex 3.6321 21.2542 0
      vertex 4.14528 21.3563 2.2
      vertex 3.6321 21.2542 2.2
    endloop
  endfacet
  facet normal 0.195131 -0.980777 0
    outer loop
      vertex 4.14528 21.3563 2.2
      vertex 3.6321 21.2542 0
      vertex 4.14528 21.3563 0
    endloop
  endfacet
  facet normal -0.555585 0.83146 0
    outer loop
      vertex 1.11 28.6841 0
      vertex 0.674953 28.3934 2.2
      vertex 1.11 28.6841 2.2
    endloop
  endfacet
  facet normal -0.555585 0.83146 0
    outer loop
      vertex 0.674953 28.3934 2.2
      vertex 1.11 28.6841 0
      vertex 0.674953 28.3934 0
    endloop
  endfacet
  facet normal -0.946919 0.321473 -2.86274e-18
    outer loop
      vertex -0.753703 26.2553 0
      vertex -0.585518 26.7507 2.2
      vertex -0.585518 26.7507 0
    endloop
  endfacet
  facet normal -0.946919 0.321473 -2.86274e-18
    outer loop
      vertex -0.585518 26.7507 2.2
      vertex -0.753703 26.2553 0
      vertex -0.753703 26.2553 2.2
    endloop
  endfacet
  facet normal -0.997859 0.0654027 -1.17205e-18
    outer loop
      vertex -0.889999 25.22 0
      vertex -0.855779 25.7421 2.2
      vertex -0.855779 25.7421 0
    endloop
  endfacet
  facet normal -0.997859 0.0654027 -1.17205e-18
    outer loop
      vertex -0.855779 25.7421 2.2
      vertex -0.889999 25.22 0
      vertex -0.889999 25.22 2.2
    endloop
  endfacet
  facet normal -0.831443 0.555611 1.28252e-18
    outer loop
      vertex -0.354101 27.22 0
      vertex -0.0634127 27.655 2.2
      vertex -0.0634127 27.655 0
    endloop
  endfacet
  facet normal -0.831443 0.555611 1.28252e-18
    outer loop
      vertex -0.0634127 27.655 2.2
      vertex -0.354101 27.22 0
      vertex -0.354101 27.22 2.2
    endloop
  endfacet
  facet normal -0.44226 0.896887 0
    outer loop
      vertex 1.57927 28.9155 0
      vertex 1.11 28.6841 2.2
      vertex 1.57927 28.9155 2.2
    endloop
  endfacet
  facet normal -0.44226 0.896887 0
    outer loop
      vertex 1.11 28.6841 2.2
      vertex 1.57927 28.9155 0
      vertex 1.11 28.6841 0
    endloop
  endfacet
  facet normal -0.659361 -0.751826 0
    outer loop
      vertex 0.281572 22.3916 0
      vertex 0.674953 22.0466 2.2
      vertex 0.281572 22.3916 2.2
    endloop
  endfacet
  facet normal -0.659361 -0.751826 -0
    outer loop
      vertex 0.674953 22.0466 2.2
      vertex 0.281572 22.3916 0
      vertex 0.674953 22.0466 0
    endloop
  endfacet
  facet normal -0.751857 -0.659327 -2.80839e-18
    outer loop
      vertex 0.281572 22.3916 0
      vertex -0.0634127 22.785 2.2
      vertex -0.0634127 22.785 0
    endloop
  endfacet
  facet normal -0.751857 -0.659327 -2.80839e-18
    outer loop
      vertex -0.0634127 22.785 2.2
      vertex 0.281572 22.3916 0
      vertex 0.281572 22.3916 2.2
    endloop
  endfacet
  facet normal -0.195135 -0.980776 0
    outer loop
      vertex 2.07472 21.3563 0
      vertex 2.58789 21.2542 2.2
      vertex 2.07472 21.3563 2.2
    endloop
  endfacet
  facet normal -0.195135 -0.980776 -0
    outer loop
      vertex 2.58789 21.2542 2.2
      vertex 2.07472 21.3563 0
      vertex 2.58789 21.2542 0
    endloop
  endfacet
  facet normal -0.555585 -0.83146 0
    outer loop
      vertex 0.674953 22.0466 0
      vertex 1.11 21.7559 2.2
      vertex 0.674953 22.0466 2.2
    endloop
  endfacet
  facet normal -0.555585 -0.83146 -0
    outer loop
      vertex 1.11 21.7559 2.2
      vertex 0.674953 22.0466 0
      vertex 1.11 21.7559 0
    endloop
  endfacet
  facet normal -0.321469 -0.94692 0
    outer loop
      vertex 1.57927 21.5245 0
      vertex 2.07472 21.3563 2.2
      vertex 1.57927 21.5245 2.2
    endloop
  endfacet
  facet normal -0.321469 -0.94692 -0
    outer loop
      vertex 2.07472 21.3563 2.2
      vertex 1.57927 21.5245 0
      vertex 2.07472 21.3563 0
    endloop
  endfacet
  facet normal 0.555591 -0.831456 0
    outer loop
      vertex 5.11 21.7559 0
      vertex 5.54504 22.0466 2.2
      vertex 5.11 21.7559 2.2
    endloop
  endfacet
  facet normal 0.555591 -0.831456 0
    outer loop
      vertex 5.54504 22.0466 2.2
      vertex 5.11 21.7559 0
      vertex 5.54504 22.0466 0
    endloop
  endfacet
  facet normal 0.980793 0.19505 2.88284e-18
    outer loop
      vertex 124.226 99.9621 2.2
      vertex 124.124 100.475 0
      vertex 124.124 100.475 2.2
    endloop
  endfacet
  facet normal 0.980793 0.19505 2.88284e-18
    outer loop
      vertex 124.124 100.475 0
      vertex 124.226 99.9621 2.2
      vertex 124.226 99.9621 0
    endloop
  endfacet
  facet normal 0.997886 0.064984 8.7664e-19
    outer loop
      vertex 124.26 99.44 2.2
      vertex 124.226 99.9621 0
      vertex 124.226 99.9621 2.2
    endloop
  endfacet
  facet normal 0.997886 0.064984 8.7664e-19
    outer loop
      vertex 124.226 99.9621 0
      vertex 124.26 99.44 2.2
      vertex 124.26 99.44 0
    endloop
  endfacet
  facet normal 0.659722 0.75151 -0
    outer loop
      vertex 123.088 102.268 0
      vertex 122.695 102.613 2.2
      vertex 123.088 102.268 2.2
    endloop
  endfacet
  facet normal 0.659722 0.75151 0
    outer loop
      vertex 122.695 102.613 2.2
      vertex 123.088 102.268 0
      vertex 122.695 102.613 0
    endloop
  endfacet
  facet normal 0.556022 0.831167 -0
    outer loop
      vertex 122.695 102.613 0
      vertex 122.26 102.904 2.2
      vertex 122.695 102.613 2.2
    endloop
  endfacet
  facet normal 0.556022 0.831167 0
    outer loop
      vertex 122.26 102.904 2.2
      vertex 122.695 102.613 0
      vertex 122.26 102.904 0
    endloop
  endfacet
  facet normal 0.980815 -0.19494 1.64646e-18
    outer loop
      vertex 124.124 98.4047 2.2
      vertex 124.226 98.9179 0
      vertex 124.226 98.9179 2.2
    endloop
  endfacet
  facet normal 0.980815 -0.19494 1.64646e-18
    outer loop
      vertex 124.226 98.9179 0
      vertex 124.124 98.4047 2.2
      vertex 124.124 98.4047 0
    endloop
  endfacet
  facet normal 0.945098 -0.326786 -5.00332e-19
    outer loop
      vertex 124.086 98.2948 2.2
      vertex 124.124 98.4047 0
      vertex 124.124 98.4047 2.2
    endloop
  endfacet
  facet normal 0.945098 -0.326786 -5.00332e-19
    outer loop
      vertex 124.124 98.4047 0
      vertex 124.086 98.2948 2.2
      vertex 124.086 98.2948 0
    endloop
  endfacet
  facet normal 0.320807 0.947145 -0
    outer loop
      vertex 121.791 103.136 0
      vertex 121.295 103.304 2.2
      vertex 121.791 103.136 2.2
    endloop
  endfacet
  facet normal 0.320807 0.947145 0
    outer loop
      vertex 121.295 103.304 2.2
      vertex 121.791 103.136 0
      vertex 121.295 103.304 0
    endloop
  endfacet
  facet normal 0.89633 0.443387 2.44586e-19
    outer loop
      vertex 123.956 100.971 2.2
      vertex 123.724 101.44 0
      vertex 123.724 101.44 2.2
    endloop
  endfacet
  facet normal 0.89633 0.443387 2.44586e-19
    outer loop
      vertex 123.724 101.44 0
      vertex 123.956 100.971 2.2
      vertex 123.956 100.971 0
    endloop
  endfacet
  facet normal 0.831167 0.556022 3.88783e-18
    outer loop
      vertex 123.724 101.44 2.2
      vertex 123.433 101.875 0
      vertex 123.433 101.875 2.2
    endloop
  endfacet
  facet normal 0.831167 0.556022 3.88783e-18
    outer loop
      vertex 123.433 101.875 0
      vertex 123.724 101.44 2.2
      vertex 123.724 101.44 0
    endloop
  endfacet
  facet normal 0.0649964 0.997886 -0
    outer loop
      vertex 120.782 103.406 0
      vertex 120.26 103.44 2.2
      vertex 120.782 103.406 2.2
    endloop
  endfacet
  facet normal 0.0649964 0.997886 0
    outer loop
      vertex 120.26 103.44 2.2
      vertex 120.782 103.406 0
      vertex 120.26 103.44 0
    endloop
  endfacet
  facet normal -0.75151 0.659722 -4.16882e-19
    outer loop
      vertex 117.087 101.875 0
      vertex 117.432 102.268 2.2
      vertex 117.432 102.268 0
    endloop
  endfacet
  facet normal -0.75151 0.659722 -4.16882e-19
    outer loop
      vertex 117.432 102.268 2.2
      vertex 117.087 101.875 0
      vertex 117.087 101.875 2.2
    endloop
  endfacet
  facet normal -0.320807 0.947145 0
    outer loop
      vertex 119.225 103.304 0
      vertex 118.729 103.136 2.2
      vertex 119.225 103.304 2.2
    endloop
  endfacet
  facet normal -0.320807 0.947145 0
    outer loop
      vertex 118.729 103.136 2.2
      vertex 119.225 103.304 0
      vertex 118.729 103.136 0
    endloop
  endfacet
  facet normal -0.947145 0.320807 -5.52907e-18
    outer loop
      vertex 116.396 100.475 0
      vertex 116.564 100.971 2.2
      vertex 116.564 100.971 0
    endloop
  endfacet
  facet normal -0.947145 0.320807 -5.52907e-18
    outer loop
      vertex 116.564 100.971 2.2
      vertex 116.396 100.475 0
      vertex 116.396 100.475 2.2
    endloop
  endfacet
  facet normal -0.195013 0.980801 0
    outer loop
      vertex 119.738 103.406 0
      vertex 119.225 103.304 2.2
      vertex 119.738 103.406 2.2
    endloop
  endfacet
  facet normal -0.195013 0.980801 0
    outer loop
      vertex 119.225 103.304 2.2
      vertex 119.738 103.406 0
      vertex 119.225 103.304 0
    endloop
  endfacet
  facet normal 0.997886 -0.064984 1.34177e-18
    outer loop
      vertex 124.226 98.9179 2.2
      vertex 124.26 99.44 0
      vertex 124.26 99.44 2.2
    endloop
  endfacet
  facet normal 0.997886 -0.064984 1.34177e-18
    outer loop
      vertex 124.26 99.44 0
      vertex 124.226 98.9179 2.2
      vertex 124.226 98.9179 0
    endloop
  endfacet
  facet normal -0.443387 0.89633 0
    outer loop
      vertex 118.729 103.136 0
      vertex 118.26 102.904 2.2
      vertex 118.729 103.136 2.2
    endloop
  endfacet
  facet normal -0.443387 0.89633 0
    outer loop
      vertex 118.26 102.904 2.2
      vertex 118.729 103.136 0
      vertex 118.26 102.904 0
    endloop
  endfacet
  facet normal 0.443387 0.89633 -0
    outer loop
      vertex 122.26 102.904 0
      vertex 121.791 103.136 2.2
      vertex 122.26 102.904 2.2
    endloop
  endfacet
  facet normal 0.443387 0.89633 0
    outer loop
      vertex 121.791 103.136 2.2
      vertex 122.26 102.904 0
      vertex 121.791 103.136 0
    endloop
  endfacet
  facet normal -0.980793 0.19505 -2.88284e-18
    outer loop
      vertex 116.294 99.9621 0
      vertex 116.396 100.475 2.2
      vertex 116.396 100.475 0
    endloop
  endfacet
  facet normal -0.980793 0.19505 -2.88284e-18
    outer loop
      vertex 116.396 100.475 2.2
      vertex 116.294 99.9621 0
      vertex 116.294 99.9621 2.2
    endloop
  endfacet
  facet normal 0.947145 0.320807 5.52907e-18
    outer loop
      vertex 124.124 100.475 2.2
      vertex 123.956 100.971 0
      vertex 123.956 100.971 2.2
    endloop
  endfacet
  facet normal 0.947145 0.320807 5.52907e-18
    outer loop
      vertex 123.956 100.971 0
      vertex 124.124 100.475 2.2
      vertex 124.124 100.475 0
    endloop
  endfacet
  facet normal 0.195013 0.980801 -0
    outer loop
      vertex 121.295 103.304 0
      vertex 120.782 103.406 2.2
      vertex 121.295 103.304 2.2
    endloop
  endfacet
  facet normal 0.195013 0.980801 0
    outer loop
      vertex 120.782 103.406 2.2
      vertex 121.295 103.304 0
      vertex 120.782 103.406 0
    endloop
  endfacet
  facet normal -0.997886 0.064984 5.65329e-19
    outer loop
      vertex 116.26 99.44 0
      vertex 116.294 99.9621 2.2
      vertex 116.294 99.9621 0
    endloop
  endfacet
  facet normal -0.997886 0.064984 5.65329e-19
    outer loop
      vertex 116.294 99.9621 2.2
      vertex 116.26 99.44 0
      vertex 116.26 99.44 2.2
    endloop
  endfacet
  facet normal 0.75151 0.659722 -4.79414e-18
    outer loop
      vertex 123.433 101.875 2.2
      vertex 123.088 102.268 0
      vertex 123.088 102.268 2.2
    endloop
  endfacet
  facet normal 0.75151 0.659722 -4.79414e-18
    outer loop
      vertex 123.088 102.268 0
      vertex 123.433 101.875 2.2
      vertex 123.433 101.875 0
    endloop
  endfacet
  facet normal -0.997937 -0.0642086 -2.87463e-19
    outer loop
      vertex 116.279 99.1447 0
      vertex 116.26 99.44 2.2
      vertex 116.26 99.44 0
    endloop
  endfacet
  facet normal -0.997937 -0.0642086 -2.87463e-19
    outer loop
      vertex 116.26 99.44 2.2
      vertex 116.279 99.1447 0
      vertex 116.279 99.1447 2.2
    endloop
  endfacet
  facet normal -0.556022 0.831167 0
    outer loop
      vertex 118.26 102.904 0
      vertex 117.825 102.613 2.2
      vertex 118.26 102.904 2.2
    endloop
  endfacet
  facet normal -0.556022 0.831167 0
    outer loop
      vertex 117.825 102.613 2.2
      vertex 118.26 102.904 0
      vertex 117.825 102.613 0
    endloop
  endfacet
  facet normal -0.659722 0.75151 0
    outer loop
      vertex 117.825 102.613 0
      vertex 117.432 102.268 2.2
      vertex 117.825 102.613 2.2
    endloop
  endfacet
  facet normal -0.659722 0.75151 0
    outer loop
      vertex 117.432 102.268 2.2
      vertex 117.825 102.613 0
      vertex 117.432 102.268 0
    endloop
  endfacet
  facet normal -0.831167 0.556022 -3.88783e-18
    outer loop
      vertex 116.796 101.44 0
      vertex 117.087 101.875 2.2
      vertex 117.087 101.875 0
    endloop
  endfacet
  facet normal -0.831167 0.556022 -3.88783e-18
    outer loop
      vertex 117.087 101.875 2.2
      vertex 116.796 101.44 0
      vertex 116.796 101.44 2.2
    endloop
  endfacet
  facet normal -0.0649964 0.997886 0
    outer loop
      vertex 120.26 103.44 0
      vertex 119.738 103.406 2.2
      vertex 120.26 103.44 2.2
    endloop
  endfacet
  facet normal -0.0649964 0.997886 0
    outer loop
      vertex 119.738 103.406 2.2
      vertex 120.26 103.44 0
      vertex 119.738 103.406 0
    endloop
  endfacet
  facet normal -0.89633 0.443387 2.84168e-18
    outer loop
      vertex 116.564 100.971 0
      vertex 116.796 101.44 2.2
      vertex 116.796 101.44 0
    endloop
  endfacet
  facet normal -0.89633 0.443387 2.84168e-18
    outer loop
      vertex 116.796 101.44 2.2
      vertex 116.564 100.971 0
      vertex 116.564 100.971 2.2
    endloop
  endfacet
  facet normal -0.946922 0.321464 4.05506e-18
    outer loop
      vertex -8.0637 86.0353 0
      vertex -7.89552 86.5307 2.2
      vertex -7.89552 86.5307 0
    endloop
  endfacet
  facet normal -0.946922 0.321464 4.05506e-18
    outer loop
      vertex -7.89552 86.5307 2.2
      vertex -8.0637 86.0353 0
      vertex -8.0637 86.0353 2.2
    endloop
  endfacet
  facet normal -0.321469 0.94692 0
    outer loop
      vertex -5.23528 88.8637 0
      vertex -5.73073 88.6955 2.2
      vertex -5.23528 88.8637 2.2
    endloop
  endfacet
  facet normal -0.321469 0.94692 0
    outer loop
      vertex -5.73073 88.6955 2.2
      vertex -5.23528 88.8637 0
      vertex -5.73073 88.6955 0
    endloop
  endfacet
  facet normal -0.0653646 -0.997861 0
    outer loop
      vertex -4.7221 81.0342 0
      vertex -4.2 81 2.2
      vertex -4.7221 81.0342 2.2
    endloop
  endfacet
  facet normal -0.0653646 -0.997861 -0
    outer loop
      vertex -4.2 81 2.2
      vertex -4.7221 81.0342 0
      vertex -4.2 81 0
    endloop
  endfacet
  facet normal -0.751861 0.659321 -1.69467e-18
    outer loop
      vertex -7.37341 87.435 0
      vertex -7.02843 87.8284 2.2
      vertex -7.02843 87.8284 0
    endloop
  endfacet
  facet normal -0.751861 0.659321 -1.69467e-18
    outer loop
      vertex -7.02843 87.8284 2.2
      vertex -7.37341 87.435 0
      vertex -7.37341 87.435 2.2
    endloop
  endfacet
  facet normal 0.222825 -0.974859 0
    outer loop
      vertex -3.67789 81.0342 0
      vertex -3.67614 81.0346 2.2
      vertex -3.67789 81.0342 2.2
    endloop
  endfacet
  facet normal 0.222825 -0.974859 0
    outer loop
      vertex -3.67614 81.0346 2.2
      vertex -3.67789 81.0342 0
      vertex -3.67614 81.0346 0
    endloop
  endfacet
  facet normal 0.0653634 -0.997862 0
    outer loop
      vertex -4.2 81 0
      vertex -3.67789 81.0342 2.2
      vertex -4.2 81 2.2
    endloop
  endfacet
  facet normal 0.0653634 -0.997862 0
    outer loop
      vertex -3.67789 81.0342 2.2
      vertex -4.2 81 0
      vertex -3.67789 81.0342 0
    endloop
  endfacet
  facet normal -0.555582 0.831462 0
    outer loop
      vertex -6.2 88.4641 0
      vertex -6.63505 88.1734 2.2
      vertex -6.2 88.4641 2.2
    endloop
  endfacet
  facet normal -0.555582 0.831462 0
    outer loop
      vertex -6.63505 88.1734 2.2
      vertex -6.2 88.4641 0
      vertex -6.63505 88.1734 0
    endloop
  endfacet
  facet normal -0.896883 -0.442268 6.97047e-20
    outer loop
      vertex -7.6641 83 0
      vertex -7.89552 83.4693 2.2
      vertex -7.89552 83.4693 0
    endloop
  endfacet
  facet normal -0.896883 -0.442268 6.97047e-20
    outer loop
      vertex -7.89552 83.4693 2.2
      vertex -7.6641 83 0
      vertex -7.6641 83 2.2
    endloop
  endfacet
  facet normal -0.44226 0.896887 0
    outer loop
      vertex -5.73073 88.6955 0
      vertex -6.2 88.4641 2.2
      vertex -5.73073 88.6955 2.2
    endloop
  endfacet
  facet normal -0.44226 0.896887 0
    outer loop
      vertex -6.2 88.4641 2.2
      vertex -5.73073 88.6955 0
      vertex -6.2 88.4641 0
    endloop
  endfacet
  facet normal -0.44226 -0.896887 0
    outer loop
      vertex -6.2 81.5359 0
      vertex -5.73073 81.3045 2.2
      vertex -6.2 81.5359 2.2
    endloop
  endfacet
  facet normal -0.44226 -0.896887 -0
    outer loop
      vertex -5.73073 81.3045 2.2
      vertex -6.2 81.5359 0
      vertex -5.73073 81.3045 0
    endloop
  endfacet
  facet normal -0.980786 0.195087 1.62254e-18
    outer loop
      vertex -8.16578 85.5221 0
      vertex -8.0637 86.0353 2.2
      vertex -8.0637 86.0353 0
    endloop
  endfacet
  facet normal -0.980786 0.195087 1.62254e-18
    outer loop
      vertex -8.0637 86.0353 2.2
      vertex -8.16578 85.5221 0
      vertex -8.16578 85.5221 2.2
    endloop
  endfacet
  facet normal -0.195131 0.980777 0
    outer loop
      vertex -4.7221 88.9658 0
      vertex -5.23528 88.8637 2.2
      vertex -4.7221 88.9658 2.2
    endloop
  endfacet
  facet normal -0.195131 0.980777 0
    outer loop
      vertex -5.23528 88.8637 2.2
      vertex -4.7221 88.9658 0
      vertex -5.23528 88.8637 0
    endloop
  endfacet
  facet normal -0.997859 0.0654027 -2.23672e-20
    outer loop
      vertex -8.2 85 0
      vertex -8.16578 85.5221 2.2
      vertex -8.16578 85.5221 0
    endloop
  endfacet
  facet normal -0.997859 0.0654027 -2.23672e-20
    outer loop
      vertex -8.16578 85.5221 2.2
      vertex -8.2 85 0
      vertex -8.2 85 2.2
    endloop
  endfacet
  facet normal -0.896883 0.442268 -6.97047e-20
    outer loop
      vertex -7.89552 86.5307 0
      vertex -7.6641 87 2.2
      vertex -7.6641 87 0
    endloop
  endfacet
  facet normal -0.896883 0.442268 -6.97047e-20
    outer loop
      vertex -7.6641 87 2.2
      vertex -7.89552 86.5307 0
      vertex -7.89552 86.5307 2.2
    endloop
  endfacet
  facet normal -0.831441 -0.555613 -4.17956e-18
    outer loop
      vertex -7.37341 82.565 0
      vertex -7.6641 83 2.2
      vertex -7.6641 83 0
    endloop
  endfacet
  facet normal -0.831441 -0.555613 -4.17956e-18
    outer loop
      vertex -7.6641 83 2.2
      vertex -7.37341 82.565 0
      vertex -7.37341 82.565 2.2
    endloop
  endfacet
  facet normal -0.997859 -0.0654027 2.23672e-20
    outer loop
      vertex -8.16578 84.4779 0
      vertex -8.2 85 2.2
      vertex -8.2 85 0
    endloop
  endfacet
  facet normal -0.997859 -0.0654027 2.23672e-20
    outer loop
      vertex -8.2 85 2.2
      vertex -8.16578 84.4779 0
      vertex -8.16578 84.4779 2.2
    endloop
  endfacet
  facet normal -0.659362 0.751826 0
    outer loop
      vertex -6.63505 88.1734 0
      vertex -7.02843 87.8284 2.2
      vertex -6.63505 88.1734 2.2
    endloop
  endfacet
  facet normal -0.659362 0.751826 0
    outer loop
      vertex -7.02843 87.8284 2.2
      vertex -6.63505 88.1734 0
      vertex -7.02843 87.8284 0
    endloop
  endfacet
  facet normal -0.321469 -0.94692 0
    outer loop
      vertex -5.73073 81.3045 0
      vertex -5.23528 81.1363 2.2
      vertex -5.73073 81.3045 2.2
    endloop
  endfacet
  facet normal -0.321469 -0.94692 -0
    outer loop
      vertex -5.23528 81.1363 2.2
      vertex -5.73073 81.3045 0
      vertex -5.23528 81.1363 0
    endloop
  endfacet
  facet normal -0.0653646 0.997861 0
    outer loop
      vertex -4.2 89 0
      vertex -4.7221 88.9658 2.2
      vertex -4.2 89 2.2
    endloop
  endfacet
  facet normal -0.0653646 0.997861 0
    outer loop
      vertex -4.7221 88.9658 2.2
      vertex -4.2 89 0
      vertex -4.7221 88.9658 0
    endloop
  endfacet
  facet normal -0.555582 -0.831462 0
    outer loop
      vertex -6.63505 81.8266 0
      vertex -6.2 81.5359 2.2
      vertex -6.63505 81.8266 2.2
    endloop
  endfacet
  facet normal -0.555582 -0.831462 -0
    outer loop
      vertex -6.2 81.5359 2.2
      vertex -6.63505 81.8266 0
      vertex -6.2 81.5359 0
    endloop
  endfacet
  facet normal -0.980786 -0.195087 -1.62254e-18
    outer loop
      vertex -8.0637 83.9647 0
      vertex -8.16578 84.4779 2.2
      vertex -8.16578 84.4779 0
    endloop
  endfacet
  facet normal -0.980786 -0.195087 -1.62254e-18
    outer loop
      vertex -8.16578 84.4779 2.2
      vertex -8.0637 83.9647 0
      vertex -8.0637 83.9647 2.2
    endloop
  endfacet
  facet normal -0.751861 -0.659321 1.69467e-18
    outer loop
      vertex -7.02843 82.1716 0
      vertex -7.37341 82.565 2.2
      vertex -7.37341 82.565 0
    endloop
  endfacet
  facet normal -0.751861 -0.659321 1.69467e-18
    outer loop
      vertex -7.37341 82.565 2.2
      vertex -7.02843 82.1716 0
      vertex -7.02843 82.1716 2.2
    endloop
  endfacet
  facet normal -0.946922 -0.321464 -4.05506e-18
    outer loop
      vertex -7.89552 83.4693 0
      vertex -8.0637 83.9647 2.2
      vertex -8.0637 83.9647 0
    endloop
  endfacet
  facet normal -0.946922 -0.321464 -4.05506e-18
    outer loop
      vertex -8.0637 83.9647 2.2
      vertex -7.89552 83.4693 0
      vertex -7.89552 83.4693 2.2
    endloop
  endfacet
  facet normal 0.0654473 0.997856 -0
    outer loop
      vertex -3.69076 88.9666 0
      vertex -4.2 89 2.2
      vertex -3.69076 88.9666 2.2
    endloop
  endfacet
  facet normal 0.0654473 0.997856 0
    outer loop
      vertex -4.2 89 2.2
      vertex -3.69076 88.9666 0
      vertex -4.2 89 0
    endloop
  endfacet
  facet normal -0.195131 -0.980777 0
    outer loop
      vertex -5.23528 81.1363 0
      vertex -4.7221 81.0342 2.2
      vertex -5.23528 81.1363 2.2
    endloop
  endfacet
  facet normal -0.195131 -0.980777 -0
    outer loop
      vertex -4.7221 81.0342 2.2
      vertex -5.23528 81.1363 0
      vertex -4.7221 81.0342 0
    endloop
  endfacet
  facet normal -0.831441 0.555613 4.17956e-18
    outer loop
      vertex -7.6641 87 0
      vertex -7.37341 87.435 2.2
      vertex -7.37341 87.435 0
    endloop
  endfacet
  facet normal -0.831441 0.555613 4.17956e-18
    outer loop
      vertex -7.37341 87.435 2.2
      vertex -7.6641 87 0
      vertex -7.6641 87 2.2
    endloop
  endfacet
  facet normal -0.659362 -0.751826 0
    outer loop
      vertex -7.02843 82.1716 0
      vertex -6.63505 81.8266 2.2
      vertex -7.02843 82.1716 2.2
    endloop
  endfacet
  facet normal -0.659362 -0.751826 -0
    outer loop
      vertex -6.63505 81.8266 2.2
      vertex -7.02843 82.1716 0
      vertex -6.63505 81.8266 0
    endloop
  endfacet
  facet normal 0.659343 0.751842 -0
    outer loop
      vertex 21.4384 132.728 0
      vertex 21.045 133.073 2.2
      vertex 21.4384 132.728 2.2
    endloop
  endfacet
  facet normal 0.659343 0.751842 0
    outer loop
      vertex 21.045 133.073 2.2
      vertex 21.4384 132.728 0
      vertex 21.045 133.073 0
    endloop
  endfacet
  facet normal 0.556022 0.831167 -0
    outer loop
      vertex 21.045 133.073 0
      vertex 20.61 133.364 2.2
      vertex 21.045 133.073 2.2
    endloop
  endfacet
  facet normal 0.556022 0.831167 0
    outer loop
      vertex 20.61 133.364 2.2
      vertex 21.045 133.073 0
      vertex 20.61 133.364 0
    endloop
  endfacet
  facet normal -0.997861 -0.0653771 -1.12089e-18
    outer loop
      vertex 14.6442 129.378 0
      vertex 14.61 129.9 2.2
      vertex 14.61 129.9 0
    endloop
  endfacet
  facet normal -0.997861 -0.0653771 -1.12089e-18
    outer loop
      vertex 14.61 129.9 2.2
      vertex 14.6442 129.378 0
      vertex 14.6442 129.378 2.2
    endloop
  endfacet
  facet normal 0.831432 0.555626 8.33989e-18
    outer loop
      vertex 22.0741 131.9 2.2
      vertex 21.7834 132.335 0
      vertex 21.7834 132.335 2.2
    endloop
  endfacet
  facet normal 0.831432 0.555626 8.33989e-18
    outer loop
      vertex 21.7834 132.335 0
      vertex 22.0741 131.9 2.2
      vertex 22.0741 131.9 0
    endloop
  endfacet
  facet normal 0.064984 0.997886 -0
    outer loop
      vertex 19.1321 133.866 0
      vertex 18.61 133.9 2.2
      vertex 19.1321 133.866 2.2
    endloop
  endfacet
  facet normal 0.064984 0.997886 0
    outer loop
      vertex 18.61 133.9 2.2
      vertex 19.1321 133.866 0
      vertex 18.61 133.9 0
    endloop
  endfacet
  facet normal 0.321156 0.947026 -0
    outer loop
      vertex 20.1407 133.596 0
      vertex 19.6453 133.764 2.2
      vertex 20.1407 133.596 2.2
    endloop
  endfacet
  facet normal 0.321156 0.947026 0
    outer loop
      vertex 19.6453 133.764 2.2
      vertex 20.1407 133.596 0
      vertex 19.6453 133.764 0
    endloop
  endfacet
  facet normal -0.831432 -0.555626 8.33989e-18
    outer loop
      vertex 15.4366 127.465 0
      vertex 15.1459 127.9 2.2
      vertex 15.1459 127.9 0
    endloop
  endfacet
  facet normal -0.831432 -0.555626 8.33989e-18
    outer loop
      vertex 15.1459 127.9 2.2
      vertex 15.4366 127.465 0
      vertex 15.4366 127.465 2.2
    endloop
  endfacet
  facet normal -0.75151 0.659722 -4.16882e-19
    outer loop
      vertex 15.4366 132.335 0
      vertex 15.7816 132.728 2.2
      vertex 15.7816 132.728 0
    endloop
  endfacet
  facet normal -0.75151 0.659722 -4.16882e-19
    outer loop
      vertex 15.7816 132.728 2.2
      vertex 15.4366 132.335 0
      vertex 15.4366 132.335 2.2
    endloop
  endfacet
  facet normal -0.75151 -0.659722 4.16882e-19
    outer loop
      vertex 15.7816 127.072 0
      vertex 15.4366 127.465 2.2
      vertex 15.4366 127.465 0
    endloop
  endfacet
  facet normal -0.75151 -0.659722 4.16882e-19
    outer loop
      vertex 15.4366 127.465 2.2
      vertex 15.7816 127.072 0
      vertex 15.7816 127.072 2.2
    endloop
  endfacet
  facet normal 0.19494 0.980815 -0
    outer loop
      vertex 19.6453 133.764 0
      vertex 19.1321 133.866 2.2
      vertex 19.6453 133.764 2.2
    endloop
  endfacet
  facet normal 0.19494 0.980815 0
    outer loop
      vertex 19.1321 133.866 2.2
      vertex 19.6453 133.764 0
      vertex 19.1321 133.866 0
    endloop
  endfacet
  facet normal -0.831432 0.555626 -8.33989e-18
    outer loop
      vertex 15.1459 131.9 0
      vertex 15.4366 132.335 2.2
      vertex 15.4366 132.335 0
    endloop
  endfacet
  facet normal -0.831432 0.555626 -8.33989e-18
    outer loop
      vertex 15.4366 132.335 2.2
      vertex 15.1459 131.9 0
      vertex 15.1459 131.9 2.2
    endloop
  endfacet
  facet normal 0.443159 0.896443 -0
    outer loop
      vertex 20.61 133.364 0
      vertex 20.1407 133.596 2.2
      vertex 20.61 133.364 2.2
    endloop
  endfacet
  facet normal 0.443159 0.896443 0
    outer loop
      vertex 20.1407 133.596 2.2
      vertex 20.61 133.364 0
      vertex 20.1407 133.596 0
    endloop
  endfacet
  facet normal -0.556022 0.831167 0
    outer loop
      vertex 16.61 133.364 0
      vertex 16.175 133.073 2.2
      vertex 16.61 133.364 2.2
    endloop
  endfacet
  facet normal -0.556022 0.831167 0
    outer loop
      vertex 16.175 133.073 2.2
      vertex 16.61 133.364 0
      vertex 16.175 133.073 0
    endloop
  endfacet
  facet normal -0.947028 -0.32115 1.11601e-18
    outer loop
      vertex 14.9145 128.369 0
      vertex 14.7463 128.865 2.2
      vertex 14.7463 128.865 0
    endloop
  endfacet
  facet normal -0.947028 -0.32115 1.11601e-18
    outer loop
      vertex 14.7463 128.865 2.2
      vertex 14.9145 128.369 0
      vertex 14.9145 128.369 2.2
    endloop
  endfacet
  facet normal -0.321156 0.947026 0
    outer loop
      vertex 17.5747 133.764 0
      vertex 17.0793 133.596 2.2
      vertex 17.5747 133.764 2.2
    endloop
  endfacet
  facet normal -0.321156 0.947026 0
    outer loop
      vertex 17.0793 133.596 2.2
      vertex 17.5747 133.764 0
      vertex 17.0793 133.596 0
    endloop
  endfacet
  facet normal -0.443159 0.896443 0
    outer loop
      vertex 17.0793 133.596 0
      vertex 16.61 133.364 2.2
      vertex 17.0793 133.596 2.2
    endloop
  endfacet
  facet normal -0.443159 0.896443 0
    outer loop
      vertex 16.61 133.364 2.2
      vertex 17.0793 133.596 0
      vertex 16.61 133.364 0
    endloop
  endfacet
  facet normal 0.896786 0.442465 5.94284e-18
    outer loop
      vertex 22.3055 131.431 2.2
      vertex 22.0741 131.9 0
      vertex 22.0741 131.9 2.2
    endloop
  endfacet
  facet normal 0.896786 0.442465 5.94284e-18
    outer loop
      vertex 22.0741 131.9 0
      vertex 22.3055 131.431 2.2
      vertex 22.3055 131.431 0
    endloop
  endfacet
  facet normal -0.980764 0.195197 -2.42951e-18
    outer loop
      vertex 14.6442 130.422 0
      vertex 14.7463 130.935 2.2
      vertex 14.7463 130.935 0
    endloop
  endfacet
  facet normal -0.980764 0.195197 -2.42951e-18
    outer loop
      vertex 14.7463 130.935 2.2
      vertex 14.6442 130.422 0
      vertex 14.6442 130.422 2.2
    endloop
  endfacet
  facet normal -0.896786 0.442465 -5.55686e-18
    outer loop
      vertex 14.9145 131.431 0
      vertex 15.1459 131.9 2.2
      vertex 15.1459 131.9 0
    endloop
  endfacet
  facet normal -0.896786 0.442465 -5.55686e-18
    outer loop
      vertex 15.1459 131.9 2.2
      vertex 14.9145 131.431 0
      vertex 14.9145 131.431 2.2
    endloop
  endfacet
  facet normal -0.064984 0.997886 0
    outer loop
      vertex 18.61 133.9 0
      vertex 18.0879 133.866 2.2
      vertex 18.61 133.9 2.2
    endloop
  endfacet
  facet normal -0.064984 0.997886 0
    outer loop
      vertex 18.0879 133.866 2.2
      vertex 18.61 133.9 0
      vertex 18.0879 133.866 0
    endloop
  endfacet
  facet normal -0.659343 0.751842 0
    outer loop
      vertex 16.175 133.073 0
      vertex 15.7816 132.728 2.2
      vertex 16.175 133.073 2.2
    endloop
  endfacet
  facet normal -0.659343 0.751842 0
    outer loop
      vertex 15.7816 132.728 2.2
      vertex 16.175 133.073 0
      vertex 15.7816 132.728 0
    endloop
  endfacet
  facet normal -0.980764 -0.195197 -2.38482e-18
    outer loop
      vertex 14.7463 128.865 0
      vertex 14.6442 129.378 2.2
      vertex 14.6442 129.378 0
    endloop
  endfacet
  facet normal -0.980764 -0.195197 -2.38482e-18
    outer loop
      vertex 14.6442 129.378 2.2
      vertex 14.7463 128.865 0
      vertex 14.7463 128.865 2.2
    endloop
  endfacet
  facet normal -0.659343 -0.751842 0
    outer loop
      vertex 15.7816 127.072 0
      vertex 16.175 126.727 2.2
      vertex 15.7816 127.072 2.2
    endloop
  endfacet
  facet normal -0.659343 -0.751842 -0
    outer loop
      vertex 16.175 126.727 2.2
      vertex 15.7816 127.072 0
      vertex 16.175 126.727 0
    endloop
  endfacet
  facet normal 0.75151 0.659722 4.16882e-19
    outer loop
      vertex 21.7834 132.335 2.2
      vertex 21.4384 132.728 0
      vertex 21.4384 132.728 2.2
    endloop
  endfacet
  facet normal 0.75151 0.659722 4.16882e-19
    outer loop
      vertex 21.4384 132.728 0
      vertex 21.7834 132.335 2.2
      vertex 21.7834 132.335 0
    endloop
  endfacet
  facet normal 0.947321 0.320285 6.79532e-19
    outer loop
      vertex 22.341 131.326 2.2
      vertex 22.3055 131.431 0
      vertex 22.3055 131.431 2.2
    endloop
  endfacet
  facet normal 0.947321 0.320285 6.79532e-19
    outer loop
      vertex 22.3055 131.431 0
      vertex 22.341 131.326 2.2
      vertex 22.341 131.326 0
    endloop
  endfacet
  facet normal -0.19494 0.980815 0
    outer loop
      vertex 18.0879 133.866 0
      vertex 17.5747 133.764 2.2
      vertex 18.0879 133.866 2.2
    endloop
  endfacet
  facet normal -0.19494 0.980815 0
    outer loop
      vertex 17.5747 133.764 2.2
      vertex 18.0879 133.866 0
      vertex 17.5747 133.764 0
    endloop
  endfacet
  facet normal -0.56001 -0.828486 0
    outer loop
      vertex 16.175 126.727 0
      vertex 16.2756 126.659 2.2
      vertex 16.175 126.727 2.2
    endloop
  endfacet
  facet normal -0.56001 -0.828486 -0
    outer loop
      vertex 16.2756 126.659 2.2
      vertex 16.175 126.727 0
      vertex 16.2756 126.659 0
    endloop
  endfacet
  facet normal -0.997861 0.0653771 6.19253e-19
    outer loop
      vertex 14.61 129.9 0
      vertex 14.6442 130.422 2.2
      vertex 14.6442 130.422 0
    endloop
  endfacet
  facet normal -0.997861 0.0653771 6.19253e-19
    outer loop
      vertex 14.6442 130.422 2.2
      vertex 14.61 129.9 0
      vertex 14.61 129.9 2.2
    endloop
  endfacet
  facet normal -0.896786 -0.442465 5.55686e-18
    outer loop
      vertex 15.1459 127.9 0
      vertex 14.9145 128.369 2.2
      vertex 14.9145 128.369 0
    endloop
  endfacet
  facet normal -0.896786 -0.442465 5.55686e-18
    outer loop
      vertex 14.9145 128.369 2.2
      vertex 15.1459 127.9 0
      vertex 15.1459 127.9 2.2
    endloop
  endfacet
  facet normal -0.947028 0.32115 -1.11601e-18
    outer loop
      vertex 14.7463 130.935 0
      vertex 14.9145 131.431 2.2
      vertex 14.9145 131.431 0
    endloop
  endfacet
  facet normal -0.947028 0.32115 -1.11601e-18
    outer loop
      vertex 14.9145 131.431 2.2
      vertex 14.7463 130.935 0
      vertex 14.7463 130.935 2.2
    endloop
  endfacet
  facet normal -0.980753 -0.195251 2.50646e-20
    outer loop
      vertex 43.1855 133.182 0
      vertex 43.1421 133.4 2.2
      vertex 43.1421 133.4 0
    endloop
  endfacet
  facet normal -0.980753 -0.195251 2.50646e-20
    outer loop
      vertex 43.1421 133.4 2.2
      vertex 43.1855 133.182 0
      vertex 43.1855 133.182 2.2
    endloop
  endfacet
  facet normal -0.997874 -0.0651764 4.20779e-20
    outer loop
      vertex 43.2 132.96 0
      vertex 43.1855 133.182 2.2
      vertex 43.1855 133.182 0
    endloop
  endfacet
  facet normal -0.997874 -0.0651764 4.20779e-20
    outer loop
      vertex 43.1855 133.182 2.2
      vertex 43.2 132.96 0
      vertex 43.2 132.96 2.2
    endloop
  endfacet
  facet normal -0.997874 0.0651764 1.98934e-19
    outer loop
      vertex 43.1855 132.738 0
      vertex 43.2 132.96 2.2
      vertex 43.2 132.96 0
    endloop
  endfacet
  facet normal -0.997874 0.0651764 1.98934e-19
    outer loop
      vertex 43.2 132.96 2.2
      vertex 43.1855 132.738 0
      vertex 43.1855 132.738 2.2
    endloop
  endfacet
  facet normal -0.553869 -0.832604 0
    outer loop
      vertex 42.35 134.432 0
      vertex 42.5349 134.309 2.2
      vertex 42.35 134.432 2.2
    endloop
  endfacet
  facet normal -0.553869 -0.832604 -0
    outer loop
      vertex 42.5349 134.309 2.2
      vertex 42.35 134.432 0
      vertex 42.5349 134.309 0
    endloop
  endfacet
  facet normal 0.319466 0.947598 -0
    outer loop
      vertex 41.06 131.318 0
      vertex 40.8494 131.389 2.2
      vertex 41.06 131.318 2.2
    endloop
  endfacet
  facet normal 0.319466 0.947598 0
    outer loop
      vertex 40.8494 131.389 2.2
      vertex 41.06 131.318 0
      vertex 40.8494 131.389 0
    endloop
  endfacet
  facet normal 0.751516 -0.659714 -3.4842e-18
    outer loop
      vertex 40.1513 133.995 2.2
      vertex 40.2979 134.162 0
      vertex 40.2979 134.162 2.2
    endloop
  endfacet
  facet normal 0.751516 -0.659714 -3.4842e-18
    outer loop
      vertex 40.2979 134.162 0
      vertex 40.1513 133.995 2.2
      vertex 40.1513 133.995 0
    endloop
  endfacet
  facet normal -0.831704 -0.555219 1.63349e-19
    outer loop
      vertex 42.9722 133.81 0
      vertex 42.8487 133.995 2.2
      vertex 42.8487 133.995 0
    endloop
  endfacet
  facet normal -0.831704 -0.555219 1.63349e-19
    outer loop
      vertex 42.8487 133.995 2.2
      vertex 42.9722 133.81 0
      vertex 42.9722 133.81 2.2
    endloop
  endfacet
  facet normal -0.751516 0.659714 -3.4842e-18
    outer loop
      vertex 42.7021 131.758 0
      vertex 42.8487 131.925 2.2
      vertex 42.8487 131.925 0
    endloop
  endfacet
  facet normal -0.751516 0.659714 -3.4842e-18
    outer loop
      vertex 42.8487 131.925 2.2
      vertex 42.7021 131.758 0
      vertex 42.7021 131.758 2.2
    endloop
  endfacet
  facet normal -0.319466 0.947598 0
    outer loop
      vertex 42.1506 131.389 0
      vertex 41.94 131.318 2.2
      vertex 42.1506 131.389 2.2
    endloop
  endfacet
  facet normal -0.319466 0.947598 0
    outer loop
      vertex 41.94 131.318 2.2
      vertex 42.1506 131.389 0
      vertex 41.94 131.318 0
    endloop
  endfacet
  facet normal -0.8964 -0.443245 1.70426e-18
    outer loop
      vertex 43.0706 133.611 0
      vertex 42.9722 133.81 2.2
      vertex 42.9722 133.81 0
    endloop
  endfacet
  facet normal -0.8964 -0.443245 1.70426e-18
    outer loop
      vertex 42.9722 133.81 2.2
      vertex 43.0706 133.611 0
      vertex 43.0706 133.611 2.2
    endloop
  endfacet
  facet normal -0.444696 0.895681 0
    outer loop
      vertex 42.35 131.488 0
      vertex 42.1506 131.389 2.2
      vertex 42.35 131.488 2.2
    endloop
  endfacet
  facet normal -0.444696 0.895681 0
    outer loop
      vertex 42.1506 131.389 2.2
      vertex 42.35 131.488 0
      vertex 42.1506 131.389 0
    endloop
  endfacet
  facet normal -0.947101 0.320937 -8.90892e-19
    outer loop
      vertex 43.0706 132.309 0
      vertex 43.1421 132.52 2.2
      vertex 43.1421 132.52 0
    endloop
  endfacet
  facet normal -0.947101 0.320937 -8.90892e-19
    outer loop
      vertex 43.1421 132.52 2.2
      vertex 43.0706 132.309 0
      vertex 43.0706 132.309 2.2
    endloop
  endfacet
  facet normal -0.319466 -0.947598 0
    outer loop
      vertex 41.94 134.602 0
      vertex 42.1506 134.531 2.2
      vertex 41.94 134.602 2.2
    endloop
  endfacet
  facet normal -0.319466 -0.947598 -0
    outer loop
      vertex 42.1506 134.531 2.2
      vertex 41.94 134.602 0
      vertex 42.1506 134.531 0
    endloop
  endfacet
  facet normal 0.0674441 0.997723 -0
    outer loop
      vertex 41.5 131.26 0
      vertex 41.2781 131.275 2.2
      vertex 41.5 131.26 2.2
    endloop
  endfacet
  facet normal 0.0674441 0.997723 0
    outer loop
      vertex 41.2781 131.275 2.2
      vertex 41.5 131.26 0
      vertex 41.2781 131.275 0
    endloop
  endfacet
  facet normal -0.193434 -0.981113 0
    outer loop
      vertex 41.7219 134.645 0
      vertex 41.94 134.602 2.2
      vertex 41.7219 134.645 2.2
    endloop
  endfacet
  facet normal -0.193434 -0.981113 -0
    outer loop
      vertex 41.94 134.602 2.2
      vertex 41.7219 134.645 0
      vertex 41.94 134.602 0
    endloop
  endfacet
  facet normal -0.553869 0.832604 0
    outer loop
      vertex 42.5349 131.611 0
      vertex 42.35 131.488 2.2
      vertex 42.5349 131.611 2.2
    endloop
  endfacet
  facet normal -0.553869 0.832604 0
    outer loop
      vertex 42.35 131.488 2.2
      vertex 42.5349 131.611 0
      vertex 42.35 131.488 0
    endloop
  endfacet
  facet normal -0.0674441 0.997723 0
    outer loop
      vertex 41.7219 131.275 0
      vertex 41.5 131.26 2.2
      vertex 41.7219 131.275 2.2
    endloop
  endfacet
  facet normal -0.0674441 0.997723 0
    outer loop
      vertex 41.5 131.26 2.2
      vertex 41.7219 131.275 0
      vertex 41.5 131.26 0
    endloop
  endfacet
  facet normal 0.831704 0.555219 1.63349e-19
    outer loop
      vertex 40.1513 131.925 2.2
      vertex 40.0278 132.11 0
      vertex 40.0278 132.11 2.2
    endloop
  endfacet
  facet normal 0.831704 0.555219 1.63349e-19
    outer loop
      vertex 40.0278 132.11 0
      vertex 40.1513 131.925 2.2
      vertex 40.1513 131.925 0
    endloop
  endfacet
  facet normal 0.980753 0.195251 2.57774e-19
    outer loop
      vertex 39.8579 132.52 2.2
      vertex 39.8145 132.738 0
      vertex 39.8145 132.738 2.2
    endloop
  endfacet
  facet normal 0.980753 0.195251 2.57774e-19
    outer loop
      vertex 39.8145 132.738 0
      vertex 39.8579 132.52 2.2
      vertex 39.8579 132.52 0
    endloop
  endfacet
  facet normal -0.8964 0.443245 -2.36349e-18
    outer loop
      vertex 42.9722 132.11 0
      vertex 43.0706 132.309 2.2
      vertex 43.0706 132.309 0
    endloop
  endfacet
  facet normal -0.8964 0.443245 -2.36349e-18
    outer loop
      vertex 43.0706 132.309 2.2
      vertex 42.9722 132.11 0
      vertex 42.9722 132.11 2.2
    endloop
  endfacet
  facet normal -0.660284 0.751016 0
    outer loop
      vertex 42.7021 131.758 0
      vertex 42.5349 131.611 2.2
      vertex 42.7021 131.758 2.2
    endloop
  endfacet
  facet normal -0.660284 0.751016 0
    outer loop
      vertex 42.5349 131.611 2.2
      vertex 42.7021 131.758 0
      vertex 42.5349 131.611 0
    endloop
  endfacet
  facet normal -0.751516 -0.659714 3.4842e-18
    outer loop
      vertex 42.8487 133.995 0
      vertex 42.7021 134.162 2.2
      vertex 42.7021 134.162 0
    endloop
  endfacet
  facet normal -0.751516 -0.659714 3.4842e-18
    outer loop
      vertex 42.7021 134.162 2.2
      vertex 42.8487 133.995 0
      vertex 42.8487 133.995 2.2
    endloop
  endfacet
  facet normal 0.997874 -0.0651764 -4.20779e-20
    outer loop
      vertex 39.8 132.96 2.2
      vertex 39.8145 133.182 0
      vertex 39.8145 133.182 2.2
    endloop
  endfacet
  facet normal 0.997874 -0.0651764 -4.20779e-20
    outer loop
      vertex 39.8145 133.182 0
      vertex 39.8 132.96 2.2
      vertex 39.8 132.96 0
    endloop
  endfacet
  facet normal 0.751516 0.659714 3.4842e-18
    outer loop
      vertex 40.2979 131.758 2.2
      vertex 40.1513 131.925 0
      vertex 40.1513 131.925 2.2
    endloop
  endfacet
  facet normal 0.751516 0.659714 3.4842e-18
    outer loop
      vertex 40.1513 131.925 0
      vertex 40.2979 131.758 2.2
      vertex 40.2979 131.758 0
    endloop
  endfacet
  facet normal 0.660284 -0.751016 0
    outer loop
      vertex 40.2979 134.162 0
      vertex 40.4651 134.309 2.2
      vertex 40.2979 134.162 2.2
    endloop
  endfacet
  facet normal 0.660284 -0.751016 0
    outer loop
      vertex 40.4651 134.309 2.2
      vertex 40.2979 134.162 0
      vertex 40.4651 134.309 0
    endloop
  endfacet
  facet normal 0.831704 -0.555219 -1.63349e-19
    outer loop
      vertex 40.0278 133.81 2.2
      vertex 40.1513 133.995 0
      vertex 40.1513 133.995 2.2
    endloop
  endfacet
  facet normal 0.831704 -0.555219 -1.63349e-19
    outer loop
      vertex 40.1513 133.995 0
      vertex 40.0278 133.81 2.2
      vertex 40.0278 133.81 0
    endloop
  endfacet
  facet normal -0.193434 0.981113 0
    outer loop
      vertex 41.94 131.318 0
      vertex 41.7219 131.275 2.2
      vertex 41.94 131.318 2.2
    endloop
  endfacet
  facet normal -0.193434 0.981113 0
    outer loop
      vertex 41.7219 131.275 2.2
      vertex 41.94 131.318 0
      vertex 41.7219 131.275 0
    endloop
  endfacet
  facet normal 0.444696 -0.895681 0
    outer loop
      vertex 40.65 134.432 0
      vertex 40.8494 134.531 2.2
      vertex 40.65 134.432 2.2
    endloop
  endfacet
  facet normal 0.444696 -0.895681 0
    outer loop
      vertex 40.8494 134.531 2.2
      vertex 40.65 134.432 0
      vertex 40.8494 134.531 0
    endloop
  endfacet
  facet normal 0.553869 0.832604 -0
    outer loop
      vertex 40.65 131.488 0
      vertex 40.4651 131.611 2.2
      vertex 40.65 131.488 2.2
    endloop
  endfacet
  facet normal 0.553869 0.832604 0
    outer loop
      vertex 40.4651 131.611 2.2
      vertex 40.65 131.488 0
      vertex 40.4651 131.611 0
    endloop
  endfacet
  facet normal -0.444696 -0.895681 0
    outer loop
      vertex 42.1506 134.531 0
      vertex 42.35 134.432 2.2
      vertex 42.1506 134.531 2.2
    endloop
  endfacet
  facet normal -0.444696 -0.895681 -0
    outer loop
      vertex 42.35 134.432 2.2
      vertex 42.1506 134.531 0
      vertex 42.35 134.432 0
    endloop
  endfacet
  facet normal 0.8964 0.443245 2.36349e-18
    outer loop
      vertex 40.0278 132.11 2.2
      vertex 39.9294 132.309 0
      vertex 39.9294 132.309 2.2
    endloop
  endfacet
  facet normal 0.8964 0.443245 2.36349e-18
    outer loop
      vertex 39.9294 132.309 0
      vertex 40.0278 132.11 2.2
      vertex 40.0278 132.11 0
    endloop
  endfacet
  facet normal -0.980753 0.195251 -2.57774e-19
    outer loop
      vertex 43.1421 132.52 0
      vertex 43.1855 132.738 2.2
      vertex 43.1855 132.738 0
    endloop
  endfacet
  facet normal -0.980753 0.195251 -2.57774e-19
    outer loop
      vertex 43.1855 132.738 2.2
      vertex 43.1421 132.52 0
      vertex 43.1421 132.52 2.2
    endloop
  endfacet
  facet normal 0.319466 -0.947598 0
    outer loop
      vertex 40.8494 134.531 0
      vertex 41.06 134.602 2.2
      vertex 40.8494 134.531 2.2
    endloop
  endfacet
  facet normal 0.319466 -0.947598 0
    outer loop
      vertex 41.06 134.602 2.2
      vertex 40.8494 134.531 0
      vertex 41.06 134.602 0
    endloop
  endfacet
  facet normal -0.0674441 -0.997723 0
    outer loop
      vertex 41.5 134.66 0
      vertex 41.7219 134.645 2.2
      vertex 41.5 134.66 2.2
    endloop
  endfacet
  facet normal -0.0674441 -0.997723 -0
    outer loop
      vertex 41.7219 134.645 2.2
      vertex 41.5 134.66 0
      vertex 41.7219 134.645 0
    endloop
  endfacet
  facet normal 0.980753 -0.195251 -2.50646e-20
    outer loop
      vertex 39.8145 133.182 2.2
      vertex 39.8579 133.4 0
      vertex 39.8579 133.4 2.2
    endloop
  endfacet
  facet normal 0.980753 -0.195251 -2.50646e-20
    outer loop
      vertex 39.8579 133.4 0
      vertex 39.8145 133.182 2.2
      vertex 39.8145 133.182 0
    endloop
  endfacet
  facet normal 0.444696 0.895681 -0
    outer loop
      vertex 40.8494 131.389 0
      vertex 40.65 131.488 2.2
      vertex 40.8494 131.389 2.2
    endloop
  endfacet
  facet normal 0.444696 0.895681 0
    outer loop
      vertex 40.65 131.488 2.2
      vertex 40.8494 131.389 0
      vertex 40.65 131.488 0
    endloop
  endfacet
  facet normal 0.193434 0.981113 -0
    outer loop
      vertex 41.2781 131.275 0
      vertex 41.06 131.318 2.2
      vertex 41.2781 131.275 2.2
    endloop
  endfacet
  facet normal 0.193434 0.981113 0
    outer loop
      vertex 41.06 131.318 2.2
      vertex 41.2781 131.275 0
      vertex 41.06 131.318 0
    endloop
  endfacet
  facet normal 0.553869 -0.832604 0
    outer loop
      vertex 40.4651 134.309 0
      vertex 40.65 134.432 2.2
      vertex 40.4651 134.309 2.2
    endloop
  endfacet
  facet normal 0.553869 -0.832604 0
    outer loop
      vertex 40.65 134.432 2.2
      vertex 40.4651 134.309 0
      vertex 40.65 134.432 0
    endloop
  endfacet
  facet normal 0.947101 -0.320937 1.0345e-18
    outer loop
      vertex 39.8579 133.4 2.2
      vertex 39.9294 133.611 0
      vertex 39.9294 133.611 2.2
    endloop
  endfacet
  facet normal 0.947101 -0.320937 1.0345e-18
    outer loop
      vertex 39.9294 133.611 0
      vertex 39.8579 133.4 2.2
      vertex 39.8579 133.4 0
    endloop
  endfacet
  facet normal 0.997874 0.0651764 -1.98934e-19
    outer loop
      vertex 39.8145 132.738 2.2
      vertex 39.8 132.96 0
      vertex 39.8 132.96 2.2
    endloop
  endfacet
  facet normal 0.997874 0.0651764 -1.98934e-19
    outer loop
      vertex 39.8 132.96 0
      vertex 39.8145 132.738 2.2
      vertex 39.8145 132.738 0
    endloop
  endfacet
  facet normal -0.660284 -0.751016 0
    outer loop
      vertex 42.5349 134.309 0
      vertex 42.7021 134.162 2.2
      vertex 42.5349 134.309 2.2
    endloop
  endfacet
  facet normal -0.660284 -0.751016 -0
    outer loop
      vertex 42.7021 134.162 2.2
      vertex 42.5349 134.309 0
      vertex 42.7021 134.162 0
    endloop
  endfacet
  facet normal 0.660284 0.751016 -0
    outer loop
      vertex 40.4651 131.611 0
      vertex 40.2979 131.758 2.2
      vertex 40.4651 131.611 2.2
    endloop
  endfacet
  facet normal 0.660284 0.751016 0
    outer loop
      vertex 40.2979 131.758 2.2
      vertex 40.4651 131.611 0
      vertex 40.2979 131.758 0
    endloop
  endfacet
  facet normal 0.193434 -0.981113 0
    outer loop
      vertex 41.06 134.602 0
      vertex 41.2781 134.645 2.2
      vertex 41.06 134.602 2.2
    endloop
  endfacet
  facet normal 0.193434 -0.981113 0
    outer loop
      vertex 41.2781 134.645 2.2
      vertex 41.06 134.602 0
      vertex 41.2781 134.645 0
    endloop
  endfacet
  facet normal -0.947101 -0.320937 -1.0345e-18
    outer loop
      vertex 43.1421 133.4 0
      vertex 43.0706 133.611 2.2
      vertex 43.0706 133.611 0
    endloop
  endfacet
  facet normal -0.947101 -0.320937 -1.0345e-18
    outer loop
      vertex 43.0706 133.611 2.2
      vertex 43.1421 133.4 0
      vertex 43.1421 133.4 2.2
    endloop
  endfacet
  facet normal -0.831704 0.555219 -1.63349e-19
    outer loop
      vertex 42.8487 131.925 0
      vertex 42.9722 132.11 2.2
      vertex 42.9722 132.11 0
    endloop
  endfacet
  facet normal -0.831704 0.555219 -1.63349e-19
    outer loop
      vertex 42.9722 132.11 2.2
      vertex 42.8487 131.925 0
      vertex 42.8487 131.925 2.2
    endloop
  endfacet
  facet normal 0.0674441 -0.997723 0
    outer loop
      vertex 41.2781 134.645 0
      vertex 41.5 134.66 2.2
      vertex 41.2781 134.645 2.2
    endloop
  endfacet
  facet normal 0.0674441 -0.997723 0
    outer loop
      vertex 41.5 134.66 2.2
      vertex 41.2781 134.645 0
      vertex 41.5 134.66 0
    endloop
  endfacet
  facet normal 0.947101 0.320937 8.90892e-19
    outer loop
      vertex 39.9294 132.309 2.2
      vertex 39.8579 132.52 0
      vertex 39.8579 132.52 2.2
    endloop
  endfacet
  facet normal 0.947101 0.320937 8.90892e-19
    outer loop
      vertex 39.8579 132.52 0
      vertex 39.9294 132.309 2.2
      vertex 39.9294 132.309 0
    endloop
  endfacet
  facet normal 0.8964 -0.443245 -1.70426e-18
    outer loop
      vertex 39.9294 133.611 2.2
      vertex 40.0278 133.81 0
      vertex 40.0278 133.81 2.2
    endloop
  endfacet
  facet normal 0.8964 -0.443245 -1.70426e-18
    outer loop
      vertex 40.0278 133.81 0
      vertex 39.9294 133.611 2.2
      vertex 39.9294 133.611 0
    endloop
  endfacet
  facet normal -0.0674139 0.997725 0
    outer loop
      vertex 104.222 118.545 0
      vertex 104 118.53 2.2
      vertex 104.222 118.545 2.2
    endloop
  endfacet
  facet normal -0.0674139 0.997725 0
    outer loop
      vertex 104 118.53 2.2
      vertex 104.222 118.545 0
      vertex 104 118.53 0
    endloop
  endfacet
  facet normal -0.981097 -0.193519 -7.07913e-19
    outer loop
      vertex 105.685 120.452 0
      vertex 105.642 120.67 2.2
      vertex 105.642 120.67 0
    endloop
  endfacet
  facet normal -0.981097 -0.193519 -7.07913e-19
    outer loop
      vertex 105.642 120.67 2.2
      vertex 105.685 120.452 0
      vertex 105.685 120.452 2.2
    endloop
  endfacet
  facet normal -0.997725 -0.0674139 -2.65641e-19
    outer loop
      vertex 105.7 120.23 0
      vertex 105.685 120.452 2.2
      vertex 105.685 120.452 0
    endloop
  endfacet
  facet normal -0.997725 -0.0674139 -2.65641e-19
    outer loop
      vertex 105.685 120.452 2.2
      vertex 105.7 120.23 0
      vertex 105.7 120.23 2.2
    endloop
  endfacet
  facet normal -0.947781 -0.318922 4.31145e-19
    outer loop
      vertex 105.642 120.67 0
      vertex 105.571 120.881 2.2
      vertex 105.571 120.881 0
    endloop
  endfacet
  facet normal -0.947781 -0.318922 4.31145e-19
    outer loop
      vertex 105.571 120.881 2.2
      vertex 105.642 120.67 0
      vertex 105.642 120.67 2.2
    endloop
  endfacet
  facet normal -0.832742 -0.553661 -9.17715e-19
    outer loop
      vertex 105.472 121.08 0
      vertex 105.349 121.265 2.2
      vertex 105.349 121.265 0
    endloop
  endfacet
  facet normal -0.832742 -0.553661 -9.17715e-19
    outer loop
      vertex 105.349 121.265 2.2
      vertex 105.472 121.08 0
      vertex 105.472 121.08 2.2
    endloop
  endfacet
  facet normal 0.318922 -0.947781 0
    outer loop
      vertex 103.349 121.801 0
      vertex 103.56 121.872 2.2
      vertex 103.349 121.801 2.2
    endloop
  endfacet
  facet normal 0.318922 -0.947781 0
    outer loop
      vertex 103.56 121.872 2.2
      vertex 103.349 121.801 0
      vertex 103.56 121.872 0
    endloop
  endfacet
  facet normal -0.895325 -0.445413 -7.62423e-19
    outer loop
      vertex 105.571 120.881 0
      vertex 105.472 121.08 2.2
      vertex 105.472 121.08 0
    endloop
  endfacet
  facet normal -0.895325 -0.445413 -7.62423e-19
    outer loop
      vertex 105.472 121.08 2.2
      vertex 105.571 120.881 0
      vertex 105.571 120.881 2.2
    endloop
  endfacet
  facet normal 0.193519 -0.981097 0
    outer loop
      vertex 103.56 121.872 0
      vertex 103.778 121.915 2.2
      vertex 103.56 121.872 2.2
    endloop
  endfacet
  facet normal 0.193519 -0.981097 0
    outer loop
      vertex 103.778 121.915 2.2
      vertex 103.56 121.872 0
      vertex 103.778 121.915 0
    endloop
  endfacet
  facet normal 0.981097 -0.193519 7.07913e-19
    outer loop
      vertex 102.315 120.452 2.2
      vertex 102.358 120.67 0
      vertex 102.358 120.67 2.2
    endloop
  endfacet
  facet normal 0.981097 -0.193519 7.07913e-19
    outer loop
      vertex 102.358 120.67 0
      vertex 102.315 120.452 2.2
      vertex 102.315 120.452 0
    endloop
  endfacet
  facet normal -0.193519 0.981097 0
    outer loop
      vertex 104.44 118.588 0
      vertex 104.222 118.545 2.2
      vertex 104.44 118.588 2.2
    endloop
  endfacet
  facet normal -0.193519 0.981097 0
    outer loop
      vertex 104.222 118.545 2.2
      vertex 104.44 118.588 0
      vertex 104.222 118.545 0
    endloop
  endfacet
  facet normal -0.445413 0.895325 0
    outer loop
      vertex 104.85 118.758 0
      vertex 104.651 118.659 2.2
      vertex 104.85 118.758 2.2
    endloop
  endfacet
  facet normal -0.445413 0.895325 0
    outer loop
      vertex 104.651 118.659 2.2
      vertex 104.85 118.758 0
      vertex 104.651 118.659 0
    endloop
  endfacet
  facet normal -0.947781 0.318922 -1.73456e-18
    outer loop
      vertex 105.571 119.579 0
      vertex 105.642 119.79 2.2
      vertex 105.642 119.79 0
    endloop
  endfacet
  facet normal -0.947781 0.318922 -1.73456e-18
    outer loop
      vertex 105.642 119.79 2.2
      vertex 105.571 119.579 0
      vertex 105.571 119.579 2.2
    endloop
  endfacet
  facet normal -0.318922 0.947781 0
    outer loop
      vertex 104.651 118.659 0
      vertex 104.44 118.588 2.2
      vertex 104.651 118.659 2.2
    endloop
  endfacet
  facet normal -0.318922 0.947781 0
    outer loop
      vertex 104.44 118.588 2.2
      vertex 104.651 118.659 0
      vertex 104.44 118.588 0
    endloop
  endfacet
  facet normal 0.750624 -0.660729 1.27975e-18
    outer loop
      vertex 102.651 121.265 2.2
      vertex 102.798 121.432 0
      vertex 102.798 121.432 2.2
    endloop
  endfacet
  facet normal 0.750624 -0.660729 1.27975e-18
    outer loop
      vertex 102.798 121.432 0
      vertex 102.651 121.265 2.2
      vertex 102.651 121.265 0
    endloop
  endfacet
  facet normal 0.832742 0.553661 -9.17715e-19
    outer loop
      vertex 102.651 119.195 2.2
      vertex 102.528 119.38 0
      vertex 102.528 119.38 2.2
    endloop
  endfacet
  facet normal 0.832742 0.553661 -9.17715e-19
    outer loop
      vertex 102.528 119.38 0
      vertex 102.651 119.195 2.2
      vertex 102.651 119.195 0
    endloop
  endfacet
  facet normal 0.0674139 0.997725 -0
    outer loop
      vertex 104 118.53 0
      vertex 103.778 118.545 2.2
      vertex 104 118.53 2.2
    endloop
  endfacet
  facet normal 0.0674139 0.997725 0
    outer loop
      vertex 103.778 118.545 2.2
      vertex 104 118.53 0
      vertex 103.778 118.545 0
    endloop
  endfacet
  facet normal -0.660729 -0.750624 0
    outer loop
      vertex 105.035 121.579 0
      vertex 105.202 121.432 2.2
      vertex 105.035 121.579 2.2
    endloop
  endfacet
  facet normal -0.660729 -0.750624 -0
    outer loop
      vertex 105.202 121.432 2.2
      vertex 105.035 121.579 0
      vertex 105.202 121.432 0
    endloop
  endfacet
  facet normal -0.997725 0.0674139 -1.59611e-19
    outer loop
      vertex 105.685 120.008 0
      vertex 105.7 120.23 2.2
      vertex 105.7 120.23 0
    endloop
  endfacet
  facet normal -0.997725 0.0674139 -1.59611e-19
    outer loop
      vertex 105.7 120.23 2.2
      vertex 105.685 120.008 0
      vertex 105.685 120.008 2.2
    endloop
  endfacet
  facet normal -0.553661 -0.832742 0
    outer loop
      vertex 104.85 121.702 0
      vertex 105.035 121.579 2.2
      vertex 104.85 121.702 2.2
    endloop
  endfacet
  facet normal -0.553661 -0.832742 -0
    outer loop
      vertex 105.035 121.579 2.2
      vertex 104.85 121.702 0
      vertex 105.035 121.579 0
    endloop
  endfacet
  facet normal 0.947781 0.318922 1.73456e-18
    outer loop
      vertex 102.429 119.579 2.2
      vertex 102.358 119.79 0
      vertex 102.358 119.79 2.2
    endloop
  endfacet
  facet normal 0.947781 0.318922 1.73456e-18
    outer loop
      vertex 102.358 119.79 0
      vertex 102.429 119.579 2.2
      vertex 102.429 119.579 0
    endloop
  endfacet
  facet normal -0.0674139 -0.997725 0
    outer loop
      vertex 104 121.93 0
      vertex 104.222 121.915 2.2
      vertex 104 121.93 2.2
    endloop
  endfacet
  facet normal -0.0674139 -0.997725 -0
    outer loop
      vertex 104.222 121.915 2.2
      vertex 104 121.93 0
      vertex 104.222 121.915 0
    endloop
  endfacet
  facet normal -0.660729 0.750624 0
    outer loop
      vertex 105.202 119.028 0
      vertex 105.035 118.881 2.2
      vertex 105.202 119.028 2.2
    endloop
  endfacet
  facet normal -0.660729 0.750624 0
    outer loop
      vertex 105.035 118.881 2.2
      vertex 105.202 119.028 0
      vertex 105.035 118.881 0
    endloop
  endfacet
  facet normal 0.997725 -0.0674139 2.65641e-19
    outer loop
      vertex 102.3 120.23 2.2
      vertex 102.315 120.452 0
      vertex 102.315 120.452 2.2
    endloop
  endfacet
  facet normal 0.997725 -0.0674139 2.65641e-19
    outer loop
      vertex 102.315 120.452 0
      vertex 102.3 120.23 2.2
      vertex 102.3 120.23 0
    endloop
  endfacet
  facet normal 0.750624 0.660729 -4.85862e-19
    outer loop
      vertex 102.798 119.028 2.2
      vertex 102.651 119.195 0
      vertex 102.651 119.195 2.2
    endloop
  endfacet
  facet normal 0.750624 0.660729 -4.85862e-19
    outer loop
      vertex 102.651 119.195 0
      vertex 102.798 119.028 2.2
      vertex 102.798 119.028 0
    endloop
  endfacet
  facet normal -0.750624 -0.660729 -1.27975e-18
    outer loop
      vertex 105.349 121.265 0
      vertex 105.202 121.432 2.2
      vertex 105.202 121.432 0
    endloop
  endfacet
  facet normal -0.750624 -0.660729 -1.27975e-18
    outer loop
      vertex 105.202 121.432 2.2
      vertex 105.349 121.265 0
      vertex 105.349 121.265 2.2
    endloop
  endfacet
  facet normal -0.318922 -0.947781 0
    outer loop
      vertex 104.44 121.872 0
      vertex 104.651 121.801 2.2
      vertex 104.44 121.872 2.2
    endloop
  endfacet
  facet normal -0.318922 -0.947781 -0
    outer loop
      vertex 104.651 121.801 2.2
      vertex 104.44 121.872 0
      vertex 104.651 121.801 0
    endloop
  endfacet
  facet normal 0.895325 -0.445413 7.62423e-19
    outer loop
      vertex 102.429 120.881 2.2
      vertex 102.528 121.08 0
      vertex 102.528 121.08 2.2
    endloop
  endfacet
  facet normal 0.895325 -0.445413 7.62423e-19
    outer loop
      vertex 102.528 121.08 0
      vertex 102.429 120.881 2.2
      vertex 102.429 120.881 0
    endloop
  endfacet
  facet normal -0.895325 0.445413 7.62423e-19
    outer loop
      vertex 105.472 119.38 0
      vertex 105.571 119.579 2.2
      vertex 105.571 119.579 0
    endloop
  endfacet
  facet normal -0.895325 0.445413 7.62423e-19
    outer loop
      vertex 105.571 119.579 2.2
      vertex 105.472 119.38 0
      vertex 105.472 119.38 2.2
    endloop
  endfacet
  facet normal 0.981097 0.193519 2.00541e-19
    outer loop
      vertex 102.358 119.79 2.2
      vertex 102.315 120.008 0
      vertex 102.315 120.008 2.2
    endloop
  endfacet
  facet normal 0.981097 0.193519 2.00541e-19
    outer loop
      vertex 102.315 120.008 0
      vertex 102.358 119.79 2.2
      vertex 102.358 119.79 0
    endloop
  endfacet
  facet normal 0.445413 -0.895325 0
    outer loop
      vertex 103.15 121.702 0
      vertex 103.349 121.801 2.2
      vertex 103.15 121.702 2.2
    endloop
  endfacet
  facet normal 0.445413 -0.895325 0
    outer loop
      vertex 103.349 121.801 2.2
      vertex 103.15 121.702 0
      vertex 103.349 121.801 0
    endloop
  endfacet
  facet normal -0.750624 0.660729 4.85862e-19
    outer loop
      vertex 105.202 119.028 0
      vertex 105.349 119.195 2.2
      vertex 105.349 119.195 0
    endloop
  endfacet
  facet normal -0.750624 0.660729 4.85862e-19
    outer loop
      vertex 105.349 119.195 2.2
      vertex 105.202 119.028 0
      vertex 105.202 119.028 2.2
    endloop
  endfacet
  facet normal -0.193519 -0.981097 0
    outer loop
      vertex 104.222 121.915 0
      vertex 104.44 121.872 2.2
      vertex 104.222 121.915 2.2
    endloop
  endfacet
  facet normal -0.193519 -0.981097 -0
    outer loop
      vertex 104.44 121.872 2.2
      vertex 104.222 121.915 0
      vertex 104.44 121.872 0
    endloop
  endfacet
  facet normal -0.981097 0.193519 -2.00541e-19
    outer loop
      vertex 105.642 119.79 0
      vertex 105.685 120.008 2.2
      vertex 105.685 120.008 0
    endloop
  endfacet
  facet normal -0.981097 0.193519 -2.00541e-19
    outer loop
      vertex 105.685 120.008 2.2
      vertex 105.642 119.79 0
      vertex 105.642 119.79 2.2
    endloop
  endfacet
  facet normal 0.660729 -0.750624 0
    outer loop
      vertex 102.798 121.432 0
      vertex 102.965 121.579 2.2
      vertex 102.798 121.432 2.2
    endloop
  endfacet
  facet normal 0.660729 -0.750624 0
    outer loop
      vertex 102.965 121.579 2.2
      vertex 102.798 121.432 0
      vertex 102.965 121.579 0
    endloop
  endfacet
  facet normal 0.895325 0.445413 -7.62423e-19
    outer loop
      vertex 102.528 119.38 2.2
      vertex 102.429 119.579 0
      vertex 102.429 119.579 2.2
    endloop
  endfacet
  facet normal 0.895325 0.445413 -7.62423e-19
    outer loop
      vertex 102.429 119.579 0
      vertex 102.528 119.38 2.2
      vertex 102.528 119.38 0
    endloop
  endfacet
  facet normal 0.997725 0.0674139 1.59611e-19
    outer loop
      vertex 102.315 120.008 2.2
      vertex 102.3 120.23 0
      vertex 102.3 120.23 2.2
    endloop
  endfacet
  facet normal 0.997725 0.0674139 1.59611e-19
    outer loop
      vertex 102.3 120.23 0
      vertex 102.315 120.008 2.2
      vertex 102.315 120.008 0
    endloop
  endfacet
  facet normal -0.832742 0.553661 9.17715e-19
    outer loop
      vertex 105.349 119.195 0
      vertex 105.472 119.38 2.2
      vertex 105.472 119.38 0
    endloop
  endfacet
  facet normal -0.832742 0.553661 9.17715e-19
    outer loop
      vertex 105.472 119.38 2.2
      vertex 105.349 119.195 0
      vertex 105.349 119.195 2.2
    endloop
  endfacet
  facet normal -0.445413 -0.895325 0
    outer loop
      vertex 104.651 121.801 0
      vertex 104.85 121.702 2.2
      vertex 104.651 121.801 2.2
    endloop
  endfacet
  facet normal -0.445413 -0.895325 -0
    outer loop
      vertex 104.85 121.702 2.2
      vertex 104.651 121.801 0
      vertex 104.85 121.702 0
    endloop
  endfacet
  facet normal 0.947781 -0.318922 -4.31145e-19
    outer loop
      vertex 102.358 120.67 2.2
      vertex 102.429 120.881 0
      vertex 102.429 120.881 2.2
    endloop
  endfacet
  facet normal 0.947781 -0.318922 -4.31145e-19
    outer loop
      vertex 102.429 120.881 0
      vertex 102.358 120.67 2.2
      vertex 102.358 120.67 0
    endloop
  endfacet
  facet normal 0.0674139 -0.997725 0
    outer loop
      vertex 103.778 121.915 0
      vertex 104 121.93 2.2
      vertex 103.778 121.915 2.2
    endloop
  endfacet
  facet normal 0.0674139 -0.997725 0
    outer loop
      vertex 104 121.93 2.2
      vertex 103.778 121.915 0
      vertex 104 121.93 0
    endloop
  endfacet
  facet normal 0.553661 -0.832742 0
    outer loop
      vertex 102.965 121.579 0
      vertex 103.15 121.702 2.2
      vertex 102.965 121.579 2.2
    endloop
  endfacet
  facet normal 0.553661 -0.832742 0
    outer loop
      vertex 103.15 121.702 2.2
      vertex 102.965 121.579 0
      vertex 103.15 121.702 0
    endloop
  endfacet
  facet normal 0.553661 0.832742 -0
    outer loop
      vertex 103.15 118.758 0
      vertex 102.965 118.881 2.2
      vertex 103.15 118.758 2.2
    endloop
  endfacet
  facet normal 0.553661 0.832742 0
    outer loop
      vertex 102.965 118.881 2.2
      vertex 103.15 118.758 0
      vertex 102.965 118.881 0
    endloop
  endfacet
  facet normal 0.318922 0.947781 -0
    outer loop
      vertex 103.56 118.588 0
      vertex 103.349 118.659 2.2
      vertex 103.56 118.588 2.2
    endloop
  endfacet
  facet normal 0.318922 0.947781 0
    outer loop
      vertex 103.349 118.659 2.2
      vertex 103.56 118.588 0
      vertex 103.349 118.659 0
    endloop
  endfacet
  facet normal 0.832742 -0.553661 9.17715e-19
    outer loop
      vertex 102.528 121.08 2.2
      vertex 102.651 121.265 0
      vertex 102.651 121.265 2.2
    endloop
  endfacet
  facet normal 0.832742 -0.553661 9.17715e-19
    outer loop
      vertex 102.651 121.265 0
      vertex 102.528 121.08 2.2
      vertex 102.528 121.08 0
    endloop
  endfacet
  facet normal -0.553661 0.832742 0
    outer loop
      vertex 105.035 118.881 0
      vertex 104.85 118.758 2.2
      vertex 105.035 118.881 2.2
    endloop
  endfacet
  facet normal -0.553661 0.832742 0
    outer loop
      vertex 104.85 118.758 2.2
      vertex 105.035 118.881 0
      vertex 104.85 118.758 0
    endloop
  endfacet
  facet normal 0.193519 0.981097 -0
    outer loop
      vertex 103.778 118.545 0
      vertex 103.56 118.588 2.2
      vertex 103.778 118.545 2.2
    endloop
  endfacet
  facet normal 0.193519 0.981097 0
    outer loop
      vertex 103.56 118.588 2.2
      vertex 103.778 118.545 0
      vertex 103.56 118.588 0
    endloop
  endfacet
  facet normal 0.660729 0.750624 -0
    outer loop
      vertex 102.965 118.881 0
      vertex 102.798 119.028 2.2
      vertex 102.965 118.881 2.2
    endloop
  endfacet
  facet normal 0.660729 0.750624 0
    outer loop
      vertex 102.798 119.028 2.2
      vertex 102.965 118.881 0
      vertex 102.798 119.028 0
    endloop
  endfacet
  facet normal 0.445413 0.895325 -0
    outer loop
      vertex 103.349 118.659 0
      vertex 103.15 118.758 2.2
      vertex 103.349 118.659 2.2
    endloop
  endfacet
  facet normal 0.445413 0.895325 0
    outer loop
      vertex 103.15 118.758 2.2
      vertex 103.349 118.659 0
      vertex 103.15 118.758 0
    endloop
  endfacet
  facet normal -0.947598 -0.319466 -9.86786e-19
    outer loop
      vertex 169.392 37.75 0
      vertex 169.321 37.9606 2.2
      vertex 169.321 37.9606 0
    endloop
  endfacet
  facet normal -0.947598 -0.319466 -9.86786e-19
    outer loop
      vertex 169.321 37.9606 2.2
      vertex 169.392 37.75 0
      vertex 169.392 37.75 2.2
    endloop
  endfacet
  facet normal -0.981113 -0.193434 -1.58373e-18
    outer loop
      vertex 169.435 37.5319 0
      vertex 169.392 37.75 2.2
      vertex 169.392 37.75 0
    endloop
  endfacet
  facet normal -0.981113 -0.193434 -1.58373e-18
    outer loop
      vertex 169.392 37.75 2.2
      vertex 169.435 37.5319 0
      vertex 169.435 37.5319 2.2
    endloop
  endfacet
  facet normal -0.997723 -0.0674441 -3.09836e-19
    outer loop
      vertex 169.45 37.31 0
      vertex 169.435 37.5319 2.2
      vertex 169.435 37.5319 0
    endloop
  endfacet
  facet normal -0.997723 -0.0674441 -3.09836e-19
    outer loop
      vertex 169.435 37.5319 2.2
      vertex 169.45 37.31 0
      vertex 169.45 37.31 2.2
    endloop
  endfacet
  facet normal 0.981113 -0.193434 1.58373e-18
    outer loop
      vertex 166.065 37.5319 2.2
      vertex 166.108 37.75 0
      vertex 166.108 37.75 2.2
    endloop
  endfacet
  facet normal 0.981113 -0.193434 1.58373e-18
    outer loop
      vertex 166.108 37.75 0
      vertex 166.065 37.5319 2.2
      vertex 166.065 37.5319 0
    endloop
  endfacet
  facet normal -0.751016 0.660284 1.60421e-18
    outer loop
      vertex 168.952 36.1079 0
      vertex 169.099 36.2751 2.2
      vertex 169.099 36.2751 0
    endloop
  endfacet
  facet normal -0.751016 0.660284 1.60421e-18
    outer loop
      vertex 169.099 36.2751 2.2
      vertex 168.952 36.1079 0
      vertex 168.952 36.1079 2.2
    endloop
  endfacet
  facet normal 0.443245 -0.8964 0
    outer loop
      vertex 166.9 38.7822 0
      vertex 167.099 38.8806 2.2
      vertex 166.9 38.7822 2.2
    endloop
  endfacet
  facet normal 0.443245 -0.8964 0
    outer loop
      vertex 167.099 38.8806 2.2
      vertex 166.9 38.7822 0
      vertex 167.099 38.8806 0
    endloop
  endfacet
  facet normal -0.832604 -0.553869 -1.8842e-18
    outer loop
      vertex 169.222 38.16 0
      vertex 169.099 38.3449 2.2
      vertex 169.099 38.3449 0
    endloop
  endfacet
  facet normal -0.832604 -0.553869 -1.8842e-18
    outer loop
      vertex 169.099 38.3449 2.2
      vertex 169.222 38.16 0
      vertex 169.222 38.16 2.2
    endloop
  endfacet
  facet normal -0.320937 0.947101 0
    outer loop
      vertex 168.401 35.7394 0
      vertex 168.19 35.6679 2.2
      vertex 168.401 35.7394 2.2
    endloop
  endfacet
  facet normal -0.320937 0.947101 0
    outer loop
      vertex 168.19 35.6679 2.2
      vertex 168.401 35.7394 0
      vertex 168.19 35.6679 0
    endloop
  endfacet
  facet normal -0.895681 -0.444696 1.30387e-19
    outer loop
      vertex 169.321 37.9606 0
      vertex 169.222 38.16 2.2
      vertex 169.222 38.16 0
    endloop
  endfacet
  facet normal -0.895681 -0.444696 1.30387e-19
    outer loop
      vertex 169.222 38.16 2.2
      vertex 169.321 37.9606 0
      vertex 169.321 37.9606 2.2
    endloop
  endfacet
  facet normal -0.443245 -0.8964 0
    outer loop
      vertex 168.401 38.8806 0
      vertex 168.6 38.7822 2.2
      vertex 168.401 38.8806 2.2
    endloop
  endfacet
  facet normal -0.443245 -0.8964 -0
    outer loop
      vertex 168.6 38.7822 2.2
      vertex 168.401 38.8806 0
      vertex 168.6 38.7822 0
    endloop
  endfacet
  facet normal -0.443245 0.8964 0
    outer loop
      vertex 168.6 35.8378 0
      vertex 168.401 35.7394 2.2
      vertex 168.6 35.8378 2.2
    endloop
  endfacet
  facet normal -0.443245 0.8964 0
    outer loop
      vertex 168.401 35.7394 2.2
      vertex 168.6 35.8378 0
      vertex 168.401 35.7394 0
    endloop
  endfacet
  facet normal -0.947598 0.319466 9.86786e-19
    outer loop
      vertex 169.321 36.6594 0
      vertex 169.392 36.87 2.2
      vertex 169.392 36.87 0
    endloop
  endfacet
  facet normal -0.947598 0.319466 9.86786e-19
    outer loop
      vertex 169.392 36.87 2.2
      vertex 169.321 36.6594 0
      vertex 169.321 36.6594 2.2
    endloop
  endfacet
  facet normal 0.0651764 -0.997874 0
    outer loop
      vertex 167.528 38.9955 0
      vertex 167.75 39.01 2.2
      vertex 167.528 38.9955 2.2
    endloop
  endfacet
  facet normal 0.0651764 -0.997874 0
    outer loop
      vertex 167.75 39.01 2.2
      vertex 167.528 38.9955 0
      vertex 167.75 39.01 0
    endloop
  endfacet
  facet normal -0.981113 0.193434 1.58373e-18
    outer loop
      vertex 169.392 36.87 0
      vertex 169.435 37.0881 2.2
      vertex 169.435 37.0881 0
    endloop
  endfacet
  facet normal -0.981113 0.193434 1.58373e-18
    outer loop
      vertex 169.435 37.0881 2.2
      vertex 169.392 36.87 0
      vertex 169.392 36.87 2.2
    endloop
  endfacet
  facet normal 0.555219 -0.831704 0
    outer loop
      vertex 166.715 38.6587 0
      vertex 166.9 38.7822 2.2
      vertex 166.715 38.6587 2.2
    endloop
  endfacet
  facet normal 0.555219 -0.831704 0
    outer loop
      vertex 166.9 38.7822 2.2
      vertex 166.715 38.6587 0
      vertex 166.9 38.7822 0
    endloop
  endfacet
  facet normal -0.659714 0.751516 0
    outer loop
      vertex 168.952 36.1079 0
      vertex 168.785 35.9613 2.2
      vertex 168.952 36.1079 2.2
    endloop
  endfacet
  facet normal -0.659714 0.751516 0
    outer loop
      vertex 168.785 35.9613 2.2
      vertex 168.952 36.1079 0
      vertex 168.785 35.9613 0
    endloop
  endfacet
  facet normal 0.320937 -0.947101 0
    outer loop
      vertex 167.099 38.8806 0
      vertex 167.31 38.9521 2.2
      vertex 167.099 38.8806 2.2
    endloop
  endfacet
  facet normal 0.320937 -0.947101 0
    outer loop
      vertex 167.31 38.9521 2.2
      vertex 167.099 38.8806 0
      vertex 167.31 38.9521 0
    endloop
  endfacet
  facet normal -0.0651764 -0.997874 0
    outer loop
      vertex 167.75 39.01 0
      vertex 167.972 38.9955 2.2
      vertex 167.75 39.01 2.2
    endloop
  endfacet
  facet normal -0.0651764 -0.997874 -0
    outer loop
      vertex 167.972 38.9955 2.2
      vertex 167.75 39.01 0
      vertex 167.972 38.9955 0
    endloop
  endfacet
  facet normal 0.195251 0.980753 -0
    outer loop
      vertex 167.528 35.6245 0
      vertex 167.31 35.6679 2.2
      vertex 167.528 35.6245 2.2
    endloop
  endfacet
  facet normal 0.195251 0.980753 0
    outer loop
      vertex 167.31 35.6679 2.2
      vertex 167.528 35.6245 0
      vertex 167.31 35.6679 0
    endloop
  endfacet
  facet normal 0.751016 -0.660284 1.20753e-18
    outer loop
      vertex 166.401 38.3449 2.2
      vertex 166.548 38.5121 0
      vertex 166.548 38.5121 2.2
    endloop
  endfacet
  facet normal 0.751016 -0.660284 1.20753e-18
    outer loop
      vertex 166.548 38.5121 0
      vertex 166.401 38.3449 2.2
      vertex 166.401 38.3449 0
    endloop
  endfacet
  facet normal 0.751016 0.660284 -1.60421e-18
    outer loop
      vertex 166.548 36.1079 2.2
      vertex 166.401 36.2751 0
      vertex 166.401 36.2751 2.2
    endloop
  endfacet
  facet normal 0.751016 0.660284 -1.60421e-18
    outer loop
      vertex 166.401 36.2751 0
      vertex 166.548 36.1079 2.2
      vertex 166.548 36.1079 0
    endloop
  endfacet
  facet normal -0.997723 0.0674441 9.71145e-20
    outer loop
      vertex 169.435 37.0881 0
      vertex 169.45 37.31 2.2
      vertex 169.45 37.31 0
    endloop
  endfacet
  facet normal -0.997723 0.0674441 9.71145e-20
    outer loop
      vertex 169.45 37.31 2.2
      vertex 169.435 37.0881 0
      vertex 169.435 37.0881 2.2
    endloop
  endfacet
  facet normal -0.195251 0.980753 0
    outer loop
      vertex 168.19 35.6679 0
      vertex 167.972 35.6245 2.2
      vertex 168.19 35.6679 2.2
    endloop
  endfacet
  facet normal -0.195251 0.980753 0
    outer loop
      vertex 167.972 35.6245 2.2
      vertex 168.19 35.6679 0
      vertex 167.972 35.6245 0
    endloop
  endfacet
  facet normal 0.997723 0.0674441 -9.71145e-20
    outer loop
      vertex 166.065 37.0881 2.2
      vertex 166.05 37.31 0
      vertex 166.05 37.31 2.2
    endloop
  endfacet
  facet normal 0.997723 0.0674441 -9.71145e-20
    outer loop
      vertex 166.05 37.31 0
      vertex 166.065 37.0881 2.2
      vertex 166.065 37.0881 0
    endloop
  endfacet
  facet normal -0.895681 0.444696 -1.30387e-19
    outer loop
      vertex 169.222 36.46 0
      vertex 169.321 36.6594 2.2
      vertex 169.321 36.6594 0
    endloop
  endfacet
  facet normal -0.895681 0.444696 -1.30387e-19
    outer loop
      vertex 169.321 36.6594 2.2
      vertex 169.222 36.46 0
      vertex 169.222 36.46 2.2
    endloop
  endfacet
  facet normal 0.832604 0.553869 -2.56593e-18
    outer loop
      vertex 166.401 36.2751 2.2
      vertex 166.278 36.46 0
      vertex 166.278 36.46 2.2
    endloop
  endfacet
  facet normal 0.832604 0.553869 -2.56593e-18
    outer loop
      vertex 166.278 36.46 0
      vertex 166.401 36.2751 2.2
      vertex 166.401 36.2751 0
    endloop
  endfacet
  facet normal 0.895681 0.444696 1.30387e-19
    outer loop
      vertex 166.278 36.46 2.2
      vertex 166.179 36.6594 0
      vertex 166.179 36.6594 2.2
    endloop
  endfacet
  facet normal 0.895681 0.444696 1.30387e-19
    outer loop
      vertex 166.179 36.6594 0
      vertex 166.278 36.46 2.2
      vertex 166.278 36.46 0
    endloop
  endfacet
  facet normal 0.832604 -0.553869 1.8842e-18
    outer loop
      vertex 166.278 38.16 2.2
      vertex 166.401 38.3449 0
      vertex 166.401 38.3449 2.2
    endloop
  endfacet
  facet normal 0.832604 -0.553869 1.8842e-18
    outer loop
      vertex 166.401 38.3449 0
      vertex 166.278 38.16 2.2
      vertex 166.278 38.16 0
    endloop
  endfacet
  facet normal 0.895681 -0.444696 -1.30387e-19
    outer loop
      vertex 166.179 37.9606 2.2
      vertex 166.278 38.16 0
      vertex 166.278 38.16 2.2
    endloop
  endfacet
  facet normal 0.895681 -0.444696 -1.30387e-19
    outer loop
      vertex 166.278 38.16 0
      vertex 166.179 37.9606 2.2
      vertex 166.179 37.9606 0
    endloop
  endfacet
  facet normal -0.555219 -0.831704 0
    outer loop
      vertex 168.6 38.7822 0
      vertex 168.785 38.6587 2.2
      vertex 168.6 38.7822 2.2
    endloop
  endfacet
  facet normal -0.555219 -0.831704 -0
    outer loop
      vertex 168.785 38.6587 2.2
      vertex 168.6 38.7822 0
      vertex 168.785 38.6587 0
    endloop
  endfacet
  facet normal -0.320937 -0.947101 0
    outer loop
      vertex 168.19 38.9521 0
      vertex 168.401 38.8806 2.2
      vertex 168.19 38.9521 2.2
    endloop
  endfacet
  facet normal -0.320937 -0.947101 -0
    outer loop
      vertex 168.401 38.8806 2.2
      vertex 168.19 38.9521 0
      vertex 168.401 38.8806 0
    endloop
  endfacet
  facet normal -0.195251 -0.980753 0
    outer loop
      vertex 167.972 38.9955 0
      vertex 168.19 38.9521 2.2
      vertex 167.972 38.9955 2.2
    endloop
  endfacet
  facet normal -0.195251 -0.980753 -0
    outer loop
      vertex 168.19 38.9521 2.2
      vertex 167.972 38.9955 0
      vertex 168.19 38.9521 0
    endloop
  endfacet
  facet normal 0.195251 -0.980753 0
    outer loop
      vertex 167.31 38.9521 0
      vertex 167.528 38.9955 2.2
      vertex 167.31 38.9521 2.2
    endloop
  endfacet
  facet normal 0.195251 -0.980753 0
    outer loop
      vertex 167.528 38.9955 2.2
      vertex 167.31 38.9521 0
      vertex 167.528 38.9955 0
    endloop
  endfacet
  facet normal -0.751016 -0.660284 -1.20753e-18
    outer loop
      vertex 169.099 38.3449 0
      vertex 168.952 38.5121 2.2
      vertex 168.952 38.5121 0
    endloop
  endfacet
  facet normal -0.751016 -0.660284 -1.20753e-18
    outer loop
      vertex 168.952 38.5121 2.2
      vertex 169.099 38.3449 0
      vertex 169.099 38.3449 2.2
    endloop
  endfacet
  facet normal 0.443245 0.8964 -0
    outer loop
      vertex 167.099 35.7394 0
      vertex 166.9 35.8378 2.2
      vertex 167.099 35.7394 2.2
    endloop
  endfacet
  facet normal 0.443245 0.8964 0
    outer loop
      vertex 166.9 35.8378 2.2
      vertex 167.099 35.7394 0
      vertex 166.9 35.8378 0
    endloop
  endfacet
  facet normal -0.832604 0.553869 2.56593e-18
    outer loop
      vertex 169.099 36.2751 0
      vertex 169.222 36.46 2.2
      vertex 169.222 36.46 0
    endloop
  endfacet
  facet normal -0.832604 0.553869 2.56593e-18
    outer loop
      vertex 169.222 36.46 2.2
      vertex 169.099 36.2751 0
      vertex 169.099 36.2751 2.2
    endloop
  endfacet
  facet normal -0.555219 0.831704 0
    outer loop
      vertex 168.785 35.9613 0
      vertex 168.6 35.8378 2.2
      vertex 168.785 35.9613 2.2
    endloop
  endfacet
  facet normal -0.555219 0.831704 0
    outer loop
      vertex 168.6 35.8378 2.2
      vertex 168.785 35.9613 0
      vertex 168.6 35.8378 0
    endloop
  endfacet
  facet normal -0.659714 -0.751516 0
    outer loop
      vertex 168.785 38.6587 0
      vertex 168.952 38.5121 2.2
      vertex 168.785 38.6587 2.2
    endloop
  endfacet
  facet normal -0.659714 -0.751516 -0
    outer loop
      vertex 168.952 38.5121 2.2
      vertex 168.785 38.6587 0
      vertex 168.952 38.5121 0
    endloop
  endfacet
  facet normal 0.320937 0.947101 -0
    outer loop
      vertex 167.31 35.6679 0
      vertex 167.099 35.7394 2.2
      vertex 167.31 35.6679 2.2
    endloop
  endfacet
  facet normal 0.320937 0.947101 0
    outer loop
      vertex 167.099 35.7394 2.2
      vertex 167.31 35.6679 0
      vertex 167.099 35.7394 0
    endloop
  endfacet
  facet normal 0.0651764 0.997874 -0
    outer loop
      vertex 167.75 35.61 0
      vertex 167.528 35.6245 2.2
      vertex 167.75 35.61 2.2
    endloop
  endfacet
  facet normal 0.0651764 0.997874 0
    outer loop
      vertex 167.528 35.6245 2.2
      vertex 167.75 35.61 0
      vertex 167.528 35.6245 0
    endloop
  endfacet
  facet normal 0.659714 0.751516 -0
    outer loop
      vertex 166.715 35.9613 0
      vertex 166.548 36.1079 2.2
      vertex 166.715 35.9613 2.2
    endloop
  endfacet
  facet normal 0.659714 0.751516 0
    outer loop
      vertex 166.548 36.1079 2.2
      vertex 166.715 35.9613 0
      vertex 166.548 36.1079 0
    endloop
  endfacet
  facet normal 0.659714 -0.751516 0
    outer loop
      vertex 166.548 38.5121 0
      vertex 166.715 38.6587 2.2
      vertex 166.548 38.5121 2.2
    endloop
  endfacet
  facet normal 0.659714 -0.751516 0
    outer loop
      vertex 166.715 38.6587 2.2
      vertex 166.548 38.5121 0
      vertex 166.715 38.6587 0
    endloop
  endfacet
  facet normal -0.0651764 0.997874 0
    outer loop
      vertex 167.972 35.6245 0
      vertex 167.75 35.61 2.2
      vertex 167.972 35.6245 2.2
    endloop
  endfacet
  facet normal -0.0651764 0.997874 0
    outer loop
      vertex 167.75 35.61 2.2
      vertex 167.972 35.6245 0
      vertex 167.75 35.61 0
    endloop
  endfacet
  facet normal 0.997723 -0.0674441 3.09836e-19
    outer loop
      vertex 166.05 37.31 2.2
      vertex 166.065 37.5319 0
      vertex 166.065 37.5319 2.2
    endloop
  endfacet
  facet normal 0.997723 -0.0674441 3.09836e-19
    outer loop
      vertex 166.065 37.5319 0
      vertex 166.05 37.31 2.2
      vertex 166.05 37.31 0
    endloop
  endfacet
  facet normal 0.947598 0.319466 -9.86786e-19
    outer loop
      vertex 166.179 36.6594 2.2
      vertex 166.108 36.87 0
      vertex 166.108 36.87 2.2
    endloop
  endfacet
  facet normal 0.947598 0.319466 -9.86786e-19
    outer loop
      vertex 166.108 36.87 0
      vertex 166.179 36.6594 2.2
      vertex 166.179 36.6594 0
    endloop
  endfacet
  facet normal 0.947598 -0.319466 9.86786e-19
    outer loop
      vertex 166.108 37.75 2.2
      vertex 166.179 37.9606 0
      vertex 166.179 37.9606 2.2
    endloop
  endfacet
  facet normal 0.947598 -0.319466 9.86786e-19
    outer loop
      vertex 166.179 37.9606 0
      vertex 166.108 37.75 2.2
      vertex 166.108 37.75 0
    endloop
  endfacet
  facet normal 0.555219 0.831704 -0
    outer loop
      vertex 166.9 35.8378 0
      vertex 166.715 35.9613 2.2
      vertex 166.9 35.8378 2.2
    endloop
  endfacet
  facet normal 0.555219 0.831704 0
    outer loop
      vertex 166.715 35.9613 2.2
      vertex 166.9 35.8378 0
      vertex 166.715 35.9613 0
    endloop
  endfacet
  facet normal 0.981113 0.193434 -1.58373e-18
    outer loop
      vertex 166.108 36.87 2.2
      vertex 166.065 37.0881 0
      vertex 166.065 37.0881 2.2
    endloop
  endfacet
  facet normal 0.981113 0.193434 -1.58373e-18
    outer loop
      vertex 166.065 37.0881 0
      vertex 166.108 36.87 2.2
      vertex 166.108 36.87 0
    endloop
  endfacet
  facet normal -0.981112 -0.193442 -4.79691e-19
    outer loop
      vertex 150.165 -3.9781 0
      vertex 150.122 -3.76001 2.2
      vertex 150.122 -3.76001 0
    endloop
  endfacet
  facet normal -0.981112 -0.193442 -4.79691e-19
    outer loop
      vertex 150.122 -3.76001 2.2
      vertex 150.165 -3.9781 0
      vertex 150.165 -3.9781 2.2
    endloop
  endfacet
  facet normal -0.997723 -0.0674441 3.652e-19
    outer loop
      vertex 150.18 -4.2 0
      vertex 150.165 -3.9781 2.2
      vertex 150.165 -3.9781 0
    endloop
  endfacet
  facet normal -0.997723 -0.0674441 3.652e-19
    outer loop
      vertex 150.165 -3.9781 2.2
      vertex 150.18 -4.2 0
      vertex 150.18 -4.2 2.2
    endloop
  endfacet
  facet normal 0.555343 -0.831621 0
    outer loop
      vertex 147.445 -2.8513 0
      vertex 147.63 -2.72776 2.2
      vertex 147.445 -2.8513 2.2
    endloop
  endfacet
  facet normal 0.555343 -0.831621 0
    outer loop
      vertex 147.63 -2.72776 2.2
      vertex 147.445 -2.8513 0
      vertex 147.63 -2.72776 0
    endloop
  endfacet
  facet normal -0.195208 -0.980762 0
    outer loop
      vertex 148.702 -2.51454 0
      vertex 148.92 -2.55793 2.2
      vertex 148.702 -2.51454 2.2
    endloop
  endfacet
  facet normal -0.195208 -0.980762 -0
    outer loop
      vertex 148.92 -2.55793 2.2
      vertex 148.702 -2.51454 0
      vertex 148.92 -2.55793 0
    endloop
  endfacet
  facet normal -0.659765 -0.751472 0
    outer loop
      vertex 149.515 -2.8513 0
      vertex 149.682 -2.99792 2.2
      vertex 149.515 -2.8513 2.2
    endloop
  endfacet
  facet normal -0.659765 -0.751472 -0
    outer loop
      vertex 149.682 -2.99792 2.2
      vertex 149.515 -2.8513 0
      vertex 149.682 -2.99792 0
    endloop
  endfacet
  facet normal -0.195208 0.980762 0
    outer loop
      vertex 148.92 -5.84207 0
      vertex 148.702 -5.88546 2.2
      vertex 148.92 -5.84207 2.2
    endloop
  endfacet
  facet normal -0.195208 0.980762 0
    outer loop
      vertex 148.702 -5.88546 2.2
      vertex 148.92 -5.84207 0
      vertex 148.702 -5.88546 0
    endloop
  endfacet
  facet normal -0.555343 -0.831621 0
    outer loop
      vertex 149.33 -2.72776 0
      vertex 149.515 -2.8513 2.2
      vertex 149.33 -2.72776 2.2
    endloop
  endfacet
  facet normal -0.555343 -0.831621 -0
    outer loop
      vertex 149.515 -2.8513 2.2
      vertex 149.33 -2.72776 0
      vertex 149.515 -2.8513 0
    endloop
  endfacet
  facet normal -0.997723 0.0674471 -6.45455e-20
    outer loop
      vertex 150.165 -4.42189 0
      vertex 150.18 -4.2 2.2
      vertex 150.18 -4.2 0
    endloop
  endfacet
  facet normal -0.997723 0.0674471 -6.45455e-20
    outer loop
      vertex 150.18 -4.2 2.2
      vertex 150.165 -4.42189 0
      vertex 150.165 -4.42189 2.2
    endloop
  endfacet
  facet normal 0.997723 -0.0674441 1.32568e-19
    outer loop
      vertex 146.78 -4.2 2.2
      vertex 146.795 -3.9781 0
      vertex 146.795 -3.9781 2.2
    endloop
  endfacet
  facet normal 0.997723 -0.0674441 1.32568e-19
    outer loop
      vertex 146.795 -3.9781 0
      vertex 146.78 -4.2 2.2
      vertex 146.78 -4.2 0
    endloop
  endfacet
  facet normal -0.832604 -0.553869 7.63171e-19
    outer loop
      vertex 149.952 -3.35 0
      vertex 149.829 -3.1651 2.2
      vertex 149.829 -3.1651 0
    endloop
  endfacet
  facet normal -0.832604 -0.553869 7.63171e-19
    outer loop
      vertex 149.829 -3.1651 2.2
      vertex 149.952 -3.35 0
      vertex 149.952 -3.35 2.2
    endloop
  endfacet
  facet normal -0.0653555 -0.997862 0
    outer loop
      vertex 148.48 -2.5 0
      vertex 148.702 -2.51454 2.2
      vertex 148.48 -2.5 2.2
    endloop
  endfacet
  facet normal -0.0653555 -0.997862 -0
    outer loop
      vertex 148.702 -2.51454 2.2
      vertex 148.48 -2.5 0
      vertex 148.702 -2.51454 0
    endloop
  endfacet
  facet normal -0.320816 -0.947141 0
    outer loop
      vertex 148.92 -2.55793 0
      vertex 149.131 -2.6294 2.2
      vertex 148.92 -2.55793 2.2
    endloop
  endfacet
  facet normal -0.320816 -0.947141 -0
    outer loop
      vertex 149.131 -2.6294 2.2
      vertex 148.92 -2.55793 0
      vertex 149.131 -2.6294 0
    endloop
  endfacet
  facet normal -0.750997 0.660306 -2.60787e-18
    outer loop
      vertex 149.682 -5.40208 0
      vertex 149.829 -5.23489 2.2
      vertex 149.829 -5.23489 0
    endloop
  endfacet
  facet normal -0.750997 0.660306 -2.60787e-18
    outer loop
      vertex 149.829 -5.23489 2.2
      vertex 149.682 -5.40208 0
      vertex 149.682 -5.40208 2.2
    endloop
  endfacet
  facet normal 0.895717 0.444625 2.72772e-19
    outer loop
      vertex 147.008 -5.05 2.2
      vertex 146.909 -4.85056 0
      vertex 146.909 -4.85056 2.2
    endloop
  endfacet
  facet normal 0.895717 0.444625 2.72772e-19
    outer loop
      vertex 146.909 -4.85056 0
      vertex 147.008 -5.05 2.2
      vertex 147.008 -5.05 0
    endloop
  endfacet
  facet normal 0.750977 -0.660328 1.73047e-18
    outer loop
      vertex 147.131 -3.1651 2.2
      vertex 147.278 -2.99792 0
      vertex 147.278 -2.99792 2.2
    endloop
  endfacet
  facet normal 0.750977 -0.660328 1.73047e-18
    outer loop
      vertex 147.278 -2.99792 0
      vertex 147.131 -3.1651 2.2
      vertex 147.131 -3.1651 0
    endloop
  endfacet
  facet normal -0.981113 0.193434 3.40838e-19
    outer loop
      vertex 150.122 -4.63999 0
      vertex 150.165 -4.42189 2.2
      vertex 150.165 -4.42189 0
    endloop
  endfacet
  facet normal -0.981113 0.193434 3.40838e-19
    outer loop
      vertex 150.165 -4.42189 2.2
      vertex 150.122 -4.63999 0
      vertex 150.122 -4.63999 2.2
    endloop
  endfacet
  facet normal -0.659765 0.751472 0
    outer loop
      vertex 149.682 -5.40208 0
      vertex 149.515 -5.5487 2.2
      vertex 149.682 -5.40208 2.2
    endloop
  endfacet
  facet normal -0.659765 0.751472 0
    outer loop
      vertex 149.515 -5.5487 2.2
      vertex 149.682 -5.40208 0
      vertex 149.515 -5.5487 0
    endloop
  endfacet
  facet normal 0.320816 -0.947141 0
    outer loop
      vertex 147.829 -2.6294 0
      vertex 148.04 -2.55793 2.2
      vertex 147.829 -2.6294 2.2
    endloop
  endfacet
  facet normal 0.320816 -0.947141 0
    outer loop
      vertex 148.04 -2.55793 2.2
      vertex 147.829 -2.6294 0
      vertex 148.04 -2.55793 0
    endloop
  endfacet
  facet normal 0.947584 0.319506 -5.44748e-19
    outer loop
      vertex 146.909 -4.85056 2.2
      vertex 146.838 -4.63999 0
      vertex 146.838 -4.63999 2.2
    endloop
  endfacet
  facet normal 0.947584 0.319506 -5.44748e-19
    outer loop
      vertex 146.838 -4.63999 0
      vertex 146.909 -4.85056 2.2
      vertex 146.909 -4.85056 0
    endloop
  endfacet
  facet normal -0.555343 0.831621 0
    outer loop
      vertex 149.515 -5.5487 0
      vertex 149.33 -5.67224 2.2
      vertex 149.515 -5.5487 2.2
    endloop
  endfacet
  facet normal -0.555343 0.831621 0
    outer loop
      vertex 149.33 -5.67224 2.2
      vertex 149.515 -5.5487 0
      vertex 149.33 -5.67224 0
    endloop
  endfacet
  facet normal -0.320856 0.947128 0
    outer loop
      vertex 149.131 -5.77059 0
      vertex 148.92 -5.84207 2.2
      vertex 149.131 -5.77059 2.2
    endloop
  endfacet
  facet normal -0.320856 0.947128 0
    outer loop
      vertex 148.92 -5.84207 2.2
      vertex 149.131 -5.77059 0
      vertex 148.92 -5.84207 0
    endloop
  endfacet
  facet normal 0.750997 0.660306 -8.05715e-20
    outer loop
      vertex 147.278 -5.40208 2.2
      vertex 147.131 -5.23489 0
      vertex 147.131 -5.23489 2.2
    endloop
  endfacet
  facet normal 0.750997 0.660306 -8.05715e-20
    outer loop
      vertex 147.131 -5.23489 0
      vertex 147.278 -5.40208 2.2
      vertex 147.278 -5.40208 0
    endloop
  endfacet
  facet normal -0.4431 -0.896472 0
    outer loop
      vertex 149.131 -2.6294 0
      vertex 149.33 -2.72776 2.2
      vertex 149.131 -2.6294 2.2
    endloop
  endfacet
  facet normal -0.4431 -0.896472 -0
    outer loop
      vertex 149.33 -2.72776 2.2
      vertex 149.131 -2.6294 0
      vertex 149.33 -2.72776 0
    endloop
  endfacet
  facet normal 0.320856 0.947128 -0
    outer loop
      vertex 148.04 -5.84207 0
      vertex 147.829 -5.77059 2.2
      vertex 148.04 -5.84207 2.2
    endloop
  endfacet
  facet normal 0.320856 0.947128 0
    outer loop
      vertex 147.829 -5.77059 2.2
      vertex 148.04 -5.84207 0
      vertex 147.829 -5.77059 0
    endloop
  endfacet
  facet normal 0.895717 -0.444625 -2.72772e-19
    outer loop
      vertex 146.909 -3.54944 2.2
      vertex 147.008 -3.35 0
      vertex 147.008 -3.35 2.2
    endloop
  endfacet
  facet normal 0.895717 -0.444625 -2.72772e-19
    outer loop
      vertex 147.008 -3.35 0
      vertex 146.909 -3.54944 2.2
      vertex 146.909 -3.54944 0
    endloop
  endfacet
  facet normal 0.981113 0.193434 -1.58373e-18
    outer loop
      vertex 146.838 -4.63999 2.2
      vertex 146.795 -4.42189 0
      vertex 146.795 -4.42189 2.2
    endloop
  endfacet
  facet normal 0.981113 0.193434 -1.58373e-18
    outer loop
      vertex 146.795 -4.42189 0
      vertex 146.838 -4.63999 2.2
      vertex 146.838 -4.63999 0
    endloop
  endfacet
  facet normal 0.832604 -0.553869 -7.63171e-19
    outer loop
      vertex 147.008 -3.35 2.2
      vertex 147.131 -3.1651 0
      vertex 147.131 -3.1651 2.2
    endloop
  endfacet
  facet normal 0.832604 -0.553869 -7.63171e-19
    outer loop
      vertex 147.131 -3.1651 0
      vertex 147.008 -3.35 2.2
      vertex 147.008 -3.35 0
    endloop
  endfacet
  facet normal -0.443064 0.89649 0
    outer loop
      vertex 149.33 -5.67224 0
      vertex 149.131 -5.77059 2.2
      vertex 149.33 -5.67224 2.2
    endloop
  endfacet
  facet normal -0.443064 0.89649 0
    outer loop
      vertex 149.131 -5.77059 2.2
      vertex 149.33 -5.67224 0
      vertex 149.131 -5.77059 0
    endloop
  endfacet
  facet normal 0.659765 -0.751472 0
    outer loop
      vertex 147.278 -2.99792 0
      vertex 147.445 -2.8513 2.2
      vertex 147.278 -2.99792 2.2
    endloop
  endfacet
  facet normal 0.659765 -0.751472 0
    outer loop
      vertex 147.445 -2.8513 2.2
      vertex 147.278 -2.99792 0
      vertex 147.445 -2.8513 0
    endloop
  endfacet
  facet normal 0.4431 -0.896472 0
    outer loop
      vertex 147.63 -2.72776 0
      vertex 147.829 -2.6294 2.2
      vertex 147.63 -2.72776 2.2
    endloop
  endfacet
  facet normal 0.4431 -0.896472 0
    outer loop
      vertex 147.829 -2.6294 2.2
      vertex 147.63 -2.72776 0
      vertex 147.829 -2.6294 0
    endloop
  endfacet
  facet normal -0.895717 -0.444625 -1.05537e-18
    outer loop
      vertex 150.051 -3.54944 0
      vertex 149.952 -3.35 2.2
      vertex 149.952 -3.35 0
    endloop
  endfacet
  facet normal -0.895717 -0.444625 -1.05537e-18
    outer loop
      vertex 149.952 -3.35 2.2
      vertex 150.051 -3.54944 0
      vertex 150.051 -3.54944 2.2
    endloop
  endfacet
  facet normal -0.83259 0.553889 -5.64127e-20
    outer loop
      vertex 149.829 -5.23489 0
      vertex 149.952 -5.05 2.2
      vertex 149.952 -5.05 0
    endloop
  endfacet
  facet normal -0.83259 0.553889 -5.64127e-20
    outer loop
      vertex 149.952 -5.05 2.2
      vertex 149.829 -5.23489 0
      vertex 149.829 -5.23489 2.2
    endloop
  endfacet
  facet normal 0.947584 -0.319506 5.44748e-19
    outer loop
      vertex 146.838 -3.76001 2.2
      vertex 146.909 -3.54944 0
      vertex 146.909 -3.54944 2.2
    endloop
  endfacet
  facet normal 0.947584 -0.319506 5.44748e-19
    outer loop
      vertex 146.909 -3.54944 0
      vertex 146.838 -3.76001 2.2
      vertex 146.838 -3.76001 0
    endloop
  endfacet
  facet normal -0.947584 0.319506 4.69806e-19
    outer loop
      vertex 150.051 -4.85056 0
      vertex 150.122 -4.63999 2.2
      vertex 150.122 -4.63999 0
    endloop
  endfacet
  facet normal -0.947584 0.319506 4.69806e-19
    outer loop
      vertex 150.122 -4.63999 2.2
      vertex 150.051 -4.85056 0
      vertex 150.051 -4.85056 2.2
    endloop
  endfacet
  facet normal 0.0653555 -0.997862 0
    outer loop
      vertex 148.258 -2.51454 0
      vertex 148.48 -2.5 2.2
      vertex 148.258 -2.51454 2.2
    endloop
  endfacet
  facet normal 0.0653555 -0.997862 0
    outer loop
      vertex 148.48 -2.5 2.2
      vertex 148.258 -2.51454 0
      vertex 148.48 -2.5 0
    endloop
  endfacet
  facet normal 0.981112 -0.193442 1.14146e-18
    outer loop
      vertex 146.795 -3.9781 2.2
      vertex 146.838 -3.76001 0
      vertex 146.838 -3.76001 2.2
    endloop
  endfacet
  facet normal 0.981112 -0.193442 1.14146e-18
    outer loop
      vertex 146.838 -3.76001 0
      vertex 146.795 -3.9781 2.2
      vertex 146.795 -3.9781 0
    endloop
  endfacet
  facet normal 0.195208 0.980762 -0
    outer loop
      vertex 148.258 -5.88546 0
      vertex 148.04 -5.84207 2.2
      vertex 148.258 -5.88546 2.2
    endloop
  endfacet
  facet normal 0.195208 0.980762 0
    outer loop
      vertex 148.04 -5.84207 2.2
      vertex 148.258 -5.88546 0
      vertex 148.04 -5.84207 0
    endloop
  endfacet
  facet normal 0.997723 0.0674471 -1.27763e-19
    outer loop
      vertex 146.795 -4.42189 2.2
      vertex 146.78 -4.2 0
      vertex 146.78 -4.2 2.2
    endloop
  endfacet
  facet normal 0.997723 0.0674471 -1.27763e-19
    outer loop
      vertex 146.78 -4.2 0
      vertex 146.795 -4.42189 2.2
      vertex 146.795 -4.42189 0
    endloop
  endfacet
  facet normal 0.195208 -0.980762 0
    outer loop
      vertex 148.04 -2.55793 0
      vertex 148.258 -2.51454 2.2
      vertex 148.04 -2.55793 2.2
    endloop
  endfacet
  facet normal 0.195208 -0.980762 0
    outer loop
      vertex 148.258 -2.51454 2.2
      vertex 148.04 -2.55793 0
      vertex 148.258 -2.51454 0
    endloop
  endfacet
  facet normal -0.750977 -0.660328 1.53838e-18
    outer loop
      vertex 149.829 -3.1651 0
      vertex 149.682 -2.99792 2.2
      vertex 149.682 -2.99792 0
    endloop
  endfacet
  facet normal -0.750977 -0.660328 1.53838e-18
    outer loop
      vertex 149.682 -2.99792 2.2
      vertex 149.829 -3.1651 0
      vertex 149.829 -3.1651 2.2
    endloop
  endfacet
  facet normal -0.947584 -0.319506 -4.69806e-19
    outer loop
      vertex 150.122 -3.76001 0
      vertex 150.051 -3.54944 2.2
      vertex 150.051 -3.54944 0
    endloop
  endfacet
  facet normal -0.947584 -0.319506 -4.69806e-19
    outer loop
      vertex 150.051 -3.54944 2.2
      vertex 150.122 -3.76001 0
      vertex 150.122 -3.76001 2.2
    endloop
  endfacet
  facet normal 0.83259 0.553889 5.64127e-20
    outer loop
      vertex 147.131 -5.23489 2.2
      vertex 147.008 -5.05 0
      vertex 147.008 -5.05 2.2
    endloop
  endfacet
  facet normal 0.83259 0.553889 5.64127e-20
    outer loop
      vertex 147.008 -5.05 0
      vertex 147.131 -5.23489 2.2
      vertex 147.131 -5.23489 0
    endloop
  endfacet
  facet normal 0.0653555 0.997862 -0
    outer loop
      vertex 148.48 -5.9 0
      vertex 148.258 -5.88546 2.2
      vertex 148.48 -5.9 2.2
    endloop
  endfacet
  facet normal 0.0653555 0.997862 0
    outer loop
      vertex 148.258 -5.88546 2.2
      vertex 148.48 -5.9 0
      vertex 148.258 -5.88546 0
    endloop
  endfacet
  facet normal -0.0653555 0.997862 0
    outer loop
      vertex 148.702 -5.88546 0
      vertex 148.48 -5.9 2.2
      vertex 148.702 -5.88546 2.2
    endloop
  endfacet
  facet normal -0.0653555 0.997862 0
    outer loop
      vertex 148.48 -5.9 2.2
      vertex 148.702 -5.88546 0
      vertex 148.48 -5.9 0
    endloop
  endfacet
  facet normal 0.555343 0.831621 -0
    outer loop
      vertex 147.63 -5.67224 0
      vertex 147.445 -5.5487 2.2
      vertex 147.63 -5.67224 2.2
    endloop
  endfacet
  facet normal 0.555343 0.831621 0
    outer loop
      vertex 147.445 -5.5487 2.2
      vertex 147.63 -5.67224 0
      vertex 147.445 -5.5487 0
    endloop
  endfacet
  facet normal 0.659765 0.751472 -0
    outer loop
      vertex 147.445 -5.5487 0
      vertex 147.278 -5.40208 2.2
      vertex 147.445 -5.5487 2.2
    endloop
  endfacet
  facet normal 0.659765 0.751472 0
    outer loop
      vertex 147.278 -5.40208 2.2
      vertex 147.445 -5.5487 0
      vertex 147.278 -5.40208 0
    endloop
  endfacet
  facet normal -0.895717 0.444625 1.05537e-18
    outer loop
      vertex 149.952 -5.05 0
      vertex 150.051 -4.85056 2.2
      vertex 150.051 -4.85056 0
    endloop
  endfacet
  facet normal -0.895717 0.444625 1.05537e-18
    outer loop
      vertex 150.051 -4.85056 2.2
      vertex 149.952 -5.05 0
      vertex 149.952 -5.05 2.2
    endloop
  endfacet
  facet normal 0.443064 0.89649 -0
    outer loop
      vertex 147.829 -5.77059 0
      vertex 147.63 -5.67224 2.2
      vertex 147.829 -5.77059 2.2
    endloop
  endfacet
  facet normal 0.443064 0.89649 0
    outer loop
      vertex 147.63 -5.67224 2.2
      vertex 147.829 -5.77059 0
      vertex 147.63 -5.67224 0
    endloop
  endfacet
  facet normal 0.321484 0.946915 -0
    outer loop
      vertex 87.89 29.3979 0
      vertex 87.6794 29.4694 2.2
      vertex 87.89 29.3979 2.2
    endloop
  endfacet
  facet normal 0.321484 0.946915 0
    outer loop
      vertex 87.6794 29.4694 2.2
      vertex 87.89 29.3979 0
      vertex 87.6794 29.4694 0
    endloop
  endfacet
  facet normal -0.98077 -0.195165 5.482e-19
    outer loop
      vertex 90.0155 31.2619 0
      vertex 89.9721 31.48 2.2
      vertex 89.9721 31.48 0
    endloop
  endfacet
  facet normal -0.98077 -0.195165 5.482e-19
    outer loop
      vertex 89.9721 31.48 2.2
      vertex 90.0155 31.2619 0
      vertex 90.0155 31.2619 2.2
    endloop
  endfacet
  facet normal -0.997872 -0.0652057 2.09258e-19
    outer loop
      vertex 90.03 31.04 0
      vertex 90.0155 31.2619 2.2
      vertex 90.0155 31.2619 0
    endloop
  endfacet
  facet normal -0.997872 -0.0652057 2.09258e-19
    outer loop
      vertex 90.0155 31.2619 2.2
      vertex 90.03 31.04 0
      vertex 90.03 31.04 2.2
    endloop
  endfacet
  facet normal -0.946915 -0.321484 -1.60833e-18
    outer loop
      vertex 89.9721 31.48 0
      vertex 89.9006 31.6906 2.2
      vertex 89.9006 31.6906 0
    endloop
  endfacet
  facet normal -0.946915 -0.321484 -1.60833e-18
    outer loop
      vertex 89.9006 31.6906 2.2
      vertex 89.9721 31.48 0
      vertex 89.9721 31.48 2.2
    endloop
  endfacet
  facet normal -0.831566 -0.555426 -3.5136e-18
    outer loop
      vertex 89.8022 31.89 0
      vertex 89.6787 32.0749 2.2
      vertex 89.6787 32.0749 0
    endloop
  endfacet
  facet normal -0.831566 -0.555426 -3.5136e-18
    outer loop
      vertex 89.6787 32.0749 2.2
      vertex 89.8022 31.89 0
      vertex 89.8022 31.89 2.2
    endloop
  endfacet
  facet normal -0.896754 0.44253 2.99752e-18
    outer loop
      vertex 89.8022 30.19 0
      vertex 89.9006 30.3894 2.2
      vertex 89.9006 30.3894 0
    endloop
  endfacet
  facet normal -0.896754 0.44253 2.99752e-18
    outer loop
      vertex 89.9006 30.3894 2.2
      vertex 89.8022 30.19 0
      vertex 89.8022 30.19 2.2
    endloop
  endfacet
  facet normal -0.98077 0.195165 -5.482e-19
    outer loop
      vertex 89.9721 30.6 0
      vertex 90.0155 30.8181 2.2
      vertex 90.0155 30.8181 0
    endloop
  endfacet
  facet normal -0.98077 0.195165 -5.482e-19
    outer loop
      vertex 90.0155 30.8181 2.2
      vertex 89.9721 30.6 0
      vertex 89.9721 30.6 2.2
    endloop
  endfacet
  facet normal -0.0652057 0.997872 0
    outer loop
      vertex 88.5519 29.3545 0
      vertex 88.33 29.34 2.2
      vertex 88.5519 29.3545 2.2
    endloop
  endfacet
  facet normal -0.0652057 0.997872 0
    outer loop
      vertex 88.33 29.34 2.2
      vertex 88.5519 29.3545 0
      vertex 88.33 29.34 0
    endloop
  endfacet
  facet normal 0.555426 -0.831566 0
    outer loop
      vertex 87.2951 32.3887 0
      vertex 87.48 32.5122 2.2
      vertex 87.2951 32.3887 2.2
    endloop
  endfacet
  facet normal 0.555426 -0.831566 0
    outer loop
      vertex 87.48 32.5122 2.2
      vertex 87.2951 32.3887 0
      vertex 87.48 32.5122 0
    endloop
  endfacet
  facet normal 0.659268 0.751908 -0
    outer loop
      vertex 87.2951 29.6913 0
      vertex 87.1279 29.8379 2.2
      vertex 87.2951 29.6913 2.2
    endloop
  endfacet
  facet normal 0.659268 0.751908 0
    outer loop
      vertex 87.1279 29.8379 2.2
      vertex 87.2951 29.6913 0
      vertex 87.1279 29.8379 0
    endloop
  endfacet
  facet normal -0.555426 0.831566 0
    outer loop
      vertex 89.3649 29.6913 0
      vertex 89.18 29.5678 2.2
      vertex 89.3649 29.6913 2.2
    endloop
  endfacet
  facet normal -0.555426 0.831566 0
    outer loop
      vertex 89.18 29.5678 2.2
      vertex 89.3649 29.6913 0
      vertex 89.18 29.5678 0
    endloop
  endfacet
  facet normal -0.321484 -0.946915 0
    outer loop
      vertex 88.77 32.6821 0
      vertex 88.9806 32.6106 2.2
      vertex 88.77 32.6821 2.2
    endloop
  endfacet
  facet normal -0.321484 -0.946915 -0
    outer loop
      vertex 88.9806 32.6106 2.2
      vertex 88.77 32.6821 0
      vertex 88.9806 32.6106 0
    endloop
  endfacet
  facet normal -0.946915 0.321484 -4.0543e-19
    outer loop
      vertex 89.9006 30.3894 0
      vertex 89.9721 30.6 2.2
      vertex 89.9721 30.6 0
    endloop
  endfacet
  facet normal -0.946915 0.321484 -4.0543e-19
    outer loop
      vertex 89.9721 30.6 2.2
      vertex 89.9006 30.3894 0
      vertex 89.9006 30.3894 2.2
    endloop
  endfacet
  facet normal -0.321484 0.946915 0
    outer loop
      vertex 88.9806 29.4694 0
      vertex 88.77 29.3979 2.2
      vertex 88.9806 29.4694 2.2
    endloop
  endfacet
  facet normal -0.321484 0.946915 0
    outer loop
      vertex 88.77 29.3979 2.2
      vertex 88.9806 29.4694 0
      vertex 88.77 29.3979 0
    endloop
  endfacet
  facet normal -0.896754 -0.44253 -1.30672e-18
    outer loop
      vertex 89.9006 31.6906 0
      vertex 89.8022 31.89 2.2
      vertex 89.8022 31.89 0
    endloop
  endfacet
  facet normal -0.896754 -0.44253 -1.30672e-18
    outer loop
      vertex 89.8022 31.89 2.2
      vertex 89.9006 31.6906 0
      vertex 89.9006 31.6906 2.2
    endloop
  endfacet
  facet normal -0.831566 0.555426 -2.87965e-19
    outer loop
      vertex 89.6787 30.0051 0
      vertex 89.8022 30.19 2.2
      vertex 89.8022 30.19 0
    endloop
  endfacet
  facet normal -0.831566 0.555426 -2.87965e-19
    outer loop
      vertex 89.8022 30.19 2.2
      vertex 89.6787 30.0051 0
      vertex 89.6787 30.0051 2.2
    endloop
  endfacet
  facet normal 0.98077 0.195165 5.482e-19
    outer loop
      vertex 86.6879 30.6 2.2
      vertex 86.6445 30.8181 0
      vertex 86.6445 30.8181 2.2
    endloop
  endfacet
  facet normal 0.98077 0.195165 5.482e-19
    outer loop
      vertex 86.6445 30.8181 0
      vertex 86.6879 30.6 2.2
      vertex 86.6879 30.6 0
    endloop
  endfacet
  facet normal 0.98077 -0.195165 -5.482e-19
    outer loop
      vertex 86.6445 31.2619 2.2
      vertex 86.6879 31.48 0
      vertex 86.6879 31.48 2.2
    endloop
  endfacet
  facet normal 0.98077 -0.195165 -5.482e-19
    outer loop
      vertex 86.6879 31.48 0
      vertex 86.6445 31.2619 2.2
      vertex 86.6445 31.2619 0
    endloop
  endfacet
  facet normal 0.555426 0.831566 -0
    outer loop
      vertex 87.48 29.5678 0
      vertex 87.2951 29.6913 2.2
      vertex 87.48 29.5678 2.2
    endloop
  endfacet
  facet normal 0.555426 0.831566 0
    outer loop
      vertex 87.2951 29.6913 2.2
      vertex 87.48 29.5678 0
      vertex 87.2951 29.6913 0
    endloop
  endfacet
  facet normal 0.946915 0.321484 4.0543e-19
    outer loop
      vertex 86.7594 30.3894 2.2
      vertex 86.6879 30.6 0
      vertex 86.6879 30.6 2.2
    endloop
  endfacet
  facet normal 0.946915 0.321484 4.0543e-19
    outer loop
      vertex 86.6879 30.6 0
      vertex 86.7594 30.3894 2.2
      vertex 86.7594 30.3894 0
    endloop
  endfacet
  facet normal 0.44253 0.896754 -0
    outer loop
      vertex 87.6794 29.4694 0
      vertex 87.48 29.5678 2.2
      vertex 87.6794 29.4694 2.2
    endloop
  endfacet
  facet normal 0.44253 0.896754 0
    outer loop
      vertex 87.48 29.5678 2.2
      vertex 87.6794 29.4694 0
      vertex 87.48 29.5678 0
    endloop
  endfacet
  facet normal -0.44253 -0.896754 0
    outer loop
      vertex 88.9806 32.6106 0
      vertex 89.18 32.5122 2.2
      vertex 88.9806 32.6106 2.2
    endloop
  endfacet
  facet normal -0.44253 -0.896754 -0
    outer loop
      vertex 89.18 32.5122 2.2
      vertex 88.9806 32.6106 0
      vertex 89.18 32.5122 0
    endloop
  endfacet
  facet normal 0.195165 -0.98077 0
    outer loop
      vertex 87.89 32.6821 0
      vertex 88.1081 32.7255 2.2
      vertex 87.89 32.6821 2.2
    endloop
  endfacet
  facet normal 0.195165 -0.98077 0
    outer loop
      vertex 88.1081 32.7255 2.2
      vertex 87.89 32.6821 0
      vertex 88.1081 32.7255 0
    endloop
  endfacet
  facet normal 0.751908 0.659268 -3.00067e-18
    outer loop
      vertex 87.1279 29.8379 2.2
      vertex 86.9813 30.0051 0
      vertex 86.9813 30.0051 2.2
    endloop
  endfacet
  facet normal 0.751908 0.659268 -3.00067e-18
    outer loop
      vertex 86.9813 30.0051 0
      vertex 87.1279 29.8379 2.2
      vertex 87.1279 29.8379 0
    endloop
  endfacet
  facet normal 0.44253 -0.896754 0
    outer loop
      vertex 87.48 32.5122 0
      vertex 87.6794 32.6106 2.2
      vertex 87.48 32.5122 2.2
    endloop
  endfacet
  facet normal 0.44253 -0.896754 0
    outer loop
      vertex 87.6794 32.6106 2.2
      vertex 87.48 32.5122 0
      vertex 87.6794 32.6106 0
    endloop
  endfacet
  facet normal -0.195165 -0.98077 0
    outer loop
      vertex 88.5519 32.7255 0
      vertex 88.77 32.6821 2.2
      vertex 88.5519 32.7255 2.2
    endloop
  endfacet
  facet normal -0.195165 -0.98077 -0
    outer loop
      vertex 88.77 32.6821 2.2
      vertex 88.5519 32.7255 0
      vertex 88.77 32.6821 0
    endloop
  endfacet
  facet normal 0.0652057 -0.997872 0
    outer loop
      vertex 88.1081 32.7255 0
      vertex 88.33 32.74 2.2
      vertex 88.1081 32.7255 2.2
    endloop
  endfacet
  facet normal 0.0652057 -0.997872 0
    outer loop
      vertex 88.33 32.74 2.2
      vertex 88.1081 32.7255 0
      vertex 88.33 32.74 0
    endloop
  endfacet
  facet normal 0.997872 -0.0652057 -2.09258e-19
    outer loop
      vertex 86.63 31.04 2.2
      vertex 86.6445 31.2619 0
      vertex 86.6445 31.2619 2.2
    endloop
  endfacet
  facet normal 0.997872 -0.0652057 -2.09258e-19
    outer loop
      vertex 86.6445 31.2619 0
      vertex 86.63 31.04 2.2
      vertex 86.63 31.04 0
    endloop
  endfacet
  facet normal 0.659268 -0.751908 0
    outer loop
      vertex 87.1279 32.2421 0
      vertex 87.2951 32.3887 2.2
      vertex 87.1279 32.2421 2.2
    endloop
  endfacet
  facet normal 0.659268 -0.751908 0
    outer loop
      vertex 87.2951 32.3887 2.2
      vertex 87.1279 32.2421 0
      vertex 87.2951 32.3887 0
    endloop
  endfacet
  facet normal -0.997872 0.0652057 -1.77805e-20
    outer loop
      vertex 90.0155 30.8181 0
      vertex 90.03 31.04 2.2
      vertex 90.03 31.04 0
    endloop
  endfacet
  facet normal -0.997872 0.0652057 -1.77805e-20
    outer loop
      vertex 90.03 31.04 2.2
      vertex 90.0155 30.8181 0
      vertex 90.0155 30.8181 2.2
    endloop
  endfacet
  facet normal 0.0652057 0.997872 -0
    outer loop
      vertex 88.33 29.34 0
      vertex 88.1081 29.3545 2.2
      vertex 88.33 29.34 2.2
    endloop
  endfacet
  facet normal 0.0652057 0.997872 0
    outer loop
      vertex 88.1081 29.3545 2.2
      vertex 88.33 29.34 0
      vertex 88.1081 29.3545 0
    endloop
  endfacet
  facet normal -0.751908 0.659268 1.94539e-18
    outer loop
      vertex 89.5321 29.8379 0
      vertex 89.6787 30.0051 2.2
      vertex 89.6787 30.0051 0
    endloop
  endfacet
  facet normal -0.751908 0.659268 1.94539e-18
    outer loop
      vertex 89.6787 30.0051 2.2
      vertex 89.5321 29.8379 0
      vertex 89.5321 29.8379 2.2
    endloop
  endfacet
  facet normal 0.896754 -0.44253 1.30672e-18
    outer loop
      vertex 86.7594 31.6906 2.2
      vertex 86.8578 31.89 0
      vertex 86.8578 31.89 2.2
    endloop
  endfacet
  facet normal 0.896754 -0.44253 1.30672e-18
    outer loop
      vertex 86.8578 31.89 0
      vertex 86.7594 31.6906 2.2
      vertex 86.7594 31.6906 0
    endloop
  endfacet
  facet normal 0.896754 0.44253 -2.99752e-18
    outer loop
      vertex 86.8578 30.19 2.2
      vertex 86.7594 30.3894 0
      vertex 86.7594 30.3894 2.2
    endloop
  endfacet
  facet normal 0.896754 0.44253 -2.99752e-18
    outer loop
      vertex 86.7594 30.3894 0
      vertex 86.8578 30.19 2.2
      vertex 86.8578 30.19 0
    endloop
  endfacet
  facet normal 0.321484 -0.946915 0
    outer loop
      vertex 87.6794 32.6106 0
      vertex 87.89 32.6821 2.2
      vertex 87.6794 32.6106 2.2
    endloop
  endfacet
  facet normal 0.321484 -0.946915 0
    outer loop
      vertex 87.89 32.6821 2.2
      vertex 87.6794 32.6106 0
      vertex 87.89 32.6821 0
    endloop
  endfacet
  facet normal -0.195165 0.98077 0
    outer loop
      vertex 88.77 29.3979 0
      vertex 88.5519 29.3545 2.2
      vertex 88.77 29.3979 2.2
    endloop
  endfacet
  facet normal -0.195165 0.98077 0
    outer loop
      vertex 88.5519 29.3545 2.2
      vertex 88.77 29.3979 0
      vertex 88.5519 29.3545 0
    endloop
  endfacet
  facet normal -0.659268 -0.751908 0
    outer loop
      vertex 89.3649 32.3887 0
      vertex 89.5321 32.2421 2.2
      vertex 89.3649 32.3887 2.2
    endloop
  endfacet
  facet normal -0.659268 -0.751908 -0
    outer loop
      vertex 89.5321 32.2421 2.2
      vertex 89.3649 32.3887 0
      vertex 89.5321 32.2421 0
    endloop
  endfacet
  facet normal -0.555426 -0.831566 0
    outer loop
      vertex 89.18 32.5122 0
      vertex 89.3649 32.3887 2.2
      vertex 89.18 32.5122 2.2
    endloop
  endfacet
  facet normal -0.555426 -0.831566 -0
    outer loop
      vertex 89.3649 32.3887 2.2
      vertex 89.18 32.5122 0
      vertex 89.3649 32.3887 0
    endloop
  endfacet
  facet normal 0.997872 0.0652057 1.77805e-20
    outer loop
      vertex 86.6445 30.8181 2.2
      vertex 86.63 31.04 0
      vertex 86.63 31.04 2.2
    endloop
  endfacet
  facet normal 0.997872 0.0652057 1.77805e-20
    outer loop
      vertex 86.63 31.04 0
      vertex 86.6445 30.8181 2.2
      vertex 86.6445 30.8181 0
    endloop
  endfacet
  facet normal 0.751908 -0.659268 -3.2516e-18
    outer loop
      vertex 86.9813 32.0749 2.2
      vertex 87.1279 32.2421 0
      vertex 87.1279 32.2421 2.2
    endloop
  endfacet
  facet normal 0.751908 -0.659268 -3.2516e-18
    outer loop
      vertex 87.1279 32.2421 0
      vertex 86.9813 32.0749 2.2
      vertex 86.9813 32.0749 0
    endloop
  endfacet
  facet normal -0.0652057 -0.997872 0
    outer loop
      vertex 88.33 32.74 0
      vertex 88.5519 32.7255 2.2
      vertex 88.33 32.74 2.2
    endloop
  endfacet
  facet normal -0.0652057 -0.997872 -0
    outer loop
      vertex 88.5519 32.7255 2.2
      vertex 88.33 32.74 0
      vertex 88.5519 32.7255 0
    endloop
  endfacet
  facet normal -0.44253 0.896754 0
    outer loop
      vertex 89.18 29.5678 0
      vertex 88.9806 29.4694 2.2
      vertex 89.18 29.5678 2.2
    endloop
  endfacet
  facet normal -0.44253 0.896754 0
    outer loop
      vertex 88.9806 29.4694 2.2
      vertex 89.18 29.5678 0
      vertex 88.9806 29.4694 0
    endloop
  endfacet
  facet normal 0.195165 0.98077 -0
    outer loop
      vertex 88.1081 29.3545 0
      vertex 87.89 29.3979 2.2
      vertex 88.1081 29.3545 2.2
    endloop
  endfacet
  facet normal 0.195165 0.98077 0
    outer loop
      vertex 87.89 29.3979 2.2
      vertex 88.1081 29.3545 0
      vertex 87.89 29.3979 0
    endloop
  endfacet
  facet normal -0.751908 -0.659268 -2.78507e-18
    outer loop
      vertex 89.6787 32.0749 0
      vertex 89.5321 32.2421 2.2
      vertex 89.5321 32.2421 0
    endloop
  endfacet
  facet normal -0.751908 -0.659268 -2.78507e-18
    outer loop
      vertex 89.5321 32.2421 2.2
      vertex 89.6787 32.0749 0
      vertex 89.6787 32.0749 2.2
    endloop
  endfacet
  facet normal 0.946915 -0.321484 1.60833e-18
    outer loop
      vertex 86.6879 31.48 2.2
      vertex 86.7594 31.6906 0
      vertex 86.7594 31.6906 2.2
    endloop
  endfacet
  facet normal 0.946915 -0.321484 1.60833e-18
    outer loop
      vertex 86.7594 31.6906 0
      vertex 86.6879 31.48 2.2
      vertex 86.6879 31.48 0
    endloop
  endfacet
  facet normal -0.659268 0.751908 0
    outer loop
      vertex 89.5321 29.8379 0
      vertex 89.3649 29.6913 2.2
      vertex 89.5321 29.8379 2.2
    endloop
  endfacet
  facet normal -0.659268 0.751908 0
    outer loop
      vertex 89.3649 29.6913 2.2
      vertex 89.5321 29.8379 0
      vertex 89.3649 29.6913 0
    endloop
  endfacet
  facet normal 0.831566 0.555426 -2.19723e-18
    outer loop
      vertex 86.9813 30.0051 2.2
      vertex 86.8578 30.19 0
      vertex 86.8578 30.19 2.2
    endloop
  endfacet
  facet normal 0.831566 0.555426 -2.19723e-18
    outer loop
      vertex 86.8578 30.19 0
      vertex 86.9813 30.0051 2.2
      vertex 86.9813 30.0051 0
    endloop
  endfacet
  facet normal 0.831566 -0.555426 -1.09367e-18
    outer loop
      vertex 86.8578 31.89 2.2
      vertex 86.9813 32.0749 0
      vertex 86.9813 32.0749 2.2
    endloop
  endfacet
  facet normal 0.831566 -0.555426 -1.09367e-18
    outer loop
      vertex 86.9813 32.0749 0
      vertex 86.8578 31.89 2.2
      vertex 86.8578 31.89 0
    endloop
  endfacet
  facet normal -0.980779 -0.195122 1.15559e-18
    outer loop
      vertex 4.79546 25.4419 0
      vertex 4.75207 25.66 2.2
      vertex 4.75207 25.66 0
    endloop
  endfacet
  facet normal -0.980779 -0.195122 1.15559e-18
    outer loop
      vertex 4.75207 25.66 2.2
      vertex 4.79546 25.4419 0
      vertex 4.79546 25.4419 2.2
    endloop
  endfacet
  facet normal -0.99786 -0.0653848 -1.64904e-19
    outer loop
      vertex 4.81 25.22 0
      vertex 4.79546 25.4419 2.2
      vertex 4.79546 25.4419 0
    endloop
  endfacet
  facet normal -0.99786 -0.0653848 -1.64904e-19
    outer loop
      vertex 4.79546 25.4419 2.2
      vertex 4.81 25.22 0
      vertex 4.81 25.22 2.2
    endloop
  endfacet
  facet normal 0.0652086 0.997872 -0
    outer loop
      vertex 3.11 23.52 0
      vertex 2.88811 23.5345 2.2
      vertex 3.11 23.52 2.2
    endloop
  endfacet
  facet normal 0.0652086 0.997872 0
    outer loop
      vertex 2.88811 23.5345 2.2
      vertex 3.11 23.52 0
      vertex 2.88811 23.5345 0
    endloop
  endfacet
  facet normal -0.659291 -0.751888 0
    outer loop
      vertex 4.14489 26.5687 0
      vertex 4.31208 26.4221 2.2
      vertex 4.14489 26.5687 2.2
    endloop
  endfacet
  facet normal -0.659291 -0.751888 -0
    outer loop
      vertex 4.31208 26.4221 2.2
      vertex 4.14489 26.5687 0
      vertex 4.31208 26.4221 0
    endloop
  endfacet
  facet normal -0.442459 0.896789 0
    outer loop
      vertex 3.96 23.7478 0
      vertex 3.76056 23.6494 2.2
      vertex 3.96 23.7478 2.2
    endloop
  endfacet
  facet normal -0.442459 0.896789 0
    outer loop
      vertex 3.76056 23.6494 2.2
      vertex 3.96 23.7478 0
      vertex 3.76056 23.6494 0
    endloop
  endfacet
  facet normal -0.195165 0.98077 0
    outer loop
      vertex 3.54999 23.5779 0
      vertex 3.33189 23.5345 2.2
      vertex 3.54999 23.5779 2.2
    endloop
  endfacet
  facet normal -0.195165 0.98077 0
    outer loop
      vertex 3.33189 23.5345 2.2
      vertex 3.54999 23.5779 0
      vertex 3.33189 23.5345 0
    endloop
  endfacet
  facet normal -0.555447 -0.831552 0
    outer loop
      vertex 3.96 26.6922 0
      vertex 4.14489 26.5687 2.2
      vertex 3.96 26.6922 2.2
    endloop
  endfacet
  facet normal -0.555447 -0.831552 -0
    outer loop
      vertex 4.14489 26.5687 2.2
      vertex 3.96 26.6922 0
      vertex 4.14489 26.5687 0
    endloop
  endfacet
  facet normal 0.442459 0.896789 -0
    outer loop
      vertex 2.45944 23.6494 0
      vertex 2.26 23.7478 2.2
      vertex 2.45944 23.6494 2.2
    endloop
  endfacet
  facet normal 0.442459 0.896789 0
    outer loop
      vertex 2.26 23.7478 2.2
      vertex 2.45944 23.6494 0
      vertex 2.26 23.7478 0
    endloop
  endfacet
  facet normal -0.99786 0.0653848 6.59035e-20
    outer loop
      vertex 4.79546 24.9981 0
      vertex 4.81 25.22 2.2
      vertex 4.81 25.22 0
    endloop
  endfacet
  facet normal -0.99786 0.0653848 6.59035e-20
    outer loop
      vertex 4.81 25.22 2.2
      vertex 4.79546 24.9981 0
      vertex 4.79546 24.9981 2.2
    endloop
  endfacet
  facet normal 0.99786 -0.0653848 2.16513e-20
    outer loop
      vertex 1.41 25.22 2.2
      vertex 1.42454 25.4419 0
      vertex 1.42454 25.4419 2.2
    endloop
  endfacet
  facet normal 0.99786 -0.0653848 2.16513e-20
    outer loop
      vertex 1.42454 25.4419 0
      vertex 1.41 25.22 2.2
      vertex 1.41 25.22 0
    endloop
  endfacet
  facet normal -0.831483 -0.555551 1.06561e-18
    outer loop
      vertex 4.58224 26.07 0
      vertex 4.4587 26.2549 2.2
      vertex 4.4587 26.2549 0
    endloop
  endfacet
  facet normal -0.831483 -0.555551 1.06561e-18
    outer loop
      vertex 4.4587 26.2549 2.2
      vertex 4.58224 26.07 0
      vertex 4.58224 26.07 2.2
    endloop
  endfacet
  facet normal -0.896843 -0.442349 -2.82537e-18
    outer loop
      vertex 4.68059 25.8706 0
      vertex 4.58224 26.07 2.2
      vertex 4.58224 26.07 0
    endloop
  endfacet
  facet normal -0.896843 -0.442349 -2.82537e-18
    outer loop
      vertex 4.58224 26.07 2.2
      vertex 4.68059 25.8706 0
      vertex 4.68059 25.8706 2.2
    endloop
  endfacet
  facet normal 0.659313 -0.751869 0
    outer loop
      vertex 1.90792 26.4221 0
      vertex 2.0751 26.5687 2.2
      vertex 1.90792 26.4221 2.2
    endloop
  endfacet
  facet normal 0.659313 -0.751869 0
    outer loop
      vertex 2.0751 26.5687 2.2
      vertex 1.90792 26.4221 0
      vertex 2.0751 26.5687 0
    endloop
  endfacet
  facet normal 0.555426 -0.831566 0
    outer loop
      vertex 2.0751 26.5687 0
      vertex 2.26 26.6922 2.2
      vertex 2.0751 26.5687 2.2
    endloop
  endfacet
  facet normal 0.555426 -0.831566 0
    outer loop
      vertex 2.26 26.6922 2.2
      vertex 2.0751 26.5687 0
      vertex 2.26 26.6922 0
    endloop
  endfacet
  facet normal -0.659291 0.751888 0
    outer loop
      vertex 4.31208 24.0179 0
      vertex 4.14489 23.8713 2.2
      vertex 4.31208 24.0179 2.2
    endloop
  endfacet
  facet normal -0.659291 0.751888 0
    outer loop
      vertex 4.14489 23.8713 2.2
      vertex 4.31208 24.0179 0
      vertex 4.14489 23.8713 0
    endloop
  endfacet
  facet normal -0.321525 -0.946901 0
    outer loop
      vertex 3.54999 26.8621 0
      vertex 3.76056 26.7906 2.2
      vertex 3.54999 26.8621 2.2
    endloop
  endfacet
  facet normal -0.321525 -0.946901 -0
    outer loop
      vertex 3.76056 26.7906 2.2
      vertex 3.54999 26.8621 0
      vertex 3.76056 26.7906 0
    endloop
  endfacet
  facet normal -0.751863 0.659319 1.95951e-18
    outer loop
      vertex 4.31208 24.0179 0
      vertex 4.4587 24.1851 2.2
      vertex 4.4587 24.1851 0
    endloop
  endfacet
  facet normal -0.751863 0.659319 1.95951e-18
    outer loop
      vertex 4.4587 24.1851 2.2
      vertex 4.31208 24.0179 0
      vertex 4.31208 24.0179 2.2
    endloop
  endfacet
  facet normal -0.980779 0.195122 -1.15559e-18
    outer loop
      vertex 4.75207 24.78 0
      vertex 4.79546 24.9981 2.2
      vertex 4.79546 24.9981 0
    endloop
  endfacet
  facet normal -0.980779 0.195122 -1.15559e-18
    outer loop
      vertex 4.79546 24.9981 2.2
      vertex 4.75207 24.78 0
      vertex 4.75207 24.78 2.2
    endloop
  endfacet
  facet normal 0.896825 0.442386 2.27882e-18
    outer loop
      vertex 1.63776 24.37 2.2
      vertex 1.5394 24.5694 0
      vertex 1.5394 24.5694 2.2
    endloop
  endfacet
  facet normal 0.896825 0.442386 2.27882e-18
    outer loop
      vertex 1.5394 24.5694 0
      vertex 1.63776 24.37 2.2
      vertex 1.63776 24.37 0
    endloop
  endfacet
  facet normal 0.751863 -0.659319 9.64249e-20
    outer loop
      vertex 1.7613 26.2549 2.2
      vertex 1.90792 26.4221 0
      vertex 1.90792 26.4221 2.2
    endloop
  endfacet
  facet normal 0.751863 -0.659319 9.64249e-20
    outer loop
      vertex 1.90792 26.4221 0
      vertex 1.7613 26.2549 2.2
      vertex 1.7613 26.2549 0
    endloop
  endfacet
  facet normal -0.321525 0.946901 0
    outer loop
      vertex 3.76056 23.6494 0
      vertex 3.54999 23.5779 2.2
      vertex 3.76056 23.6494 2.2
    endloop
  endfacet
  facet normal -0.321525 0.946901 0
    outer loop
      vertex 3.54999 23.5779 2.2
      vertex 3.76056 23.6494 0
      vertex 3.54999 23.5779 0
    endloop
  endfacet
  facet normal 0.751863 0.659319 8.88447e-19
    outer loop
      vertex 1.90792 24.0179 2.2
      vertex 1.7613 24.1851 0
      vertex 1.7613 24.1851 2.2
    endloop
  endfacet
  facet normal 0.751863 0.659319 8.88447e-19
    outer loop
      vertex 1.7613 24.1851 0
      vertex 1.90792 24.0179 2.2
      vertex 1.90792 24.0179 0
    endloop
  endfacet
  facet normal 0.831483 0.555551 1.02476e-18
    outer loop
      vertex 1.7613 24.1851 2.2
      vertex 1.63776 24.37 0
      vertex 1.63776 24.37 2.2
    endloop
  endfacet
  facet normal 0.831483 0.555551 1.02476e-18
    outer loop
      vertex 1.63776 24.37 0
      vertex 1.7613 24.1851 2.2
      vertex 1.7613 24.1851 0
    endloop
  endfacet
  facet normal -0.442459 -0.896789 0
    outer loop
      vertex 3.76056 26.7906 0
      vertex 3.96 26.6922 2.2
      vertex 3.76056 26.7906 2.2
    endloop
  endfacet
  facet normal -0.442459 -0.896789 -0
    outer loop
      vertex 3.96 26.6922 2.2
      vertex 3.76056 26.7906 0
      vertex 3.96 26.6922 0
    endloop
  endfacet
  facet normal -0.195165 -0.98077 0
    outer loop
      vertex 3.33189 26.9055 0
      vertex 3.54999 26.8621 2.2
      vertex 3.33189 26.9055 2.2
    endloop
  endfacet
  facet normal -0.195165 -0.98077 -0
    outer loop
      vertex 3.54999 26.8621 2.2
      vertex 3.33189 26.9055 0
      vertex 3.54999 26.8621 0
    endloop
  endfacet
  facet normal -0.555447 0.831552 0
    outer loop
      vertex 4.14489 23.8713 0
      vertex 3.96 23.7478 2.2
      vertex 4.14489 23.8713 2.2
    endloop
  endfacet
  facet normal -0.555447 0.831552 0
    outer loop
      vertex 3.96 23.7478 2.2
      vertex 4.14489 23.8713 0
      vertex 3.96 23.7478 0
    endloop
  endfacet
  facet normal 0.195165 -0.98077 0
    outer loop
      vertex 2.67001 26.8621 0
      vertex 2.88811 26.9055 2.2
      vertex 2.67001 26.8621 2.2
    endloop
  endfacet
  facet normal 0.195165 -0.98077 0
    outer loop
      vertex 2.88811 26.9055 2.2
      vertex 2.67001 26.8621 0
      vertex 2.88811 26.9055 0
    endloop
  endfacet
  facet normal 0.831483 -0.555551 2.48594e-18
    outer loop
      vertex 1.63776 26.07 2.2
      vertex 1.7613 26.2549 0
      vertex 1.7613 26.2549 2.2
    endloop
  endfacet
  facet normal 0.831483 -0.555551 2.48594e-18
    outer loop
      vertex 1.7613 26.2549 0
      vertex 1.63776 26.07 2.2
      vertex 1.63776 26.07 0
    endloop
  endfacet
  facet normal 0.896825 -0.442386 -2.27882e-18
    outer loop
      vertex 1.5394 25.8706 2.2
      vertex 1.63776 26.07 0
      vertex 1.63776 26.07 2.2
    endloop
  endfacet
  facet normal 0.896825 -0.442386 -2.27882e-18
    outer loop
      vertex 1.63776 26.07 0
      vertex 1.5394 25.8706 2.2
      vertex 1.5394 25.8706 0
    endloop
  endfacet
  facet normal -0.831483 0.555551 2.51544e-18
    outer loop
      vertex 4.4587 24.1851 0
      vertex 4.58224 24.37 2.2
      vertex 4.58224 24.37 0
    endloop
  endfacet
  facet normal -0.831483 0.555551 2.51544e-18
    outer loop
      vertex 4.58224 24.37 2.2
      vertex 4.4587 24.1851 0
      vertex 4.4587 24.1851 2.2
    endloop
  endfacet
  facet normal -0.946943 0.321403 -1.65383e-18
    outer loop
      vertex 4.68059 24.5694 0
      vertex 4.75207 24.78 2.2
      vertex 4.75207 24.78 0
    endloop
  endfacet
  facet normal -0.946943 0.321403 -1.65383e-18
    outer loop
      vertex 4.75207 24.78 2.2
      vertex 4.68059 24.5694 0
      vertex 4.68059 24.5694 2.2
    endloop
  endfacet
  facet normal 0.946956 -0.321363 -1.51223e-18
    outer loop
      vertex 1.46793 25.66 2.2
      vertex 1.5394 25.8706 0
      vertex 1.5394 25.8706 2.2
    endloop
  endfacet
  facet normal 0.946956 -0.321363 -1.51223e-18
    outer loop
      vertex 1.5394 25.8706 0
      vertex 1.46793 25.66 2.2
      vertex 1.46793 25.66 0
    endloop
  endfacet
  facet normal 0.0652086 -0.997872 0
    outer loop
      vertex 2.88811 26.9055 0
      vertex 3.11 26.92 2.2
      vertex 2.88811 26.9055 2.2
    endloop
  endfacet
  facet normal 0.0652086 -0.997872 0
    outer loop
      vertex 3.11 26.92 2.2
      vertex 2.88811 26.9055 0
      vertex 3.11 26.92 0
    endloop
  endfacet
  facet normal 0.99786 0.0653848 7.73487e-20
    outer loop
      vertex 1.42454 24.9981 2.2
      vertex 1.41 25.22 0
      vertex 1.41 25.22 2.2
    endloop
  endfacet
  facet normal 0.99786 0.0653848 7.73487e-20
    outer loop
      vertex 1.41 25.22 0
      vertex 1.42454 24.9981 2.2
      vertex 1.42454 24.9981 0
    endloop
  endfacet
  facet normal 0.442459 -0.896789 0
    outer loop
      vertex 2.26 26.6922 0
      vertex 2.45944 26.7906 2.2
      vertex 2.26 26.6922 2.2
    endloop
  endfacet
  facet normal 0.442459 -0.896789 0
    outer loop
      vertex 2.45944 26.7906 2.2
      vertex 2.26 26.6922 0
      vertex 2.45944 26.7906 0
    endloop
  endfacet
  facet normal 0.659313 0.751869 -0
    outer loop
      vertex 2.0751 23.8713 0
      vertex 1.90792 24.0179 2.2
      vertex 2.0751 23.8713 2.2
    endloop
  endfacet
  facet normal 0.659313 0.751869 0
    outer loop
      vertex 1.90792 24.0179 2.2
      vertex 2.0751 23.8713 0
      vertex 1.90792 24.0179 0
    endloop
  endfacet
  facet normal -0.751863 -0.659319 -2.94438e-18
    outer loop
      vertex 4.4587 26.2549 0
      vertex 4.31208 26.4221 2.2
      vertex 4.31208 26.4221 0
    endloop
  endfacet
  facet normal -0.751863 -0.659319 -2.94438e-18
    outer loop
      vertex 4.31208 26.4221 2.2
      vertex 4.4587 26.2549 0
      vertex 4.4587 26.2549 2.2
    endloop
  endfacet
  facet normal -0.946943 -0.321403 1.65383e-18
    outer loop
      vertex 4.75207 25.66 0
      vertex 4.68059 25.8706 2.2
      vertex 4.68059 25.8706 0
    endloop
  endfacet
  facet normal -0.946943 -0.321403 1.65383e-18
    outer loop
      vertex 4.68059 25.8706 2.2
      vertex 4.75207 25.66 0
      vertex 4.75207 25.66 2.2
    endloop
  endfacet
  facet normal 0.321525 -0.946901 0
    outer loop
      vertex 2.45944 26.7906 0
      vertex 2.67001 26.8621 2.2
      vertex 2.45944 26.7906 2.2
    endloop
  endfacet
  facet normal 0.321525 -0.946901 0
    outer loop
      vertex 2.67001 26.8621 2.2
      vertex 2.45944 26.7906 0
      vertex 2.67001 26.8621 0
    endloop
  endfacet
  facet normal 0.980779 0.195122 5.65553e-19
    outer loop
      vertex 1.46793 24.78 2.2
      vertex 1.42454 24.9981 0
      vertex 1.42454 24.9981 2.2
    endloop
  endfacet
  facet normal 0.980779 0.195122 5.65553e-19
    outer loop
      vertex 1.42454 24.9981 0
      vertex 1.46793 24.78 2.2
      vertex 1.46793 24.78 0
    endloop
  endfacet
  facet normal 0.946956 0.321363 1.51223e-18
    outer loop
      vertex 1.5394 24.5694 2.2
      vertex 1.46793 24.78 0
      vertex 1.46793 24.78 2.2
    endloop
  endfacet
  facet normal 0.946956 0.321363 1.51223e-18
    outer loop
      vertex 1.46793 24.78 0
      vertex 1.5394 24.5694 2.2
      vertex 1.5394 24.5694 0
    endloop
  endfacet
  facet normal 0.195165 0.98077 -0
    outer loop
      vertex 2.88811 23.5345 0
      vertex 2.67001 23.5779 2.2
      vertex 2.88811 23.5345 2.2
    endloop
  endfacet
  facet normal 0.195165 0.98077 0
    outer loop
      vertex 2.67001 23.5779 2.2
      vertex 2.88811 23.5345 0
      vertex 2.67001 23.5779 0
    endloop
  endfacet
  facet normal -0.0652086 0.997872 0
    outer loop
      vertex 3.33189 23.5345 0
      vertex 3.11 23.52 2.2
      vertex 3.33189 23.5345 2.2
    endloop
  endfacet
  facet normal -0.0652086 0.997872 0
    outer loop
      vertex 3.11 23.52 2.2
      vertex 3.33189 23.5345 0
      vertex 3.11 23.52 0
    endloop
  endfacet
  facet normal 0.980779 -0.195122 -5.65553e-19
    outer loop
      vertex 1.42454 25.4419 2.2
      vertex 1.46793 25.66 0
      vertex 1.46793 25.66 2.2
    endloop
  endfacet
  facet normal 0.980779 -0.195122 -5.65553e-19
    outer loop
      vertex 1.46793 25.66 0
      vertex 1.42454 25.4419 2.2
      vertex 1.42454 25.4419 0
    endloop
  endfacet
  facet normal -0.0652086 -0.997872 0
    outer loop
      vertex 3.11 26.92 0
      vertex 3.33189 26.9055 2.2
      vertex 3.11 26.92 2.2
    endloop
  endfacet
  facet normal -0.0652086 -0.997872 -0
    outer loop
      vertex 3.33189 26.9055 2.2
      vertex 3.11 26.92 0
      vertex 3.33189 26.9055 0
    endloop
  endfacet
  facet normal 0.555426 0.831566 -0
    outer loop
      vertex 2.26 23.7478 0
      vertex 2.0751 23.8713 2.2
      vertex 2.26 23.7478 2.2
    endloop
  endfacet
  facet normal 0.555426 0.831566 0
    outer loop
      vertex 2.0751 23.8713 2.2
      vertex 2.26 23.7478 0
      vertex 2.0751 23.8713 0
    endloop
  endfacet
  facet normal 0.321525 0.946901 -0
    outer loop
      vertex 2.67001 23.5779 0
      vertex 2.45944 23.6494 2.2
      vertex 2.67001 23.5779 2.2
    endloop
  endfacet
  facet normal 0.321525 0.946901 0
    outer loop
      vertex 2.45944 23.6494 2.2
      vertex 2.67001 23.5779 0
      vertex 2.45944 23.6494 0
    endloop
  endfacet
  facet normal -0.896843 0.442349 2.82537e-18
    outer loop
      vertex 4.58224 24.37 0
      vertex 4.68059 24.5694 2.2
      vertex 4.68059 24.5694 0
    endloop
  endfacet
  facet normal -0.896843 0.442349 2.82537e-18
    outer loop
      vertex 4.68059 24.5694 2.2
      vertex 4.58224 24.37 0
      vertex 4.58224 24.37 2.2
    endloop
  endfacet
  facet normal 0.193519 -0.981097 0
    outer loop
      vertex 119.82 101.082 0
      vertex 120.038 101.125 2.2
      vertex 119.82 101.082 2.2
    endloop
  endfacet
  facet normal 0.193519 -0.981097 0
    outer loop
      vertex 120.038 101.125 2.2
      vertex 119.82 101.082 0
      vertex 120.038 101.125 0
    endloop
  endfacet
  facet normal -0.981113 -0.193434 1.26528e-18
    outer loop
      vertex 121.945 99.6619 0
      vertex 121.902 99.88 2.2
      vertex 121.902 99.88 0
    endloop
  endfacet
  facet normal -0.981113 -0.193434 1.26528e-18
    outer loop
      vertex 121.902 99.88 2.2
      vertex 121.945 99.6619 0
      vertex 121.945 99.6619 2.2
    endloop
  endfacet
  facet normal -0.997723 -0.0674441 -2.914e-19
    outer loop
      vertex 121.96 99.44 0
      vertex 121.945 99.6619 2.2
      vertex 121.945 99.6619 0
    endloop
  endfacet
  facet normal -0.997723 -0.0674441 -2.914e-19
    outer loop
      vertex 121.945 99.6619 2.2
      vertex 121.96 99.44 0
      vertex 121.96 99.44 2.2
    endloop
  endfacet
  facet normal -0.443245 0.8964 0
    outer loop
      vertex 121.11 97.9678 0
      vertex 120.911 97.8694 2.2
      vertex 121.11 97.9678 2.2
    endloop
  endfacet
  facet normal -0.443245 0.8964 0
    outer loop
      vertex 120.911 97.8694 2.2
      vertex 121.11 97.9678 0
      vertex 120.911 97.8694 0
    endloop
  endfacet
  facet normal -0.832742 -0.553661 -5.76979e-19
    outer loop
      vertex 121.732 100.29 0
      vertex 121.609 100.475 2.2
      vertex 121.609 100.475 0
    endloop
  endfacet
  facet normal -0.832742 -0.553661 -5.76979e-19
    outer loop
      vertex 121.609 100.475 2.2
      vertex 121.732 100.29 0
      vertex 121.732 100.29 2.2
    endloop
  endfacet
  facet normal 0.445413 -0.895325 0
    outer loop
      vertex 119.41 100.912 0
      vertex 119.609 101.011 2.2
      vertex 119.41 100.912 2.2
    endloop
  endfacet
  facet normal 0.445413 -0.895325 0
    outer loop
      vertex 119.609 101.011 2.2
      vertex 119.41 100.912 0
      vertex 119.609 101.011 0
    endloop
  endfacet
  facet normal -0.660729 -0.750624 0
    outer loop
      vertex 121.295 100.789 0
      vertex 121.462 100.642 2.2
      vertex 121.295 100.789 2.2
    endloop
  endfacet
  facet normal -0.660729 -0.750624 -0
    outer loop
      vertex 121.462 100.642 2.2
      vertex 121.295 100.789 0
      vertex 121.462 100.642 0
    endloop
  endfacet
  facet normal -0.0674139 -0.997725 0
    outer loop
      vertex 120.26 101.14 0
      vertex 120.482 101.125 2.2
      vertex 120.26 101.14 2.2
    endloop
  endfacet
  facet normal -0.0674139 -0.997725 -0
    outer loop
      vertex 120.482 101.125 2.2
      vertex 120.26 101.14 0
      vertex 120.482 101.125 0
    endloop
  endfacet
  facet normal 0.443245 0.8964 -0
    outer loop
      vertex 119.609 97.8694 0
      vertex 119.41 97.9678 2.2
      vertex 119.609 97.8694 2.2
    endloop
  endfacet
  facet normal 0.443245 0.8964 0
    outer loop
      vertex 119.41 97.9678 2.2
      vertex 119.609 97.8694 0
      vertex 119.41 97.9678 0
    endloop
  endfacet
  facet normal -0.947598 0.319466 9.86786e-19
    outer loop
      vertex 121.831 98.7894 0
      vertex 121.902 99 2.2
      vertex 121.902 99 0
    endloop
  endfacet
  facet normal -0.947598 0.319466 9.86786e-19
    outer loop
      vertex 121.902 99 2.2
      vertex 121.831 98.7894 0
      vertex 121.831 98.7894 2.2
    endloop
  endfacet
  facet normal -0.751016 0.660284 2.00089e-18
    outer loop
      vertex 121.462 98.2379 0
      vertex 121.609 98.4051 2.2
      vertex 121.609 98.4051 0
    endloop
  endfacet
  facet normal -0.751016 0.660284 2.00089e-18
    outer loop
      vertex 121.609 98.4051 2.2
      vertex 121.462 98.2379 0
      vertex 121.462 98.2379 2.2
    endloop
  endfacet
  facet normal 0.947598 0.319466 -9.86786e-19
    outer loop
      vertex 118.689 98.7894 2.2
      vertex 118.618 99 0
      vertex 118.618 99 2.2
    endloop
  endfacet
  facet normal 0.947598 0.319466 -9.86786e-19
    outer loop
      vertex 118.618 99 0
      vertex 118.689 98.7894 2.2
      vertex 118.689 98.7894 0
    endloop
  endfacet
  facet normal 0.895681 0.444696 1.95517e-18
    outer loop
      vertex 118.788 98.59 2.2
      vertex 118.689 98.7894 0
      vertex 118.689 98.7894 2.2
    endloop
  endfacet
  facet normal 0.895681 0.444696 1.95517e-18
    outer loop
      vertex 118.689 98.7894 0
      vertex 118.788 98.59 2.2
      vertex 118.788 98.59 0
    endloop
  endfacet
  facet normal -0.895325 -0.445413 2.7568e-18
    outer loop
      vertex 121.831 100.091 0
      vertex 121.732 100.29 2.2
      vertex 121.732 100.29 0
    endloop
  endfacet
  facet normal -0.895325 -0.445413 2.7568e-18
    outer loop
      vertex 121.732 100.29 2.2
      vertex 121.831 100.091 0
      vertex 121.831 100.091 2.2
    endloop
  endfacet
  facet normal 0.659714 0.751516 -0
    outer loop
      vertex 119.225 98.0913 0
      vertex 119.058 98.2379 2.2
      vertex 119.225 98.0913 2.2
    endloop
  endfacet
  facet normal 0.659714 0.751516 0
    outer loop
      vertex 119.058 98.2379 2.2
      vertex 119.225 98.0913 0
      vertex 119.058 98.2379 0
    endloop
  endfacet
  facet normal 0.320937 0.947101 -0
    outer loop
      vertex 119.82 97.7979 0
      vertex 119.609 97.8694 2.2
      vertex 119.82 97.7979 2.2
    endloop
  endfacet
  facet normal 0.320937 0.947101 0
    outer loop
      vertex 119.609 97.8694 2.2
      vertex 119.82 97.7979 0
      vertex 119.609 97.8694 0
    endloop
  endfacet
  facet normal -0.195251 0.980753 0
    outer loop
      vertex 120.7 97.7979 0
      vertex 120.482 97.7545 2.2
      vertex 120.7 97.7979 2.2
    endloop
  endfacet
  facet normal -0.195251 0.980753 0
    outer loop
      vertex 120.482 97.7545 2.2
      vertex 120.7 97.7979 0
      vertex 120.482 97.7545 0
    endloop
  endfacet
  facet normal -0.832604 0.553869 7.7626e-20
    outer loop
      vertex 121.609 98.4051 0
      vertex 121.732 98.59 2.2
      vertex 121.732 98.59 0
    endloop
  endfacet
  facet normal -0.832604 0.553869 7.7626e-20
    outer loop
      vertex 121.732 98.59 2.2
      vertex 121.609 98.4051 0
      vertex 121.609 98.4051 2.2
    endloop
  endfacet
  facet normal 0.832742 -0.553661 5.76979e-19
    outer loop
      vertex 118.788 100.29 2.2
      vertex 118.911 100.475 0
      vertex 118.911 100.475 2.2
    endloop
  endfacet
  facet normal 0.832742 -0.553661 5.76979e-19
    outer loop
      vertex 118.911 100.475 0
      vertex 118.788 100.29 2.2
      vertex 118.788 100.29 0
    endloop
  endfacet
  facet normal 0.660729 -0.750624 0
    outer loop
      vertex 119.058 100.642 0
      vertex 119.225 100.789 2.2
      vertex 119.058 100.642 2.2
    endloop
  endfacet
  facet normal 0.660729 -0.750624 0
    outer loop
      vertex 119.225 100.789 2.2
      vertex 119.058 100.642 0
      vertex 119.225 100.789 0
    endloop
  endfacet
  facet normal 0.981113 -0.193434 -1.26528e-18
    outer loop
      vertex 118.575 99.6619 2.2
      vertex 118.618 99.88 0
      vertex 118.618 99.88 2.2
    endloop
  endfacet
  facet normal 0.981113 -0.193434 -1.26528e-18
    outer loop
      vertex 118.618 99.88 0
      vertex 118.575 99.6619 2.2
      vertex 118.575 99.6619 0
    endloop
  endfacet
  facet normal -0.320937 0.947101 0
    outer loop
      vertex 120.911 97.8694 0
      vertex 120.7 97.7979 2.2
      vertex 120.911 97.8694 2.2
    endloop
  endfacet
  facet normal -0.320937 0.947101 0
    outer loop
      vertex 120.7 97.7979 2.2
      vertex 120.911 97.8694 0
      vertex 120.7 97.7979 0
    endloop
  endfacet
  facet normal 0.997723 -0.0674441 2.914e-19
    outer loop
      vertex 118.56 99.44 2.2
      vertex 118.575 99.6619 0
      vertex 118.575 99.6619 2.2
    endloop
  endfacet
  facet normal 0.997723 -0.0674441 2.914e-19
    outer loop
      vertex 118.575 99.6619 0
      vertex 118.56 99.44 2.2
      vertex 118.56 99.44 0
    endloop
  endfacet
  facet normal 0.751016 0.660284 -9.4686e-19
    outer loop
      vertex 119.058 98.2379 2.2
      vertex 118.911 98.4051 0
      vertex 118.911 98.4051 2.2
    endloop
  endfacet
  facet normal 0.751016 0.660284 -9.4686e-19
    outer loop
      vertex 118.911 98.4051 0
      vertex 119.058 98.2379 2.2
      vertex 119.058 98.2379 0
    endloop
  endfacet
  facet normal 0.318922 -0.947781 0
    outer loop
      vertex 119.609 101.011 0
      vertex 119.82 101.082 2.2
      vertex 119.609 101.011 2.2
    endloop
  endfacet
  facet normal 0.318922 -0.947781 0
    outer loop
      vertex 119.82 101.082 2.2
      vertex 119.609 101.011 0
      vertex 119.82 101.082 0
    endloop
  endfacet
  facet normal -0.981113 0.193434 -3.57228e-19
    outer loop
      vertex 121.902 99 0
      vertex 121.945 99.2181 2.2
      vertex 121.945 99.2181 0
    endloop
  endfacet
  facet normal -0.981113 0.193434 -3.57228e-19
    outer loop
      vertex 121.945 99.2181 2.2
      vertex 121.902 99 0
      vertex 121.902 99 2.2
    endloop
  endfacet
  facet normal -0.659714 0.751516 0
    outer loop
      vertex 121.462 98.2379 0
      vertex 121.295 98.0913 2.2
      vertex 121.462 98.2379 2.2
    endloop
  endfacet
  facet normal -0.659714 0.751516 0
    outer loop
      vertex 121.295 98.0913 2.2
      vertex 121.462 98.2379 0
      vertex 121.295 98.0913 0
    endloop
  endfacet
  facet normal 0.553661 -0.832742 0
    outer loop
      vertex 119.225 100.789 0
      vertex 119.41 100.912 2.2
      vertex 119.225 100.789 2.2
    endloop
  endfacet
  facet normal 0.553661 -0.832742 0
    outer loop
      vertex 119.41 100.912 2.2
      vertex 119.225 100.789 0
      vertex 119.41 100.912 0
    endloop
  endfacet
  facet normal -0.0651764 0.997874 0
    outer loop
      vertex 120.482 97.7545 0
      vertex 120.26 97.74 2.2
      vertex 120.482 97.7545 2.2
    endloop
  endfacet
  facet normal -0.0651764 0.997874 0
    outer loop
      vertex 120.26 97.74 2.2
      vertex 120.482 97.7545 0
      vertex 120.26 97.74 0
    endloop
  endfacet
  facet normal -0.553661 -0.832742 0
    outer loop
      vertex 121.11 100.912 0
      vertex 121.295 100.789 2.2
      vertex 121.11 100.912 2.2
    endloop
  endfacet
  facet normal -0.553661 -0.832742 -0
    outer loop
      vertex 121.295 100.789 2.2
      vertex 121.11 100.912 0
      vertex 121.295 100.789 0
    endloop
  endfacet
  facet normal -0.555219 0.831704 0
    outer loop
      vertex 121.295 98.0913 0
      vertex 121.11 97.9678 2.2
      vertex 121.295 98.0913 2.2
    endloop
  endfacet
  facet normal -0.555219 0.831704 0
    outer loop
      vertex 121.11 97.9678 2.2
      vertex 121.295 98.0913 0
      vertex 121.11 97.9678 0
    endloop
  endfacet
  facet normal 0.555219 0.831704 -0
    outer loop
      vertex 119.41 97.9678 0
      vertex 119.225 98.0913 2.2
      vertex 119.41 97.9678 2.2
    endloop
  endfacet
  facet normal 0.555219 0.831704 0
    outer loop
      vertex 119.225 98.0913 2.2
      vertex 119.41 97.9678 0
      vertex 119.225 98.0913 0
    endloop
  endfacet
  facet normal 0.947781 -0.318922 -4.31145e-19
    outer loop
      vertex 118.618 99.88 2.2
      vertex 118.689 100.091 0
      vertex 118.689 100.091 2.2
    endloop
  endfacet
  facet normal 0.947781 -0.318922 -4.31145e-19
    outer loop
      vertex 118.689 100.091 0
      vertex 118.618 99.88 2.2
      vertex 118.618 99.88 0
    endloop
  endfacet
  facet normal -0.445413 -0.895325 0
    outer loop
      vertex 120.911 101.011 0
      vertex 121.11 100.912 2.2
      vertex 120.911 101.011 2.2
    endloop
  endfacet
  facet normal -0.445413 -0.895325 -0
    outer loop
      vertex 121.11 100.912 2.2
      vertex 120.911 101.011 0
      vertex 121.11 100.912 0
    endloop
  endfacet
  facet normal 0.981113 0.193434 3.57228e-19
    outer loop
      vertex 118.618 99 2.2
      vertex 118.575 99.2181 0
      vertex 118.575 99.2181 2.2
    endloop
  endfacet
  facet normal 0.981113 0.193434 3.57228e-19
    outer loop
      vertex 118.575 99.2181 0
      vertex 118.618 99 2.2
      vertex 118.618 99 0
    endloop
  endfacet
  facet normal -0.997723 0.0674441 -1.69497e-19
    outer loop
      vertex 121.945 99.2181 0
      vertex 121.96 99.44 2.2
      vertex 121.96 99.44 0
    endloop
  endfacet
  facet normal -0.997723 0.0674441 -1.69497e-19
    outer loop
      vertex 121.96 99.44 2.2
      vertex 121.945 99.2181 0
      vertex 121.945 99.2181 2.2
    endloop
  endfacet
  facet normal -0.318922 -0.947781 0
    outer loop
      vertex 120.7 101.082 0
      vertex 120.911 101.011 2.2
      vertex 120.7 101.082 2.2
    endloop
  endfacet
  facet normal -0.318922 -0.947781 -0
    outer loop
      vertex 120.911 101.011 2.2
      vertex 120.7 101.082 0
      vertex 120.911 101.011 0
    endloop
  endfacet
  facet normal 0.895325 -0.445413 -2.7568e-18
    outer loop
      vertex 118.689 100.091 2.2
      vertex 118.788 100.29 0
      vertex 118.788 100.29 2.2
    endloop
  endfacet
  facet normal 0.895325 -0.445413 -2.7568e-18
    outer loop
      vertex 118.788 100.29 0
      vertex 118.689 100.091 2.2
      vertex 118.689 100.091 0
    endloop
  endfacet
  facet normal -0.895681 0.444696 -1.95517e-18
    outer loop
      vertex 121.732 98.59 0
      vertex 121.831 98.7894 2.2
      vertex 121.831 98.7894 0
    endloop
  endfacet
  facet normal -0.895681 0.444696 -1.95517e-18
    outer loop
      vertex 121.831 98.7894 2.2
      vertex 121.732 98.59 0
      vertex 121.732 98.59 2.2
    endloop
  endfacet
  facet normal -0.193519 -0.981097 0
    outer loop
      vertex 120.482 101.125 0
      vertex 120.7 101.082 2.2
      vertex 120.482 101.125 2.2
    endloop
  endfacet
  facet normal -0.193519 -0.981097 -0
    outer loop
      vertex 120.7 101.082 2.2
      vertex 120.482 101.125 0
      vertex 120.7 101.082 0
    endloop
  endfacet
  facet normal 0.997723 0.0674441 1.69497e-19
    outer loop
      vertex 118.575 99.2181 2.2
      vertex 118.56 99.44 0
      vertex 118.56 99.44 2.2
    endloop
  endfacet
  facet normal 0.997723 0.0674441 1.69497e-19
    outer loop
      vertex 118.56 99.44 0
      vertex 118.575 99.2181 2.2
      vertex 118.575 99.2181 0
    endloop
  endfacet
  facet normal -0.750624 -0.660729 -1.05293e-18
    outer loop
      vertex 121.609 100.475 0
      vertex 121.462 100.642 2.2
      vertex 121.462 100.642 0
    endloop
  endfacet
  facet normal -0.750624 -0.660729 -1.05293e-18
    outer loop
      vertex 121.462 100.642 2.2
      vertex 121.609 100.475 0
      vertex 121.609 100.475 2.2
    endloop
  endfacet
  facet normal -0.947781 -0.318922 4.31145e-19
    outer loop
      vertex 121.902 99.88 0
      vertex 121.831 100.091 2.2
      vertex 121.831 100.091 0
    endloop
  endfacet
  facet normal -0.947781 -0.318922 4.31145e-19
    outer loop
      vertex 121.831 100.091 2.2
      vertex 121.902 99.88 0
      vertex 121.902 99.88 2.2
    endloop
  endfacet
  facet normal 0.0651764 0.997874 -0
    outer loop
      vertex 120.26 97.74 0
      vertex 120.038 97.7545 2.2
      vertex 120.26 97.74 2.2
    endloop
  endfacet
  facet normal 0.0651764 0.997874 0
    outer loop
      vertex 120.038 97.7545 2.2
      vertex 120.26 97.74 0
      vertex 120.038 97.7545 0
    endloop
  endfacet
  facet normal 0.0674139 -0.997725 0
    outer loop
      vertex 120.038 101.125 0
      vertex 120.26 101.14 2.2
      vertex 120.038 101.125 2.2
    endloop
  endfacet
  facet normal 0.0674139 -0.997725 0
    outer loop
      vertex 120.26 101.14 2.2
      vertex 120.038 101.125 0
      vertex 120.26 101.14 0
    endloop
  endfacet
  facet normal 0.832604 0.553869 -7.7626e-20
    outer loop
      vertex 118.911 98.4051 2.2
      vertex 118.788 98.59 0
      vertex 118.788 98.59 2.2
    endloop
  endfacet
  facet normal 0.832604 0.553869 -7.7626e-20
    outer loop
      vertex 118.788 98.59 0
      vertex 118.911 98.4051 2.2
      vertex 118.911 98.4051 0
    endloop
  endfacet
  facet normal 0.195251 0.980753 -0
    outer loop
      vertex 120.038 97.7545 0
      vertex 119.82 97.7979 2.2
      vertex 120.038 97.7545 2.2
    endloop
  endfacet
  facet normal 0.195251 0.980753 0
    outer loop
      vertex 119.82 97.7979 2.2
      vertex 120.038 97.7545 0
      vertex 119.82 97.7979 0
    endloop
  endfacet
  facet normal 0.750624 -0.660729 1.27975e-18
    outer loop
      vertex 118.911 100.475 2.2
      vertex 119.058 100.642 0
      vertex 119.058 100.642 2.2
    endloop
  endfacet
  facet normal 0.750624 -0.660729 1.27975e-18
    outer loop
      vertex 119.058 100.642 0
      vertex 118.911 100.475 2.2
      vertex 118.911 100.475 0
    endloop
  endfacet
  facet normal -0.980779 -0.195122 -9.98035e-19
    outer loop
      vertex -2.51454 85.2219 0
      vertex -2.55793 85.44 2.2
      vertex -2.55793 85.44 0
    endloop
  endfacet
  facet normal -0.980779 -0.195122 -9.98035e-19
    outer loop
      vertex -2.55793 85.44 2.2
      vertex -2.51454 85.2219 0
      vertex -2.51454 85.2219 2.2
    endloop
  endfacet
  facet normal -0.99786 -0.0653848 2.22587e-19
    outer loop
      vertex -2.5 85 0
      vertex -2.51454 85.2219 2.2
      vertex -2.51454 85.2219 0
    endloop
  endfacet
  facet normal -0.99786 -0.0653848 2.22587e-19
    outer loop
      vertex -2.51454 85.2219 2.2
      vertex -2.5 85 0
      vertex -2.5 85 2.2
    endloop
  endfacet
  facet normal 0.99786 -0.0653848 -2.22587e-19
    outer loop
      vertex -5.9 85 2.2
      vertex -5.88546 85.2219 0
      vertex -5.88546 85.2219 2.2
    endloop
  endfacet
  facet normal 0.99786 -0.0653848 -2.22587e-19
    outer loop
      vertex -5.88546 85.2219 0
      vertex -5.9 85 2.2
      vertex -5.9 85 0
    endloop
  endfacet
  facet normal -0.896825 -0.442386 2.97361e-19
    outer loop
      vertex -2.6294 85.6506 0
      vertex -2.72776 85.85 2.2
      vertex -2.72776 85.85 0
    endloop
  endfacet
  facet normal -0.896825 -0.442386 2.97361e-19
    outer loop
      vertex -2.72776 85.85 2.2
      vertex -2.6294 85.6506 0
      vertex -2.6294 85.6506 2.2
    endloop
  endfacet
  facet normal -0.751863 0.659319 2.06617e-18
    outer loop
      vertex -2.99792 83.7979 0
      vertex -2.8513 83.9651 2.2
      vertex -2.8513 83.9651 0
    endloop
  endfacet
  facet normal -0.751863 0.659319 2.06617e-18
    outer loop
      vertex -2.8513 83.9651 2.2
      vertex -2.99792 83.7979 0
      vertex -2.99792 83.7979 2.2
    endloop
  endfacet
  facet normal -0.555426 -0.831566 0
    outer loop
      vertex -3.35 86.4722 0
      vertex -3.1651 86.3487 2.2
      vertex -3.35 86.4722 2.2
    endloop
  endfacet
  facet normal -0.555426 -0.831566 -0
    outer loop
      vertex -3.1651 86.3487 2.2
      vertex -3.35 86.4722 0
      vertex -3.1651 86.3487 0
    endloop
  endfacet
  facet normal -0.0652057 0.997872 0
    outer loop
      vertex -3.9781 83.3145 0
      vertex -4.2 83.3 2.2
      vertex -3.9781 83.3145 2.2
    endloop
  endfacet
  facet normal -0.0652057 0.997872 0
    outer loop
      vertex -4.2 83.3 2.2
      vertex -3.9781 83.3145 0
      vertex -4.2 83.3 0
    endloop
  endfacet
  facet normal -0.831483 0.555551 1.30587e-18
    outer loop
      vertex -2.8513 83.9651 0
      vertex -2.72776 84.15 2.2
      vertex -2.72776 84.15 0
    endloop
  endfacet
  facet normal -0.831483 0.555551 1.30587e-18
    outer loop
      vertex -2.72776 84.15 2.2
      vertex -2.8513 83.9651 0
      vertex -2.8513 83.9651 2.2
    endloop
  endfacet
  facet normal -0.442459 0.896789 0
    outer loop
      vertex -3.35 83.5278 0
      vertex -3.54944 83.4294 2.2
      vertex -3.35 83.5278 2.2
    endloop
  endfacet
  facet normal -0.442459 0.896789 0
    outer loop
      vertex -3.54944 83.4294 2.2
      vertex -3.35 83.5278 0
      vertex -3.54944 83.4294 0
    endloop
  endfacet
  facet normal -0.99786 0.0653848 -2.22587e-19
    outer loop
      vertex -2.51454 84.7781 0
      vertex -2.5 85 2.2
      vertex -2.5 85 0
    endloop
  endfacet
  facet normal -0.99786 0.0653848 -2.22587e-19
    outer loop
      vertex -2.5 85 2.2
      vertex -2.51454 84.7781 0
      vertex -2.51454 84.7781 2.2
    endloop
  endfacet
  facet normal 0.0652086 -0.997872 0
    outer loop
      vertex -4.42189 86.6855 0
      vertex -4.2 86.7 2.2
      vertex -4.42189 86.6855 2.2
    endloop
  endfacet
  facet normal 0.0652086 -0.997872 0
    outer loop
      vertex -4.2 86.7 2.2
      vertex -4.42189 86.6855 0
      vertex -4.2 86.7 0
    endloop
  endfacet
  facet normal -0.0652057 -0.997872 0
    outer loop
      vertex -4.2 86.7 0
      vertex -3.9781 86.6855 2.2
      vertex -4.2 86.7 2.2
    endloop
  endfacet
  facet normal -0.0652057 -0.997872 -0
    outer loop
      vertex -3.9781 86.6855 2.2
      vertex -4.2 86.7 0
      vertex -3.9781 86.6855 0
    endloop
  endfacet
  facet normal -0.321525 -0.946901 0
    outer loop
      vertex -3.76001 86.6421 0
      vertex -3.54944 86.5706 2.2
      vertex -3.76001 86.6421 2.2
    endloop
  endfacet
  facet normal -0.321525 -0.946901 -0
    outer loop
      vertex -3.54944 86.5706 2.2
      vertex -3.76001 86.6421 0
      vertex -3.54944 86.5706 0
    endloop
  endfacet
  facet normal 0.0652086 0.997872 -0
    outer loop
      vertex -4.2 83.3 0
      vertex -4.42189 83.3145 2.2
      vertex -4.2 83.3 2.2
    endloop
  endfacet
  facet normal 0.0652086 0.997872 0
    outer loop
      vertex -4.42189 83.3145 2.2
      vertex -4.2 83.3 0
      vertex -4.42189 83.3145 0
    endloop
  endfacet
  facet normal 0.831483 -0.555551 1.30587e-18
    outer loop
      vertex -5.67224 85.85 2.2
      vertex -5.5487 86.0349 0
      vertex -5.5487 86.0349 2.2
    endloop
  endfacet
  facet normal 0.831483 -0.555551 1.30587e-18
    outer loop
      vertex -5.5487 86.0349 0
      vertex -5.67224 85.85 2.2
      vertex -5.67224 85.85 0
    endloop
  endfacet
  facet normal -0.555426 0.831566 0
    outer loop
      vertex -3.1651 83.6513 0
      vertex -3.35 83.5278 2.2
      vertex -3.1651 83.6513 2.2
    endloop
  endfacet
  facet normal -0.555426 0.831566 0
    outer loop
      vertex -3.35 83.5278 2.2
      vertex -3.1651 83.6513 0
      vertex -3.35 83.5278 0
    endloop
  endfacet
  facet normal 0.555447 -0.831552 0
    outer loop
      vertex -5.23489 86.3487 0
      vertex -5.05 86.4722 2.2
      vertex -5.23489 86.3487 2.2
    endloop
  endfacet
  facet normal 0.555447 -0.831552 0
    outer loop
      vertex -5.05 86.4722 2.2
      vertex -5.23489 86.3487 0
      vertex -5.05 86.4722 0
    endloop
  endfacet
  facet normal 0.321525 -0.946901 0
    outer loop
      vertex -4.85056 86.5706 0
      vertex -4.63999 86.6421 2.2
      vertex -4.85056 86.5706 2.2
    endloop
  endfacet
  facet normal 0.321525 -0.946901 0
    outer loop
      vertex -4.63999 86.6421 2.2
      vertex -4.85056 86.5706 0
      vertex -4.63999 86.6421 0
    endloop
  endfacet
  facet normal -0.831483 -0.555551 -1.30587e-18
    outer loop
      vertex -2.72776 85.85 0
      vertex -2.8513 86.0349 2.2
      vertex -2.8513 86.0349 0
    endloop
  endfacet
  facet normal -0.831483 -0.555551 -1.30587e-18
    outer loop
      vertex -2.8513 86.0349 2.2
      vertex -2.72776 85.85 0
      vertex -2.72776 85.85 2.2
    endloop
  endfacet
  facet normal 0.751863 0.659319 2.1774e-18
    outer loop
      vertex -5.40208 83.7979 2.2
      vertex -5.5487 83.9651 0
      vertex -5.5487 83.9651 2.2
    endloop
  endfacet
  facet normal 0.751863 0.659319 2.1774e-18
    outer loop
      vertex -5.5487 83.9651 0
      vertex -5.40208 83.7979 2.2
      vertex -5.40208 83.7979 0
    endloop
  endfacet
  facet normal 0.99786 0.0653848 2.22587e-19
    outer loop
      vertex -5.88546 84.7781 2.2
      vertex -5.9 85 0
      vertex -5.9 85 2.2
    endloop
  endfacet
  facet normal 0.99786 0.0653848 2.22587e-19
    outer loop
      vertex -5.9 85 0
      vertex -5.88546 84.7781 2.2
      vertex -5.88546 84.7781 0
    endloop
  endfacet
  facet normal -0.946956 0.321363 -1.51223e-18
    outer loop
      vertex -2.6294 84.3494 0
      vertex -2.55793 84.56 2.2
      vertex -2.55793 84.56 0
    endloop
  endfacet
  facet normal -0.946956 0.321363 -1.51223e-18
    outer loop
      vertex -2.55793 84.56 2.2
      vertex -2.6294 84.3494 0
      vertex -2.6294 84.3494 2.2
    endloop
  endfacet
  facet normal -0.195173 0.980769 0
    outer loop
      vertex -3.76001 83.3579 0
      vertex -3.9781 83.3145 2.2
      vertex -3.76001 83.3579 2.2
    endloop
  endfacet
  facet normal -0.195173 0.980769 0
    outer loop
      vertex -3.9781 83.3145 2.2
      vertex -3.76001 83.3579 0
      vertex -3.9781 83.3145 0
    endloop
  endfacet
  facet normal 0.442459 0.896789 -0
    outer loop
      vertex -4.85056 83.4294 0
      vertex -5.05 83.5278 2.2
      vertex -4.85056 83.4294 2.2
    endloop
  endfacet
  facet normal 0.442459 0.896789 0
    outer loop
      vertex -5.05 83.5278 2.2
      vertex -4.85056 83.4294 0
      vertex -5.05 83.5278 0
    endloop
  endfacet
  facet normal -0.321525 0.946901 0
    outer loop
      vertex -3.54944 83.4294 0
      vertex -3.76001 83.3579 2.2
      vertex -3.54944 83.4294 2.2
    endloop
  endfacet
  facet normal -0.321525 0.946901 0
    outer loop
      vertex -3.76001 83.3579 2.2
      vertex -3.54944 83.4294 0
      vertex -3.76001 83.3579 0
    endloop
  endfacet
  facet normal 0.555447 0.831552 -0
    outer loop
      vertex -5.05 83.5278 0
      vertex -5.23489 83.6513 2.2
      vertex -5.05 83.5278 2.2
    endloop
  endfacet
  facet normal 0.555447 0.831552 0
    outer loop
      vertex -5.23489 83.6513 2.2
      vertex -5.05 83.5278 0
      vertex -5.23489 83.6513 0
    endloop
  endfacet
  facet normal 0.751863 -0.659319 -2.1774e-18
    outer loop
      vertex -5.5487 86.0349 2.2
      vertex -5.40208 86.2021 0
      vertex -5.40208 86.2021 2.2
    endloop
  endfacet
  facet normal 0.751863 -0.659319 -2.1774e-18
    outer loop
      vertex -5.40208 86.2021 0
      vertex -5.5487 86.0349 2.2
      vertex -5.5487 86.0349 0
    endloop
  endfacet
  facet normal 0.659291 -0.751888 0
    outer loop
      vertex -5.40208 86.2021 0
      vertex -5.23489 86.3487 2.2
      vertex -5.40208 86.2021 2.2
    endloop
  endfacet
  facet normal 0.659291 -0.751888 0
    outer loop
      vertex -5.23489 86.3487 2.2
      vertex -5.40208 86.2021 0
      vertex -5.23489 86.3487 0
    endloop
  endfacet
  facet normal 0.195165 -0.98077 0
    outer loop
      vertex -4.63999 86.6421 0
      vertex -4.42189 86.6855 2.2
      vertex -4.63999 86.6421 2.2
    endloop
  endfacet
  facet normal 0.195165 -0.98077 0
    outer loop
      vertex -4.42189 86.6855 2.2
      vertex -4.63999 86.6421 0
      vertex -4.42189 86.6855 0
    endloop
  endfacet
  facet normal -0.442459 -0.896789 0
    outer loop
      vertex -3.54944 86.5706 0
      vertex -3.35 86.4722 2.2
      vertex -3.54944 86.5706 2.2
    endloop
  endfacet
  facet normal -0.442459 -0.896789 -0
    outer loop
      vertex -3.35 86.4722 2.2
      vertex -3.54944 86.5706 0
      vertex -3.35 86.4722 0
    endloop
  endfacet
  facet normal -0.659313 0.751869 0
    outer loop
      vertex -2.99792 83.7979 0
      vertex -3.1651 83.6513 2.2
      vertex -2.99792 83.7979 2.2
    endloop
  endfacet
  facet normal -0.659313 0.751869 0
    outer loop
      vertex -3.1651 83.6513 2.2
      vertex -2.99792 83.7979 0
      vertex -3.1651 83.6513 0
    endloop
  endfacet
  facet normal 0.946943 0.321403 1.04117e-18
    outer loop
      vertex -5.77059 84.3494 2.2
      vertex -5.84207 84.56 0
      vertex -5.84207 84.56 2.2
    endloop
  endfacet
  facet normal 0.946943 0.321403 1.04117e-18
    outer loop
      vertex -5.84207 84.56 0
      vertex -5.77059 84.3494 2.2
      vertex -5.77059 84.3494 0
    endloop
  endfacet
  facet normal -0.980779 0.195122 9.98035e-19
    outer loop
      vertex -2.55793 84.56 0
      vertex -2.51454 84.7781 2.2
      vertex -2.51454 84.7781 0
    endloop
  endfacet
  facet normal -0.980779 0.195122 9.98035e-19
    outer loop
      vertex -2.51454 84.7781 2.2
      vertex -2.55793 84.56 0
      vertex -2.55793 84.56 2.2
    endloop
  endfacet
  facet normal 0.321525 0.946901 -0
    outer loop
      vertex -4.63999 83.3579 0
      vertex -4.85056 83.4294 2.2
      vertex -4.63999 83.3579 2.2
    endloop
  endfacet
  facet normal 0.321525 0.946901 0
    outer loop
      vertex -4.85056 83.4294 2.2
      vertex -4.63999 83.3579 0
      vertex -4.85056 83.4294 0
    endloop
  endfacet
  facet normal 0.980779 0.195122 1.82032e-19
    outer loop
      vertex -5.84207 84.56 2.2
      vertex -5.88546 84.7781 0
      vertex -5.88546 84.7781 2.2
    endloop
  endfacet
  facet normal 0.980779 0.195122 1.82032e-19
    outer loop
      vertex -5.88546 84.7781 0
      vertex -5.84207 84.56 2.2
      vertex -5.84207 84.56 0
    endloop
  endfacet
  facet normal 0.659291 0.751888 -0
    outer loop
      vertex -5.23489 83.6513 0
      vertex -5.40208 83.7979 2.2
      vertex -5.23489 83.6513 2.2
    endloop
  endfacet
  facet normal 0.659291 0.751888 0
    outer loop
      vertex -5.40208 83.7979 2.2
      vertex -5.23489 83.6513 0
      vertex -5.40208 83.7979 0
    endloop
  endfacet
  facet normal -0.659313 -0.751869 0
    outer loop
      vertex -3.1651 86.3487 0
      vertex -2.99792 86.2021 2.2
      vertex -3.1651 86.3487 2.2
    endloop
  endfacet
  facet normal -0.659313 -0.751869 -0
    outer loop
      vertex -2.99792 86.2021 2.2
      vertex -3.1651 86.3487 0
      vertex -2.99792 86.2021 0
    endloop
  endfacet
  facet normal -0.896825 0.442386 -2.97361e-19
    outer loop
      vertex -2.72776 84.15 0
      vertex -2.6294 84.3494 2.2
      vertex -2.6294 84.3494 0
    endloop
  endfacet
  facet normal -0.896825 0.442386 -2.97361e-19
    outer loop
      vertex -2.6294 84.3494 2.2
      vertex -2.72776 84.15 0
      vertex -2.72776 84.15 2.2
    endloop
  endfacet
  facet normal 0.980779 -0.195122 -1.82032e-19
    outer loop
      vertex -5.88546 85.2219 2.2
      vertex -5.84207 85.44 0
      vertex -5.84207 85.44 2.2
    endloop
  endfacet
  facet normal 0.980779 -0.195122 -1.82032e-19
    outer loop
      vertex -5.84207 85.44 0
      vertex -5.88546 85.2219 2.2
      vertex -5.88546 85.2219 0
    endloop
  endfacet
  facet normal 0.442459 -0.896789 0
    outer loop
      vertex -5.05 86.4722 0
      vertex -4.85056 86.5706 2.2
      vertex -5.05 86.4722 2.2
    endloop
  endfacet
  facet normal 0.442459 -0.896789 0
    outer loop
      vertex -4.85056 86.5706 2.2
      vertex -5.05 86.4722 0
      vertex -4.85056 86.5706 0
    endloop
  endfacet
  facet normal -0.751863 -0.659319 -2.06617e-18
    outer loop
      vertex -2.8513 86.0349 0
      vertex -2.99792 86.2021 2.2
      vertex -2.99792 86.2021 0
    endloop
  endfacet
  facet normal -0.751863 -0.659319 -2.06617e-18
    outer loop
      vertex -2.99792 86.2021 2.2
      vertex -2.8513 86.0349 0
      vertex -2.8513 86.0349 2.2
    endloop
  endfacet
  facet normal 0.831483 0.555551 -1.30587e-18
    outer loop
      vertex -5.5487 83.9651 2.2
      vertex -5.67224 84.15 0
      vertex -5.67224 84.15 2.2
    endloop
  endfacet
  facet normal 0.831483 0.555551 -1.30587e-18
    outer loop
      vertex -5.67224 84.15 0
      vertex -5.5487 83.9651 2.2
      vertex -5.5487 83.9651 0
    endloop
  endfacet
  facet normal -0.946956 -0.321363 1.51223e-18
    outer loop
      vertex -2.55793 85.44 0
      vertex -2.6294 85.6506 2.2
      vertex -2.6294 85.6506 0
    endloop
  endfacet
  facet normal -0.946956 -0.321363 1.51223e-18
    outer loop
      vertex -2.6294 85.6506 2.2
      vertex -2.55793 85.44 0
      vertex -2.55793 85.44 2.2
    endloop
  endfacet
  facet normal -0.195173 -0.980769 0
    outer loop
      vertex -3.9781 86.6855 0
      vertex -3.76001 86.6421 2.2
      vertex -3.9781 86.6855 2.2
    endloop
  endfacet
  facet normal -0.195173 -0.980769 -0
    outer loop
      vertex -3.76001 86.6421 2.2
      vertex -3.9781 86.6855 0
      vertex -3.76001 86.6421 0
    endloop
  endfacet
  facet normal 0.946943 -0.321403 -1.04117e-18
    outer loop
      vertex -5.84207 85.44 2.2
      vertex -5.77059 85.6506 0
      vertex -5.77059 85.6506 2.2
    endloop
  endfacet
  facet normal 0.946943 -0.321403 -1.04117e-18
    outer loop
      vertex -5.77059 85.6506 0
      vertex -5.84207 85.44 2.2
      vertex -5.84207 85.44 0
    endloop
  endfacet
  facet normal 0.195165 0.98077 -0
    outer loop
      vertex -4.42189 83.3145 0
      vertex -4.63999 83.3579 2.2
      vertex -4.42189 83.3145 2.2
    endloop
  endfacet
  facet normal 0.195165 0.98077 0
    outer loop
      vertex -4.63999 83.3579 2.2
      vertex -4.42189 83.3145 0
      vertex -4.63999 83.3579 0
    endloop
  endfacet
  facet normal 0.896843 0.442349 2.21348e-18
    outer loop
      vertex -5.67224 84.15 2.2
      vertex -5.77059 84.3494 0
      vertex -5.77059 84.3494 2.2
    endloop
  endfacet
  facet normal 0.896843 0.442349 2.21348e-18
    outer loop
      vertex -5.77059 84.3494 0
      vertex -5.67224 84.15 2.2
      vertex -5.67224 84.15 0
    endloop
  endfacet
  facet normal 0.896843 -0.442349 -2.21348e-18
    outer loop
      vertex -5.77059 85.6506 2.2
      vertex -5.67224 85.85 0
      vertex -5.67224 85.85 2.2
    endloop
  endfacet
  facet normal 0.896843 -0.442349 -2.21348e-18
    outer loop
      vertex -5.67224 85.85 0
      vertex -5.77059 85.6506 2.2
      vertex -5.77059 85.6506 0
    endloop
  endfacet
  facet normal -0.980753 -0.195251 -1.38822e-18
    outer loop
      vertex 20.2955 130.122 0
      vertex 20.2521 130.34 2.2
      vertex 20.2521 130.34 0
    endloop
  endfacet
  facet normal -0.980753 -0.195251 -1.38822e-18
    outer loop
      vertex 20.2521 130.34 2.2
      vertex 20.2955 130.122 0
      vertex 20.2955 130.122 2.2
    endloop
  endfacet
  facet normal -0.997874 -0.0651764 2.08121e-20
    outer loop
      vertex 20.31 129.9 0
      vertex 20.2955 130.122 2.2
      vertex 20.2955 130.122 0
    endloop
  endfacet
  facet normal -0.997874 -0.0651764 2.08121e-20
    outer loop
      vertex 20.2955 130.122 2.2
      vertex 20.31 129.9 0
      vertex 20.31 129.9 2.2
    endloop
  endfacet
  facet normal -0.660284 -0.751016 0
    outer loop
      vertex 19.6449 131.249 0
      vertex 19.8121 131.102 2.2
      vertex 19.6449 131.249 2.2
    endloop
  endfacet
  facet normal -0.660284 -0.751016 -0
    outer loop
      vertex 19.8121 131.102 2.2
      vertex 19.6449 131.249 0
      vertex 19.8121 131.102 0
    endloop
  endfacet
  facet normal -0.444696 0.895681 0
    outer loop
      vertex 19.46 128.428 0
      vertex 19.2606 128.329 2.2
      vertex 19.46 128.428 2.2
    endloop
  endfacet
  facet normal -0.444696 0.895681 0
    outer loop
      vertex 19.2606 128.329 2.2
      vertex 19.46 128.428 0
      vertex 19.2606 128.329 0
    endloop
  endfacet
  facet normal -0.193434 0.981113 0
    outer loop
      vertex 19.05 128.258 0
      vertex 18.8319 128.215 2.2
      vertex 19.05 128.258 2.2
    endloop
  endfacet
  facet normal -0.193434 0.981113 0
    outer loop
      vertex 18.8319 128.215 2.2
      vertex 19.05 128.258 0
      vertex 18.8319 128.215 0
    endloop
  endfacet
  facet normal 0.947101 0.320937 8.90892e-19
    outer loop
      vertex 17.0394 129.249 2.2
      vertex 16.9679 129.46 0
      vertex 16.9679 129.46 2.2
    endloop
  endfacet
  facet normal 0.947101 0.320937 8.90892e-19
    outer loop
      vertex 16.9679 129.46 0
      vertex 17.0394 129.249 2.2
      vertex 17.0394 129.249 0
    endloop
  endfacet
  facet normal 0.0674441 0.997723 -0
    outer loop
      vertex 18.61 128.2 0
      vertex 18.3881 128.215 2.2
      vertex 18.61 128.2 2.2
    endloop
  endfacet
  facet normal 0.0674441 0.997723 0
    outer loop
      vertex 18.3881 128.215 2.2
      vertex 18.61 128.2 0
      vertex 18.3881 128.215 0
    endloop
  endfacet
  facet normal -0.997874 0.0651764 -2.08121e-20
    outer loop
      vertex 20.2955 129.678 0
      vertex 20.31 129.9 2.2
      vertex 20.31 129.9 0
    endloop
  endfacet
  facet normal -0.997874 0.0651764 -2.08121e-20
    outer loop
      vertex 20.31 129.9 2.2
      vertex 20.2955 129.678 0
      vertex 20.2955 129.678 2.2
    endloop
  endfacet
  facet normal -0.831704 -0.555219 1.63349e-19
    outer loop
      vertex 20.0822 130.75 0
      vertex 19.9587 130.935 2.2
      vertex 19.9587 130.935 0
    endloop
  endfacet
  facet normal -0.831704 -0.555219 1.63349e-19
    outer loop
      vertex 19.9587 130.935 2.2
      vertex 20.0822 130.75 0
      vertex 20.0822 130.75 2.2
    endloop
  endfacet
  facet normal 0.997874 -0.0651764 -2.08121e-20
    outer loop
      vertex 16.91 129.9 2.2
      vertex 16.9245 130.122 0
      vertex 16.9245 130.122 2.2
    endloop
  endfacet
  facet normal 0.997874 -0.0651764 -2.08121e-20
    outer loop
      vertex 16.9245 130.122 0
      vertex 16.91 129.9 2.2
      vertex 16.91 129.9 0
    endloop
  endfacet
  facet normal 0.751516 -0.659714 -3.42742e-18
    outer loop
      vertex 17.2613 130.935 2.2
      vertex 17.4079 131.102 0
      vertex 17.4079 131.102 2.2
    endloop
  endfacet
  facet normal 0.751516 -0.659714 -3.42742e-18
    outer loop
      vertex 17.4079 131.102 0
      vertex 17.2613 130.935 2.2
      vertex 17.2613 130.935 0
    endloop
  endfacet
  facet normal 0.444696 0.895681 -0
    outer loop
      vertex 17.9594 128.329 0
      vertex 17.76 128.428 2.2
      vertex 17.9594 128.329 2.2
    endloop
  endfacet
  facet normal 0.444696 0.895681 0
    outer loop
      vertex 17.76 128.428 2.2
      vertex 17.9594 128.329 0
      vertex 17.76 128.428 0
    endloop
  endfacet
  facet normal 0.980753 0.195251 -1.38822e-18
    outer loop
      vertex 16.9679 129.46 2.2
      vertex 16.9245 129.678 0
      vertex 16.9245 129.678 2.2
    endloop
  endfacet
  facet normal 0.980753 0.195251 -1.38822e-18
    outer loop
      vertex 16.9245 129.678 0
      vertex 16.9679 129.46 2.2
      vertex 16.9679 129.46 0
    endloop
  endfacet
  facet normal -0.751516 0.659714 -3.4842e-18
    outer loop
      vertex 19.8121 128.698 0
      vertex 19.9587 128.865 2.2
      vertex 19.9587 128.865 0
    endloop
  endfacet
  facet normal -0.751516 0.659714 -3.4842e-18
    outer loop
      vertex 19.9587 128.865 2.2
      vertex 19.8121 128.698 0
      vertex 19.8121 128.698 2.2
    endloop
  endfacet
  facet normal -0.980753 0.195251 1.38822e-18
    outer loop
      vertex 20.2521 129.46 0
      vertex 20.2955 129.678 2.2
      vertex 20.2955 129.678 0
    endloop
  endfacet
  facet normal -0.980753 0.195251 1.38822e-18
    outer loop
      vertex 20.2955 129.678 2.2
      vertex 20.2521 129.46 0
      vertex 20.2521 129.46 2.2
    endloop
  endfacet
  facet normal 0.8964 0.443245 2.36349e-18
    outer loop
      vertex 17.1378 129.05 2.2
      vertex 17.0394 129.249 0
      vertex 17.0394 129.249 2.2
    endloop
  endfacet
  facet normal 0.8964 0.443245 2.36349e-18
    outer loop
      vertex 17.0394 129.249 0
      vertex 17.1378 129.05 2.2
      vertex 17.1378 129.05 0
    endloop
  endfacet
  facet normal -0.947101 0.320937 -8.90892e-19
    outer loop
      vertex 20.1806 129.249 0
      vertex 20.2521 129.46 2.2
      vertex 20.2521 129.46 0
    endloop
  endfacet
  facet normal -0.947101 0.320937 -8.90892e-19
    outer loop
      vertex 20.2521 129.46 2.2
      vertex 20.1806 129.249 0
      vertex 20.1806 129.249 2.2
    endloop
  endfacet
  facet normal 0.660284 -0.751016 0
    outer loop
      vertex 17.4079 131.102 0
      vertex 17.5751 131.249 2.2
      vertex 17.4079 131.102 2.2
    endloop
  endfacet
  facet normal 0.660284 -0.751016 0
    outer loop
      vertex 17.5751 131.249 2.2
      vertex 17.4079 131.102 0
      vertex 17.5751 131.249 0
    endloop
  endfacet
  facet normal 0.553869 -0.832604 0
    outer loop
      vertex 17.5751 131.249 0
      vertex 17.76 131.372 2.2
      vertex 17.5751 131.249 2.2
    endloop
  endfacet
  facet normal 0.553869 -0.832604 0
    outer loop
      vertex 17.76 131.372 2.2
      vertex 17.5751 131.249 0
      vertex 17.76 131.372 0
    endloop
  endfacet
  facet normal 0.947101 -0.320937 1.0345e-18
    outer loop
      vertex 16.9679 130.34 2.2
      vertex 17.0394 130.551 0
      vertex 17.0394 130.551 2.2
    endloop
  endfacet
  facet normal 0.947101 -0.320937 1.0345e-18
    outer loop
      vertex 17.0394 130.551 0
      vertex 16.9679 130.34 2.2
      vertex 16.9679 130.34 0
    endloop
  endfacet
  facet normal -0.319466 0.947598 0
    outer loop
      vertex 19.2606 128.329 0
      vertex 19.05 128.258 2.2
      vertex 19.2606 128.329 2.2
    endloop
  endfacet
  facet normal -0.319466 0.947598 0
    outer loop
      vertex 19.05 128.258 2.2
      vertex 19.2606 128.329 0
      vertex 19.05 128.258 0
    endloop
  endfacet
  facet normal 0.319466 -0.947598 0
    outer loop
      vertex 17.9594 131.471 0
      vertex 18.17 131.542 2.2
      vertex 17.9594 131.471 2.2
    endloop
  endfacet
  facet normal 0.319466 -0.947598 0
    outer loop
      vertex 18.17 131.542 2.2
      vertex 17.9594 131.471 0
      vertex 18.17 131.542 0
    endloop
  endfacet
  facet normal -0.0674441 -0.997723 0
    outer loop
      vertex 18.61 131.6 0
      vertex 18.8319 131.585 2.2
      vertex 18.61 131.6 2.2
    endloop
  endfacet
  facet normal -0.0674441 -0.997723 -0
    outer loop
      vertex 18.8319 131.585 2.2
      vertex 18.61 131.6 0
      vertex 18.8319 131.585 0
    endloop
  endfacet
  facet normal -0.660284 0.751016 0
    outer loop
      vertex 19.8121 128.698 0
      vertex 19.6449 128.551 2.2
      vertex 19.8121 128.698 2.2
    endloop
  endfacet
  facet normal -0.660284 0.751016 0
    outer loop
      vertex 19.6449 128.551 2.2
      vertex 19.8121 128.698 0
      vertex 19.6449 128.551 0
    endloop
  endfacet
  facet normal -0.0674441 0.997723 0
    outer loop
      vertex 18.8319 128.215 0
      vertex 18.61 128.2 2.2
      vertex 18.8319 128.215 2.2
    endloop
  endfacet
  facet normal -0.0674441 0.997723 0
    outer loop
      vertex 18.61 128.2 2.2
      vertex 18.8319 128.215 0
      vertex 18.61 128.2 0
    endloop
  endfacet
  facet normal -0.553869 -0.832604 0
    outer loop
      vertex 19.46 131.372 0
      vertex 19.6449 131.249 2.2
      vertex 19.46 131.372 2.2
    endloop
  endfacet
  facet normal -0.553869 -0.832604 -0
    outer loop
      vertex 19.6449 131.249 2.2
      vertex 19.46 131.372 0
      vertex 19.6449 131.249 0
    endloop
  endfacet
  facet normal -0.8964 -0.443245 1.70426e-18
    outer loop
      vertex 20.1806 130.551 0
      vertex 20.0822 130.75 2.2
      vertex 20.0822 130.75 0
    endloop
  endfacet
  facet normal -0.8964 -0.443245 1.70426e-18
    outer loop
      vertex 20.0822 130.75 2.2
      vertex 20.1806 130.551 0
      vertex 20.1806 130.551 2.2
    endloop
  endfacet
  facet normal -0.553869 0.832604 0
    outer loop
      vertex 19.6449 128.551 0
      vertex 19.46 128.428 2.2
      vertex 19.6449 128.551 2.2
    endloop
  endfacet
  facet normal -0.553869 0.832604 0
    outer loop
      vertex 19.46 128.428 2.2
      vertex 19.6449 128.551 0
      vertex 19.46 128.428 0
    endloop
  endfacet
  facet normal 0.444696 -0.895681 0
    outer loop
      vertex 17.76 131.372 0
      vertex 17.9594 131.471 2.2
      vertex 17.76 131.372 2.2
    endloop
  endfacet
  facet normal 0.444696 -0.895681 0
    outer loop
      vertex 17.9594 131.471 2.2
      vertex 17.76 131.372 0
      vertex 17.9594 131.471 0
    endloop
  endfacet
  facet normal 0.193434 -0.981113 0
    outer loop
      vertex 18.17 131.542 0
      vertex 18.3881 131.585 2.2
      vertex 18.17 131.542 2.2
    endloop
  endfacet
  facet normal 0.193434 -0.981113 0
    outer loop
      vertex 18.3881 131.585 2.2
      vertex 18.17 131.542 0
      vertex 18.3881 131.585 0
    endloop
  endfacet
  facet normal -0.444696 -0.895681 0
    outer loop
      vertex 19.2606 131.471 0
      vertex 19.46 131.372 2.2
      vertex 19.2606 131.471 2.2
    endloop
  endfacet
  facet normal -0.444696 -0.895681 -0
    outer loop
      vertex 19.46 131.372 2.2
      vertex 19.2606 131.471 0
      vertex 19.46 131.372 0
    endloop
  endfacet
  facet normal -0.319466 -0.947598 0
    outer loop
      vertex 19.05 131.542 0
      vertex 19.2606 131.471 2.2
      vertex 19.05 131.542 2.2
    endloop
  endfacet
  facet normal -0.319466 -0.947598 -0
    outer loop
      vertex 19.2606 131.471 2.2
      vertex 19.05 131.542 0
      vertex 19.2606 131.471 0
    endloop
  endfacet
  facet normal -0.831704 0.555219 -1.63349e-19
    outer loop
      vertex 19.9587 128.865 0
      vertex 20.0822 129.05 2.2
      vertex 20.0822 129.05 0
    endloop
  endfacet
  facet normal -0.831704 0.555219 -1.63349e-19
    outer loop
      vertex 20.0822 129.05 2.2
      vertex 19.9587 128.865 0
      vertex 19.9587 128.865 2.2
    endloop
  endfacet
  facet normal 0.831704 0.555219 1.63349e-19
    outer loop
      vertex 17.2613 128.865 2.2
      vertex 17.1378 129.05 0
      vertex 17.1378 129.05 2.2
    endloop
  endfacet
  facet normal 0.831704 0.555219 1.63349e-19
    outer loop
      vertex 17.1378 129.05 0
      vertex 17.2613 128.865 2.2
      vertex 17.2613 128.865 0
    endloop
  endfacet
  facet normal -0.193434 -0.981113 0
    outer loop
      vertex 18.8319 131.585 0
      vertex 19.05 131.542 2.2
      vertex 18.8319 131.585 2.2
    endloop
  endfacet
  facet normal -0.193434 -0.981113 -0
    outer loop
      vertex 19.05 131.542 2.2
      vertex 18.8319 131.585 0
      vertex 19.05 131.542 0
    endloop
  endfacet
  facet normal 0.751516 0.659714 3.42742e-18
    outer loop
      vertex 17.4079 128.698 2.2
      vertex 17.2613 128.865 0
      vertex 17.2613 128.865 2.2
    endloop
  endfacet
  facet normal 0.751516 0.659714 3.42742e-18
    outer loop
      vertex 17.2613 128.865 0
      vertex 17.4079 128.698 2.2
      vertex 17.4079 128.698 0
    endloop
  endfacet
  facet normal 0.997874 0.0651764 2.08121e-20
    outer loop
      vertex 16.9245 129.678 2.2
      vertex 16.91 129.9 0
      vertex 16.91 129.9 2.2
    endloop
  endfacet
  facet normal 0.997874 0.0651764 2.08121e-20
    outer loop
      vertex 16.91 129.9 0
      vertex 16.9245 129.678 2.2
      vertex 16.9245 129.678 0
    endloop
  endfacet
  facet normal 0.319466 0.947598 -0
    outer loop
      vertex 18.17 128.258 0
      vertex 17.9594 128.329 2.2
      vertex 18.17 128.258 2.2
    endloop
  endfacet
  facet normal 0.319466 0.947598 0
    outer loop
      vertex 17.9594 128.329 2.2
      vertex 18.17 128.258 0
      vertex 17.9594 128.329 0
    endloop
  endfacet
  facet normal -0.751516 -0.659714 3.4842e-18
    outer loop
      vertex 19.9587 130.935 0
      vertex 19.8121 131.102 2.2
      vertex 19.8121 131.102 0
    endloop
  endfacet
  facet normal -0.751516 -0.659714 3.4842e-18
    outer loop
      vertex 19.8121 131.102 2.2
      vertex 19.9587 130.935 0
      vertex 19.9587 130.935 2.2
    endloop
  endfacet
  facet normal -0.947101 -0.320937 -1.0345e-18
    outer loop
      vertex 20.2521 130.34 0
      vertex 20.1806 130.551 2.2
      vertex 20.1806 130.551 0
    endloop
  endfacet
  facet normal -0.947101 -0.320937 -1.0345e-18
    outer loop
      vertex 20.1806 130.551 2.2
      vertex 20.2521 130.34 0
      vertex 20.2521 130.34 2.2
    endloop
  endfacet
  facet normal 0.553869 0.832604 -0
    outer loop
      vertex 17.76 128.428 0
      vertex 17.5751 128.551 2.2
      vertex 17.76 128.428 2.2
    endloop
  endfacet
  facet normal 0.553869 0.832604 0
    outer loop
      vertex 17.5751 128.551 2.2
      vertex 17.76 128.428 0
      vertex 17.5751 128.551 0
    endloop
  endfacet
  facet normal 0.831704 -0.555219 -1.63349e-19
    outer loop
      vertex 17.1378 130.75 2.2
      vertex 17.2613 130.935 0
      vertex 17.2613 130.935 2.2
    endloop
  endfacet
  facet normal 0.831704 -0.555219 -1.63349e-19
    outer loop
      vertex 17.2613 130.935 0
      vertex 17.1378 130.75 2.2
      vertex 17.1378 130.75 0
    endloop
  endfacet
  facet normal 0.193434 0.981113 -0
    outer loop
      vertex 18.3881 128.215 0
      vertex 18.17 128.258 2.2
      vertex 18.3881 128.215 2.2
    endloop
  endfacet
  facet normal 0.193434 0.981113 0
    outer loop
      vertex 18.17 128.258 2.2
      vertex 18.3881 128.215 0
      vertex 18.17 128.258 0
    endloop
  endfacet
  facet normal 0.980753 -0.195251 1.38822e-18
    outer loop
      vertex 16.9245 130.122 2.2
      vertex 16.9679 130.34 0
      vertex 16.9679 130.34 2.2
    endloop
  endfacet
  facet normal 0.980753 -0.195251 1.38822e-18
    outer loop
      vertex 16.9679 130.34 0
      vertex 16.9245 130.122 2.2
      vertex 16.9245 130.122 0
    endloop
  endfacet
  facet normal 0.660284 0.751016 -0
    outer loop
      vertex 17.5751 128.551 0
      vertex 17.4079 128.698 2.2
      vertex 17.5751 128.551 2.2
    endloop
  endfacet
  facet normal 0.660284 0.751016 0
    outer loop
      vertex 17.4079 128.698 2.2
      vertex 17.5751 128.551 0
      vertex 17.4079 128.698 0
    endloop
  endfacet
  facet normal 0.0674441 -0.997723 0
    outer loop
      vertex 18.3881 131.585 0
      vertex 18.61 131.6 2.2
      vertex 18.3881 131.585 2.2
    endloop
  endfacet
  facet normal 0.0674441 -0.997723 0
    outer loop
      vertex 18.61 131.6 2.2
      vertex 18.3881 131.585 0
      vertex 18.61 131.6 0
    endloop
  endfacet
  facet normal -0.8964 0.443245 -2.36349e-18
    outer loop
      vertex 20.0822 129.05 0
      vertex 20.1806 129.249 2.2
      vertex 20.1806 129.249 0
    endloop
  endfacet
  facet normal -0.8964 0.443245 -2.36349e-18
    outer loop
      vertex 20.1806 129.249 2.2
      vertex 20.0822 129.05 0
      vertex 20.0822 129.05 2.2
    endloop
  endfacet
  facet normal 0.8964 -0.443245 -1.70426e-18
    outer loop
      vertex 17.0394 130.551 2.2
      vertex 17.1378 130.75 0
      vertex 17.1378 130.75 2.2
    endloop
  endfacet
  facet normal 0.8964 -0.443245 -1.70426e-18
    outer loop
      vertex 17.1378 130.75 0
      vertex 17.0394 130.551 2.2
      vertex 17.0394 130.551 0
    endloop
  endfacet
  facet normal -0.0871873 0.996192 0
    outer loop
      vertex 41.8916 105.194 0
      vertex 25.9525 103.799 2.2
      vertex 41.8916 105.194 2.2
    endloop
  endfacet
  facet normal -0.0871873 0.996192 0
    outer loop
      vertex 25.9525 103.799 2.2
      vertex 41.8916 105.194 0
      vertex 25.9525 103.799 0
    endloop
  endfacet
  facet normal -0.152861 0.988248 0
    outer loop
      vertex 42.0209 105.214 0
      vertex 41.8916 105.194 2.2
      vertex 42.0209 105.214 2.2
    endloop
  endfacet
  facet normal -0.152861 0.988248 0
    outer loop
      vertex 41.8916 105.194 2.2
      vertex 42.0209 105.214 0
      vertex 41.8916 105.194 0
    endloop
  endfacet
  facet normal -0.27553 0.961293 0
    outer loop
      vertex 42.1465 105.25 0
      vertex 42.0209 105.214 2.2
      vertex 42.1465 105.25 2.2
    endloop
  endfacet
  facet normal -0.27553 0.961293 0
    outer loop
      vertex 42.0209 105.214 2.2
      vertex 42.1465 105.25 0
      vertex 42.0209 105.214 0
    endloop
  endfacet
  facet normal -0.404862 0.914378 0
    outer loop
      vertex 42.2662 105.303 0
      vertex 42.1465 105.25 2.2
      vertex 42.2662 105.303 2.2
    endloop
  endfacet
  facet normal -0.404862 0.914378 0
    outer loop
      vertex 42.1465 105.25 2.2
      vertex 42.2662 105.303 0
      vertex 42.1465 105.25 0
    endloop
  endfacet
  facet normal -0.519317 0.854582 0
    outer loop
      vertex 42.3781 105.371 0
      vertex 42.2662 105.303 2.2
      vertex 42.3781 105.371 2.2
    endloop
  endfacet
  facet normal -0.519317 0.854582 0
    outer loop
      vertex 42.2662 105.303 2.2
      vertex 42.3781 105.371 0
      vertex 42.2662 105.303 0
    endloop
  endfacet
  facet normal -0.626557 0.779376 0
    outer loop
      vertex 42.4801 105.453 0
      vertex 42.3781 105.371 2.2
      vertex 42.4801 105.453 2.2
    endloop
  endfacet
  facet normal -0.626557 0.779376 0
    outer loop
      vertex 42.3781 105.371 2.2
      vertex 42.4801 105.453 0
      vertex 42.3781 105.371 0
    endloop
  endfacet
  facet normal -0.720774 0.69317 -2.07763e-18
    outer loop
      vertex 42.4801 105.453 0
      vertex 42.5705 105.547 2.2
      vertex 42.5705 105.547 0
    endloop
  endfacet
  facet normal -0.720774 0.69317 -2.07763e-18
    outer loop
      vertex 42.5705 105.547 2.2
      vertex 42.4801 105.453 0
      vertex 42.4801 105.453 2.2
    endloop
  endfacet
  facet normal -0.807614 0.589711 8.0174e-19
    outer loop
      vertex 42.5705 105.547 0
      vertex 42.6479 105.653 2.2
      vertex 42.6479 105.653 0
    endloop
  endfacet
  facet normal -0.807614 0.589711 8.0174e-19
    outer loop
      vertex 42.6479 105.653 2.2
      vertex 42.5705 105.547 0
      vertex 42.5705 105.547 2.2
    endloop
  endfacet
  facet normal -0.877341 0.479867 2.11749e-21
    outer loop
      vertex 42.6479 105.653 0
      vertex 42.7108 105.768 2.2
      vertex 42.7108 105.768 0
    endloop
  endfacet
  facet normal -0.877341 0.479867 2.11749e-21
    outer loop
      vertex 42.7108 105.768 2.2
      vertex 42.6479 105.653 0
      vertex 42.6479 105.653 2.2
    endloop
  endfacet
  facet normal -0.931106 0.364747 -5.3077e-19
    outer loop
      vertex 42.7108 105.768 0
      vertex 42.7582 105.889 2.2
      vertex 42.7582 105.889 0
    endloop
  endfacet
  facet normal -0.931106 0.364747 -5.3077e-19
    outer loop
      vertex 42.7582 105.889 2.2
      vertex 42.7108 105.768 0
      vertex 42.7108 105.768 2.2
    endloop
  endfacet
  facet normal -0.971301 0.237854 -5.65387e-19
    outer loop
      vertex 42.7582 105.889 0
      vertex 42.7893 106.016 2.2
      vertex 42.7893 106.016 0
    endloop
  endfacet
  facet normal -0.971301 0.237854 -5.65387e-19
    outer loop
      vertex 42.7893 106.016 2.2
      vertex 42.7582 105.889 0
      vertex 42.7582 105.889 2.2
    endloop
  endfacet
  facet normal -0.994176 0.107766 -2.55986e-19
    outer loop
      vertex 42.7893 106.016 0
      vertex 42.8035 106.147 2.2
      vertex 42.8035 106.147 0
    endloop
  endfacet
  facet normal -0.994176 0.107766 -2.55986e-19
    outer loop
      vertex 42.8035 106.147 2.2
      vertex 42.7893 106.016 0
      vertex 42.7893 106.016 2.2
    endloop
  endfacet
  facet normal -0.999768 -0.0215335 -6.04466e-20
    outer loop
      vertex 42.8035 106.147 0
      vertex 42.8007 106.277 2.2
      vertex 42.8007 106.277 0
    endloop
  endfacet
  facet normal -0.999768 -0.0215335 -6.04466e-20
    outer loop
      vertex 42.8007 106.277 2.2
      vertex 42.8035 106.147 0
      vertex 42.8035 106.147 2.2
    endloop
  endfacet
  facet normal -0.996194 -0.0871589 -6.20738e-17
    outer loop
      vertex 42.8007 106.277 0
      vertex 40.9268 127.695 2.2
      vertex 40.9268 127.695 0
    endloop
  endfacet
  facet normal -0.996194 -0.0871589 -6.20738e-17
    outer loop
      vertex 40.9268 127.695 2.2
      vertex 42.8007 106.277 0
      vertex 42.8007 106.277 2.2
    endloop
  endfacet
  facet normal -0.988486 -0.151314 3.94848e-19
    outer loop
      vertex 40.9268 127.695 0
      vertex 40.9069 127.825 2.2
      vertex 40.9069 127.825 0
    endloop
  endfacet
  facet normal -0.988486 -0.151314 3.94848e-19
    outer loop
      vertex 40.9069 127.825 2.2
      vertex 40.9268 127.695 0
      vertex 40.9268 127.695 2.2
    endloop
  endfacet
  facet normal -0.959707 -0.281002 0
    outer loop
      vertex 40.9069 127.825 0
      vertex 40.8703 127.95 2.2
      vertex 40.8703 127.95 0
    endloop
  endfacet
  facet normal -0.959707 -0.281002 0
    outer loop
      vertex 40.8703 127.95 2.2
      vertex 40.9069 127.825 0
      vertex 40.9069 127.825 2.2
    endloop
  endfacet
  facet normal -0.915596 -0.402099 2.91863e-19
    outer loop
      vertex 40.8703 127.95 0
      vertex 40.8176 128.07 2.2
      vertex 40.8176 128.07 0
    endloop
  endfacet
  facet normal -0.915596 -0.402099 2.91863e-19
    outer loop
      vertex 40.8176 128.07 2.2
      vertex 40.8703 127.95 0
      vertex 40.8703 127.95 2.2
    endloop
  endfacet
  facet normal -0.855464 -0.517862 9.73732e-19
    outer loop
      vertex 40.8176 128.07 0
      vertex 40.7498 128.182 2.2
      vertex 40.7498 128.182 0
    endloop
  endfacet
  facet normal -0.855464 -0.517862 9.73732e-19
    outer loop
      vertex 40.7498 128.182 2.2
      vertex 40.8176 128.07 0
      vertex 40.8176 128.07 2.2
    endloop
  endfacet
  facet normal -0.779749 -0.626092 7.01969e-19
    outer loop
      vertex 40.7498 128.182 0
      vertex 40.6679 128.284 2.2
      vertex 40.6679 128.284 0
    endloop
  endfacet
  facet normal -0.779749 -0.626092 7.01969e-19
    outer loop
      vertex 40.6679 128.284 2.2
      vertex 40.7498 128.182 0
      vertex 40.7498 128.182 2.2
    endloop
  endfacet
  facet normal -0.689655 -0.724138 0
    outer loop
      vertex 40.5734 128.374 0
      vertex 40.6679 128.284 2.2
      vertex 40.5734 128.374 2.2
    endloop
  endfacet
  facet normal -0.689655 -0.724138 -0
    outer loop
      vertex 40.6679 128.284 2.2
      vertex 40.5734 128.374 0
      vertex 40.6679 128.284 0
    endloop
  endfacet
  facet normal -0.594498 -0.804097 0
    outer loop
      vertex 40.4679 128.452 0
      vertex 40.5734 128.374 2.2
      vertex 40.4679 128.452 2.2
    endloop
  endfacet
  facet normal -0.594498 -0.804097 -0
    outer loop
      vertex 40.5734 128.374 2.2
      vertex 40.4679 128.452 0
      vertex 40.5734 128.374 0
    endloop
  endfacet
  facet normal -0.48142 -0.87649 0
    outer loop
      vertex 40.3532 128.515 0
      vertex 40.4679 128.452 2.2
      vertex 40.3532 128.515 2.2
    endloop
  endfacet
  facet normal -0.48142 -0.87649 -0
    outer loop
      vertex 40.4679 128.452 2.2
      vertex 40.3532 128.515 0
      vertex 40.4679 128.452 0
    endloop
  endfacet
  facet normal -0.359748 -0.933049 0
    outer loop
      vertex 40.2313 128.562 0
      vertex 40.3532 128.515 2.2
      vertex 40.2313 128.562 2.2
    endloop
  endfacet
  facet normal -0.359748 -0.933049 -0
    outer loop
      vertex 40.3532 128.515 2.2
      vertex 40.2313 128.562 0
      vertex 40.3532 128.515 0
    endloop
  endfacet
  facet normal -0.237132 -0.971477 0
    outer loop
      vertex 40.1043 128.593 0
      vertex 40.2313 128.562 2.2
      vertex 40.1043 128.593 2.2
    endloop
  endfacet
  facet normal -0.237132 -0.971477 -0
    outer loop
      vertex 40.2313 128.562 2.2
      vertex 40.1043 128.593 0
      vertex 40.2313 128.562 0
    endloop
  endfacet
  facet normal -0.106992 -0.99426 0
    outer loop
      vertex 39.9742 128.607 0
      vertex 40.1043 128.593 2.2
      vertex 39.9742 128.607 2.2
    endloop
  endfacet
  facet normal -0.106992 -0.99426 -0
    outer loop
      vertex 40.1043 128.593 2.2
      vertex 39.9742 128.607 0
      vertex 40.1043 128.593 0
    endloop
  endfacet
  facet normal 0.0153004 -0.999883 0
    outer loop
      vertex 39.8435 128.605 0
      vertex 39.9742 128.607 2.2
      vertex 39.8435 128.605 2.2
    endloop
  endfacet
  facet normal 0.0153004 -0.999883 0
    outer loop
      vertex 39.9742 128.607 2.2
      vertex 39.8435 128.605 0
      vertex 39.9742 128.607 0
    endloop
  endfacet
  facet normal 0.0871901 -0.996192 0
    outer loop
      vertex 35.4104 128.217 0
      vertex 39.8435 128.605 2.2
      vertex 35.4104 128.217 2.2
    endloop
  endfacet
  facet normal 0.0871901 -0.996192 0
    outer loop
      vertex 39.8435 128.605 2.2
      vertex 35.4104 128.217 0
      vertex 39.8435 128.605 0
    endloop
  endfacet
  facet normal -0.996193 -0.0871728 -3.96591e-18
    outer loop
      vertex 35.4104 128.217 0
      vertex 35.0392 132.459 2.2
      vertex 35.0392 132.459 0
    endloop
  endfacet
  facet normal -0.996193 -0.0871728 -3.96591e-18
    outer loop
      vertex 35.0392 132.459 2.2
      vertex 35.4104 128.217 0
      vertex 35.4104 128.217 2.2
    endloop
  endfacet
  facet normal 0.996194 0.087167 -4.97047e-18
    outer loop
      vertex 28.3374 127.598 2.2
      vertex 28.0112 131.326 0
      vertex 28.0112 131.326 2.2
    endloop
  endfacet
  facet normal 0.996194 0.087167 -4.97047e-18
    outer loop
      vertex 28.0112 131.326 0
      vertex 28.3374 127.598 2.2
      vertex 28.3374 127.598 0
    endloop
  endfacet
  facet normal 0.087192 -0.996192 0
    outer loop
      vertex 23.9044 127.21 0
      vertex 28.3374 127.598 2.2
      vertex 23.9044 127.21 2.2
    endloop
  endfacet
  facet normal 0.087192 -0.996192 0
    outer loop
      vertex 28.3374 127.598 2.2
      vertex 23.9044 127.21 0
      vertex 28.3374 127.598 0
    endloop
  endfacet
  facet normal 0.152861 -0.988248 0
    outer loop
      vertex 23.7751 127.19 0
      vertex 23.9044 127.21 2.2
      vertex 23.7751 127.19 2.2
    endloop
  endfacet
  facet normal 0.152861 -0.988248 0
    outer loop
      vertex 23.9044 127.21 2.2
      vertex 23.7751 127.19 0
      vertex 23.9044 127.21 0
    endloop
  endfacet
  facet normal 0.27553 -0.961293 0
    outer loop
      vertex 23.6495 127.154 0
      vertex 23.7751 127.19 2.2
      vertex 23.6495 127.154 2.2
    endloop
  endfacet
  facet normal 0.27553 -0.961293 0
    outer loop
      vertex 23.7751 127.19 2.2
      vertex 23.6495 127.154 0
      vertex 23.7751 127.19 0
    endloop
  endfacet
  facet normal 0.404862 -0.914378 0
    outer loop
      vertex 23.5298 127.101 0
      vertex 23.6495 127.154 2.2
      vertex 23.5298 127.101 2.2
    endloop
  endfacet
  facet normal 0.404862 -0.914378 0
    outer loop
      vertex 23.6495 127.154 2.2
      vertex 23.5298 127.101 0
      vertex 23.6495 127.154 0
    endloop
  endfacet
  facet normal 0.519317 -0.854582 0
    outer loop
      vertex 23.4179 127.033 0
      vertex 23.5298 127.101 2.2
      vertex 23.4179 127.033 2.2
    endloop
  endfacet
  facet normal 0.519317 -0.854582 0
    outer loop
      vertex 23.5298 127.101 2.2
      vertex 23.4179 127.033 0
      vertex 23.5298 127.101 0
    endloop
  endfacet
  facet normal 0.626557 -0.779376 0
    outer loop
      vertex 23.3159 126.951 0
      vertex 23.4179 127.033 2.2
      vertex 23.3159 126.951 2.2
    endloop
  endfacet
  facet normal 0.626557 -0.779376 0
    outer loop
      vertex 23.4179 127.033 2.2
      vertex 23.3159 126.951 0
      vertex 23.4179 127.033 0
    endloop
  endfacet
  facet normal 0.720774 -0.69317 8.7289e-19
    outer loop
      vertex 23.2255 126.857 2.2
      vertex 23.3159 126.951 0
      vertex 23.3159 126.951 2.2
    endloop
  endfacet
  facet normal 0.720774 -0.69317 8.7289e-19
    outer loop
      vertex 23.3159 126.951 0
      vertex 23.2255 126.857 2.2
      vertex 23.2255 126.857 0
    endloop
  endfacet
  facet normal 0.807614 -0.589711 9.65148e-19
    outer loop
      vertex 23.1481 126.751 2.2
      vertex 23.2255 126.857 0
      vertex 23.2255 126.857 2.2
    endloop
  endfacet
  facet normal 0.807614 -0.589711 9.65148e-19
    outer loop
      vertex 23.2255 126.857 0
      vertex 23.1481 126.751 2.2
      vertex 23.1481 126.751 0
    endloop
  endfacet
  facet normal 0.877341 -0.479867 -1.34056e-18
    outer loop
      vertex 23.0852 126.636 2.2
      vertex 23.1481 126.751 0
      vertex 23.1481 126.751 2.2
    endloop
  endfacet
  facet normal 0.877341 -0.479867 -1.34056e-18
    outer loop
      vertex 23.1481 126.751 0
      vertex 23.0852 126.636 2.2
      vertex 23.0852 126.636 0
    endloop
  endfacet
  facet normal 0.931106 -0.364747 6.34221e-19
    outer loop
      vertex 23.0378 126.515 2.2
      vertex 23.0852 126.636 0
      vertex 23.0852 126.636 2.2
    endloop
  endfacet
  facet normal 0.931106 -0.364747 6.34221e-19
    outer loop
      vertex 23.0852 126.636 0
      vertex 23.0378 126.515 2.2
      vertex 23.0378 126.515 0
    endloop
  endfacet
  facet normal 0.971729 -0.2361 7.55262e-19
    outer loop
      vertex 23.0067 126.387 2.2
      vertex 23.0378 126.515 0
      vertex 23.0378 126.515 2.2
    endloop
  endfacet
  facet normal 0.971729 -0.2361 7.55262e-19
    outer loop
      vertex 23.0378 126.515 0
      vertex 23.0067 126.387 2.2
      vertex 23.0067 126.387 0
    endloop
  endfacet
  facet normal 0.994087 -0.108585 -5.69677e-20
    outer loop
      vertex 22.9925 126.257 2.2
      vertex 23.0067 126.387 0
      vertex 23.0067 126.387 2.2
    endloop
  endfacet
  facet normal 0.994087 -0.108585 -5.69677e-20
    outer loop
      vertex 23.0067 126.387 0
      vertex 22.9925 126.257 2.2
      vertex 22.9925 126.257 0
    endloop
  endfacet
  facet normal 0.999768 0.0215335 -6.1053e-20
    outer loop
      vertex 22.9953 126.127 2.2
      vertex 22.9925 126.257 0
      vertex 22.9925 126.257 2.2
    endloop
  endfacet
  facet normal 0.999768 0.0215335 -6.1053e-20
    outer loop
      vertex 22.9925 126.257 0
      vertex 22.9953 126.127 2.2
      vertex 22.9953 126.127 0
    endloop
  endfacet
  facet normal 0.996195 0.0871548 4.18385e-17
    outer loop
      vertex 24.8692 104.708 2.2
      vertex 22.9953 126.127 0
      vertex 22.9953 126.127 2.2
    endloop
  endfacet
  facet normal 0.996195 0.0871548 4.18385e-17
    outer loop
      vertex 22.9953 126.127 0
      vertex 24.8692 104.708 2.2
      vertex 24.8692 104.708 0
    endloop
  endfacet
  facet normal 0.98831 0.15246 6.45452e-19
    outer loop
      vertex 24.8891 104.579 2.2
      vertex 24.8692 104.708 0
      vertex 24.8692 104.708 2.2
    endloop
  endfacet
  facet normal 0.98831 0.15246 6.45452e-19
    outer loop
      vertex 24.8692 104.708 0
      vertex 24.8891 104.579 2.2
      vertex 24.8891 104.579 0
    endloop
  endfacet
  facet normal 0.959707 0.281002 0
    outer loop
      vertex 24.9257 104.454 2.2
      vertex 24.8891 104.579 0
      vertex 24.8891 104.579 2.2
    endloop
  endfacet
  facet normal 0.959707 0.281002 0
    outer loop
      vertex 24.8891 104.579 0
      vertex 24.9257 104.454 2.2
      vertex 24.9257 104.454 0
    endloop
  endfacet
  facet normal 0.915877 0.401459 -2.92145e-19
    outer loop
      vertex 24.9783 104.334 2.2
      vertex 24.9257 104.454 0
      vertex 24.9257 104.454 2.2
    endloop
  endfacet
  facet normal 0.915877 0.401459 -2.92145e-19
    outer loop
      vertex 24.9257 104.454 0
      vertex 24.9783 104.334 2.2
      vertex 24.9783 104.334 0
    endloop
  endfacet
  facet normal 0.855126 0.51842 -4.19361e-19
    outer loop
      vertex 25.0462 104.222 2.2
      vertex 24.9783 104.334 0
      vertex 24.9783 104.334 2.2
    endloop
  endfacet
  facet normal 0.855126 0.51842 -4.19361e-19
    outer loop
      vertex 24.9783 104.334 0
      vertex 25.0462 104.222 2.2
      vertex 25.0462 104.222 0
    endloop
  endfacet
  facet normal 0.779749 0.626092 8.75571e-19
    outer loop
      vertex 25.1281 104.12 2.2
      vertex 25.0462 104.222 0
      vertex 25.0462 104.222 2.2
    endloop
  endfacet
  facet normal 0.779749 0.626092 8.75571e-19
    outer loop
      vertex 25.0462 104.222 0
      vertex 25.1281 104.12 2.2
      vertex 25.1281 104.12 0
    endloop
  endfacet
  facet normal 0.689655 0.724138 -0
    outer loop
      vertex 25.2226 104.03 0
      vertex 25.1281 104.12 2.2
      vertex 25.2226 104.03 2.2
    endloop
  endfacet
  facet normal 0.689655 0.724138 0
    outer loop
      vertex 25.1281 104.12 2.2
      vertex 25.2226 104.03 0
      vertex 25.1281 104.12 0
    endloop
  endfacet
  facet normal 0.594863 0.803827 -0
    outer loop
      vertex 25.328 103.952 0
      vertex 25.2226 104.03 2.2
      vertex 25.328 103.952 2.2
    endloop
  endfacet
  facet normal 0.594863 0.803827 0
    outer loop
      vertex 25.2226 104.03 2.2
      vertex 25.328 103.952 0
      vertex 25.2226 104.03 0
    endloop
  endfacet
  facet normal 0.48142 0.87649 -0
    outer loop
      vertex 25.4427 103.889 0
      vertex 25.328 103.952 2.2
      vertex 25.4427 103.889 2.2
    endloop
  endfacet
  facet normal 0.48142 0.87649 0
    outer loop
      vertex 25.328 103.952 2.2
      vertex 25.4427 103.889 0
      vertex 25.328 103.952 0
    endloop
  endfacet
  facet normal 0.359492 0.933148 -0
    outer loop
      vertex 25.5647 103.842 0
      vertex 25.4427 103.889 2.2
      vertex 25.5647 103.842 2.2
    endloop
  endfacet
  facet normal 0.359492 0.933148 0
    outer loop
      vertex 25.4427 103.889 2.2
      vertex 25.5647 103.842 0
      vertex 25.4427 103.889 0
    endloop
  endfacet
  facet normal 0.237132 0.971477 -0
    outer loop
      vertex 25.6917 103.811 0
      vertex 25.5647 103.842 2.2
      vertex 25.6917 103.811 2.2
    endloop
  endfacet
  facet normal 0.237132 0.971477 0
    outer loop
      vertex 25.5647 103.842 2.2
      vertex 25.6917 103.811 0
      vertex 25.5647 103.842 0
    endloop
  endfacet
  facet normal 0.107073 0.994251 -0
    outer loop
      vertex 25.8217 103.797 0
      vertex 25.6917 103.811 2.2
      vertex 25.8217 103.797 2.2
    endloop
  endfacet
  facet normal 0.107073 0.994251 0
    outer loop
      vertex 25.6917 103.811 2.2
      vertex 25.8217 103.797 0
      vertex 25.6917 103.811 0
    endloop
  endfacet
  facet normal -0.0152887 0.999883 0
    outer loop
      vertex 25.9525 103.799 0
      vertex 25.8217 103.797 2.2
      vertex 25.9525 103.799 2.2
    endloop
  endfacet
  facet normal -0.0152887 0.999883 0
    outer loop
      vertex 25.8217 103.797 2.2
      vertex 25.9525 103.799 0
      vertex 25.8217 103.797 0
    endloop
  endfacet
  facet normal 0 -1 0
    outer loop
      vertex 89.85 115.232 0
      vertex 107.939 115.232 2.2
      vertex 89.85 115.232 2.2
    endloop
  endfacet
  facet normal 0 -1 -0
    outer loop
      vertex 107.939 115.232 2.2
      vertex 89.85 115.232 0
      vertex 107.939 115.232 0
    endloop
  endfacet
  facet normal 1 -0 0
    outer loop
      vertex 89.85 107.932 2.2
      vertex 89.85 115.232 0
      vertex 89.85 115.232 2.2
    endloop
  endfacet
  facet normal 1 0 0
    outer loop
      vertex 89.85 115.232 0
      vertex 89.85 107.932 2.2
      vertex 89.85 107.932 0
    endloop
  endfacet
  facet normal 0 1 -0
    outer loop
      vertex 107.939 107.932 0
      vertex 89.85 107.932 2.2
      vertex 107.939 107.932 2.2
    endloop
  endfacet
  facet normal 0 1 0
    outer loop
      vertex 89.85 107.932 2.2
      vertex 107.939 107.932 0
      vertex 89.85 107.932 0
    endloop
  endfacet
endsolid OpenSCAD_Model
