solid OpenSCAD_Model
  facet normal 0 0 -1
    outer loop
      vertex 210.321 -4.2 0
      vertex 212.621 -4.2 0
      vertex 212.587 -4.7221 0
    endloop
  endfacet
  facet normal 0 0 -1
    outer loop
      vertex 210.307 -4.42189 0
      vertex 212.587 -4.7221 0
      vertex 212.485 -5.23528 0
    endloop
  endfacet
  facet normal 0 0 -1
    outer loop
      vertex 212.621 -4.2 0
      vertex 210.321 -4.2 0
      vertex 212.587 -3.67789 0
    endloop
  endfacet
  facet normal 0 0 -1
    outer loop
      vertex 210.307 -3.9781 0
      vertex 212.587 -3.67789 0
      vertex 210.321 -4.2 0
    endloop
  endfacet
  facet normal 0 0 -1
    outer loop
      vertex 210.263 -4.63999 0
      vertex 212.485 -5.23528 0
      vertex 212.317 -5.73073 0
    endloop
  endfacet
  facet normal 0 0 -1
    outer loop
      vertex 268.544 19.2026 0
      vertex 268.543 19.5114 0
      vertex 268.546 19.3539 0
    endloop
  endfacet
  facet normal 0 0 -1
    outer loop
      vertex 268.537 19.0507 0
      vertex 268.543 19.5114 0
      vertex 268.544 19.2026 0
    endloop
  endfacet
  facet normal 0 0 -1
    outer loop
      vertex 268.537 19.0507 0
      vertex 268.535 19.6634 0
      vertex 268.543 19.5114 0
    endloop
  endfacet
  facet normal 0 0 -1
    outer loop
      vertex 268.524 18.8945 0
      vertex 268.535 19.6634 0
      vertex 268.537 19.0507 0
    endloop
  endfacet
  facet normal 0 0 -1
    outer loop
      vertex 268.524 18.8945 0
      vertex 268.523 19.8142 0
      vertex 268.535 19.6634 0
    endloop
  endfacet
  facet normal 0 0 -1
    outer loop
      vertex 268.507 18.7432 0
      vertex 268.523 19.8142 0
      vertex 268.524 18.8945 0
    endloop
  endfacet
  facet normal 0 0 -1
    outer loop
      vertex 268.507 18.7432 0
      vertex 268.504 19.9705 0
      vertex 268.523 19.8142 0
    endloop
  endfacet
  facet normal 0 0 -1
    outer loop
      vertex 268.507 18.7432 0
      vertex 268.49 20.0634 0
      vertex 268.504 19.9705 0
    endloop
  endfacet
  facet normal 0 0 -1
    outer loop
      vertex 260.039 20.9331 0
      vertex 268.507 18.7432 0
      vertex 268.485 18.5915 0
    endloop
  endfacet
  facet normal 0 0 -1
    outer loop
      vertex 260.039 20.9331 0
      vertex 268.485 18.5915 0
      vertex 268.458 18.4406 0
    endloop
  endfacet
  facet normal 0 0 -1
    outer loop
      vertex 260.039 20.9331 0
      vertex 268.458 18.4406 0
      vertex 268.426 18.2902 0
    endloop
  endfacet
  facet normal 0 0 -1
    outer loop
      vertex 260.039 20.9331 0
      vertex 268.426 18.2902 0
      vertex 268.388 18.1386 0
    endloop
  endfacet
  facet normal 0 0 -1
    outer loop
      vertex 260.039 20.9331 0
      vertex 268.388 18.1386 0
      vertex 268.346 17.9895 0
    endloop
  endfacet
  facet normal 0 0 -1
    outer loop
      vertex 260.039 20.9331 0
      vertex 268.346 17.9895 0
      vertex 268.3 17.8468 0
    endloop
  endfacet
  facet normal 0 0 -1
    outer loop
      vertex 268.507 18.7432 0
      vertex 260.039 20.9331 0
      vertex 268.49 20.0634 0
    endloop
  endfacet
  facet normal 0 0 -1
    outer loop
      vertex 260.039 20.9331 0
      vertex 268.3 17.8468 0
      vertex 268.249 17.7005 0
    endloop
  endfacet
  facet normal 0 0 -1
    outer loop
      vertex 270.471 31.04 0
      vertex 272.771 31.04 0
      vertex 272.737 30.5179 0
    endloop
  endfacet
  facet normal 0 0 -1
    outer loop
      vertex 270.457 30.8181 0
      vertex 272.737 30.5179 0
      vertex 272.635 30.0047 0
    endloop
  endfacet
  facet normal 0 0 -1
    outer loop
      vertex 272.771 31.04 0
      vertex 270.471 31.04 0
      vertex 272.737 31.5621 0
    endloop
  endfacet
  facet normal 0 0 -1
    outer loop
      vertex 270.413 30.6 0
      vertex 272.635 30.0047 0
      vertex 272.467 29.5093 0
    endloop
  endfacet
  facet normal 0 0 -1
    outer loop
      vertex 270.457 31.2619 0
      vertex 272.737 31.5621 0
      vertex 270.471 31.04 0
    endloop
  endfacet
  facet normal -0 0 -1
    outer loop
      vertex 272.737 31.5621 0
      vertex 270.457 31.2619 0
      vertex 272.635 32.0753 0
    endloop
  endfacet
  facet normal 0 0 -1
    outer loop
      vertex 270.342 30.3894 0
      vertex 272.467 29.5093 0
      vertex 272.236 29.04 0
    endloop
  endfacet
  facet normal 0 0 -1
    outer loop
      vertex 355.691 25.22 0
      vertex 357.991 25.22 0
      vertex 357.957 24.6979 0
    endloop
  endfacet
  facet normal 0 0 -1
    outer loop
      vertex 355.677 24.9981 0
      vertex 357.957 24.6979 0
      vertex 357.855 24.1847 0
    endloop
  endfacet
  facet normal 0 0 -1
    outer loop
      vertex 357.991 25.22 0
      vertex 355.691 25.22 0
      vertex 357.957 25.7421 0
    endloop
  endfacet
  facet normal 0 0 -1
    outer loop
      vertex 355.633 24.78 0
      vertex 357.855 24.1847 0
      vertex 357.687 23.6893 0
    endloop
  endfacet
  facet normal 0 0 -1
    outer loop
      vertex 355.677 25.4419 0
      vertex 357.957 25.7421 0
      vertex 355.691 25.22 0
    endloop
  endfacet
  facet normal 0 0 -1
    outer loop
      vertex 355.562 24.5694 0
      vertex 357.687 23.6893 0
      vertex 357.456 23.22 0
    endloop
  endfacet
  facet normal -0 0 -1
    outer loop
      vertex 357.957 25.7421 0
      vertex 355.677 25.4419 0
      vertex 357.855 26.2553 0
    endloop
  endfacet
  facet normal 0 0 -1
    outer loop
      vertex 355.464 24.37 0
      vertex 357.456 23.22 0
      vertex 357.165 22.785 0
    endloop
  endfacet
  facet normal 0 0 -1
    outer loop
      vertex 355.633 25.66 0
      vertex 357.855 26.2553 0
      vertex 355.677 25.4419 0
    endloop
  endfacet
  facet normal 0 0 -1
    outer loop
      vertex 355.34 24.1851 0
      vertex 357.165 22.785 0
      vertex 356.82 22.3916 0
    endloop
  endfacet
  facet normal -0 0 -1
    outer loop
      vertex 357.855 26.2553 0
      vertex 355.633 25.66 0
      vertex 357.687 26.7507 0
    endloop
  endfacet
  facet normal 0 0 -1
    outer loop
      vertex 355.193 24.0179 0
      vertex 356.82 22.3916 0
      vertex 356.426 22.0466 0
    endloop
  endfacet
  facet normal 0 0 -1
    outer loop
      vertex 355.562 25.8706 0
      vertex 357.687 26.7507 0
      vertex 355.633 25.66 0
    endloop
  endfacet
  facet normal 0 0 -1
    outer loop
      vertex 355.026 23.8713 0
      vertex 356.426 22.0466 0
      vertex 355.991 21.7559 0
    endloop
  endfacet
  facet normal -0 0 -1
    outer loop
      vertex 357.687 26.7507 0
      vertex 355.562 25.8706 0
      vertex 357.456 27.22 0
    endloop
  endfacet
  facet normal 0 0 -1
    outer loop
      vertex 355.464 26.07 0
      vertex 357.456 27.22 0
      vertex 355.562 25.8706 0
    endloop
  endfacet
  facet normal 0 0 -1
    outer loop
      vertex 357.957 24.6979 0
      vertex 355.677 24.9981 0
      vertex 355.691 25.22 0
    endloop
  endfacet
  facet normal 0 0 -1
    outer loop
      vertex 357.855 24.1847 0
      vertex 355.633 24.78 0
      vertex 355.677 24.9981 0
    endloop
  endfacet
  facet normal 0 0 -1
    outer loop
      vertex 357.687 23.6893 0
      vertex 355.562 24.5694 0
      vertex 355.633 24.78 0
    endloop
  endfacet
  facet normal 0 0 -1
    outer loop
      vertex 354.841 23.7478 0
      vertex 355.991 21.7559 0
      vertex 355.522 21.5245 0
    endloop
  endfacet
  facet normal 0 0 -1
    outer loop
      vertex 357.456 23.22 0
      vertex 355.464 24.37 0
      vertex 355.562 24.5694 0
    endloop
  endfacet
  facet normal 0 0 -1
    outer loop
      vertex 357.165 22.785 0
      vertex 355.34 24.1851 0
      vertex 355.464 24.37 0
    endloop
  endfacet
  facet normal 0 0 -1
    outer loop
      vertex 356.82 22.3916 0
      vertex 355.193 24.0179 0
      vertex 355.34 24.1851 0
    endloop
  endfacet
  facet normal 0 0 -1
    outer loop
      vertex 354.642 23.6494 0
      vertex 355.522 21.5245 0
      vertex 355.027 21.3563 0
    endloop
  endfacet
  facet normal 0 0 -1
    outer loop
      vertex 356.426 22.0466 0
      vertex 355.026 23.8713 0
      vertex 355.193 24.0179 0
    endloop
  endfacet
  facet normal 0 0 -1
    outer loop
      vertex 355.991 21.7559 0
      vertex 354.841 23.7478 0
      vertex 355.026 23.8713 0
    endloop
  endfacet
  facet normal 0 0 -1
    outer loop
      vertex 355.522 21.5245 0
      vertex 354.642 23.6494 0
      vertex 354.841 23.7478 0
    endloop
  endfacet
  facet normal 0 0 -1
    outer loop
      vertex 354.431 23.5779 0
      vertex 355.027 21.3563 0
      vertex 354.514 21.2542 0
    endloop
  endfacet
  facet normal 0 0 -1
    outer loop
      vertex 355.027 21.3563 0
      vertex 354.431 23.5779 0
      vertex 354.642 23.6494 0
    endloop
  endfacet
  facet normal 0 0 -1
    outer loop
      vertex 354.514 21.2542 0
      vertex 354.213 23.5345 0
      vertex 354.431 23.5779 0
    endloop
  endfacet
  facet normal 0 0 -1
    outer loop
      vertex 353.991 21.22 0
      vertex 354.213 23.5345 0
      vertex 354.514 21.2542 0
    endloop
  endfacet
  facet normal 0 0 -1
    outer loop
      vertex 353.991 21.22 0
      vertex 353.991 23.52 0
      vertex 354.213 23.5345 0
    endloop
  endfacet
  facet normal 0 0 -1
    outer loop
      vertex 353.991 21.22 0
      vertex 353.77 23.5345 0
      vertex 353.991 23.52 0
    endloop
  endfacet
  facet normal 0 0 -1
    outer loop
      vertex 353.469 21.2542 0
      vertex 353.77 23.5345 0
      vertex 353.991 21.22 0
    endloop
  endfacet
  facet normal -0 0 -1
    outer loop
      vertex 353.77 23.5345 0
      vertex 353.469 21.2542 0
      vertex 353.551 23.5779 0
    endloop
  endfacet
  facet normal 0 0 -1
    outer loop
      vertex 352.956 21.3563 0
      vertex 353.551 23.5779 0
      vertex 353.469 21.2542 0
    endloop
  endfacet
  facet normal -0 0 -1
    outer loop
      vertex 353.551 23.5779 0
      vertex 352.956 21.3563 0
      vertex 353.341 23.6494 0
    endloop
  endfacet
  facet normal 0 0 -1
    outer loop
      vertex 352.461 21.5245 0
      vertex 353.341 23.6494 0
      vertex 352.956 21.3563 0
    endloop
  endfacet
  facet normal -0 0 -1
    outer loop
      vertex 353.341 23.6494 0
      vertex 352.461 21.5245 0
      vertex 353.141 23.7478 0
    endloop
  endfacet
  facet normal 0 0 -1
    outer loop
      vertex 351.991 21.7559 0
      vertex 353.141 23.7478 0
      vertex 352.461 21.5245 0
    endloop
  endfacet
  facet normal -0 0 -1
    outer loop
      vertex 353.141 23.7478 0
      vertex 351.991 21.7559 0
      vertex 352.957 23.8713 0
    endloop
  endfacet
  facet normal 0 0 -1
    outer loop
      vertex 351.556 22.0466 0
      vertex 352.957 23.8713 0
      vertex 351.991 21.7559 0
    endloop
  endfacet
  facet normal -0 0 -1
    outer loop
      vertex 352.957 23.8713 0
      vertex 351.556 22.0466 0
      vertex 352.789 24.0179 0
    endloop
  endfacet
  facet normal 0 0 -1
    outer loop
      vertex 351.163 22.3916 0
      vertex 352.789 24.0179 0
      vertex 351.556 22.0466 0
    endloop
  endfacet
  facet normal 0 0 -1
    outer loop
      vertex 351.123 22.4371 0
      vertex 352.789 24.0179 0
      vertex 351.163 22.3916 0
    endloop
  endfacet
  facet normal -0 0 -1
    outer loop
      vertex 352.789 24.0179 0
      vertex 351.123 22.4371 0
      vertex 352.643 24.1851 0
    endloop
  endfacet
  facet normal -0 0 -1
    outer loop
      vertex 352.643 24.1851 0
      vertex 351.123 22.4371 0
      vertex 352.519 24.37 0
    endloop
  endfacet
  facet normal -0 0 -1
    outer loop
      vertex 352.519 24.37 0
      vertex 351.123 22.4371 0
      vertex 352.421 24.5694 0
    endloop
  endfacet
  facet normal -0 0 -1
    outer loop
      vertex 352.349 24.78 0
      vertex 351.123 22.4371 0
      vertex 352.306 24.9981 0
    endloop
  endfacet
  facet normal 0 0 -1
    outer loop
      vertex 352.306 25.4419 0
      vertex 350.891 93.238 0
      vertex 352.02 108.593 0
    endloop
  endfacet
  facet normal -0 0 -1
    outer loop
      vertex 352.306 24.9981 0
      vertex 351.123 22.4371 0
      vertex 352.291 25.22 0
    endloop
  endfacet
  facet normal 0 0 -1
    outer loop
      vertex 336.247 94.5192 0
      vertex 352.02 108.593 0
      vertex 350.891 93.238 0
    endloop
  endfacet
  facet normal 0 0 -1
    outer loop
      vertex 345.165 27.7881 0
      vertex 352.291 25.22 0
      vertex 351.123 22.4371 0
    endloop
  endfacet
  facet normal 0 0 -1
    outer loop
      vertex 352.291 25.22 0
      vertex 345.165 27.7881 0
      vertex 352.306 25.4419 0
    endloop
  endfacet
  facet normal 0 0 -1
    outer loop
      vertex 350.998 22.3126 0
      vertex 351.123 22.4371 0
      vertex 351.105 22.4175 0
    endloop
  endfacet
  facet normal -0 0 -1
    outer loop
      vertex 351.123 22.4371 0
      vertex 350.998 22.3126 0
      vertex 345.165 27.7881 0
    endloop
  endfacet
  facet normal 0 0 -1
    outer loop
      vertex 345.165 27.7881 0
      vertex 350.998 22.3126 0
      vertex 350.902 22.2231 0
    endloop
  endfacet
  facet normal 0 0 -1
    outer loop
      vertex 333.264 98.2935 0
      vertex 352.02 108.593 0
      vertex 336.247 94.5192 0
    endloop
  endfacet
  facet normal 0 0 -1
    outer loop
      vertex 332.232 104.708 0
      vertex 352.02 108.593 0
      vertex 333.264 98.2935 0
    endloop
  endfacet
  facet normal -0 0 -1
    outer loop
      vertex 352.02 108.593 0
      vertex 332.232 104.708 0
      vertex 351.601 109.488 0
    endloop
  endfacet
  facet normal -0 0 -1
    outer loop
      vertex 351.165 110.403 0
      vertex 332.232 104.708 0
      vertex 350.709 111.336 0
    endloop
  endfacet
  facet normal -0 0 -1
    outer loop
      vertex 350.709 111.336 0
      vertex 332.232 104.708 0
      vertex 350.234 112.286 0
    endloop
  endfacet
  facet normal -0 0 -1
    outer loop
      vertex 350.234 112.286 0
      vertex 332.232 104.708 0
      vertex 349.739 113.251 0
    endloop
  endfacet
  facet normal -0 0 -1
    outer loop
      vertex 349.222 114.23 0
      vertex 332.232 104.708 0
      vertex 348.684 115.219 0
    endloop
  endfacet
  facet normal -0 0 -1
    outer loop
      vertex 348.684 115.219 0
      vertex 332.232 104.708 0
      vertex 348.123 116.219 0
    endloop
  endfacet
  facet normal -0 0 -1
    outer loop
      vertex 348.123 116.219 0
      vertex 332.232 104.708 0
      vertex 347.538 117.227 0
    endloop
  endfacet
  facet normal -0 0 -1
    outer loop
      vertex 347.538 117.227 0
      vertex 332.232 104.708 0
      vertex 346.928 118.242 0
    endloop
  endfacet
  facet normal -0 0 -1
    outer loop
      vertex 346.928 118.242 0
      vertex 332.232 104.708 0
      vertex 346.293 119.261 0
    endloop
  endfacet
  facet normal -0 0 -1
    outer loop
      vertex 346.293 119.261 0
      vertex 332.232 104.708 0
      vertex 345.632 120.283 0
    endloop
  endfacet
  facet normal -0 0 -1
    outer loop
      vertex 345.632 120.283 0
      vertex 332.232 104.708 0
      vertex 344.944 121.307 0
    endloop
  endfacet
  facet normal 0 -0 -1
    outer loop
      vertex 334.106 126.127 0
      vertex 344.944 121.307 0
      vertex 332.232 104.708 0
    endloop
  endfacet
  facet normal 0 0 -1
    outer loop
      vertex 344.944 121.307 0
      vertex 334.106 126.127 0
      vertex 344.228 122.33 0
    endloop
  endfacet
  facet normal 0 0 -1
    outer loop
      vertex 344.228 122.33 0
      vertex 334.106 126.127 0
      vertex 343.482 123.352 0
    endloop
  endfacet
  facet normal 0 0 -1
    outer loop
      vertex 343.482 123.352 0
      vertex 334.106 126.127 0
      vertex 342.707 124.37 0
    endloop
  endfacet
  facet normal 0 0 -1
    outer loop
      vertex 342.707 124.37 0
      vertex 334.106 126.127 0
      vertex 341.901 125.382 0
    endloop
  endfacet
  facet normal 0 0 -1
    outer loop
      vertex 339.964 130.75 0
      vertex 341.956 131.9 0
      vertex 340.062 130.551 0
    endloop
  endfacet
  facet normal 0 0 -1
    outer loop
      vertex 340.926 126.727 0
      vertex 340.177 129.678 0
      vertex 340.191 129.9 0
    endloop
  endfacet
  facet normal 0 0 -1
    outer loop
      vertex 340.926 126.727 0
      vertex 340.133 129.46 0
      vertex 340.177 129.678 0
    endloop
  endfacet
  facet normal 0 0 -1
    outer loop
      vertex 340.926 126.727 0
      vertex 340.062 129.249 0
      vertex 340.133 129.46 0
    endloop
  endfacet
  facet normal 0 0 -1
    outer loop
      vertex 340.926 126.727 0
      vertex 339.964 129.05 0
      vertex 340.062 129.249 0
    endloop
  endfacet
  facet normal 0 0 -1
    outer loop
      vertex 341.901 125.382 0
      vertex 334.106 126.127 0
      vertex 341.064 126.387 0
    endloop
  endfacet
  facet normal 0 0 -1
    outer loop
      vertex 340.926 126.727 0
      vertex 339.84 128.865 0
      vertex 339.964 129.05 0
    endloop
  endfacet
  facet normal 0 0 -1
    outer loop
      vertex 340.926 126.727 0
      vertex 339.693 128.698 0
      vertex 339.84 128.865 0
    endloop
  endfacet
  facet normal 0 0 -1
    outer loop
      vertex 340.926 126.727 0
      vertex 339.526 128.551 0
      vertex 339.693 128.698 0
    endloop
  endfacet
  facet normal 0 0 -1
    outer loop
      vertex 340.826 126.659 0
      vertex 339.341 128.428 0
      vertex 339.526 128.551 0
    endloop
  endfacet
  facet normal -0 0 -1
    outer loop
      vertex 341.064 126.387 0
      vertex 334.106 126.127 0
      vertex 340.826 126.659 0
    endloop
  endfacet
  facet normal 0 0 -1
    outer loop
      vertex 340.826 126.659 0
      vertex 339.142 128.329 0
      vertex 339.341 128.428 0
    endloop
  endfacet
  facet normal 0 0 -1
    outer loop
      vertex 340.826 126.659 0
      vertex 338.931 128.258 0
      vertex 339.142 128.329 0
    endloop
  endfacet
  facet normal 0 -0 -1
    outer loop
      vertex 338.27 128.215 0
      vertex 340.826 126.659 0
      vertex 334.106 126.127 0
    endloop
  endfacet
  facet normal 0 0 -1
    outer loop
      vertex 340.826 126.659 0
      vertex 338.713 128.215 0
      vertex 338.931 128.258 0
    endloop
  endfacet
  facet normal 0 0 -1
    outer loop
      vertex 340.826 126.659 0
      vertex 338.491 128.2 0
      vertex 338.713 128.215 0
    endloop
  endfacet
  facet normal 0 0 -1
    outer loop
      vertex 340.826 126.659 0
      vertex 338.27 128.215 0
      vertex 338.491 128.2 0
    endloop
  endfacet
  facet normal -0 0 -1
    outer loop
      vertex 338.27 128.215 0
      vertex 334.106 126.127 0
      vertex 338.051 128.258 0
    endloop
  endfacet
  facet normal -0 0 -1
    outer loop
      vertex 338.051 128.258 0
      vertex 334.106 126.127 0
      vertex 337.841 128.329 0
    endloop
  endfacet
  facet normal -0 0 -1
    outer loop
      vertex 337.841 128.329 0
      vertex 334.106 126.127 0
      vertex 337.641 128.428 0
    endloop
  endfacet
  facet normal 0 -0 -1
    outer loop
      vertex 334.109 126.257 0
      vertex 337.641 128.428 0
      vertex 334.106 126.127 0
    endloop
  endfacet
  facet normal 0 0 -1
    outer loop
      vertex 334.095 126.387 0
      vertex 337.641 128.428 0
      vertex 334.109 126.257 0
    endloop
  endfacet
  facet normal -0 0 -1
    outer loop
      vertex 337.641 128.428 0
      vertex 334.095 126.387 0
      vertex 337.457 128.551 0
    endloop
  endfacet
  facet normal 0 0 -1
    outer loop
      vertex 334.76 131.326 0
      vertex 336.791 129.9 0
      vertex 336.806 129.678 0
    endloop
  endfacet
  facet normal -0 0 -1
    outer loop
      vertex 349.739 113.251 0
      vertex 332.232 104.708 0
      vertex 349.222 114.23 0
    endloop
  endfacet
  facet normal 0 0 -1
    outer loop
      vertex 334.064 126.515 0
      vertex 337.457 128.551 0
      vertex 334.095 126.387 0
    endloop
  endfacet
  facet normal -0 0 -1
    outer loop
      vertex 337.457 128.551 0
      vertex 334.064 126.515 0
      vertex 337.289 128.698 0
    endloop
  endfacet
  facet normal 0 0 -1
    outer loop
      vertex 334.016 126.636 0
      vertex 337.289 128.698 0
      vertex 334.064 126.515 0
    endloop
  endfacet
  facet normal 0 0 -1
    outer loop
      vertex 333.953 126.751 0
      vertex 337.143 128.865 0
      vertex 334.016 126.636 0
    endloop
  endfacet
  facet normal -0 0 -1
    outer loop
      vertex 337.143 128.865 0
      vertex 333.953 126.751 0
      vertex 337.019 129.05 0
    endloop
  endfacet
  facet normal 0 0 -1
    outer loop
      vertex 333.876 126.857 0
      vertex 337.019 129.05 0
      vertex 333.953 126.751 0
    endloop
  endfacet
  facet normal 0 0 -1
    outer loop
      vertex 336.791 129.9 0
      vertex 334.76 131.326 0
      vertex 334.796 131.431 0
    endloop
  endfacet
  facet normal 0 0 -1
    outer loop
      vertex 331.983 83.6495 0
      vertex 336.247 94.5192 0
      vertex 334.965 79.8752 0
    endloop
  endfacet
  facet normal -0 0 -1
    outer loop
      vertex 351.601 109.488 0
      vertex 332.232 104.708 0
      vertex 351.165 110.403 0
    endloop
  endfacet
  facet normal -0 0 -1
    outer loop
      vertex 357.456 27.22 0
      vertex 355.464 26.07 0
      vertex 357.165 27.655 0
    endloop
  endfacet
  facet normal 0 0 -1
    outer loop
      vertex 355.34 26.2549 0
      vertex 357.165 27.655 0
      vertex 355.464 26.07 0
    endloop
  endfacet
  facet normal -0 0 -1
    outer loop
      vertex 357.165 27.655 0
      vertex 355.34 26.2549 0
      vertex 356.82 28.0484 0
    endloop
  endfacet
  facet normal 0 0 -1
    outer loop
      vertex 355.193 26.4221 0
      vertex 356.82 28.0484 0
      vertex 355.34 26.2549 0
    endloop
  endfacet
  facet normal -0 0 -1
    outer loop
      vertex 356.82 28.0484 0
      vertex 355.193 26.4221 0
      vertex 356.426 28.3934 0
    endloop
  endfacet
  facet normal 0 0 -1
    outer loop
      vertex 355.026 26.5687 0
      vertex 356.426 28.3934 0
      vertex 355.193 26.4221 0
    endloop
  endfacet
  facet normal -0 0 -1
    outer loop
      vertex 356.426 28.3934 0
      vertex 355.026 26.5687 0
      vertex 355.991 28.6841 0
    endloop
  endfacet
  facet normal 0 0 -1
    outer loop
      vertex 354.841 26.6922 0
      vertex 355.991 28.6841 0
      vertex 355.026 26.5687 0
    endloop
  endfacet
  facet normal 0 0 -1
    outer loop
      vertex 363.001 85 0
      vertex 365.301 85 0
      vertex 365.267 84.4779 0
    endloop
  endfacet
  facet normal 0 0 -1
    outer loop
      vertex 362.987 84.7781 0
      vertex 365.267 84.4779 0
      vertex 365.165 83.9647 0
    endloop
  endfacet
  facet normal 0 0 -1
    outer loop
      vertex 365.301 85 0
      vertex 363.001 85 0
      vertex 365.267 85.5221 0
    endloop
  endfacet
  facet normal 0 0 -1
    outer loop
      vertex 362.943 84.56 0
      vertex 365.165 83.9647 0
      vertex 364.997 83.4693 0
    endloop
  endfacet
  facet normal 0 0 -1
    outer loop
      vertex 362.987 85.2219 0
      vertex 365.267 85.5221 0
      vertex 363.001 85 0
    endloop
  endfacet
  facet normal 0 0 -1
    outer loop
      vertex 362.872 84.3494 0
      vertex 364.997 83.4693 0
      vertex 364.766 83 0
    endloop
  endfacet
  facet normal -0 0 -1
    outer loop
      vertex 365.267 85.5221 0
      vertex 362.987 85.2219 0
      vertex 365.165 86.0353 0
    endloop
  endfacet
  facet normal 0 0 -1
    outer loop
      vertex 362.774 84.15 0
      vertex 364.766 83 0
      vertex 364.475 82.565 0
    endloop
  endfacet
  facet normal 0 0 -1
    outer loop
      vertex 362.943 85.44 0
      vertex 365.165 86.0353 0
      vertex 362.987 85.2219 0
    endloop
  endfacet
  facet normal 0 0 -1
    outer loop
      vertex 362.65 83.9651 0
      vertex 364.475 82.565 0
      vertex 364.13 82.1716 0
    endloop
  endfacet
  facet normal -0 0 -1
    outer loop
      vertex 365.165 86.0353 0
      vertex 362.943 85.44 0
      vertex 364.997 86.5307 0
    endloop
  endfacet
  facet normal 0 0 -1
    outer loop
      vertex 362.503 83.7979 0
      vertex 364.13 82.1716 0
      vertex 363.736 81.8266 0
    endloop
  endfacet
  facet normal 0 0 -1
    outer loop
      vertex 362.872 85.6506 0
      vertex 364.997 86.5307 0
      vertex 362.943 85.44 0
    endloop
  endfacet
  facet normal 0 0 -1
    outer loop
      vertex 362.336 83.6513 0
      vertex 363.736 81.8266 0
      vertex 363.301 81.5359 0
    endloop
  endfacet
  facet normal -0 0 -1
    outer loop
      vertex 364.997 86.5307 0
      vertex 362.872 85.6506 0
      vertex 364.766 87 0
    endloop
  endfacet
  facet normal 0 0 -1
    outer loop
      vertex 362.774 85.85 0
      vertex 364.766 87 0
      vertex 362.872 85.6506 0
    endloop
  endfacet
  facet normal 0 0 -1
    outer loop
      vertex 365.267 84.4779 0
      vertex 362.987 84.7781 0
      vertex 363.001 85 0
    endloop
  endfacet
  facet normal 0 0 -1
    outer loop
      vertex 365.165 83.9647 0
      vertex 362.943 84.56 0
      vertex 362.987 84.7781 0
    endloop
  endfacet
  facet normal 0 0 -1
    outer loop
      vertex 364.997 83.4693 0
      vertex 362.872 84.3494 0
      vertex 362.943 84.56 0
    endloop
  endfacet
  facet normal 0 0 -1
    outer loop
      vertex 362.151 83.5278 0
      vertex 363.301 81.5359 0
      vertex 362.832 81.3045 0
    endloop
  endfacet
  facet normal 0 0 -1
    outer loop
      vertex 364.766 83 0
      vertex 362.774 84.15 0
      vertex 362.872 84.3494 0
    endloop
  endfacet
  facet normal 0 0 -1
    outer loop
      vertex 364.475 82.565 0
      vertex 362.65 83.9651 0
      vertex 362.774 84.15 0
    endloop
  endfacet
  facet normal 0 0 -1
    outer loop
      vertex 364.13 82.1716 0
      vertex 362.503 83.7979 0
      vertex 362.65 83.9651 0
    endloop
  endfacet
  facet normal 0 0 -1
    outer loop
      vertex 361.952 83.4294 0
      vertex 362.832 81.3045 0
      vertex 362.337 81.1363 0
    endloop
  endfacet
  facet normal 0 0 -1
    outer loop
      vertex 363.736 81.8266 0
      vertex 362.336 83.6513 0
      vertex 362.503 83.7979 0
    endloop
  endfacet
  facet normal 0 0 -1
    outer loop
      vertex 363.301 81.5359 0
      vertex 362.151 83.5278 0
      vertex 362.336 83.6513 0
    endloop
  endfacet
  facet normal 0 0 -1
    outer loop
      vertex 362.832 81.3045 0
      vertex 361.952 83.4294 0
      vertex 362.151 83.5278 0
    endloop
  endfacet
  facet normal 0 0 -1
    outer loop
      vertex 361.741 83.3579 0
      vertex 362.337 81.1363 0
      vertex 361.824 81.0342 0
    endloop
  endfacet
  facet normal 0 0 -1
    outer loop
      vertex 362.337 81.1363 0
      vertex 361.741 83.3579 0
      vertex 361.952 83.4294 0
    endloop
  endfacet
  facet normal 0 0 -1
    outer loop
      vertex 361.824 81.0342 0
      vertex 361.523 83.3145 0
      vertex 361.741 83.3579 0
    endloop
  endfacet
  facet normal 0 0 -1
    outer loop
      vertex 361.301 81 0
      vertex 361.523 83.3145 0
      vertex 361.824 81.0342 0
    endloop
  endfacet
  facet normal 0 0 -1
    outer loop
      vertex 361.301 81 0
      vertex 361.301 83.3 0
      vertex 361.523 83.3145 0
    endloop
  endfacet
  facet normal 0 0 -1
    outer loop
      vertex 361.301 81 0
      vertex 361.079 83.3145 0
      vertex 361.301 83.3 0
    endloop
  endfacet
  facet normal 0 0 -1
    outer loop
      vertex 360.779 81.0342 0
      vertex 361.079 83.3145 0
      vertex 361.301 81 0
    endloop
  endfacet
  facet normal 0 0 -1
    outer loop
      vertex 360.778 81.0346 0
      vertex 361.079 83.3145 0
      vertex 360.779 81.0342 0
    endloop
  endfacet
  facet normal -0 0 -1
    outer loop
      vertex 361.079 83.3145 0
      vertex 360.778 81.0346 0
      vertex 360.861 83.3579 0
    endloop
  endfacet
  facet normal 0 0 -1
    outer loop
      vertex 359.731 84.3494 0
      vertex 360.766 79.8835 0
      vertex 360.742 78.1296 0
    endloop
  endfacet
  facet normal 0 0 -1
    outer loop
      vertex 359.659 84.56 0
      vertex 360.742 78.1296 0
      vertex 360.711 76.3148 0
    endloop
  endfacet
  facet normal 0 0 -1
    outer loop
      vertex 359.659 84.56 0
      vertex 360.711 76.3148 0
      vertex 360.672 74.4453 0
    endloop
  endfacet
  facet normal 0 0 -1
    outer loop
      vertex 360.778 81.0346 0
      vertex 360.651 83.4294 0
      vertex 360.861 83.3579 0
    endloop
  endfacet
  facet normal 0 0 -1
    outer loop
      vertex 360.766 79.8835 0
      vertex 359.731 84.3494 0
      vertex 359.829 84.15 0
    endloop
  endfacet
  facet normal 0 0 -1
    outer loop
      vertex 359.659 84.56 0
      vertex 360.672 74.4453 0
      vertex 360.624 72.5277 0
    endloop
  endfacet
  facet normal 0 0 -1
    outer loop
      vertex 359.616 84.7781 0
      vertex 360.624 72.5277 0
      vertex 360.567 70.5682 0
    endloop
  endfacet
  facet normal 0 0 -1
    outer loop
      vertex 359.616 84.7781 0
      vertex 360.567 70.5682 0
      vertex 360.499 68.5727 0
    endloop
  endfacet
  facet normal 0 0 -1
    outer loop
      vertex 360.778 81.0346 0
      vertex 360.451 83.5278 0
      vertex 360.651 83.4294 0
    endloop
  endfacet
  facet normal 0 0 -1
    outer loop
      vertex 353.175 106.049 0
      vertex 360.499 68.5727 0
      vertex 360.421 66.5475 0
    endloop
  endfacet
  facet normal 0 0 -1
    outer loop
      vertex 352.421 107.721 0
      vertex 360.421 66.5475 0
      vertex 360.33 64.4992 0
    endloop
  endfacet
  facet normal 0 0 -1
    outer loop
      vertex 360.778 81.0346 0
      vertex 360.267 83.6513 0
      vertex 360.451 83.5278 0
    endloop
  endfacet
  facet normal 0 0 -1
    outer loop
      vertex 352.02 108.593 0
      vertex 360.33 64.4992 0
      vertex 360.228 62.4336 0
    endloop
  endfacet
  facet normal 0 0 -1
    outer loop
      vertex 352.02 108.593 0
      vertex 360.228 62.4336 0
      vertex 360.112 60.3571 0
    endloop
  endfacet
  facet normal 0 0 -1
    outer loop
      vertex 360.778 81.0346 0
      vertex 360.099 83.7979 0
      vertex 360.267 83.6513 0
    endloop
  endfacet
  facet normal 0 0 -1
    outer loop
      vertex 352.02 108.593 0
      vertex 360.112 60.3571 0
      vertex 359.983 58.2757 0
    endloop
  endfacet
  facet normal 0 0 -1
    outer loop
      vertex 360.778 81.0346 0
      vertex 359.953 83.9651 0
      vertex 360.099 83.7979 0
    endloop
  endfacet
  facet normal 0 0 -1
    outer loop
      vertex 352.421 25.8706 0
      vertex 359.983 58.2757 0
      vertex 359.839 56.1956 0
    endloop
  endfacet
  facet normal 0 0 -1
    outer loop
      vertex 360.778 81.0346 0
      vertex 359.829 84.15 0
      vertex 359.953 83.9651 0
    endloop
  endfacet
  facet normal 0 0 -1
    outer loop
      vertex 360.766 79.8835 0
      vertex 359.829 84.15 0
      vertex 360.778 81.0346 0
    endloop
  endfacet
  facet normal 0 0 -1
    outer loop
      vertex 352.421 25.8706 0
      vertex 359.839 56.1956 0
      vertex 359.679 54.1227 0
    endloop
  endfacet
  facet normal 0 0 -1
    outer loop
      vertex 360.742 78.1296 0
      vertex 359.659 84.56 0
      vertex 359.731 84.3494 0
    endloop
  endfacet
  facet normal 0 0 -1
    outer loop
      vertex 360.624 72.5277 0
      vertex 359.616 84.7781 0
      vertex 359.659 84.56 0
    endloop
  endfacet
  facet normal 0 0 -1
    outer loop
      vertex 360.499 68.5727 0
      vertex 353.529 105.254 0
      vertex 359.616 84.7781 0
    endloop
  endfacet
  facet normal 0 0 -1
    outer loop
      vertex 352.421 25.8706 0
      vertex 359.679 54.1227 0
      vertex 359.504 52.0633 0
    endloop
  endfacet
  facet normal -0 -0 -1
    outer loop
      vertex 354.194 103.752 0
      vertex 359.616 84.7781 0
      vertex 353.529 105.254 0
    endloop
  endfacet
  facet normal 0 0 -1
    outer loop
      vertex 359.601 85 0
      vertex 356.349 99.26 0
      vertex 359.6 97.6431 0
    endloop
  endfacet
  facet normal 0 0 -1
    outer loop
      vertex 359.6 97.6431 0
      vertex 356.349 99.26 0
      vertex 359.497 97.7648 0
    endloop
  endfacet
  facet normal 0 0 -1
    outer loop
      vertex 352.421 25.8706 0
      vertex 359.504 52.0633 0
      vertex 359.311 50.0233 0
    endloop
  endfacet
  facet normal 0 0 -1
    outer loop
      vertex 359.497 97.7648 0
      vertex 356.349 99.26 0
      vertex 359.384 97.8885 0
    endloop
  endfacet
  facet normal 0 0 -1
    outer loop
      vertex 359.384 97.8885 0
      vertex 356.349 99.26 0
      vertex 359.26 98.0133 0
    endloop
  endfacet
  facet normal 0 0 -1
    outer loop
      vertex 352.421 25.8706 0
      vertex 359.311 50.0233 0
      vertex 359.101 48.0085 0
    endloop
  endfacet
  facet normal 0 0 -1
    outer loop
      vertex 359.26 98.0133 0
      vertex 356.349 99.26 0
      vertex 359.127 98.1388 0
    endloop
  endfacet
  facet normal 0 0 -1
    outer loop
      vertex 352.519 26.07 0
      vertex 359.101 48.0085 0
      vertex 358.872 46.0248 0
    endloop
  endfacet
  facet normal 0 0 -1
    outer loop
      vertex 359.127 98.1388 0
      vertex 356.349 99.26 0
      vertex 358.987 98.2591 0
    endloop
  endfacet
  facet normal 0 0 -1
    outer loop
      vertex 358.987 98.2591 0
      vertex 356.349 99.26 0
      vertex 358.838 98.3779 0
    endloop
  endfacet
  facet normal 0 0 -1
    outer loop
      vertex 352.519 26.07 0
      vertex 358.872 46.0248 0
      vertex 358.623 44.078 0
    endloop
  endfacet
  facet normal 0 0 -1
    outer loop
      vertex 358.838 98.3779 0
      vertex 356.349 99.26 0
      vertex 358.676 98.4952 0
    endloop
  endfacet
  facet normal 0 0 -1
    outer loop
      vertex 352.519 26.07 0
      vertex 358.623 44.078 0
      vertex 358.354 42.1736 0
    endloop
  endfacet
  facet normal 0 0 -1
    outer loop
      vertex 358.676 98.4952 0
      vertex 356.349 99.26 0
      vertex 358.505 98.6074 0
    endloop
  endfacet
  facet normal 0 0 -1
    outer loop
      vertex 358.505 98.6074 0
      vertex 356.349 99.26 0
      vertex 358.323 98.7147 0
    endloop
  endfacet
  facet normal 0 0 -1
    outer loop
      vertex 352.519 26.07 0
      vertex 358.354 42.1736 0
      vertex 358.063 40.3171 0
    endloop
  endfacet
  facet normal 0 0 -1
    outer loop
      vertex 358.323 98.7147 0
      vertex 356.349 99.26 0
      vertex 358.133 98.8152 0
    endloop
  endfacet
  facet normal 0 0 -1
    outer loop
      vertex 352.519 26.07 0
      vertex 358.063 40.3171 0
      vertex 357.75 38.5136 0
    endloop
  endfacet
  facet normal 0 0 -1
    outer loop
      vertex 358.133 98.8152 0
      vertex 356.349 99.26 0
      vertex 357.934 98.9075 0
    endloop
  endfacet
  facet normal 0 0 -1
    outer loop
      vertex 357.934 98.9075 0
      vertex 356.349 99.26 0
      vertex 357.722 98.9933 0
    endloop
  endfacet
  facet normal 0 0 -1
    outer loop
      vertex 352.643 26.2549 0
      vertex 357.75 38.5136 0
      vertex 357.412 36.7682 0
    endloop
  endfacet
  facet normal 0 0 -1
    outer loop
      vertex 357.722 98.9933 0
      vertex 356.349 99.26 0
      vertex 357.496 99.0704 0
    endloop
  endfacet
  facet normal 0 0 -1
    outer loop
      vertex 352.643 26.2549 0
      vertex 357.412 36.7682 0
      vertex 357.048 35.0858 0
    endloop
  endfacet
  facet normal 0 0 -1
    outer loop
      vertex 357.496 99.0704 0
      vertex 356.349 99.26 0
      vertex 357.267 99.1347 0
    endloop
  endfacet
  facet normal 0 0 -1
    outer loop
      vertex 357.267 99.1347 0
      vertex 356.349 99.26 0
      vertex 357.026 99.1879 0
    endloop
  endfacet
  facet normal 0 0 -1
    outer loop
      vertex 352.643 26.2549 0
      vertex 357.048 35.0858 0
      vertex 356.656 33.4701 0
    endloop
  endfacet
  facet normal 0 0 -1
    outer loop
      vertex 357.026 99.1879 0
      vertex 356.349 99.26 0
      vertex 356.782 99.2268 0
    endloop
  endfacet
  facet normal 0 0 -1
    outer loop
      vertex 356.782 99.2268 0
      vertex 356.349 99.26 0
      vertex 356.539 99.2516 0
    endloop
  endfacet
  facet normal 0 0 -1
    outer loop
      vertex 359.601 85 0
      vertex 356.296 99.3485 0
      vertex 356.349 99.26 0
    endloop
  endfacet
  facet normal 0 0 -1
    outer loop
      vertex 352.789 26.4221 0
      vertex 356.656 33.4701 0
      vertex 356.234 31.9249 0
    endloop
  endfacet
  facet normal 0 0 -1
    outer loop
      vertex 357.75 38.5136 0
      vertex 352.643 26.2549 0
      vertex 352.519 26.07 0
    endloop
  endfacet
  facet normal 0 0 -1
    outer loop
      vertex 359.601 85 0
      vertex 356.086 99.7269 0
      vertex 356.296 99.3485 0
    endloop
  endfacet
  facet normal 0 0 -1
    outer loop
      vertex 352.957 26.5687 0
      vertex 356.234 31.9249 0
      vertex 355.778 30.4531 0
    endloop
  endfacet
  facet normal 0 0 -1
    outer loop
      vertex 359.101 48.0085 0
      vertex 352.519 26.07 0
      vertex 352.421 25.8706 0
    endloop
  endfacet
  facet normal 0 0 -1
    outer loop
      vertex 359.601 85 0
      vertex 355.858 100.162 0
      vertex 356.086 99.7269 0
    endloop
  endfacet
  facet normal 0 0 -1
    outer loop
      vertex 353.141 26.6922 0
      vertex 355.778 30.4531 0
      vertex 355.283 29.0566 0
    endloop
  endfacet
  facet normal 0 0 -1
    outer loop
      vertex 353.141 26.6922 0
      vertex 355.283 29.0566 0
      vertex 355.261 29.004 0
    endloop
  endfacet
  facet normal -0 0 -1
    outer loop
      vertex 355.991 28.6841 0
      vertex 354.841 26.6922 0
      vertex 355.522 28.9155 0
    endloop
  endfacet
  facet normal 0 0 -1
    outer loop
      vertex 354.642 26.7906 0
      vertex 355.522 28.9155 0
      vertex 354.841 26.6922 0
    endloop
  endfacet
  facet normal -0 0 -1
    outer loop
      vertex 355.522 28.9155 0
      vertex 354.642 26.7906 0
      vertex 355.261 29.004 0
    endloop
  endfacet
  facet normal 0 0 -1
    outer loop
      vertex 354.431 26.8621 0
      vertex 355.261 29.004 0
      vertex 354.642 26.7906 0
    endloop
  endfacet
  facet normal 0 0 -1
    outer loop
      vertex 354.213 26.9055 0
      vertex 355.261 29.004 0
      vertex 354.431 26.8621 0
    endloop
  endfacet
  facet normal 0 0 -1
    outer loop
      vertex 353.991 26.92 0
      vertex 355.261 29.004 0
      vertex 354.213 26.9055 0
    endloop
  endfacet
  facet normal 0 0 -1
    outer loop
      vertex 353.77 26.9055 0
      vertex 355.261 29.004 0
      vertex 353.991 26.92 0
    endloop
  endfacet
  facet normal 0 0 -1
    outer loop
      vertex 353.551 26.8621 0
      vertex 355.261 29.004 0
      vertex 353.77 26.9055 0
    endloop
  endfacet
  facet normal 0 0 -1
    outer loop
      vertex 353.341 26.7906 0
      vertex 355.261 29.004 0
      vertex 353.551 26.8621 0
    endloop
  endfacet
  facet normal 0 0 -1
    outer loop
      vertex 353.141 26.6922 0
      vertex 355.261 29.004 0
      vertex 353.341 26.7906 0
    endloop
  endfacet
  facet normal 0 0 -1
    outer loop
      vertex 355.778 30.4531 0
      vertex 353.141 26.6922 0
      vertex 352.957 26.5687 0
    endloop
  endfacet
  facet normal 0 0 -1
    outer loop
      vertex 356.234 31.9249 0
      vertex 352.957 26.5687 0
      vertex 352.789 26.4221 0
    endloop
  endfacet
  facet normal 0 0 -1
    outer loop
      vertex 356.656 33.4701 0
      vertex 352.789 26.4221 0
      vertex 352.643 26.2549 0
    endloop
  endfacet
  facet normal 0 0 -1
    outer loop
      vertex 359.601 85 0
      vertex 355.615 100.65 0
      vertex 355.858 100.162 0
    endloop
  endfacet
  facet normal 0 0 -1
    outer loop
      vertex 359.601 85 0
      vertex 355.357 101.187 0
      vertex 355.615 100.65 0
    endloop
  endfacet
  facet normal 0 0 -1
    outer loop
      vertex 359.616 84.7781 0
      vertex 355.357 101.187 0
      vertex 359.601 85 0
    endloop
  endfacet
  facet normal -0 -0 -1
    outer loop
      vertex 355.357 101.187 0
      vertex 359.616 84.7781 0
      vertex 355.086 101.768 0
    endloop
  endfacet
  facet normal -0 -0 -1
    outer loop
      vertex 355.086 101.768 0
      vertex 359.616 84.7781 0
      vertex 354.801 102.394 0
    endloop
  endfacet
  facet normal -0 -0 -1
    outer loop
      vertex 354.801 102.394 0
      vertex 359.616 84.7781 0
      vertex 354.503 103.056 0
    endloop
  endfacet
  facet normal -0 -0 -1
    outer loop
      vertex 354.503 103.056 0
      vertex 359.616 84.7781 0
      vertex 354.194 103.752 0
    endloop
  endfacet
  facet normal -0 0 -1
    outer loop
      vertex 359.983 58.2757 0
      vertex 352.421 25.8706 0
      vertex 352.02 108.593 0
    endloop
  endfacet
  facet normal 0 0 -1
    outer loop
      vertex 360.499 68.5727 0
      vertex 353.175 106.049 0
      vertex 353.529 105.254 0
    endloop
  endfacet
  facet normal 0 0 -1
    outer loop
      vertex 360.421 66.5475 0
      vertex 352.806 106.872 0
      vertex 353.175 106.049 0
    endloop
  endfacet
  facet normal 0 0 -1
    outer loop
      vertex 360.421 66.5475 0
      vertex 352.421 107.721 0
      vertex 352.806 106.872 0
    endloop
  endfacet
  facet normal 0 0 -1
    outer loop
      vertex 352.02 108.593 0
      vertex 352.421 25.8706 0
      vertex 352.349 25.66 0
    endloop
  endfacet
  facet normal 0 0 -1
    outer loop
      vertex 352.02 108.593 0
      vertex 352.349 25.66 0
      vertex 352.306 25.4419 0
    endloop
  endfacet
  facet normal -0 0 -1
    outer loop
      vertex 352.421 24.5694 0
      vertex 351.123 22.4371 0
      vertex 352.349 24.78 0
    endloop
  endfacet
  facet normal 0 0 -1
    outer loop
      vertex 360.33 64.4992 0
      vertex 352.02 108.593 0
      vertex 352.421 107.721 0
    endloop
  endfacet
  facet normal -0 0 -1
    outer loop
      vertex 364.766 87 0
      vertex 362.774 85.85 0
      vertex 364.475 87.435 0
    endloop
  endfacet
  facet normal 0 0 -1
    outer loop
      vertex 362.65 86.0349 0
      vertex 364.475 87.435 0
      vertex 362.774 85.85 0
    endloop
  endfacet
  facet normal -0 0 -1
    outer loop
      vertex 364.475 87.435 0
      vertex 362.65 86.0349 0
      vertex 364.13 87.8284 0
    endloop
  endfacet
  facet normal 0 0 -1
    outer loop
      vertex 362.503 86.2021 0
      vertex 364.13 87.8284 0
      vertex 362.65 86.0349 0
    endloop
  endfacet
  facet normal -0 0 -1
    outer loop
      vertex 364.13 87.8284 0
      vertex 362.503 86.2021 0
      vertex 363.736 88.1734 0
    endloop
  endfacet
  facet normal 0 0 -1
    outer loop
      vertex 362.336 86.3487 0
      vertex 363.736 88.1734 0
      vertex 362.503 86.2021 0
    endloop
  endfacet
  facet normal -0 0 -1
    outer loop
      vertex 363.736 88.1734 0
      vertex 362.336 86.3487 0
      vertex 363.301 88.4641 0
    endloop
  endfacet
  facet normal 0 0 -1
    outer loop
      vertex 362.151 86.4722 0
      vertex 363.301 88.4641 0
      vertex 362.336 86.3487 0
    endloop
  endfacet
  facet normal -0 0 -1
    outer loop
      vertex 363.301 88.4641 0
      vertex 362.151 86.4722 0
      vertex 362.832 88.6955 0
    endloop
  endfacet
  facet normal 0 0 -1
    outer loop
      vertex 361.952 86.5706 0
      vertex 362.832 88.6955 0
      vertex 362.151 86.4722 0
    endloop
  endfacet
  facet normal -0 0 -1
    outer loop
      vertex 362.832 88.6955 0
      vertex 361.952 86.5706 0
      vertex 362.337 88.8637 0
    endloop
  endfacet
  facet normal 0 0 -1
    outer loop
      vertex 361.741 86.6421 0
      vertex 362.337 88.8637 0
      vertex 361.952 86.5706 0
    endloop
  endfacet
  facet normal -0 0 -1
    outer loop
      vertex 362.337 88.8637 0
      vertex 361.741 86.6421 0
      vertex 361.824 88.9658 0
    endloop
  endfacet
  facet normal 0 0 -1
    outer loop
      vertex 361.523 86.6855 0
      vertex 361.824 88.9658 0
      vertex 361.741 86.6421 0
    endloop
  endfacet
  facet normal 0 0 -1
    outer loop
      vertex 361.301 86.7 0
      vertex 361.824 88.9658 0
      vertex 361.523 86.6855 0
    endloop
  endfacet
  facet normal 0 0 -1
    outer loop
      vertex 361.301 86.7 0
      vertex 361.301 89 0
      vertex 361.824 88.9658 0
    endloop
  endfacet
  facet normal 0 0 -1
    outer loop
      vertex 361.079 86.6855 0
      vertex 361.301 89 0
      vertex 361.301 86.7 0
    endloop
  endfacet
  facet normal 0 0 -1
    outer loop
      vertex 360.792 88.9666 0
      vertex 361.079 86.6855 0
      vertex 360.861 86.6421 0
    endloop
  endfacet
  facet normal 0 0 -1
    outer loop
      vertex 361.079 86.6855 0
      vertex 360.792 88.9666 0
      vertex 361.301 89 0
    endloop
  endfacet
  facet normal 0 0 -1
    outer loop
      vertex 359.829 85.85 0
      vertex 360.785 89.9306 0
      vertex 360.792 88.9666 0
    endloop
  endfacet
  facet normal 0 0 -1
    outer loop
      vertex 359.731 85.6506 0
      vertex 360.785 89.9306 0
      vertex 359.829 85.85 0
    endloop
  endfacet
  facet normal -0 0 -1
    outer loop
      vertex 360.785 89.9306 0
      vertex 359.731 85.6506 0
      vertex 360.776 90.9716 0
    endloop
  endfacet
  facet normal 0 0 -1
    outer loop
      vertex 359.6 97.6431 0
      vertex 360.765 91.8949 0
      vertex 359.731 85.6506 0
    endloop
  endfacet
  facet normal 0 0 -1
    outer loop
      vertex 360.765 91.8949 0
      vertex 359.6 97.6431 0
      vertex 360.754 92.6948 0
    endloop
  endfacet
  facet normal 0 0 -1
    outer loop
      vertex 360.754 92.6948 0
      vertex 359.6 97.6431 0
      vertex 360.744 93.3648 0
    endloop
  endfacet
  facet normal 0 0 -1
    outer loop
      vertex 360.734 93.8976 0
      vertex 359.6 97.6431 0
      vertex 360.726 94.2884 0
    endloop
  endfacet
  facet normal 0 0 -1
    outer loop
      vertex 360.726 94.2884 0
      vertex 359.6 97.6431 0
      vertex 360.721 94.5284 0
    endloop
  endfacet
  facet normal 0 0 -1
    outer loop
      vertex 360.721 94.5284 0
      vertex 359.6 97.6431 0
      vertex 360.72 94.5981 0
    endloop
  endfacet
  facet normal -0 -0 -1
    outer loop
      vertex 360.711 94.8248 0
      vertex 360.72 94.5981 0
      vertex 359.6 97.6431 0
    endloop
  endfacet
  facet normal 0 0 -1
    outer loop
      vertex 360.72 94.5981 0
      vertex 360.711 94.8248 0
      vertex 360.718 94.6804 0
    endloop
  endfacet
  facet normal 0 0 -1
    outer loop
      vertex 360.711 94.8248 0
      vertex 359.6 97.6431 0
      vertex 360.7 94.9673 0
    endloop
  endfacet
  facet normal 0 0 -1
    outer loop
      vertex 360.7 94.9673 0
      vertex 359.6 97.6431 0
      vertex 360.684 95.1128 0
    endloop
  endfacet
  facet normal 0 0 -1
    outer loop
      vertex 360.651 86.5706 0
      vertex 360.792 88.9666 0
      vertex 360.861 86.6421 0
    endloop
  endfacet
  facet normal 0 0 -1
    outer loop
      vertex 360.451 86.4722 0
      vertex 360.792 88.9666 0
      vertex 360.651 86.5706 0
    endloop
  endfacet
  facet normal 0 0 -1
    outer loop
      vertex 360.267 86.3487 0
      vertex 360.792 88.9666 0
      vertex 360.451 86.4722 0
    endloop
  endfacet
  facet normal 0 0 -1
    outer loop
      vertex 360.099 86.2021 0
      vertex 360.792 88.9666 0
      vertex 360.267 86.3487 0
    endloop
  endfacet
  facet normal 0 0 -1
    outer loop
      vertex 359.953 86.0349 0
      vertex 360.792 88.9666 0
      vertex 360.099 86.2021 0
    endloop
  endfacet
  facet normal 0 0 -1
    outer loop
      vertex 359.829 85.85 0
      vertex 360.792 88.9666 0
      vertex 359.953 86.0349 0
    endloop
  endfacet
  facet normal -0 0 -1
    outer loop
      vertex 360.776 90.9716 0
      vertex 359.731 85.6506 0
      vertex 360.765 91.8949 0
    endloop
  endfacet
  facet normal 0 0 -1
    outer loop
      vertex 360.684 95.1128 0
      vertex 359.6 97.6431 0
      vertex 360.665 95.2507 0
    endloop
  endfacet
  facet normal 0 0 -1
    outer loop
      vertex 360.665 95.2507 0
      vertex 359.6 97.6431 0
      vertex 360.643 95.3832 0
    endloop
  endfacet
  facet normal 0 0 -1
    outer loop
      vertex 360.643 95.3832 0
      vertex 359.6 97.6431 0
      vertex 360.617 95.5137 0
    endloop
  endfacet
  facet normal 0 0 -1
    outer loop
      vertex 360.617 95.5137 0
      vertex 359.6 97.6431 0
      vertex 360.587 95.6479 0
    endloop
  endfacet
  facet normal 0 0 -1
    outer loop
      vertex 360.587 95.6479 0
      vertex 359.6 97.6431 0
      vertex 360.554 95.7764 0
    endloop
  endfacet
  facet normal 0 0 -1
    outer loop
      vertex 360.554 95.7764 0
      vertex 359.6 97.6431 0
      vertex 360.52 95.8982 0
    endloop
  endfacet
  facet normal 0 0 -1
    outer loop
      vertex 360.52 95.8982 0
      vertex 359.6 97.6431 0
      vertex 360.48 96.0274 0
    endloop
  endfacet
  facet normal 0 0 -1
    outer loop
      vertex 360.48 96.0274 0
      vertex 359.6 97.6431 0
      vertex 360.438 96.1534 0
    endloop
  endfacet
  facet normal 0 0 -1
    outer loop
      vertex 360.438 96.1534 0
      vertex 359.6 97.6431 0
      vertex 360.393 96.276 0
    endloop
  endfacet
  facet normal 0 0 -1
    outer loop
      vertex 360.393 96.276 0
      vertex 359.6 97.6431 0
      vertex 360.341 96.4048 0
    endloop
  endfacet
  facet normal 0 0 -1
    outer loop
      vertex 360.341 96.4048 0
      vertex 359.6 97.6431 0
      vertex 360.29 96.5243 0
    endloop
  endfacet
  facet normal 0 0 -1
    outer loop
      vertex 360.234 96.6456 0
      vertex 359.6 97.6431 0
      vertex 360.17 96.7745 0
    endloop
  endfacet
  facet normal 0 0 -1
    outer loop
      vertex 360.17 96.7745 0
      vertex 359.6 97.6431 0
      vertex 360.105 96.8972 0
    endloop
  endfacet
  facet normal 0 0 -1
    outer loop
      vertex 360.105 96.8972 0
      vertex 359.6 97.6431 0
      vertex 360.034 97.0223 0
    endloop
  endfacet
  facet normal 0 0 -1
    outer loop
      vertex 360.034 97.0223 0
      vertex 359.6 97.6431 0
      vertex 359.96 97.1434 0
    endloop
  endfacet
  facet normal 0 0 -1
    outer loop
      vertex 360.29 96.5243 0
      vertex 359.6 97.6431 0
      vertex 360.234 96.6456 0
    endloop
  endfacet
  facet normal 0 0 -1
    outer loop
      vertex 359.96 97.1434 0
      vertex 359.6 97.6431 0
      vertex 359.882 97.2644 0
    endloop
  endfacet
  facet normal 0 0 -1
    outer loop
      vertex 360.744 93.3648 0
      vertex 359.6 97.6431 0
      vertex 360.734 93.8976 0
    endloop
  endfacet
  facet normal 0 0 -1
    outer loop
      vertex 359.882 97.2644 0
      vertex 359.6 97.6431 0
      vertex 359.792 97.3945 0
    endloop
  endfacet
  facet normal 0 0 -1
    outer loop
      vertex 359.6 97.6431 0
      vertex 359.731 85.6506 0
      vertex 359.659 85.44 0
    endloop
  endfacet
  facet normal 0 0 -1
    outer loop
      vertex 359.6 97.6431 0
      vertex 359.659 85.44 0
      vertex 359.616 85.2219 0
    endloop
  endfacet
  facet normal 0 0 -1
    outer loop
      vertex 359.6 97.6431 0
      vertex 359.616 85.2219 0
      vertex 359.601 85 0
    endloop
  endfacet
  facet normal 0 0 -1
    outer loop
      vertex 359.792 97.3945 0
      vertex 359.6 97.6431 0
      vertex 359.699 97.5198 0
    endloop
  endfacet
  facet normal 0 0 -1
    outer loop
      vertex 257.959 70.4379 0
      vertex 272.569 73.2495 0
      vertex 272.65 70.9509 0
    endloop
  endfacet
  facet normal 0 0 -1
    outer loop
      vertex 272.569 73.2495 0
      vertex 257.959 70.4379 0
      vertex 257.878 72.7365 0
    endloop
  endfacet
  facet normal 0 0 -1
    outer loop
      vertex 258.552 53.4483 0
      vertex 273.163 56.2599 0
      vertex 273.243 53.9613 0
    endloop
  endfacet
  facet normal 0 0 -1
    outer loop
      vertex 273.163 56.2599 0
      vertex 258.552 53.4483 0
      vertex 258.472 55.7469 0
    endloop
  endfacet
  facet normal 0 0 -1
    outer loop
      vertex 272.676 32.6775 0
      vertex 273.756 39.2703 0
      vertex 274.05 32.7675 0
    endloop
  endfacet
  facet normal 0 0 -1
    outer loop
      vertex 272.423 32.6591 0
      vertex 273.756 39.2703 0
      vertex 272.676 32.6775 0
    endloop
  endfacet
  facet normal 0 0 -1
    outer loop
      vertex 270.244 30.19 0
      vertex 272.236 29.04 0
      vertex 271.945 28.605 0
    endloop
  endfacet
  facet normal 0 0 -1
    outer loop
      vertex 270.12 30.0051 0
      vertex 271.945 28.605 0
      vertex 271.6 28.2116 0
    endloop
  endfacet
  facet normal 0 0 -1
    outer loop
      vertex 269.973 29.8379 0
      vertex 271.6 28.2116 0
      vertex 271.206 27.8666 0
    endloop
  endfacet
  facet normal 0 0 -1
    outer loop
      vertex 272.635 30.0047 0
      vertex 270.413 30.6 0
      vertex 270.457 30.8181 0
    endloop
  endfacet
  facet normal 0 0 -1
    outer loop
      vertex 269.806 29.6913 0
      vertex 271.206 27.8666 0
      vertex 270.771 27.5759 0
    endloop
  endfacet
  facet normal -0 0 -1
    outer loop
      vertex 272.635 32.0753 0
      vertex 270.413 31.48 0
      vertex 272.467 32.5707 0
    endloop
  endfacet
  facet normal 0 0 -1
    outer loop
      vertex 270.342 31.6906 0
      vertex 272.467 32.5707 0
      vertex 270.413 31.48 0
    endloop
  endfacet
  facet normal -0 0 -1
    outer loop
      vertex 272.467 32.5707 0
      vertex 270.342 31.6906 0
      vertex 272.423 32.6591 0
    endloop
  endfacet
  facet normal 0 0 -1
    outer loop
      vertex 270.244 31.89 0
      vertex 272.423 32.6591 0
      vertex 270.342 31.6906 0
    endloop
  endfacet
  facet normal 0 0 -1
    outer loop
      vertex 270.12 32.0749 0
      vertex 272.423 32.6591 0
      vertex 270.244 31.89 0
    endloop
  endfacet
  facet normal 0 0 -1
    outer loop
      vertex 269.973 32.2421 0
      vertex 272.423 32.6591 0
      vertex 270.12 32.0749 0
    endloop
  endfacet
  facet normal 0 0 -1
    outer loop
      vertex 269.806 32.3887 0
      vertex 272.423 32.6591 0
      vertex 269.973 32.2421 0
    endloop
  endfacet
  facet normal 0 0 -1
    outer loop
      vertex 269.621 32.5122 0
      vertex 272.423 32.6591 0
      vertex 269.806 32.3887 0
    endloop
  endfacet
  facet normal 0 0 -1
    outer loop
      vertex 269.422 32.6106 0
      vertex 272.423 32.6591 0
      vertex 269.621 32.5122 0
    endloop
  endfacet
  facet normal -0 0 -1
    outer loop
      vertex 272.423 32.6591 0
      vertex 269.422 32.6106 0
      vertex 273.756 39.2703 0
    endloop
  endfacet
  facet normal 0 0 -1
    outer loop
      vertex 269.211 32.6821 0
      vertex 273.756 39.2703 0
      vertex 269.422 32.6106 0
    endloop
  endfacet
  facet normal 0 0 -1
    outer loop
      vertex 268.993 32.7255 0
      vertex 273.756 39.2703 0
      vertex 269.211 32.6821 0
    endloop
  endfacet
  facet normal 0 0 -1
    outer loop
      vertex 268.771 32.74 0
      vertex 273.756 39.2703 0
      vertex 268.993 32.7255 0
    endloop
  endfacet
  facet normal 0 0 -1
    outer loop
      vertex 268.549 32.7255 0
      vertex 273.756 39.2703 0
      vertex 268.771 32.74 0
    endloop
  endfacet
  facet normal 0 0 -1
    outer loop
      vertex 268.331 32.6821 0
      vertex 273.756 39.2703 0
      vertex 268.549 32.7255 0
    endloop
  endfacet
  facet normal 0 0 -1
    outer loop
      vertex 259.065 38.7573 0
      vertex 268.331 32.6821 0
      vertex 268.121 32.6106 0
    endloop
  endfacet
  facet normal 0 0 -1
    outer loop
      vertex 259.065 38.7573 0
      vertex 268.121 32.6106 0
      vertex 267.921 32.5122 0
    endloop
  endfacet
  facet normal 0 0 -1
    outer loop
      vertex 259.065 38.7573 0
      vertex 267.921 32.5122 0
      vertex 267.737 32.3887 0
    endloop
  endfacet
  facet normal 0 0 -1
    outer loop
      vertex 259.065 38.7573 0
      vertex 267.737 32.3887 0
      vertex 267.569 32.2421 0
    endloop
  endfacet
  facet normal 0 0 -1
    outer loop
      vertex 255.742 34.9908 0
      vertex 267.129 30.6 0
      vertex 260.039 20.9331 0
    endloop
  endfacet
  facet normal 0 0 -1
    outer loop
      vertex 260.039 20.9331 0
      vertex 266.955 15.8211 0
      vertex 266.838 15.7215 0
    endloop
  endfacet
  facet normal 0 0 -1
    outer loop
      vertex 260.039 20.9331 0
      vertex 266.838 15.7215 0
      vertex 266.714 15.6229 0
    endloop
  endfacet
  facet normal 0 0 -1
    outer loop
      vertex 260.039 20.9331 0
      vertex 266.714 15.6229 0
      vertex 266.591 15.531 0
    endloop
  endfacet
  facet normal 0 0 -1
    outer loop
      vertex 260.039 20.9331 0
      vertex 266.591 15.531 0
      vertex 266.464 15.4428 0
    endloop
  endfacet
  facet normal 0 0 -1
    outer loop
      vertex 260.039 20.9331 0
      vertex 266.464 15.4428 0
      vertex 266.336 15.3602 0
    endloop
  endfacet
  facet normal 0 0 -1
    outer loop
      vertex 260.039 20.9331 0
      vertex 266.336 15.3602 0
      vertex 266.202 15.2793 0
    endloop
  endfacet
  facet normal 0 0 -1
    outer loop
      vertex 260.039 20.9331 0
      vertex 266.202 15.2793 0
      vertex 266.073 15.2072 0
    endloop
  endfacet
  facet normal 0 0 -1
    outer loop
      vertex 260.039 20.9331 0
      vertex 266.073 15.2072 0
      vertex 265.937 15.1366 0
    endloop
  endfacet
  facet normal 0 0 -1
    outer loop
      vertex 267.129 30.6 0
      vertex 255.742 34.9908 0
      vertex 267.086 30.8181 0
    endloop
  endfacet
  facet normal 0 0 -1
    outer loop
      vertex 260.039 20.9331 0
      vertex 265.937 15.1366 0
      vertex 265.792 15.0679 0
    endloop
  endfacet
  facet normal 0 0 -1
    outer loop
      vertex 260.039 20.9331 0
      vertex 265.792 15.0679 0
      vertex 265.654 15.0077 0
    endloop
  endfacet
  facet normal 0 0 -1
    outer loop
      vertex 260.039 20.9331 0
      vertex 265.654 15.0077 0
      vertex 265.512 14.9511 0
    endloop
  endfacet
  facet normal 0 0 -1
    outer loop
      vertex 260.039 20.9331 0
      vertex 265.512 14.9511 0
      vertex 265.368 14.8992 0
    endloop
  endfacet
  facet normal 0 0 -1
    outer loop
      vertex 260.039 20.9331 0
      vertex 265.368 14.8992 0
      vertex 265.291 14.8743 0
    endloop
  endfacet
  facet normal 0 0 -1
    outer loop
      vertex 267.086 30.8181 0
      vertex 255.742 34.9908 0
      vertex 267.071 31.04 0
    endloop
  endfacet
  facet normal 0 0 -1
    outer loop
      vertex 267.071 31.04 0
      vertex 255.742 34.9908 0
      vertex 267.086 31.2619 0
    endloop
  endfacet
  facet normal 0 0 -1
    outer loop
      vertex 267.086 31.2619 0
      vertex 255.742 34.9908 0
      vertex 267.129 31.48 0
    endloop
  endfacet
  facet normal 0 -0 -1
    outer loop
      vertex 259.065 38.7573 0
      vertex 267.129 31.48 0
      vertex 255.742 34.9908 0
    endloop
  endfacet
  facet normal 0 0 -1
    outer loop
      vertex 268.331 32.6821 0
      vertex 259.065 38.7573 0
      vertex 273.756 39.2703 0
    endloop
  endfacet
  facet normal 0 0 -1
    outer loop
      vertex 267.423 32.0749 0
      vertex 259.065 38.7573 0
      vertex 267.569 32.2421 0
    endloop
  endfacet
  facet normal 0 0 -1
    outer loop
      vertex 267.299 31.89 0
      vertex 259.065 38.7573 0
      vertex 267.423 32.0749 0
    endloop
  endfacet
  facet normal 0 0 -1
    outer loop
      vertex 267.129 31.48 0
      vertex 259.065 38.7573 0
      vertex 267.201 31.6906 0
    endloop
  endfacet
  facet normal 0 0 -1
    outer loop
      vertex 254.484 39.1029 0
      vertex 259.065 38.7573 0
      vertex 255.742 34.9908 0
    endloop
  endfacet
  facet normal 0 0 -1
    outer loop
      vertex 254.825 60.7494 0
      vertex 257.959 70.4379 0
      vertex 258.472 55.7469 0
    endloop
  endfacet
  facet normal 0 0 -1
    outer loop
      vertex 254.056 75.4293 0
      vertex 257.959 70.4379 0
      vertex 254.825 60.7494 0
    endloop
  endfacet
  facet normal 0 0 -1
    outer loop
      vertex 253.166 92.406 0
      vertex 257.285 89.7262 0
      vertex 257.365 87.4275 0
    endloop
  endfacet
  facet normal 0 0 -1
    outer loop
      vertex 257.959 70.4379 0
      vertex 254.056 75.4293 0
      vertex 257.878 72.7365 0
    endloop
  endfacet
  facet normal 0 0 -1
    outer loop
      vertex 258.552 53.4483 0
      vertex 254.825 60.7494 0
      vertex 258.472 55.7469 0
    endloop
  endfacet
  facet normal 0 0 -1
    outer loop
      vertex 259.065 38.7573 0
      vertex 254.484 39.1029 0
      vertex 258.552 53.4483 0
    endloop
  endfacet
  facet normal 0 0 -1
    outer loop
      vertex 267.201 31.6906 0
      vertex 259.065 38.7573 0
      vertex 267.299 31.89 0
    endloop
  endfacet
  facet normal 0 0 -1
    outer loop
      vertex 270.413 31.48 0
      vertex 272.635 32.0753 0
      vertex 270.457 31.2619 0
    endloop
  endfacet
  facet normal 0 0 -1
    outer loop
      vertex 272.737 30.5179 0
      vertex 270.457 30.8181 0
      vertex 270.471 31.04 0
    endloop
  endfacet
  facet normal 0 0 -1
    outer loop
      vertex 272.467 29.5093 0
      vertex 270.342 30.3894 0
      vertex 270.413 30.6 0
    endloop
  endfacet
  facet normal 0 0 -1
    outer loop
      vertex 269.621 29.5678 0
      vertex 270.771 27.5759 0
      vertex 270.302 27.3445 0
    endloop
  endfacet
  facet normal 0 0 -1
    outer loop
      vertex 272.236 29.04 0
      vertex 270.244 30.19 0
      vertex 270.342 30.3894 0
    endloop
  endfacet
  facet normal 0 0 -1
    outer loop
      vertex 271.945 28.605 0
      vertex 270.12 30.0051 0
      vertex 270.244 30.19 0
    endloop
  endfacet
  facet normal 0 0 -1
    outer loop
      vertex 271.6 28.2116 0
      vertex 269.973 29.8379 0
      vertex 270.12 30.0051 0
    endloop
  endfacet
  facet normal 0 0 -1
    outer loop
      vertex 269.422 29.4694 0
      vertex 270.302 27.3445 0
      vertex 269.807 27.1763 0
    endloop
  endfacet
  facet normal 0 0 -1
    outer loop
      vertex 271.206 27.8666 0
      vertex 269.806 29.6913 0
      vertex 269.973 29.8379 0
    endloop
  endfacet
  facet normal 0 0 -1
    outer loop
      vertex 270.771 27.5759 0
      vertex 269.621 29.5678 0
      vertex 269.806 29.6913 0
    endloop
  endfacet
  facet normal 0 0 -1
    outer loop
      vertex 270.302 27.3445 0
      vertex 269.422 29.4694 0
      vertex 269.621 29.5678 0
    endloop
  endfacet
  facet normal 0 0 -1
    outer loop
      vertex 269.211 29.3979 0
      vertex 269.807 27.1763 0
      vertex 269.294 27.0742 0
    endloop
  endfacet
  facet normal 0 0 -1
    outer loop
      vertex 269.807 27.1763 0
      vertex 269.211 29.3979 0
      vertex 269.422 29.4694 0
    endloop
  endfacet
  facet normal 0 0 -1
    outer loop
      vertex 269.294 27.0742 0
      vertex 268.993 29.3545 0
      vertex 269.211 29.3979 0
    endloop
  endfacet
  facet normal 0 0 -1
    outer loop
      vertex 268.771 27.04 0
      vertex 268.993 29.3545 0
      vertex 269.294 27.0742 0
    endloop
  endfacet
  facet normal 0 0 -1
    outer loop
      vertex 268.771 27.04 0
      vertex 268.771 29.34 0
      vertex 268.993 29.3545 0
    endloop
  endfacet
  facet normal 0 0 -1
    outer loop
      vertex 268.272 27.0727 0
      vertex 268.771 29.34 0
      vertex 268.771 27.04 0
    endloop
  endfacet
  facet normal -0 0 -1
    outer loop
      vertex 268.771 29.34 0
      vertex 268.272 27.0727 0
      vertex 268.549 29.3545 0
    endloop
  endfacet
  facet normal -0 0 -1
    outer loop
      vertex 268.549 29.3545 0
      vertex 268.272 27.0727 0
      vertex 268.331 29.3979 0
    endloop
  endfacet
  facet normal 0 0 -1
    outer loop
      vertex 268.131 17.4157 0
      vertex 260.039 20.9331 0
      vertex 268.192 17.5578 0
    endloop
  endfacet
  facet normal 0 0 -1
    outer loop
      vertex 268.065 17.276 0
      vertex 260.039 20.9331 0
      vertex 268.131 17.4157 0
    endloop
  endfacet
  facet normal 0 0 -1
    outer loop
      vertex 268.272 27.0727 0
      vertex 268.121 29.4694 0
      vertex 268.331 29.3979 0
    endloop
  endfacet
  facet normal 0 0 -1
    outer loop
      vertex 260.039 20.9331 0
      vertex 267.064 15.9206 0
      vertex 266.955 15.8211 0
    endloop
  endfacet
  facet normal 0 0 -1
    outer loop
      vertex 267.996 17.1406 0
      vertex 260.039 20.9331 0
      vertex 268.065 17.276 0
    endloop
  endfacet
  facet normal 0 0 -1
    outer loop
      vertex 267.922 17.0061 0
      vertex 260.039 20.9331 0
      vertex 267.996 17.1406 0
    endloop
  endfacet
  facet normal 0 0 -1
    outer loop
      vertex 260.039 20.9331 0
      vertex 267.922 17.0061 0
      vertex 267.064 15.9206 0
    endloop
  endfacet
  facet normal 0 0 -1
    outer loop
      vertex 268.272 27.0727 0
      vertex 267.921 29.5678 0
      vertex 268.121 29.4694 0
    endloop
  endfacet
  facet normal 0 0 -1
    outer loop
      vertex 267.064 15.9206 0
      vertex 267.922 17.0061 0
      vertex 267.843 16.8737 0
    endloop
  endfacet
  facet normal 0 0 -1
    outer loop
      vertex 267.064 15.9206 0
      vertex 267.843 16.8737 0
      vertex 267.758 16.7416 0
    endloop
  endfacet
  facet normal 0 0 -1
    outer loop
      vertex 268.272 27.0727 0
      vertex 267.737 29.6913 0
      vertex 267.921 29.5678 0
    endloop
  endfacet
  facet normal 0 0 -1
    outer loop
      vertex 267.064 15.9206 0
      vertex 267.758 16.7416 0
      vertex 267.672 16.6167 0
    endloop
  endfacet
  facet normal 0 0 -1
    outer loop
      vertex 267.064 15.9206 0
      vertex 267.672 16.6167 0
      vertex 267.581 16.4934 0
    endloop
  endfacet
  facet normal 0 0 -1
    outer loop
      vertex 268.272 27.0727 0
      vertex 267.569 29.8379 0
      vertex 267.737 29.6913 0
    endloop
  endfacet
  facet normal 0 0 -1
    outer loop
      vertex 267.064 15.9206 0
      vertex 267.581 16.4934 0
      vertex 267.486 16.3729 0
    endloop
  endfacet
  facet normal 0 0 -1
    outer loop
      vertex 268.272 27.0727 0
      vertex 267.423 30.0051 0
      vertex 267.569 29.8379 0
    endloop
  endfacet
  facet normal 0 0 -1
    outer loop
      vertex 267.064 15.9206 0
      vertex 267.486 16.3729 0
      vertex 267.385 16.2531 0
    endloop
  endfacet
  facet normal 0 0 -1
    outer loop
      vertex 268.192 17.5578 0
      vertex 260.039 20.9331 0
      vertex 268.249 17.7005 0
    endloop
  endfacet
  facet normal 0 0 -1
    outer loop
      vertex 267.064 15.9206 0
      vertex 267.385 16.2531 0
      vertex 267.283 16.1402 0
    endloop
  endfacet
  facet normal 0 0 -1
    outer loop
      vertex 268.272 27.0727 0
      vertex 267.299 30.19 0
      vertex 267.423 30.0051 0
    endloop
  endfacet
  facet normal 0 0 -1
    outer loop
      vertex 267.064 15.9206 0
      vertex 267.283 16.1402 0
      vertex 267.176 16.0296 0
    endloop
  endfacet
  facet normal 0 0 -1
    outer loop
      vertex 260.039 20.9331 0
      vertex 267.299 30.19 0
      vertex 268.272 27.0727 0
    endloop
  endfacet
  facet normal 0 0 -1
    outer loop
      vertex 268.49 20.0634 0
      vertex 260.039 20.9331 0
      vertex 268.272 27.0727 0
    endloop
  endfacet
  facet normal -0 0 -1
    outer loop
      vertex 267.299 30.19 0
      vertex 260.039 20.9331 0
      vertex 267.201 30.3894 0
    endloop
  endfacet
  facet normal -0 0 -1
    outer loop
      vertex 267.201 30.3894 0
      vertex 260.039 20.9331 0
      vertex 267.129 30.6 0
    endloop
  endfacet
  facet normal 0 0 -1
    outer loop
      vertex 257.365 87.4275 0
      vertex 271.976 90.2392 0
      vertex 272.056 87.9405 0
    endloop
  endfacet
  facet normal 0 0 -1
    outer loop
      vertex 271.976 90.2392 0
      vertex 257.365 87.4275 0
      vertex 257.285 89.7262 0
    endloop
  endfacet
  facet normal 0 0 -1
    outer loop
      vertex 350.794 22.1285 0
      vertex 345.165 27.7881 0
      vertex 350.902 22.2231 0
    endloop
  endfacet
  facet normal 0 0 -1
    outer loop
      vertex 345.165 27.7881 0
      vertex 347.882 21.1199 0
      vertex 347.743 21.1267 0
    endloop
  endfacet
  facet normal 0 0 -1
    outer loop
      vertex 347.52 21.1474 0
      vertex 347.743 21.1267 0
      vertex 347.594 21.1386 0
    endloop
  endfacet
  facet normal 0 0 -1
    outer loop
      vertex 347.743 21.1267 0
      vertex 347.52 21.1474 0
      vertex 345.165 27.7881 0
    endloop
  endfacet
  facet normal 0 0 -1
    outer loop
      vertex 352.306 25.4419 0
      vertex 346.646 44.7234 0
      vertex 347.927 59.3674 0
    endloop
  endfacet
  facet normal 0 0 -1
    outer loop
      vertex 352.306 25.4419 0
      vertex 346.446 42.4321 0
      vertex 346.646 44.7234 0
    endloop
  endfacet
  facet normal 0 0 -1
    outer loop
      vertex 345.165 27.7881 0
      vertex 347.52 21.1474 0
      vertex 345.334 21.3419 0
    endloop
  endfacet
  facet normal 0 0 -1
    outer loop
      vertex 352.306 25.4419 0
      vertex 345.165 27.7881 0
      vertex 346.446 42.4321 0
    endloop
  endfacet
  facet normal 0 0 -1
    outer loop
      vertex 343.164 21.5441 0
      vertex 345.165 27.7881 0
      vertex 345.334 21.3419 0
    endloop
  endfacet
  facet normal 0 0 -1
    outer loop
      vertex 341.088 21.7467 0
      vertex 345.165 27.7881 0
      vertex 343.164 21.5441 0
    endloop
  endfacet
  facet normal 0 0 -1
    outer loop
      vertex 339.103 21.9499 0
      vertex 345.165 27.7881 0
      vertex 341.088 21.7467 0
    endloop
  endfacet
  facet normal 0 0 -1
    outer loop
      vertex 337.207 22.1535 0
      vertex 345.165 27.7881 0
      vertex 339.103 21.9499 0
    endloop
  endfacet
  facet normal 0 0 -1
    outer loop
      vertex 330.52 29.0693 0
      vertex 337.207 22.1535 0
      vertex 335.397 22.3573 0
    endloop
  endfacet
  facet normal 0 0 -1
    outer loop
      vertex 330.52 29.0693 0
      vertex 335.397 22.3573 0
      vertex 333.671 22.5615 0
    endloop
  endfacet
  facet normal 0 0 -1
    outer loop
      vertex 330.52 29.0693 0
      vertex 333.671 22.5615 0
      vertex 332.026 22.7659 0
    endloop
  endfacet
  facet normal 0 0 -1
    outer loop
      vertex 337.207 22.1535 0
      vertex 330.52 29.0693 0
      vertex 345.165 27.7881 0
    endloop
  endfacet
  facet normal 0 0 -1
    outer loop
      vertex 330.46 22.9704 0
      vertex 330.52 29.0693 0
      vertex 332.026 22.7659 0
    endloop
  endfacet
  facet normal 0 0 -1
    outer loop
      vertex 328.971 23.1752 0
      vertex 330.52 29.0693 0
      vertex 330.46 22.9704 0
    endloop
  endfacet
  facet normal 0 0 -1
    outer loop
      vertex 330.52 29.0693 0
      vertex 330.301 64.4229 0
      vertex 330.501 66.7142 0
    endloop
  endfacet
  facet normal 0 0 -1
    outer loop
      vertex 330.301 64.4229 0
      vertex 315.857 67.9954 0
      vertex 330.501 66.7142 0
    endloop
  endfacet
  facet normal 0 -0 -1
    outer loop
      vertex 315.857 67.9954 0
      vertex 330.301 64.4229 0
      vertex 315.657 65.7041 0
    endloop
  endfacet
  facet normal 0 0 -1
    outer loop
      vertex 349.153 21.2694 0
      vertex 345.165 27.7881 0
      vertex 349.29 21.3087 0
    endloop
  endfacet
  facet normal 0 0 -1
    outer loop
      vertex 349.022 21.2359 0
      vertex 345.165 27.7881 0
      vertex 349.153 21.2694 0
    endloop
  endfacet
  facet normal 0 0 -1
    outer loop
      vertex 345.165 27.7881 0
      vertex 349.022 21.2359 0
      vertex 348.021 21.1178 0
    endloop
  endfacet
  facet normal 0 0 -1
    outer loop
      vertex 348.021 21.1178 0
      vertex 349.022 21.2359 0
      vertex 348.881 21.2045 0
    endloop
  endfacet
  facet normal 0 0 -1
    outer loop
      vertex 348.021 21.1178 0
      vertex 348.881 21.2045 0
      vertex 348.735 21.1773 0
    endloop
  endfacet
  facet normal 0 0 -1
    outer loop
      vertex 348.021 21.1178 0
      vertex 348.735 21.1773 0
      vertex 348.595 21.1563 0
    endloop
  endfacet
  facet normal 0 0 -1
    outer loop
      vertex 348.021 21.1178 0
      vertex 348.595 21.1563 0
      vertex 348.458 21.1399 0
    endloop
  endfacet
  facet normal 0 0 -1
    outer loop
      vertex 348.021 21.1178 0
      vertex 348.458 21.1399 0
      vertex 348.309 21.1272 0
    endloop
  endfacet
  facet normal 0 0 -1
    outer loop
      vertex 348.021 21.1178 0
      vertex 348.309 21.1272 0
      vertex 348.16 21.1199 0
    endloop
  endfacet
  facet normal 0 0 -1
    outer loop
      vertex 352.306 25.4419 0
      vertex 348.128 61.6587 0
      vertex 349.409 76.3027 0
    endloop
  endfacet
  facet normal 0 0 -1
    outer loop
      vertex 345.165 27.7881 0
      vertex 348.021 21.1178 0
      vertex 347.882 21.1199 0
    endloop
  endfacet
  facet normal 0 0 -1
    outer loop
      vertex 352.306 25.4419 0
      vertex 347.927 59.3674 0
      vertex 348.128 61.6587 0
    endloop
  endfacet
  facet normal 0 0 -1
    outer loop
      vertex 347.927 59.3674 0
      vertex 333.484 62.9399 0
      vertex 348.128 61.6587 0
    endloop
  endfacet
  facet normal 0 -0 -1
    outer loop
      vertex 333.484 62.9399 0
      vertex 347.927 59.3674 0
      vertex 333.283 60.6486 0
    endloop
  endfacet
  facet normal 0 0 -1
    outer loop
      vertex 350.677 22.0341 0
      vertex 345.165 27.7881 0
      vertex 350.794 22.1285 0
    endloop
  endfacet
  facet normal 0 0 -1
    outer loop
      vertex 350.562 21.9468 0
      vertex 345.165 27.7881 0
      vertex 350.677 22.0341 0
    endloop
  endfacet
  facet normal 0 0 -1
    outer loop
      vertex 350.45 21.8681 0
      vertex 345.165 27.7881 0
      vertex 350.562 21.9468 0
    endloop
  endfacet
  facet normal 0 0 -1
    outer loop
      vertex 345.165 27.7881 0
      vertex 350.45 21.8681 0
      vertex 349.428 21.3541 0
    endloop
  endfacet
  facet normal 0 0 -1
    outer loop
      vertex 349.428 21.3541 0
      vertex 350.45 21.8681 0
      vertex 350.333 21.7904 0
    endloop
  endfacet
  facet normal 0 0 -1
    outer loop
      vertex 349.428 21.3541 0
      vertex 350.333 21.7904 0
      vertex 350.208 21.7142 0
    endloop
  endfacet
  facet normal 0 0 -1
    outer loop
      vertex 349.428 21.3541 0
      vertex 350.208 21.7142 0
      vertex 350.079 21.6412 0
    endloop
  endfacet
  facet normal 0 0 -1
    outer loop
      vertex 349.428 21.3541 0
      vertex 350.079 21.6412 0
      vertex 349.952 21.575 0
    endloop
  endfacet
  facet normal 0 0 -1
    outer loop
      vertex 349.428 21.3541 0
      vertex 349.952 21.575 0
      vertex 349.831 21.5164 0
    endloop
  endfacet
  facet normal 0 0 -1
    outer loop
      vertex 349.428 21.3541 0
      vertex 349.831 21.5164 0
      vertex 349.696 21.4567 0
    endloop
  endfacet
  facet normal 0 0 -1
    outer loop
      vertex 352.306 25.4419 0
      vertex 349.609 78.594 0
      vertex 350.891 93.238 0
    endloop
  endfacet
  facet normal 0 0 -1
    outer loop
      vertex 349.428 21.3541 0
      vertex 349.696 21.4567 0
      vertex 349.559 21.4017 0
    endloop
  endfacet
  facet normal 0 0 -1
    outer loop
      vertex 345.165 27.7881 0
      vertex 349.428 21.3541 0
      vertex 349.29 21.3087 0
    endloop
  endfacet
  facet normal 0 0 -1
    outer loop
      vertex 352.306 25.4419 0
      vertex 349.409 76.3027 0
      vertex 349.609 78.594 0
    endloop
  endfacet
  facet normal 0 0 -1
    outer loop
      vertex 349.409 76.3027 0
      vertex 334.965 79.8752 0
      vertex 349.609 78.594 0
    endloop
  endfacet
  facet normal 0 0 -1
    outer loop
      vertex 334.765 77.5839 0
      vertex 334.965 79.8752 0
      vertex 349.409 76.3027 0
    endloop
  endfacet
  facet normal 0 0 -1
    outer loop
      vertex 331.983 83.6495 0
      vertex 334.965 79.8752 0
      vertex 334.765 77.5839 0
    endloop
  endfacet
  facet normal 0 0 -1
    outer loop
      vertex 336.791 129.9 0
      vertex 336.056 133.073 0
      vertex 336.491 133.364 0
    endloop
  endfacet
  facet normal 0 0 -1
    outer loop
      vertex 336.791 129.9 0
      vertex 335.663 132.728 0
      vertex 336.056 133.073 0
    endloop
  endfacet
  facet normal 0 0 -1
    outer loop
      vertex 336.791 129.9 0
      vertex 334.796 131.431 0
      vertex 335.027 131.9 0
    endloop
  endfacet
  facet normal 0 0 -1
    outer loop
      vertex 331.983 83.6495 0
      vertex 334.765 77.5839 0
      vertex 333.484 62.9399 0
    endloop
  endfacet
  facet normal 0 0 -1
    outer loop
      vertex 331.983 83.6495 0
      vertex 333.484 62.9399 0
      vertex 333.283 60.6486 0
    endloop
  endfacet
  facet normal 0 0 -1
    outer loop
      vertex 336.791 129.9 0
      vertex 335.318 132.335 0
      vertex 335.663 132.728 0
    endloop
  endfacet
  facet normal -0 0 -1
    outer loop
      vertex 337.289 128.698 0
      vertex 334.016 126.636 0
      vertex 337.143 128.865 0
    endloop
  endfacet
  facet normal 0 0 -1
    outer loop
      vertex 333.264 98.2935 0
      vertex 332.212 104.579 0
      vertex 332.232 104.708 0
    endloop
  endfacet
  facet normal 0 0 -1
    outer loop
      vertex 333.264 98.2935 0
      vertex 332.176 104.454 0
      vertex 332.212 104.579 0
    endloop
  endfacet
  facet normal 0 0 -1
    outer loop
      vertex 333.264 98.2935 0
      vertex 332.123 104.334 0
      vertex 332.176 104.454 0
    endloop
  endfacet
  facet normal 0 0 -1
    outer loop
      vertex 333.264 98.2935 0
      vertex 332.055 104.222 0
      vertex 332.123 104.334 0
    endloop
  endfacet
  facet normal 0 0 -1
    outer loop
      vertex 333.264 98.2935 0
      vertex 331.973 104.12 0
      vertex 332.055 104.222 0
    endloop
  endfacet
  facet normal 0 0 -1
    outer loop
      vertex 333.264 98.2935 0
      vertex 331.879 104.03 0
      vertex 331.973 104.12 0
    endloop
  endfacet
  facet normal 0 0 -1
    outer loop
      vertex 333.264 98.2935 0
      vertex 331.773 103.952 0
      vertex 331.879 104.03 0
    endloop
  endfacet
  facet normal 0 0 -1
    outer loop
      vertex 333.264 98.2935 0
      vertex 331.659 103.889 0
      vertex 331.773 103.952 0
    endloop
  endfacet
  facet normal 0 0 -1
    outer loop
      vertex 333.264 98.2935 0
      vertex 331.537 103.842 0
      vertex 331.659 103.889 0
    endloop
  endfacet
  facet normal 0 0 -1
    outer loop
      vertex 333.264 98.2935 0
      vertex 331.41 103.811 0
      vertex 331.537 103.842 0
    endloop
  endfacet
  facet normal 0 0 -1
    outer loop
      vertex 333.264 98.2935 0
      vertex 331.28 103.797 0
      vertex 331.41 103.811 0
    endloop
  endfacet
  facet normal 0 0 -1
    outer loop
      vertex 333.264 98.2935 0
      vertex 331.149 103.799 0
      vertex 331.28 103.797 0
    endloop
  endfacet
  facet normal 0 0 -1
    outer loop
      vertex 318.62 99.5747 0
      vertex 331.149 103.799 0
      vertex 333.264 98.2935 0
    endloop
  endfacet
  facet normal 0 0 -1
    outer loop
      vertex 312.496 89.0986 0
      vertex 317.339 84.9307 0
      vertex 317.138 82.6394 0
    endloop
  endfacet
  facet normal 0 0 -1
    outer loop
      vertex 318.62 99.5747 0
      vertex 315.21 105.194 0
      vertex 331.149 103.799 0
    endloop
  endfacet
  facet normal 0 0 -1
    outer loop
      vertex 317.339 84.9307 0
      vertex 312.496 89.0986 0
      vertex 318.62 99.5747 0
    endloop
  endfacet
  facet normal 0 0 -1
    outer loop
      vertex 312.496 89.0986 0
      vertex 317.138 82.6394 0
      vertex 315.857 67.9954 0
    endloop
  endfacet
  facet normal 0 0 -1
    outer loop
      vertex 312.496 89.0986 0
      vertex 315.857 67.9954 0
      vertex 315.657 65.7041 0
    endloop
  endfacet
  facet normal 0 -0 -1
    outer loop
      vertex 313.265 103.778 0
      vertex 318.62 99.5747 0
      vertex 312.496 89.0986 0
    endloop
  endfacet
  facet normal 0 0 -1
    outer loop
      vertex 318.62 99.5747 0
      vertex 313.265 103.778 0
      vertex 315.21 105.194 0
    endloop
  endfacet
  facet normal -0 0 -1
    outer loop
      vertex 315.21 105.194 0
      vertex 313.265 103.778 0
      vertex 315.081 105.214 0
    endloop
  endfacet
  facet normal -0 0 -1
    outer loop
      vertex 315.081 105.214 0
      vertex 313.265 103.778 0
      vertex 314.955 105.25 0
    endloop
  endfacet
  facet normal -0 0 -1
    outer loop
      vertex 314.955 105.25 0
      vertex 313.265 103.778 0
      vertex 314.835 105.303 0
    endloop
  endfacet
  facet normal -0 0 -1
    outer loop
      vertex 314.835 105.303 0
      vertex 313.265 103.778 0
      vertex 314.723 105.371 0
    endloop
  endfacet
  facet normal -0 0 -1
    outer loop
      vertex 314.723 105.371 0
      vertex 313.265 103.778 0
      vertex 314.621 105.453 0
    endloop
  endfacet
  facet normal -0 0 -1
    outer loop
      vertex 314.621 105.453 0
      vertex 313.265 103.778 0
      vertex 314.531 105.547 0
    endloop
  endfacet
  facet normal 0 0 -1
    outer loop
      vertex 312.496 89.0986 0
      vertex 315.657 65.7041 0
      vertex 314.376 51.0601 0
    endloop
  endfacet
  facet normal -0 0 -1
    outer loop
      vertex 314.531 105.547 0
      vertex 313.265 103.778 0
      vertex 314.454 105.653 0
    endloop
  endfacet
  facet normal 0 0 -1
    outer loop
      vertex 346.446 42.4321 0
      vertex 332.002 46.0046 0
      vertex 346.646 44.7234 0
    endloop
  endfacet
  facet normal 0 0 -1
    outer loop
      vertex 331.802 43.7133 0
      vertex 332.002 46.0046 0
      vertex 346.446 42.4321 0
    endloop
  endfacet
  facet normal 0 0 -1
    outer loop
      vertex 330.501 66.7142 0
      vertex 332.002 46.0046 0
      vertex 331.802 43.7133 0
    endloop
  endfacet
  facet normal 0 0 -1
    outer loop
      vertex 332.002 46.0046 0
      vertex 331.783 81.3582 0
      vertex 331.983 83.6495 0
    endloop
  endfacet
  facet normal 0 0 -1
    outer loop
      vertex 331.783 81.3582 0
      vertex 317.339 84.9307 0
      vertex 331.983 83.6495 0
    endloop
  endfacet
  facet normal 0 -0 -1
    outer loop
      vertex 317.339 84.9307 0
      vertex 331.783 81.3582 0
      vertex 317.138 82.6394 0
    endloop
  endfacet
  facet normal 0 0 -1
    outer loop
      vertex 340.191 129.9 0
      vertex 342.491 129.9 0
      vertex 342.457 129.378 0
    endloop
  endfacet
  facet normal 0 0 -1
    outer loop
      vertex 340.191 129.9 0
      vertex 342.457 129.378 0
      vertex 342.355 128.865 0
    endloop
  endfacet
  facet normal 0 0 -1
    outer loop
      vertex 342.491 129.9 0
      vertex 340.191 129.9 0
      vertex 342.457 130.422 0
    endloop
  endfacet
  facet normal 0 0 -1
    outer loop
      vertex 340.191 129.9 0
      vertex 342.355 128.865 0
      vertex 342.187 128.369 0
    endloop
  endfacet
  facet normal 0 0 -1
    outer loop
      vertex 340.177 130.122 0
      vertex 342.457 130.422 0
      vertex 340.191 129.9 0
    endloop
  endfacet
  facet normal 0 0 -1
    outer loop
      vertex 340.191 129.9 0
      vertex 342.187 128.369 0
      vertex 341.956 127.9 0
    endloop
  endfacet
  facet normal -0 0 -1
    outer loop
      vertex 342.457 130.422 0
      vertex 340.177 130.122 0
      vertex 342.355 130.935 0
    endloop
  endfacet
  facet normal 0 0 -1
    outer loop
      vertex 340.191 129.9 0
      vertex 341.956 127.9 0
      vertex 341.665 127.465 0
    endloop
  endfacet
  facet normal 0 0 -1
    outer loop
      vertex 340.133 130.34 0
      vertex 342.355 130.935 0
      vertex 340.177 130.122 0
    endloop
  endfacet
  facet normal 0 0 -1
    outer loop
      vertex 340.191 129.9 0
      vertex 341.665 127.465 0
      vertex 341.32 127.072 0
    endloop
  endfacet
  facet normal -0 0 -1
    outer loop
      vertex 342.355 130.935 0
      vertex 340.133 130.34 0
      vertex 342.187 131.431 0
    endloop
  endfacet
  facet normal 0 0 -1
    outer loop
      vertex 339.526 128.551 0
      vertex 340.926 126.727 0
      vertex 340.826 126.659 0
    endloop
  endfacet
  facet normal 0 0 -1
    outer loop
      vertex 340.926 126.727 0
      vertex 340.191 129.9 0
      vertex 341.32 127.072 0
    endloop
  endfacet
  facet normal 0 0 -1
    outer loop
      vertex 340.062 130.551 0
      vertex 342.187 131.431 0
      vertex 340.133 130.34 0
    endloop
  endfacet
  facet normal -0 0 -1
    outer loop
      vertex 342.187 131.431 0
      vertex 340.062 130.551 0
      vertex 341.956 131.9 0
    endloop
  endfacet
  facet normal -0 0 -1
    outer loop
      vertex 341.956 131.9 0
      vertex 339.964 130.75 0
      vertex 341.665 132.335 0
    endloop
  endfacet
  facet normal 0 0 -1
    outer loop
      vertex 339.84 130.935 0
      vertex 341.665 132.335 0
      vertex 339.964 130.75 0
    endloop
  endfacet
  facet normal -0 0 -1
    outer loop
      vertex 341.665 132.335 0
      vertex 339.84 130.935 0
      vertex 341.32 132.728 0
    endloop
  endfacet
  facet normal 0 0 -1
    outer loop
      vertex 339.693 131.102 0
      vertex 341.32 132.728 0
      vertex 339.84 130.935 0
    endloop
  endfacet
  facet normal -0 0 -1
    outer loop
      vertex 341.32 132.728 0
      vertex 339.693 131.102 0
      vertex 340.926 133.073 0
    endloop
  endfacet
  facet normal 0 0 -1
    outer loop
      vertex 339.526 131.249 0
      vertex 340.926 133.073 0
      vertex 339.693 131.102 0
    endloop
  endfacet
  facet normal -0 0 -1
    outer loop
      vertex 340.926 133.073 0
      vertex 339.526 131.249 0
      vertex 340.491 133.364 0
    endloop
  endfacet
  facet normal 0 0 -1
    outer loop
      vertex 339.341 131.372 0
      vertex 340.491 133.364 0
      vertex 339.526 131.249 0
    endloop
  endfacet
  facet normal -0 0 -1
    outer loop
      vertex 340.491 133.364 0
      vertex 339.341 131.372 0
      vertex 340.022 133.596 0
    endloop
  endfacet
  facet normal 0 0 -1
    outer loop
      vertex 339.142 131.471 0
      vertex 340.022 133.596 0
      vertex 339.341 131.372 0
    endloop
  endfacet
  facet normal -0 0 -1
    outer loop
      vertex 340.022 133.596 0
      vertex 339.142 131.471 0
      vertex 339.527 133.764 0
    endloop
  endfacet
  facet normal 0 0 -1
    outer loop
      vertex 338.931 131.542 0
      vertex 339.527 133.764 0
      vertex 339.142 131.471 0
    endloop
  endfacet
  facet normal -0 0 -1
    outer loop
      vertex 339.527 133.764 0
      vertex 338.931 131.542 0
      vertex 339.014 133.866 0
    endloop
  endfacet
  facet normal 0 0 -1
    outer loop
      vertex 338.713 131.585 0
      vertex 339.014 133.866 0
      vertex 338.931 131.542 0
    endloop
  endfacet
  facet normal 0 0 -1
    outer loop
      vertex 338.491 131.6 0
      vertex 339.014 133.866 0
      vertex 338.713 131.585 0
    endloop
  endfacet
  facet normal 0 0 -1
    outer loop
      vertex 338.491 131.6 0
      vertex 338.491 133.9 0
      vertex 339.014 133.866 0
    endloop
  endfacet
  facet normal 0 0 -1
    outer loop
      vertex 338.27 131.585 0
      vertex 338.491 133.9 0
      vertex 338.491 131.6 0
    endloop
  endfacet
  facet normal 0 0 -1
    outer loop
      vertex 337.969 133.866 0
      vertex 338.27 131.585 0
      vertex 338.051 131.542 0
    endloop
  endfacet
  facet normal 0 0 -1
    outer loop
      vertex 338.27 131.585 0
      vertex 337.969 133.866 0
      vertex 338.491 133.9 0
    endloop
  endfacet
  facet normal 0 0 -1
    outer loop
      vertex 337.456 133.764 0
      vertex 338.051 131.542 0
      vertex 337.841 131.471 0
    endloop
  endfacet
  facet normal 0 0 -1
    outer loop
      vertex 336.961 133.596 0
      vertex 337.841 131.471 0
      vertex 337.641 131.372 0
    endloop
  endfacet
  facet normal 0 0 -1
    outer loop
      vertex 336.491 133.364 0
      vertex 337.641 131.372 0
      vertex 337.457 131.249 0
    endloop
  endfacet
  facet normal 0 0 -1
    outer loop
      vertex 338.051 131.542 0
      vertex 337.456 133.764 0
      vertex 337.969 133.866 0
    endloop
  endfacet
  facet normal 0 0 -1
    outer loop
      vertex 336.491 133.364 0
      vertex 337.457 131.249 0
      vertex 337.289 131.102 0
    endloop
  endfacet
  facet normal 0 0 -1
    outer loop
      vertex 336.491 133.364 0
      vertex 337.289 131.102 0
      vertex 337.143 130.935 0
    endloop
  endfacet
  facet normal 0 0 -1
    outer loop
      vertex 336.491 133.364 0
      vertex 337.143 130.935 0
      vertex 337.019 130.75 0
    endloop
  endfacet
  facet normal 0 0 -1
    outer loop
      vertex 337.841 131.471 0
      vertex 336.961 133.596 0
      vertex 337.456 133.764 0
    endloop
  endfacet
  facet normal 0 0 -1
    outer loop
      vertex 336.491 133.364 0
      vertex 337.019 130.75 0
      vertex 336.921 130.551 0
    endloop
  endfacet
  facet normal 0 0 -1
    outer loop
      vertex 336.491 133.364 0
      vertex 336.921 130.551 0
      vertex 336.849 130.34 0
    endloop
  endfacet
  facet normal 0 0 -1
    outer loop
      vertex 336.491 133.364 0
      vertex 336.849 130.34 0
      vertex 336.806 130.122 0
    endloop
  endfacet
  facet normal 0 0 -1
    outer loop
      vertex 336.491 133.364 0
      vertex 336.806 130.122 0
      vertex 336.791 129.9 0
    endloop
  endfacet
  facet normal 0 0 -1
    outer loop
      vertex 337.641 131.372 0
      vertex 336.491 133.364 0
      vertex 336.961 133.596 0
    endloop
  endfacet
  facet normal 0 0 -1
    outer loop
      vertex 336.791 129.9 0
      vertex 335.027 131.9 0
      vertex 335.318 132.335 0
    endloop
  endfacet
  facet normal 0 0 -1
    outer loop
      vertex 333.785 126.951 0
      vertex 337.019 129.05 0
      vertex 333.876 126.857 0
    endloop
  endfacet
  facet normal -0 0 -1
    outer loop
      vertex 337.019 129.05 0
      vertex 333.785 126.951 0
      vertex 336.921 129.249 0
    endloop
  endfacet
  facet normal 0 0 -1
    outer loop
      vertex 333.683 127.033 0
      vertex 336.921 129.249 0
      vertex 333.785 126.951 0
    endloop
  endfacet
  facet normal -0 0 -1
    outer loop
      vertex 336.921 129.249 0
      vertex 333.683 127.033 0
      vertex 336.849 129.46 0
    endloop
  endfacet
  facet normal 0 0 -1
    outer loop
      vertex 333.572 127.101 0
      vertex 336.849 129.46 0
      vertex 333.683 127.033 0
    endloop
  endfacet
  facet normal 0 -0 -1
    outer loop
      vertex 334.76 131.326 0
      vertex 336.849 129.46 0
      vertex 333.572 127.101 0
    endloop
  endfacet
  facet normal 0 0 -1
    outer loop
      vertex 336.849 129.46 0
      vertex 334.76 131.326 0
      vertex 336.806 129.678 0
    endloop
  endfacet
  facet normal 0 0 -1
    outer loop
      vertex 333.452 127.154 0
      vertex 334.76 131.326 0
      vertex 333.572 127.101 0
    endloop
  endfacet
  facet normal 0 0 -1
    outer loop
      vertex 333.326 127.19 0
      vertex 334.76 131.326 0
      vertex 333.452 127.154 0
    endloop
  endfacet
  facet normal 0 0 -1
    outer loop
      vertex 333.197 127.21 0
      vertex 334.76 131.326 0
      vertex 333.326 127.19 0
    endloop
  endfacet
  facet normal 0 0 -1
    outer loop
      vertex 333.197 127.21 0
      vertex 329.09 131.326 0
      vertex 334.76 131.326 0
    endloop
  endfacet
  facet normal 0 -0 -1
    outer loop
      vertex 329.09 131.326 0
      vertex 333.197 127.21 0
      vertex 328.764 127.598 0
    endloop
  endfacet
  facet normal 0 0 -1
    outer loop
      vertex 326.212 23.5851 0
      vertex 330.52 29.0693 0
      vertex 327.555 23.3801 0
    endloop
  endfacet
  facet normal 0 0 -1
    outer loop
      vertex 330.52 29.0693 0
      vertex 327.538 32.8436 0
      vertex 328.819 47.4876 0
    endloop
  endfacet
  facet normal 0 0 -1
    outer loop
      vertex 324.937 23.7902 0
      vertex 330.52 29.0693 0
      vertex 326.212 23.5851 0
    endloop
  endfacet
  facet normal -0 0 -1
    outer loop
      vertex 330.52 29.0693 0
      vertex 324.937 23.7902 0
      vertex 327.538 32.8436 0
    endloop
  endfacet
  facet normal 0 0 -1
    outer loop
      vertex 323.728 23.9954 0
      vertex 327.538 32.8436 0
      vertex 324.937 23.7902 0
    endloop
  endfacet
  facet normal 0 0 -1
    outer loop
      vertex 322.584 24.2007 0
      vertex 327.538 32.8436 0
      vertex 323.728 23.9954 0
    endloop
  endfacet
  facet normal 0 0 -1
    outer loop
      vertex 321.501 24.406 0
      vertex 327.538 32.8436 0
      vertex 322.584 24.2007 0
    endloop
  endfacet
  facet normal 0 0 -1
    outer loop
      vertex 320.476 24.6115 0
      vertex 327.538 32.8436 0
      vertex 321.501 24.406 0
    endloop
  endfacet
  facet normal 0 0 -1
    outer loop
      vertex 319.509 24.8172 0
      vertex 327.538 32.8436 0
      vertex 320.476 24.6115 0
    endloop
  endfacet
  facet normal 0 0 -1
    outer loop
      vertex 318.594 25.0232 0
      vertex 327.538 32.8436 0
      vertex 319.509 24.8172 0
    endloop
  endfacet
  facet normal 0 0 -1
    outer loop
      vertex 312.894 34.1248 0
      vertex 318.594 25.0232 0
      vertex 317.731 25.2296 0
    endloop
  endfacet
  facet normal 0 0 -1
    outer loop
      vertex 312.894 34.1248 0
      vertex 317.731 25.2296 0
      vertex 316.917 25.4365 0
    endloop
  endfacet
  facet normal 0 0 -1
    outer loop
      vertex 312.894 34.1248 0
      vertex 316.917 25.4365 0
      vertex 316.15 25.6438 0
    endloop
  endfacet
  facet normal 0 0 -1
    outer loop
      vertex 312.894 34.1248 0
      vertex 316.15 25.6438 0
      vertex 315.426 25.8518 0
    endloop
  endfacet
  facet normal 0 0 -1
    outer loop
      vertex 312.894 34.1248 0
      vertex 315.426 25.8518 0
      vertex 314.743 26.0608 0
    endloop
  endfacet
  facet normal 0 0 -1
    outer loop
      vertex 312.894 34.1248 0
      vertex 314.743 26.0608 0
      vertex 314.099 26.2708 0
    endloop
  endfacet
  facet normal 0 0 -1
    outer loop
      vertex 312.894 34.1248 0
      vertex 314.099 26.2708 0
      vertex 313.492 26.4817 0
    endloop
  endfacet
  facet normal 0 0 -1
    outer loop
      vertex 312.894 34.1248 0
      vertex 313.492 26.4817 0
      vertex 312.919 26.6941 0
    endloop
  endfacet
  facet normal 0 0 -1
    outer loop
      vertex 318.594 25.0232 0
      vertex 312.894 34.1248 0
      vertex 327.538 32.8436 0
    endloop
  endfacet
  facet normal 0 0 -1
    outer loop
      vertex 312.379 26.9078 0
      vertex 312.894 34.1248 0
      vertex 312.919 26.6941 0
    endloop
  endfacet
  facet normal 0 0 -1
    outer loop
      vertex 311.87 27.1225 0
      vertex 312.894 34.1248 0
      vertex 312.379 26.9078 0
    endloop
  endfacet
  facet normal 0 0 -1
    outer loop
      vertex 312.894 34.1248 0
      vertex 312.376 86.8018 0
      vertex 312.496 89.0986 0
    endloop
  endfacet
  facet normal 0 0 -1
    outer loop
      vertex 312.376 86.8018 0
      vertex 297.816 89.8679 0
      vertex 312.496 89.0986 0
    endloop
  endfacet
  facet normal 0 -0 -1
    outer loop
      vertex 297.816 89.8679 0
      vertex 312.376 86.8018 0
      vertex 297.696 87.5711 0
    endloop
  endfacet
  facet normal 0 0 -1
    outer loop
      vertex 330.52 29.0693 0
      vertex 329.02 49.7789 0
      vertex 330.301 64.4229 0
    endloop
  endfacet
  facet normal 0 0 -1
    outer loop
      vertex 327.555 23.3801 0
      vertex 330.52 29.0693 0
      vertex 328.971 23.1752 0
    endloop
  endfacet
  facet normal 0 0 -1
    outer loop
      vertex 330.52 29.0693 0
      vertex 328.819 47.4876 0
      vertex 329.02 49.7789 0
    endloop
  endfacet
  facet normal 0 0 -1
    outer loop
      vertex 328.819 47.4876 0
      vertex 314.376 51.0601 0
      vertex 329.02 49.7789 0
    endloop
  endfacet
  facet normal -0 0 -1
    outer loop
      vertex 314.454 105.653 0
      vertex 313.265 103.778 0
      vertex 314.391 105.768 0
    endloop
  endfacet
  facet normal -0 0 -1
    outer loop
      vertex 314.391 105.768 0
      vertex 313.265 103.778 0
      vertex 314.343 105.889 0
    endloop
  endfacet
  facet normal -0 0 -1
    outer loop
      vertex 314.343 105.889 0
      vertex 313.265 103.778 0
      vertex 314.312 106.016 0
    endloop
  endfacet
  facet normal 0 0 -1
    outer loop
      vertex 314.175 48.7688 0
      vertex 314.376 51.0601 0
      vertex 328.819 47.4876 0
    endloop
  endfacet
  facet normal 0 0 -1
    outer loop
      vertex 312.496 89.0986 0
      vertex 314.376 51.0601 0
      vertex 314.175 48.7688 0
    endloop
  endfacet
  facet normal 0 0 -1
    outer loop
      vertex 298.585 104.548 0
      vertex 314.298 106.147 0
      vertex 313.265 103.778 0
    endloop
  endfacet
  facet normal 0 0 -1
    outer loop
      vertex 314.298 106.147 0
      vertex 306.491 119.726 0
      vertex 314.253 131.925 0
    endloop
  endfacet
  facet normal 0 -0 -1
    outer loop
      vertex 311.634 132.459 0
      vertex 314.253 131.925 0
      vertex 306.491 119.726 0
    endloop
  endfacet
  facet normal 0 0 -1
    outer loop
      vertex 314.253 131.925 0
      vertex 311.634 132.459 0
      vertex 314.129 132.11 0
    endloop
  endfacet
  facet normal 0 0 -1
    outer loop
      vertex 314.129 132.11 0
      vertex 311.634 132.459 0
      vertex 314.031 132.309 0
    endloop
  endfacet
  facet normal 0 0 -1
    outer loop
      vertex 314.031 132.309 0
      vertex 311.634 132.459 0
      vertex 313.959 132.52 0
    endloop
  endfacet
  facet normal -0 0 -1
    outer loop
      vertex 313.959 132.52 0
      vertex 311.634 132.459 0
      vertex 313.916 132.738 0
    endloop
  endfacet
  facet normal 0 0 -1
    outer loop
      vertex 312.496 89.0986 0
      vertex 314.175 48.7688 0
      vertex 312.894 34.1248 0
    endloop
  endfacet
  facet normal -0 0 -1
    outer loop
      vertex 314.312 106.016 0
      vertex 313.265 103.778 0
      vertex 314.298 106.147 0
    endloop
  endfacet
  facet normal 0 0 -1
    outer loop
      vertex 330.501 66.7142 0
      vertex 331.802 43.7133 0
      vertex 330.52 29.0693 0
    endloop
  endfacet
  facet normal 0 0 -1
    outer loop
      vertex 332.002 46.0046 0
      vertex 330.501 66.7142 0
      vertex 331.783 81.3582 0
    endloop
  endfacet
  facet normal 0 0 -1
    outer loop
      vertex 331.983 83.6495 0
      vertex 333.283 60.6486 0
      vertex 332.002 46.0046 0
    endloop
  endfacet
  facet normal -0 0 -1
    outer loop
      vertex 336.247 94.5192 0
      vertex 331.983 83.6495 0
      vertex 333.264 98.2935 0
    endloop
  endfacet
  facet normal 0 0 -1
    outer loop
      vertex 311.391 27.3383 0
      vertex 312.894 34.1248 0
      vertex 311.87 27.1225 0
    endloop
  endfacet
  facet normal 0 0 -1
    outer loop
      vertex 312.894 34.1248 0
      vertex 311.606 72.1219 0
      vertex 312.376 86.8018 0
    endloop
  endfacet
  facet normal 0 0 -1
    outer loop
      vertex 312.894 34.1248 0
      vertex 311.486 69.8251 0
      vertex 311.606 72.1219 0
    endloop
  endfacet
  facet normal 0 0 -1
    outer loop
      vertex 310.938 27.5552 0
      vertex 312.894 34.1248 0
      vertex 311.391 27.3383 0
    endloop
  endfacet
  facet normal 0 0 -1
    outer loop
      vertex 310.512 27.7722 0
      vertex 312.894 34.1248 0
      vertex 310.938 27.5552 0
    endloop
  endfacet
  facet normal 0 0 -1
    outer loop
      vertex 312.894 34.1248 0
      vertex 310.717 55.1452 0
      vertex 311.486 69.8251 0
    endloop
  endfacet
  facet normal 0 0 -1
    outer loop
      vertex 312.894 34.1248 0
      vertex 310.596 52.8484 0
      vertex 310.717 55.1452 0
    endloop
  endfacet
  facet normal 0 0 -1
    outer loop
      vertex 310.112 27.9884 0
      vertex 312.894 34.1248 0
      vertex 310.512 27.7722 0
    endloop
  endfacet
  facet normal 0 0 -1
    outer loop
      vertex 309.737 28.2029 0
      vertex 312.894 34.1248 0
      vertex 310.112 27.9884 0
    endloop
  endfacet
  facet normal 0 0 -1
    outer loop
      vertex 312.894 34.1248 0
      vertex 309.827 38.1685 0
      vertex 310.596 52.8484 0
    endloop
  endfacet
  facet normal 0 0 -1
    outer loop
      vertex 309.386 28.4141 0
      vertex 312.894 34.1248 0
      vertex 309.737 28.2029 0
    endloop
  endfacet
  facet normal 0 0 -1
    outer loop
      vertex 309.059 28.6205 0
      vertex 312.894 34.1248 0
      vertex 309.386 28.4141 0
    endloop
  endfacet
  facet normal 0 0 -1
    outer loop
      vertex 308.756 28.8197 0
      vertex 312.894 34.1248 0
      vertex 309.059 28.6205 0
    endloop
  endfacet
  facet normal 0 0 -1
    outer loop
      vertex 308.475 29.0104 0
      vertex 312.894 34.1248 0
      vertex 308.756 28.8197 0
    endloop
  endfacet
  facet normal 0 0 -1
    outer loop
      vertex 308.217 29.19 0
      vertex 312.894 34.1248 0
      vertex 308.475 29.0104 0
    endloop
  endfacet
  facet normal 0 0 -1
    outer loop
      vertex 307.982 29.3564 0
      vertex 312.894 34.1248 0
      vertex 308.217 29.19 0
    endloop
  endfacet
  facet normal 0 0 -1
    outer loop
      vertex 307.764 29.5114 0
      vertex 312.894 34.1248 0
      vertex 307.982 29.3564 0
    endloop
  endfacet
  facet normal 0 0 -1
    outer loop
      vertex 307.571 29.6477 0
      vertex 312.894 34.1248 0
      vertex 307.764 29.5114 0
    endloop
  endfacet
  facet normal 0 0 -1
    outer loop
      vertex 307.39 29.7726 0
      vertex 312.894 34.1248 0
      vertex 307.571 29.6477 0
    endloop
  endfacet
  facet normal 0 0 -1
    outer loop
      vertex 307.225 29.8833 0
      vertex 312.894 34.1248 0
      vertex 307.39 29.7726 0
    endloop
  endfacet
  facet normal 0 0 -1
    outer loop
      vertex 307.071 29.9825 0
      vertex 312.894 34.1248 0
      vertex 307.225 29.8833 0
    endloop
  endfacet
  facet normal 0 0 -1
    outer loop
      vertex 306.925 30.072 0
      vertex 312.894 34.1248 0
      vertex 307.071 29.9825 0
    endloop
  endfacet
  facet normal 0 0 -1
    outer loop
      vertex 306.781 30.1542 0
      vertex 312.894 34.1248 0
      vertex 306.925 30.072 0
    endloop
  endfacet
  facet normal 0 0 -1
    outer loop
      vertex 306.637 30.2308 0
      vertex 312.894 34.1248 0
      vertex 306.781 30.1542 0
    endloop
  endfacet
  facet normal -0 0 -1
    outer loop
      vertex 312.894 34.1248 0
      vertex 306.637 30.2308 0
      vertex 309.827 38.1685 0
    endloop
  endfacet
  facet normal 0 0 -1
    outer loop
      vertex 306.479 30.3083 0
      vertex 309.827 38.1685 0
      vertex 306.637 30.2308 0
    endloop
  endfacet
  facet normal 0 0 -1
    outer loop
      vertex 306.287 30.3947 0
      vertex 309.827 38.1685 0
      vertex 306.479 30.3083 0
    endloop
  endfacet
  facet normal 0 0 -1
    outer loop
      vertex 306.057 30.49 0
      vertex 309.827 38.1685 0
      vertex 306.287 30.3947 0
    endloop
  endfacet
  facet normal 0 0 -1
    outer loop
      vertex 305.793 30.5917 0
      vertex 309.827 38.1685 0
      vertex 306.057 30.49 0
    endloop
  endfacet
  facet normal 0 0 -1
    outer loop
      vertex 305.493 30.6989 0
      vertex 309.827 38.1685 0
      vertex 305.793 30.5917 0
    endloop
  endfacet
  facet normal 0 0 -1
    outer loop
      vertex 305.162 30.8097 0
      vertex 309.827 38.1685 0
      vertex 305.493 30.6989 0
    endloop
  endfacet
  facet normal 0 0 -1
    outer loop
      vertex 304.797 30.9237 0
      vertex 309.827 38.1685 0
      vertex 305.162 30.8097 0
    endloop
  endfacet
  facet normal 0 0 -1
    outer loop
      vertex 304.402 31.0392 0
      vertex 309.827 38.1685 0
      vertex 304.797 30.9237 0
    endloop
  endfacet
  facet normal 0 0 -1
    outer loop
      vertex 303.976 31.1562 0
      vertex 309.827 38.1685 0
      vertex 304.402 31.0392 0
    endloop
  endfacet
  facet normal 0 0 -1
    outer loop
      vertex 303.52 31.2736 0
      vertex 309.827 38.1685 0
      vertex 303.976 31.1562 0
    endloop
  endfacet
  facet normal 0 0 -1
    outer loop
      vertex 303.034 31.3909 0
      vertex 309.827 38.1685 0
      vertex 303.52 31.2736 0
    endloop
  endfacet
  facet normal 0 0 -1
    outer loop
      vertex 302.519 31.5076 0
      vertex 309.827 38.1685 0
      vertex 303.034 31.3909 0
    endloop
  endfacet
  facet normal 0 0 -1
    outer loop
      vertex 301.975 31.6232 0
      vertex 309.827 38.1685 0
      vertex 302.519 31.5076 0
    endloop
  endfacet
  facet normal 0 0 -1
    outer loop
      vertex 301.403 31.737 0
      vertex 309.827 38.1685 0
      vertex 301.975 31.6232 0
    endloop
  endfacet
  facet normal 0 0 -1
    outer loop
      vertex 300.799 31.8493 0
      vertex 309.827 38.1685 0
      vertex 301.403 31.737 0
    endloop
  endfacet
  facet normal 0 0 -1
    outer loop
      vertex 295.147 38.9378 0
      vertex 300.799 31.8493 0
      vertex 300.169 31.9588 0
    endloop
  endfacet
  facet normal 0 0 -1
    outer loop
      vertex 295.147 38.9378 0
      vertex 300.169 31.9588 0
      vertex 299.513 32.0652 0
    endloop
  endfacet
  facet normal 0 0 -1
    outer loop
      vertex 295.147 38.9378 0
      vertex 299.513 32.0652 0
      vertex 298.824 32.1691 0
    endloop
  endfacet
  facet normal 0 0 -1
    outer loop
      vertex 295.147 38.9378 0
      vertex 298.824 32.1691 0
      vertex 298.11 32.2688 0
    endloop
  endfacet
  facet normal 0 0 -1
    outer loop
      vertex 295.147 38.9378 0
      vertex 298.11 32.2688 0
      vertex 297.368 32.3646 0
    endloop
  endfacet
  facet normal 0 0 -1
    outer loop
      vertex 295.147 38.9378 0
      vertex 297.368 32.3646 0
      vertex 296.596 32.4564 0
    endloop
  endfacet
  facet normal 0 0 -1
    outer loop
      vertex 295.147 38.9378 0
      vertex 296.596 32.4564 0
      vertex 295.798 32.5431 0
    endloop
  endfacet
  facet normal 0 0 -1
    outer loop
      vertex 300.799 31.8493 0
      vertex 295.147 38.9378 0
      vertex 309.827 38.1685 0
    endloop
  endfacet
  facet normal 0 -0 -1
    outer loop
      vertex 295.147 38.9378 0
      vertex 295.798 32.5431 0
      vertex 294.971 32.625 0
    endloop
  endfacet
  facet normal 0 0 -1
    outer loop
      vertex 321.691 128.217 0
      vertex 319.569 132.459 0
      vertex 322.062 132.459 0
    endloop
  endfacet
  facet normal 0 0 -1
    outer loop
      vertex 319.601 132.96 0
      vertex 317.301 132.96 0
      vertex 319.567 133.482 0
    endloop
  endfacet
  facet normal -0 0 -1
    outer loop
      vertex 319.567 133.482 0
      vertex 317.287 133.182 0
      vertex 319.465 133.995 0
    endloop
  endfacet
  facet normal 0 0 -1
    outer loop
      vertex 317.243 133.4 0
      vertex 319.465 133.995 0
      vertex 317.287 133.182 0
    endloop
  endfacet
  facet normal 0 0 -1
    outer loop
      vertex 317.172 133.611 0
      vertex 319.297 134.491 0
      vertex 317.243 133.4 0
    endloop
  endfacet
  facet normal -0 0 -1
    outer loop
      vertex 319.297 134.491 0
      vertex 317.172 133.611 0
      vertex 319.065 134.96 0
    endloop
  endfacet
  facet normal -0 0 -1
    outer loop
      vertex 319.065 134.96 0
      vertex 317.074 133.81 0
      vertex 318.775 135.395 0
    endloop
  endfacet
  facet normal 0 0 -1
    outer loop
      vertex 316.95 133.995 0
      vertex 318.775 135.395 0
      vertex 317.074 133.81 0
    endloop
  endfacet
  facet normal 0 0 -1
    outer loop
      vertex 319.567 133.482 0
      vertex 317.301 132.96 0
      vertex 317.287 133.182 0
    endloop
  endfacet
  facet normal 0 0 -1
    outer loop
      vertex 317.258 128.605 0
      vertex 319.569 132.459 0
      vertex 321.691 128.217 0
    endloop
  endfacet
  facet normal 0 0 -1
    outer loop
      vertex 319.569 132.459 0
      vertex 317.287 132.738 0
      vertex 317.301 132.96 0
    endloop
  endfacet
  facet normal 0 0 -1
    outer loop
      vertex 316.95 131.925 0
      vertex 319.569 132.459 0
      vertex 317.258 128.605 0
    endloop
  endfacet
  facet normal 0 0 -1
    outer loop
      vertex 319.569 132.459 0
      vertex 317.243 132.52 0
      vertex 317.287 132.738 0
    endloop
  endfacet
  facet normal -0 0 -1
    outer loop
      vertex 319.569 132.459 0
      vertex 317.172 132.309 0
      vertex 317.243 132.52 0
    endloop
  endfacet
  facet normal 0 0 -1
    outer loop
      vertex 316.451 131.488 0
      vertex 317.258 128.605 0
      vertex 317.127 128.607 0
    endloop
  endfacet
  facet normal 0 0 -1
    outer loop
      vertex 319.569 132.459 0
      vertex 317.074 132.11 0
      vertex 317.172 132.309 0
    endloop
  endfacet
  facet normal 0 0 -1
    outer loop
      vertex 316.252 131.389 0
      vertex 317.127 128.607 0
      vertex 316.997 128.593 0
    endloop
  endfacet
  facet normal 0 0 -1
    outer loop
      vertex 319.569 132.459 0
      vertex 316.95 131.925 0
      vertex 317.074 132.11 0
    endloop
  endfacet
  facet normal 0 0 -1
    outer loop
      vertex 316.041 131.318 0
      vertex 316.997 128.593 0
      vertex 316.87 128.562 0
    endloop
  endfacet
  facet normal 0 0 -1
    outer loop
      vertex 317.258 128.605 0
      vertex 316.803 131.758 0
      vertex 316.95 131.925 0
    endloop
  endfacet
  facet normal 0 0 -1
    outer loop
      vertex 316.041 131.318 0
      vertex 316.87 128.562 0
      vertex 316.748 128.515 0
    endloop
  endfacet
  facet normal 0 0 -1
    outer loop
      vertex 317.258 128.605 0
      vertex 316.636 131.611 0
      vertex 316.803 131.758 0
    endloop
  endfacet
  facet normal 0 0 -1
    outer loop
      vertex 315.823 131.275 0
      vertex 316.748 128.515 0
      vertex 316.633 128.452 0
    endloop
  endfacet
  facet normal 0 0 -1
    outer loop
      vertex 315.601 131.26 0
      vertex 316.633 128.452 0
      vertex 316.528 128.374 0
    endloop
  endfacet
  facet normal 0 0 -1
    outer loop
      vertex 317.258 128.605 0
      vertex 316.451 131.488 0
      vertex 316.636 131.611 0
    endloop
  endfacet
  facet normal 0 0 -1
    outer loop
      vertex 315.38 131.275 0
      vertex 316.528 128.374 0
      vertex 316.434 128.284 0
    endloop
  endfacet
  facet normal 0 0 -1
    outer loop
      vertex 315.38 131.275 0
      vertex 316.434 128.284 0
      vertex 316.352 128.182 0
    endloop
  endfacet
  facet normal 0 0 -1
    outer loop
      vertex 315.161 131.318 0
      vertex 316.352 128.182 0
      vertex 316.284 128.07 0
    endloop
  endfacet
  facet normal 0 0 -1
    outer loop
      vertex 317.127 128.607 0
      vertex 316.252 131.389 0
      vertex 316.451 131.488 0
    endloop
  endfacet
  facet normal 0 0 -1
    outer loop
      vertex 314.951 131.389 0
      vertex 316.284 128.07 0
      vertex 316.231 127.95 0
    endloop
  endfacet
  facet normal 0 0 -1
    outer loop
      vertex 314.751 131.488 0
      vertex 316.231 127.95 0
      vertex 316.194 127.825 0
    endloop
  endfacet
  facet normal 0 0 -1
    outer loop
      vertex 314.566 131.611 0
      vertex 316.194 127.825 0
      vertex 316.175 127.695 0
    endloop
  endfacet
  facet normal 0 0 -1
    outer loop
      vertex 316.997 128.593 0
      vertex 316.041 131.318 0
      vertex 316.252 131.389 0
    endloop
  endfacet
  facet normal 0 0 -1
    outer loop
      vertex 316.748 128.515 0
      vertex 315.823 131.275 0
      vertex 316.041 131.318 0
    endloop
  endfacet
  facet normal 0 0 -1
    outer loop
      vertex 316.633 128.452 0
      vertex 315.601 131.26 0
      vertex 315.823 131.275 0
    endloop
  endfacet
  facet normal 0 0 -1
    outer loop
      vertex 316.528 128.374 0
      vertex 315.38 131.275 0
      vertex 315.601 131.26 0
    endloop
  endfacet
  facet normal 0 0 -1
    outer loop
      vertex 316.352 128.182 0
      vertex 315.161 131.318 0
      vertex 315.38 131.275 0
    endloop
  endfacet
  facet normal 0 0 -1
    outer loop
      vertex 316.284 128.07 0
      vertex 314.951 131.389 0
      vertex 315.161 131.318 0
    endloop
  endfacet
  facet normal 0 0 -1
    outer loop
      vertex 316.231 127.95 0
      vertex 314.751 131.488 0
      vertex 314.951 131.389 0
    endloop
  endfacet
  facet normal 0 0 -1
    outer loop
      vertex 316.194 127.825 0
      vertex 314.566 131.611 0
      vertex 314.751 131.488 0
    endloop
  endfacet
  facet normal 0 0 -1
    outer loop
      vertex 316.175 127.695 0
      vertex 314.399 131.758 0
      vertex 314.566 131.611 0
    endloop
  endfacet
  facet normal 0 0 -1
    outer loop
      vertex 314.253 131.925 0
      vertex 316.175 127.695 0
      vertex 314.301 106.277 0
    endloop
  endfacet
  facet normal 0 0 -1
    outer loop
      vertex 314.253 131.925 0
      vertex 314.301 106.277 0
      vertex 314.298 106.147 0
    endloop
  endfacet
  facet normal 0 0 -1
    outer loop
      vertex 316.175 127.695 0
      vertex 314.253 131.925 0
      vertex 314.399 131.758 0
    endloop
  endfacet
  facet normal 0 0 -1
    outer loop
      vertex 317.301 132.96 0
      vertex 319.601 132.96 0
      vertex 319.569 132.459 0
    endloop
  endfacet
  facet normal -0 0 -1
    outer loop
      vertex 319.465 133.995 0
      vertex 317.243 133.4 0
      vertex 319.297 134.491 0
    endloop
  endfacet
  facet normal 0 0 -1
    outer loop
      vertex 317.074 133.81 0
      vertex 319.065 134.96 0
      vertex 317.172 133.611 0
    endloop
  endfacet
  facet normal -0 0 -1
    outer loop
      vertex 318.775 135.395 0
      vertex 316.95 133.995 0
      vertex 318.43 135.788 0
    endloop
  endfacet
  facet normal 0 0 -1
    outer loop
      vertex 316.803 134.162 0
      vertex 318.43 135.788 0
      vertex 316.95 133.995 0
    endloop
  endfacet
  facet normal -0 0 -1
    outer loop
      vertex 318.43 135.788 0
      vertex 316.803 134.162 0
      vertex 318.036 136.133 0
    endloop
  endfacet
  facet normal 0 0 -1
    outer loop
      vertex 316.636 134.309 0
      vertex 318.036 136.133 0
      vertex 316.803 134.162 0
    endloop
  endfacet
  facet normal -0 0 -1
    outer loop
      vertex 318.036 136.133 0
      vertex 316.636 134.309 0
      vertex 317.601 136.424 0
    endloop
  endfacet
  facet normal 0 0 -1
    outer loop
      vertex 316.451 134.432 0
      vertex 317.601 136.424 0
      vertex 316.636 134.309 0
    endloop
  endfacet
  facet normal -0 0 -1
    outer loop
      vertex 317.601 136.424 0
      vertex 316.451 134.432 0
      vertex 317.132 136.656 0
    endloop
  endfacet
  facet normal 0 0 -1
    outer loop
      vertex 316.252 134.531 0
      vertex 317.132 136.656 0
      vertex 316.451 134.432 0
    endloop
  endfacet
  facet normal -0 0 -1
    outer loop
      vertex 317.132 136.656 0
      vertex 316.252 134.531 0
      vertex 316.637 136.824 0
    endloop
  endfacet
  facet normal 0 0 -1
    outer loop
      vertex 316.041 134.602 0
      vertex 316.637 136.824 0
      vertex 316.252 134.531 0
    endloop
  endfacet
  facet normal -0 0 -1
    outer loop
      vertex 316.637 136.824 0
      vertex 316.041 134.602 0
      vertex 316.124 136.926 0
    endloop
  endfacet
  facet normal 0 0 -1
    outer loop
      vertex 315.823 134.645 0
      vertex 316.124 136.926 0
      vertex 316.041 134.602 0
    endloop
  endfacet
  facet normal 0 0 -1
    outer loop
      vertex 315.601 134.66 0
      vertex 316.124 136.926 0
      vertex 315.823 134.645 0
    endloop
  endfacet
  facet normal 0 0 -1
    outer loop
      vertex 315.601 134.66 0
      vertex 315.601 136.96 0
      vertex 316.124 136.926 0
    endloop
  endfacet
  facet normal 0 0 -1
    outer loop
      vertex 315.38 134.645 0
      vertex 315.601 136.96 0
      vertex 315.601 134.66 0
    endloop
  endfacet
  facet normal 0 0 -1
    outer loop
      vertex 315.079 136.926 0
      vertex 315.38 134.645 0
      vertex 315.161 134.602 0
    endloop
  endfacet
  facet normal 0 0 -1
    outer loop
      vertex 315.38 134.645 0
      vertex 315.079 136.926 0
      vertex 315.601 136.96 0
    endloop
  endfacet
  facet normal 0 0 -1
    outer loop
      vertex 314.566 136.824 0
      vertex 315.161 134.602 0
      vertex 314.951 134.531 0
    endloop
  endfacet
  facet normal 0 0 -1
    outer loop
      vertex 314.071 136.656 0
      vertex 314.951 134.531 0
      vertex 314.751 134.432 0
    endloop
  endfacet
  facet normal 0 0 -1
    outer loop
      vertex 313.601 136.424 0
      vertex 314.751 134.432 0
      vertex 314.566 134.309 0
    endloop
  endfacet
  facet normal 0 0 -1
    outer loop
      vertex 315.161 134.602 0
      vertex 314.566 136.824 0
      vertex 315.079 136.926 0
    endloop
  endfacet
  facet normal 0 0 -1
    outer loop
      vertex 313.601 136.424 0
      vertex 314.566 134.309 0
      vertex 314.399 134.162 0
    endloop
  endfacet
  facet normal 0 0 -1
    outer loop
      vertex 313.601 136.424 0
      vertex 314.399 134.162 0
      vertex 314.253 133.995 0
    endloop
  endfacet
  facet normal 0 0 -1
    outer loop
      vertex 313.601 136.424 0
      vertex 314.253 133.995 0
      vertex 314.129 133.81 0
    endloop
  endfacet
  facet normal 0 0 -1
    outer loop
      vertex 314.951 134.531 0
      vertex 314.071 136.656 0
      vertex 314.566 136.824 0
    endloop
  endfacet
  facet normal 0 0 -1
    outer loop
      vertex 313.601 136.424 0
      vertex 314.129 133.81 0
      vertex 314.031 133.611 0
    endloop
  endfacet
  facet normal 0 0 -1
    outer loop
      vertex 313.601 136.424 0
      vertex 314.031 133.611 0
      vertex 313.959 133.4 0
    endloop
  endfacet
  facet normal 0 0 -1
    outer loop
      vertex 313.601 136.424 0
      vertex 313.959 133.4 0
      vertex 313.916 133.182 0
    endloop
  endfacet
  facet normal 0 0 -1
    outer loop
      vertex 313.601 136.424 0
      vertex 313.916 133.182 0
      vertex 313.901 132.96 0
    endloop
  endfacet
  facet normal 0 0 -1
    outer loop
      vertex 314.751 134.432 0
      vertex 313.601 136.424 0
      vertex 314.071 136.656 0
    endloop
  endfacet
  facet normal 0 0 -1
    outer loop
      vertex 311.601 132.96 0
      vertex 313.901 132.96 0
      vertex 311.634 132.459 0
    endloop
  endfacet
  facet normal 0 0 -1
    outer loop
      vertex 313.901 132.96 0
      vertex 313.166 136.133 0
      vertex 313.601 136.424 0
    endloop
  endfacet
  facet normal 0 0 -1
    outer loop
      vertex 313.901 132.96 0
      vertex 312.773 135.788 0
      vertex 313.166 136.133 0
    endloop
  endfacet
  facet normal 0 0 -1
    outer loop
      vertex 313.901 132.96 0
      vertex 312.428 135.395 0
      vertex 312.773 135.788 0
    endloop
  endfacet
  facet normal 0 0 -1
    outer loop
      vertex 313.901 132.96 0
      vertex 312.137 134.96 0
      vertex 312.428 135.395 0
    endloop
  endfacet
  facet normal 0 0 -1
    outer loop
      vertex 313.901 132.96 0
      vertex 311.906 134.491 0
      vertex 312.137 134.96 0
    endloop
  endfacet
  facet normal 0 0 -1
    outer loop
      vertex 313.901 132.96 0
      vertex 311.738 133.995 0
      vertex 311.906 134.491 0
    endloop
  endfacet
  facet normal 0 0 -1
    outer loop
      vertex 313.901 132.96 0
      vertex 311.636 133.482 0
      vertex 311.738 133.995 0
    endloop
  endfacet
  facet normal -0 0 -1
    outer loop
      vertex 313.916 132.738 0
      vertex 311.634 132.459 0
      vertex 313.901 132.96 0
    endloop
  endfacet
  facet normal -0 0 -1
    outer loop
      vertex 311.634 132.459 0
      vertex 306.491 119.726 0
      vertex 309.491 132.459 0
    endloop
  endfacet
  facet normal -0 0 -1
    outer loop
      vertex 314.298 106.147 0
      vertex 298.585 104.548 0
      vertex 306.491 119.726 0
    endloop
  endfacet
  facet normal 0 0 -1
    outer loop
      vertex 291.864 76.5093 0
      vertex 297.696 87.5711 0
      vertex 296.926 72.8912 0
    endloop
  endfacet
  facet normal 0 0 -1
    outer loop
      vertex 291.864 59.5093 0
      vertex 296.806 70.5944 0
      vertex 296.037 55.9145 0
    endloop
  endfacet
  facet normal 0 0 -1
    outer loop
      vertex 291.864 57.2093 0
      vertex 296.037 55.9145 0
      vertex 295.916 53.6177 0
    endloop
  endfacet
  facet normal 0 0 -1
    outer loop
      vertex 291.864 74.2093 0
      vertex 296.806 70.5944 0
      vertex 291.864 59.5093 0
    endloop
  endfacet
  facet normal 0 0 -1
    outer loop
      vertex 291.864 76.5093 0
      vertex 296.926 72.8912 0
      vertex 291.864 74.2093 0
    endloop
  endfacet
  facet normal 0 0 -1
    outer loop
      vertex 294.118 32.7014 0
      vertex 295.147 38.9378 0
      vertex 294.971 32.625 0
    endloop
  endfacet
  facet normal 0 0 -1
    outer loop
      vertex 293.238 32.7719 0
      vertex 295.147 38.9378 0
      vertex 294.118 32.7014 0
    endloop
  endfacet
  facet normal 0 0 -1
    outer loop
      vertex 295.147 38.9378 0
      vertex 291.864 42.5093 0
      vertex 295.916 53.6177 0
    endloop
  endfacet
  facet normal 0 0 -1
    outer loop
      vertex 292.328 32.8365 0
      vertex 295.147 38.9378 0
      vertex 293.238 32.7719 0
    endloop
  endfacet
  facet normal 0 0 -1
    outer loop
      vertex 291.392 32.8947 0
      vertex 295.147 38.9378 0
      vertex 292.328 32.8365 0
    endloop
  endfacet
  facet normal -0 0 -1
    outer loop
      vertex 295.916 53.6177 0
      vertex 291.864 42.5093 0
      vertex 291.864 57.2093 0
    endloop
  endfacet
  facet normal 0 0 -1
    outer loop
      vertex 296.037 55.9145 0
      vertex 291.864 57.2093 0
      vertex 291.864 59.5093 0
    endloop
  endfacet
  facet normal 0 0 -1
    outer loop
      vertex 296.806 70.5944 0
      vertex 291.864 74.2093 0
      vertex 296.926 72.8912 0
    endloop
  endfacet
  facet normal 0 0 -1
    outer loop
      vertex 291.864 91.2093 0
      vertex 297.696 87.5711 0
      vertex 291.864 76.5093 0
    endloop
  endfacet
  facet normal 0 0 -1
    outer loop
      vertex 297.696 87.5711 0
      vertex 291.864 91.2093 0
      vertex 297.816 89.8679 0
    endloop
  endfacet
  facet normal 0 0 -1
    outer loop
      vertex 291.864 93.5093 0
      vertex 297.816 89.8679 0
      vertex 291.864 91.2093 0
    endloop
  endfacet
  facet normal 0 0 -1
    outer loop
      vertex 297.816 89.8679 0
      vertex 291.864 93.5093 0
      vertex 298.585 104.548 0
    endloop
  endfacet
  facet normal 0 0 -1
    outer loop
      vertex 291.864 108.209 0
      vertex 298.585 104.548 0
      vertex 291.864 93.5093 0
    endloop
  endfacet
  facet normal 0 0 -1
    outer loop
      vertex 298.585 104.548 0
      vertex 291.864 108.209 0
      vertex 306.491 119.726 0
    endloop
  endfacet
  facet normal 0 0 -1
    outer loop
      vertex 267.251 115.232 0
      vertex 291.864 108.209 0
      vertex 277.164 108.209 0
    endloop
  endfacet
  facet normal 0 0 -1
    outer loop
      vertex 272.569 73.2495 0
      vertex 277.164 74.2093 0
      vertex 272.65 70.9509 0
    endloop
  endfacet
  facet normal 0 0 -1
    outer loop
      vertex 273.756 39.2703 0
      vertex 275.4 32.8458 0
      vertex 274.05 32.7675 0
    endloop
  endfacet
  facet normal 0 0 -1
    outer loop
      vertex 273.243 53.9613 0
      vertex 275.4 32.8458 0
      vertex 273.756 39.2703 0
    endloop
  endfacet
  facet normal -0 0 -1
    outer loop
      vertex 277.164 74.2093 0
      vertex 272.569 73.2495 0
      vertex 277.164 76.5093 0
    endloop
  endfacet
  facet normal 0 0 -1
    outer loop
      vertex 272.056 87.9405 0
      vertex 277.164 76.5093 0
      vertex 272.569 73.2495 0
    endloop
  endfacet
  facet normal 0 0 -1
    outer loop
      vertex 277.164 76.5093 0
      vertex 272.056 87.9405 0
      vertex 277.164 91.2093 0
    endloop
  endfacet
  facet normal 0 0 -1
    outer loop
      vertex 271.976 90.2392 0
      vertex 277.164 91.2093 0
      vertex 272.056 87.9405 0
    endloop
  endfacet
  facet normal -0 0 -1
    outer loop
      vertex 277.164 91.2093 0
      vertex 271.976 90.2392 0
      vertex 277.164 93.5093 0
    endloop
  endfacet
  facet normal 0 0 -1
    outer loop
      vertex 271.463 104.93 0
      vertex 277.164 93.5093 0
      vertex 271.976 90.2392 0
    endloop
  endfacet
  facet normal 0 0 -1
    outer loop
      vertex 277.164 93.5093 0
      vertex 271.463 104.93 0
      vertex 277.164 108.209 0
    endloop
  endfacet
  facet normal 0 0 -1
    outer loop
      vertex 267.251 107.932 0
      vertex 277.164 108.209 0
      vertex 271.463 104.93 0
    endloop
  endfacet
  facet normal 0 0 -1
    outer loop
      vertex 267.251 115.232 0
      vertex 277.164 108.209 0
      vertex 267.251 107.932 0
    endloop
  endfacet
  facet normal 0 0 -1
    outer loop
      vertex 291.864 108.209 0
      vertex 267.251 115.232 0
      vertex 306.491 119.726 0
    endloop
  endfacet
  facet normal 0 0 -1
    outer loop
      vertex 267.251 115.232 0
      vertex 257.068 119.726 0
      vertex 306.491 119.726 0
    endloop
  endfacet
  facet normal 0 0 -1
    outer loop
      vertex 257.101 120.23 0
      vertex 254.801 120.23 0
      vertex 257.067 120.752 0
    endloop
  endfacet
  facet normal -0 0 -1
    outer loop
      vertex 257.067 120.752 0
      vertex 254.787 120.452 0
      vertex 256.965 121.265 0
    endloop
  endfacet
  facet normal 0 0 -1
    outer loop
      vertex 254.743 120.67 0
      vertex 256.965 121.265 0
      vertex 254.787 120.452 0
    endloop
  endfacet
  facet normal 0 0 -1
    outer loop
      vertex 254.672 120.881 0
      vertex 256.797 121.761 0
      vertex 254.743 120.67 0
    endloop
  endfacet
  facet normal -0 0 -1
    outer loop
      vertex 256.797 121.761 0
      vertex 254.672 120.881 0
      vertex 256.565 122.23 0
    endloop
  endfacet
  facet normal -0 0 -1
    outer loop
      vertex 256.565 122.23 0
      vertex 254.574 121.08 0
      vertex 256.275 122.665 0
    endloop
  endfacet
  facet normal 0 0 -1
    outer loop
      vertex 254.45 121.265 0
      vertex 256.275 122.665 0
      vertex 254.574 121.08 0
    endloop
  endfacet
  facet normal 0 0 -1
    outer loop
      vertex 257.067 120.752 0
      vertex 254.801 120.23 0
      vertex 254.787 120.452 0
    endloop
  endfacet
  facet normal 0 0 -1
    outer loop
      vertex 253.951 118.758 0
      vertex 257.068 119.726 0
      vertex 267.251 115.232 0
    endloop
  endfacet
  facet normal 0 0 -1
    outer loop
      vertex 257.068 119.726 0
      vertex 254.787 120.008 0
      vertex 254.801 120.23 0
    endloop
  endfacet
  facet normal 0 0 -1
    outer loop
      vertex 257.068 119.726 0
      vertex 254.743 119.79 0
      vertex 254.787 120.008 0
    endloop
  endfacet
  facet normal -0 0 -1
    outer loop
      vertex 257.068 119.726 0
      vertex 254.672 119.579 0
      vertex 254.743 119.79 0
    endloop
  endfacet
  facet normal 0 0 -1
    outer loop
      vertex 257.068 119.726 0
      vertex 254.574 119.38 0
      vertex 254.672 119.579 0
    endloop
  endfacet
  facet normal 0 0 -1
    outer loop
      vertex 257.068 119.726 0
      vertex 254.45 119.195 0
      vertex 254.574 119.38 0
    endloop
  endfacet
  facet normal 0 0 -1
    outer loop
      vertex 257.068 119.726 0
      vertex 254.303 119.028 0
      vertex 254.45 119.195 0
    endloop
  endfacet
  facet normal 0 0 -1
    outer loop
      vertex 257.068 119.726 0
      vertex 254.136 118.881 0
      vertex 254.303 119.028 0
    endloop
  endfacet
  facet normal 0 0 -1
    outer loop
      vertex 257.068 119.726 0
      vertex 253.951 118.758 0
      vertex 254.136 118.881 0
    endloop
  endfacet
  facet normal 0 0 -1
    outer loop
      vertex 267.251 115.232 0
      vertex 253.752 118.659 0
      vertex 253.951 118.758 0
    endloop
  endfacet
  facet normal 0 0 -1
    outer loop
      vertex 249.162 115.232 0
      vertex 253.752 118.659 0
      vertex 267.251 115.232 0
    endloop
  endfacet
  facet normal 0 0 -1
    outer loop
      vertex 253.752 118.659 0
      vertex 249.162 115.232 0
      vertex 253.541 118.588 0
    endloop
  endfacet
  facet normal 0 0 -1
    outer loop
      vertex 253.541 118.588 0
      vertex 249.162 115.232 0
      vertex 253.323 118.545 0
    endloop
  endfacet
  facet normal 0 0 -1
    outer loop
      vertex 253.323 118.545 0
      vertex 249.162 115.232 0
      vertex 253.101 118.53 0
    endloop
  endfacet
  facet normal -0 0 -1
    outer loop
      vertex 253.101 118.53 0
      vertex 249.162 115.232 0
      vertex 252.88 118.545 0
    endloop
  endfacet
  facet normal 0 0 -1
    outer loop
      vertex 249.101 120.23 0
      vertex 251.401 120.23 0
      vertex 251.416 120.008 0
    endloop
  endfacet
  facet normal 0 0 -1
    outer loop
      vertex 251.401 120.23 0
      vertex 250.666 123.403 0
      vertex 251.101 123.694 0
    endloop
  endfacet
  facet normal 0 0 -1
    outer loop
      vertex 249.162 119.575 0
      vertex 251.416 120.008 0
      vertex 251.459 119.79 0
    endloop
  endfacet
  facet normal 0 0 -1
    outer loop
      vertex 251.401 120.23 0
      vertex 250.273 123.058 0
      vertex 250.666 123.403 0
    endloop
  endfacet
  facet normal 0 0 -1
    outer loop
      vertex 249.162 119.575 0
      vertex 251.459 119.79 0
      vertex 251.531 119.579 0
    endloop
  endfacet
  facet normal 0 0 -1
    outer loop
      vertex 251.401 120.23 0
      vertex 249.928 122.665 0
      vertex 250.273 123.058 0
    endloop
  endfacet
  facet normal 0 0 -1
    outer loop
      vertex 249.162 119.575 0
      vertex 251.531 119.579 0
      vertex 251.629 119.38 0
    endloop
  endfacet
  facet normal 0 0 -1
    outer loop
      vertex 251.401 120.23 0
      vertex 249.637 122.23 0
      vertex 249.928 122.665 0
    endloop
  endfacet
  facet normal 0 0 -1
    outer loop
      vertex 249.162 119.575 0
      vertex 251.629 119.38 0
      vertex 251.753 119.195 0
    endloop
  endfacet
  facet normal 0 0 -1
    outer loop
      vertex 251.401 120.23 0
      vertex 249.406 121.761 0
      vertex 249.637 122.23 0
    endloop
  endfacet
  facet normal 0 0 -1
    outer loop
      vertex 249.162 119.575 0
      vertex 251.753 119.195 0
      vertex 251.899 119.028 0
    endloop
  endfacet
  facet normal 0 0 -1
    outer loop
      vertex 251.401 120.23 0
      vertex 249.238 121.265 0
      vertex 249.406 121.761 0
    endloop
  endfacet
  facet normal 0 0 -1
    outer loop
      vertex 249.162 115.232 0
      vertex 251.899 119.028 0
      vertex 252.067 118.881 0
    endloop
  endfacet
  facet normal -0 0 -1
    outer loop
      vertex 252.88 118.545 0
      vertex 249.162 115.232 0
      vertex 252.661 118.588 0
    endloop
  endfacet
  facet normal 0 0 -1
    outer loop
      vertex 249.162 115.232 0
      vertex 252.451 118.659 0
      vertex 252.661 118.588 0
    endloop
  endfacet
  facet normal 0 0 -1
    outer loop
      vertex 249.162 115.232 0
      vertex 252.251 118.758 0
      vertex 252.451 118.659 0
    endloop
  endfacet
  facet normal 0 0 -1
    outer loop
      vertex 249.162 115.232 0
      vertex 252.067 118.881 0
      vertex 252.251 118.758 0
    endloop
  endfacet
  facet normal -0 0 -1
    outer loop
      vertex 251.899 119.028 0
      vertex 249.162 115.232 0
      vertex 249.162 119.575 0
    endloop
  endfacet
  facet normal 0 0 -1
    outer loop
      vertex 251.416 120.008 0
      vertex 249.162 119.575 0
      vertex 249.136 119.708 0
    endloop
  endfacet
  facet normal -0 0 -1
    outer loop
      vertex 251.416 120.008 0
      vertex 249.136 119.708 0
      vertex 249.101 120.23 0
    endloop
  endfacet
  facet normal 0 0 -1
    outer loop
      vertex 251.401 120.23 0
      vertex 249.136 120.752 0
      vertex 249.238 121.265 0
    endloop
  endfacet
  facet normal 0 0 -1
    outer loop
      vertex 251.401 120.23 0
      vertex 249.101 120.23 0
      vertex 249.136 120.752 0
    endloop
  endfacet
  facet normal 0 0 -1
    outer loop
      vertex 313.901 132.96 0
      vertex 311.601 132.96 0
      vertex 311.636 133.482 0
    endloop
  endfacet
  facet normal 0 0 -1
    outer loop
      vertex 311.486 69.8251 0
      vertex 296.926 72.8912 0
      vertex 311.606 72.1219 0
    endloop
  endfacet
  facet normal 0 -0 -1
    outer loop
      vertex 296.926 72.8912 0
      vertex 311.486 69.8251 0
      vertex 296.806 70.5944 0
    endloop
  endfacet
  facet normal 0 0 -1
    outer loop
      vertex 310.596 52.8484 0
      vertex 296.037 55.9145 0
      vertex 310.717 55.1452 0
    endloop
  endfacet
  facet normal 0 -0 -1
    outer loop
      vertex 296.037 55.9145 0
      vertex 310.596 52.8484 0
      vertex 295.916 53.6177 0
    endloop
  endfacet
  facet normal 0 0 -1
    outer loop
      vertex 277.164 91.2093 0
      vertex 291.864 93.5093 0
      vertex 291.864 91.2093 0
    endloop
  endfacet
  facet normal -0 0 -1
    outer loop
      vertex 291.864 93.5093 0
      vertex 277.164 91.2093 0
      vertex 277.164 93.5093 0
    endloop
  endfacet
  facet normal 0 0 -1
    outer loop
      vertex 277.164 74.2093 0
      vertex 291.864 76.5093 0
      vertex 291.864 74.2093 0
    endloop
  endfacet
  facet normal -0 0 -1
    outer loop
      vertex 291.864 76.5093 0
      vertex 277.164 74.2093 0
      vertex 277.164 76.5093 0
    endloop
  endfacet
  facet normal 0 0 -1
    outer loop
      vertex 277.164 57.2093 0
      vertex 291.864 59.5093 0
      vertex 291.864 57.2093 0
    endloop
  endfacet
  facet normal -0 0 -1
    outer loop
      vertex 291.864 59.5093 0
      vertex 277.164 57.2093 0
      vertex 277.164 59.5093 0
    endloop
  endfacet
  facet normal 0 0 -1
    outer loop
      vertex 290.427 32.946 0
      vertex 295.147 38.9378 0
      vertex 291.392 32.8947 0
    endloop
  endfacet
  facet normal -0 0 -1
    outer loop
      vertex 295.147 38.9378 0
      vertex 290.427 32.946 0
      vertex 291.864 42.5093 0
    endloop
  endfacet
  facet normal 0 0 -1
    outer loop
      vertex 289.436 32.9902 0
      vertex 291.864 42.5093 0
      vertex 290.427 32.946 0
    endloop
  endfacet
  facet normal 0 0 -1
    outer loop
      vertex 288.415 33.0271 0
      vertex 291.864 42.5093 0
      vertex 289.436 32.9902 0
    endloop
  endfacet
  facet normal 0 0 -1
    outer loop
      vertex 287.372 33.0559 0
      vertex 291.864 42.5093 0
      vertex 288.415 33.0271 0
    endloop
  endfacet
  facet normal 0 0 -1
    outer loop
      vertex 286.294 33.0769 0
      vertex 291.864 42.5093 0
      vertex 287.372 33.0559 0
    endloop
  endfacet
  facet normal 0 0 -1
    outer loop
      vertex 285.196 33.0894 0
      vertex 291.864 42.5093 0
      vertex 286.294 33.0769 0
    endloop
  endfacet
  facet normal 0 0 -1
    outer loop
      vertex 284.065 33.0931 0
      vertex 291.864 42.5093 0
      vertex 285.196 33.0894 0
    endloop
  endfacet
  facet normal 0 0 -1
    outer loop
      vertex 277.164 42.5093 0
      vertex 284.065 33.0931 0
      vertex 282.91 33.0876 0
    endloop
  endfacet
  facet normal 0 0 -1
    outer loop
      vertex 277.164 42.5093 0
      vertex 282.91 33.0876 0
      vertex 281.727 33.0728 0
    endloop
  endfacet
  facet normal 0 0 -1
    outer loop
      vertex 277.164 42.5093 0
      vertex 281.727 33.0728 0
      vertex 280.515 33.0482 0
    endloop
  endfacet
  facet normal 0 0 -1
    outer loop
      vertex 277.164 42.5093 0
      vertex 280.515 33.0482 0
      vertex 279.276 33.0135 0
    endloop
  endfacet
  facet normal 0 0 -1
    outer loop
      vertex 277.164 42.5093 0
      vertex 279.276 33.0135 0
      vertex 278.013 32.9685 0
    endloop
  endfacet
  facet normal 0 0 -1
    outer loop
      vertex 284.065 33.0931 0
      vertex 277.164 42.5093 0
      vertex 291.864 42.5093 0
    endloop
  endfacet
  facet normal 0 0 -1
    outer loop
      vertex 275.4 32.8458 0
      vertex 277.164 42.5093 0
      vertex 276.717 32.9126 0
    endloop
  endfacet
  facet normal 0 0 -1
    outer loop
      vertex 273.243 53.9613 0
      vertex 277.164 42.5093 0
      vertex 275.4 32.8458 0
    endloop
  endfacet
  facet normal 0 0 -1
    outer loop
      vertex 277.164 42.5093 0
      vertex 273.243 53.9613 0
      vertex 277.164 57.2093 0
    endloop
  endfacet
  facet normal 0 0 -1
    outer loop
      vertex 273.163 56.2599 0
      vertex 277.164 57.2093 0
      vertex 273.243 53.9613 0
    endloop
  endfacet
  facet normal -0 0 -1
    outer loop
      vertex 277.164 57.2093 0
      vertex 273.163 56.2599 0
      vertex 277.164 59.5093 0
    endloop
  endfacet
  facet normal 0 0 -1
    outer loop
      vertex 272.65 70.9509 0
      vertex 277.164 59.5093 0
      vertex 273.163 56.2599 0
    endloop
  endfacet
  facet normal 0 0 -1
    outer loop
      vertex 277.164 59.5093 0
      vertex 272.65 70.9509 0
      vertex 277.164 74.2093 0
    endloop
  endfacet
  facet normal 0 0 -1
    outer loop
      vertex 276.717 32.9126 0
      vertex 277.164 42.5093 0
      vertex 278.013 32.9685 0
    endloop
  endfacet
  facet normal 0 0 -1
    outer loop
      vertex 265.291 14.8743 0
      vertex 245.982 16.6352 0
      vertex 260.039 20.9331 0
    endloop
  endfacet
  facet normal 0 0 -1
    outer loop
      vertex 265.291 14.8743 0
      vertex 242.034 15.7014 0
      vertex 245.982 16.6352 0
    endloop
  endfacet
  facet normal 0 0 -1
    outer loop
      vertex 212.324 -2.69128 0
      vertex 242.034 15.7014 0
      vertex 265.291 14.8743 0
    endloop
  endfacet
  facet normal 0 0 -1
    outer loop
      vertex 242.034 15.7014 0
      vertex 212.324 -2.69128 0
      vertex 228.135 10.9155 0
    endloop
  endfacet
  facet normal 0 0 -1
    outer loop
      vertex 228.135 10.9155 0
      vertex 212.324 -2.69128 0
      vertex 224.223 9.84439 0
    endloop
  endfacet
  facet normal 0 0 -1
    outer loop
      vertex 210.192 -4.85056 0
      vertex 212.317 -5.73073 0
      vertex 212.085 -6.2 0
    endloop
  endfacet
  facet normal 0 0 -1
    outer loop
      vertex 210.094 -5.05 0
      vertex 212.085 -6.2 0
      vertex 211.795 -6.63505 0
    endloop
  endfacet
  facet normal 0 0 -1
    outer loop
      vertex 209.97 -5.23489 0
      vertex 211.795 -6.63505 0
      vertex 211.45 -7.02843 0
    endloop
  endfacet
  facet normal 0 0 -1
    outer loop
      vertex 209.823 -5.40208 0
      vertex 211.45 -7.02843 0
      vertex 211.056 -7.37341 0
    endloop
  endfacet
  facet normal 0 0 -1
    outer loop
      vertex 209.656 -5.5487 0
      vertex 211.056 -7.37341 0
      vertex 210.621 -7.6641 0
    endloop
  endfacet
  facet normal 0 0 -1
    outer loop
      vertex 212.324 -2.69128 0
      vertex 210.499 4.57638 0
      vertex 224.223 9.84439 0
    endloop
  endfacet
  facet normal 0 0 -1
    outer loop
      vertex 212.485 -5.23528 0
      vertex 210.263 -4.63999 0
      vertex 210.307 -4.42189 0
    endloop
  endfacet
  facet normal 0 0 -1
    outer loop
      vertex 210.263 -3.76001 0
      vertex 212.485 -3.16472 0
      vertex 210.307 -3.9781 0
    endloop
  endfacet
  facet normal -0 0 -1
    outer loop
      vertex 212.587 -3.67789 0
      vertex 210.307 -3.9781 0
      vertex 212.485 -3.16472 0
    endloop
  endfacet
  facet normal 0 0 -1
    outer loop
      vertex 212.587 -4.7221 0
      vertex 210.307 -4.42189 0
      vertex 210.321 -4.2 0
    endloop
  endfacet
  facet normal 0 0 -1
    outer loop
      vertex 212.317 -5.73073 0
      vertex 210.192 -4.85056 0
      vertex 210.263 -4.63999 0
    endloop
  endfacet
  facet normal 0 0 -1
    outer loop
      vertex 209.471 -5.67224 0
      vertex 210.621 -7.6641 0
      vertex 210.152 -7.89552 0
    endloop
  endfacet
  facet normal 0 0 -1
    outer loop
      vertex 212.085 -6.2 0
      vertex 210.094 -5.05 0
      vertex 210.192 -4.85056 0
    endloop
  endfacet
  facet normal 0 0 -1
    outer loop
      vertex 211.795 -6.63505 0
      vertex 209.97 -5.23489 0
      vertex 210.094 -5.05 0
    endloop
  endfacet
  facet normal 0 0 -1
    outer loop
      vertex 211.45 -7.02843 0
      vertex 209.823 -5.40208 0
      vertex 209.97 -5.23489 0
    endloop
  endfacet
  facet normal 0 0 -1
    outer loop
      vertex 209.272 -5.77059 0
      vertex 210.152 -7.89552 0
      vertex 209.657 -8.0637 0
    endloop
  endfacet
  facet normal 0 0 -1
    outer loop
      vertex 211.056 -7.37341 0
      vertex 209.656 -5.5487 0
      vertex 209.823 -5.40208 0
    endloop
  endfacet
  facet normal 0 0 -1
    outer loop
      vertex 210.621 -7.6641 0
      vertex 209.471 -5.67224 0
      vertex 209.656 -5.5487 0
    endloop
  endfacet
  facet normal 0 0 -1
    outer loop
      vertex 210.152 -7.89552 0
      vertex 209.272 -5.77059 0
      vertex 209.471 -5.67224 0
    endloop
  endfacet
  facet normal 0 0 -1
    outer loop
      vertex 209.061 -5.84207 0
      vertex 209.657 -8.0637 0
      vertex 209.144 -8.16578 0
    endloop
  endfacet
  facet normal 0 0 -1
    outer loop
      vertex 209.657 -8.0637 0
      vertex 209.061 -5.84207 0
      vertex 209.272 -5.77059 0
    endloop
  endfacet
  facet normal 0 0 -1
    outer loop
      vertex 209.144 -8.16578 0
      vertex 208.843 -5.88546 0
      vertex 209.061 -5.84207 0
    endloop
  endfacet
  facet normal 0 0 -1
    outer loop
      vertex 208.621 -8.2 0
      vertex 208.843 -5.88546 0
      vertex 209.144 -8.16578 0
    endloop
  endfacet
  facet normal 0 0 -1
    outer loop
      vertex 208.621 -8.2 0
      vertex 208.621 -5.9 0
      vertex 208.843 -5.88546 0
    endloop
  endfacet
  facet normal 0 0 -1
    outer loop
      vertex 208.621 -8.2 0
      vertex 208.4 -5.88546 0
      vertex 208.621 -5.9 0
    endloop
  endfacet
  facet normal 0 0 -1
    outer loop
      vertex 208.099 -8.16578 0
      vertex 208.4 -5.88546 0
      vertex 208.621 -8.2 0
    endloop
  endfacet
  facet normal -0 0 -1
    outer loop
      vertex 208.4 -5.88546 0
      vertex 208.099 -8.16578 0
      vertex 208.181 -5.84207 0
    endloop
  endfacet
  facet normal 0 0 -1
    outer loop
      vertex 207.586 -8.0637 0
      vertex 208.181 -5.84207 0
      vertex 208.099 -8.16578 0
    endloop
  endfacet
  facet normal -0 0 -1
    outer loop
      vertex 208.181 -5.84207 0
      vertex 207.586 -8.0637 0
      vertex 207.971 -5.77059 0
    endloop
  endfacet
  facet normal 0 0 -1
    outer loop
      vertex 207.091 -7.89552 0
      vertex 207.971 -5.77059 0
      vertex 207.586 -8.0637 0
    endloop
  endfacet
  facet normal -0 0 -1
    outer loop
      vertex 207.971 -5.77059 0
      vertex 207.091 -7.89552 0
      vertex 207.771 -5.67224 0
    endloop
  endfacet
  facet normal 0 0 -1
    outer loop
      vertex 206.621 -7.6641 0
      vertex 207.771 -5.67224 0
      vertex 207.091 -7.89552 0
    endloop
  endfacet
  facet normal -0 0 -1
    outer loop
      vertex 207.771 -5.67224 0
      vertex 206.621 -7.6641 0
      vertex 207.587 -5.5487 0
    endloop
  endfacet
  facet normal 0 0 -1
    outer loop
      vertex 206.186 -7.37341 0
      vertex 207.587 -5.5487 0
      vertex 206.621 -7.6641 0
    endloop
  endfacet
  facet normal -0 0 -1
    outer loop
      vertex 207.587 -5.5487 0
      vertex 206.186 -7.37341 0
      vertex 207.419 -5.40208 0
    endloop
  endfacet
  facet normal 0 0 -1
    outer loop
      vertex 205.793 -7.02843 0
      vertex 207.419 -5.40208 0
      vertex 206.186 -7.37341 0
    endloop
  endfacet
  facet normal -0 0 -1
    outer loop
      vertex 207.419 -5.40208 0
      vertex 205.793 -7.02843 0
      vertex 207.273 -5.23489 0
    endloop
  endfacet
  facet normal 0 0 -1
    outer loop
      vertex 205.448 -6.63505 0
      vertex 207.273 -5.23489 0
      vertex 205.793 -7.02843 0
    endloop
  endfacet
  facet normal -0 0 -1
    outer loop
      vertex 207.273 -5.23489 0
      vertex 205.448 -6.63505 0
      vertex 207.149 -5.05 0
    endloop
  endfacet
  facet normal 0 0 -1
    outer loop
      vertex 205.157 -6.2 0
      vertex 207.149 -5.05 0
      vertex 205.448 -6.63505 0
    endloop
  endfacet
  facet normal 0 0 -1
    outer loop
      vertex 254.801 120.23 0
      vertex 257.101 120.23 0
      vertex 257.068 119.726 0
    endloop
  endfacet
  facet normal 0 0 -1
    outer loop
      vertex 256.772 104.417 0
      vertex 267.251 107.932 0
      vertex 271.463 104.93 0
    endloop
  endfacet
  facet normal 0 0 -1
    outer loop
      vertex 253.936 77.7261 0
      vertex 257.878 72.7365 0
      vertex 254.056 75.4293 0
    endloop
  endfacet
  facet normal 0 0 -1
    outer loop
      vertex 257.878 72.7365 0
      vertex 253.936 77.7261 0
      vertex 257.365 87.4275 0
    endloop
  endfacet
  facet normal 0 0 -1
    outer loop
      vertex 253.166 92.406 0
      vertex 257.365 87.4275 0
      vertex 253.936 77.7261 0
    endloop
  endfacet
  facet normal 0 0 -1
    outer loop
      vertex 257.285 89.7262 0
      vertex 253.166 92.406 0
      vertex 256.772 104.417 0
    endloop
  endfacet
  facet normal 0 0 -1
    outer loop
      vertex 249.162 99.5817 0
      vertex 256.772 104.417 0
      vertex 253.166 92.406 0
    endloop
  endfacet
  facet normal 0 0 -1
    outer loop
      vertex 256.772 104.417 0
      vertex 249.162 107.932 0
      vertex 267.251 107.932 0
    endloop
  endfacet
  facet normal 0 0 -1
    outer loop
      vertex 249.162 107.932 0
      vertex 256.772 104.417 0
      vertex 249.162 99.5817 0
    endloop
  endfacet
  facet normal 0 0 -1
    outer loop
      vertex 205.231 18.3 0
      vertex 217.414 27.5824 0
      vertex 218.955 23.568 0
    endloop
  endfacet
  facet normal 0 0 -1
    outer loop
      vertex 204.817 -1.88596 0
      vertex 207.971 -2.6294 0
      vertex 204.912 -2.00496 0
    endloop
  endfacet
  facet normal 0 0 -1
    outer loop
      vertex 205.014 -2.12366 0
      vertex 205.132 -2.2508 0
      vertex 205.121 -2.23938 0
    endloop
  endfacet
  facet normal 0 0 -1
    outer loop
      vertex 204.724 -1.76236 0
      vertex 207.971 -2.6294 0
      vertex 204.817 -1.88596 0
    endloop
  endfacet
  facet normal 0 0 -1
    outer loop
      vertex 204.635 -1.63577 0
      vertex 207.971 -2.6294 0
      vertex 204.724 -1.76236 0
    endloop
  endfacet
  facet normal 0 0 -1
    outer loop
      vertex 204.552 -1.50856 0
      vertex 207.971 -2.6294 0
      vertex 204.635 -1.63577 0
    endloop
  endfacet
  facet normal 0 0 -1
    outer loop
      vertex 208.181 -2.55793 0
      vertex 204.149 -0.710846 0
      vertex 210.499 4.57638 0
    endloop
  endfacet
  facet normal 0 0 -1
    outer loop
      vertex 204.473 -1.37849 0
      vertex 207.971 -2.6294 0
      vertex 204.552 -1.50856 0
    endloop
  endfacet
  facet normal 0 0 -1
    outer loop
      vertex 204.396 -1.24197 0
      vertex 207.971 -2.6294 0
      vertex 204.473 -1.37849 0
    endloop
  endfacet
  facet normal 0 0 -1
    outer loop
      vertex 204.324 -1.10541 0
      vertex 207.971 -2.6294 0
      vertex 204.396 -1.24197 0
    endloop
  endfacet
  facet normal 0 0 -1
    outer loop
      vertex 204.259 -0.968613 0
      vertex 207.971 -2.6294 0
      vertex 204.324 -1.10541 0
    endloop
  endfacet
  facet normal 0 0 -1
    outer loop
      vertex 207.971 -2.6294 0
      vertex 204.259 -0.968613 0
      vertex 208.181 -2.55793 0
    endloop
  endfacet
  facet normal 0 0 -1
    outer loop
      vertex 204.196 -0.825882 0
      vertex 208.181 -2.55793 0
      vertex 204.259 -0.968613 0
    endloop
  endfacet
  facet normal 0 0 -1
    outer loop
      vertex 208.181 -2.55793 0
      vertex 204.196 -0.825882 0
      vertex 204.149 -0.710846 0
    endloop
  endfacet
  facet normal -0 0 -1
    outer loop
      vertex 210.499 4.57638 0
      vertex 204.149 -0.710846 0
      vertex 205.231 18.3 0
    endloop
  endfacet
  facet normal 0 0 -1
    outer loop
      vertex 205.231 18.3 0
      vertex 203.69 22.3144 0
      vertex 217.414 27.5824 0
    endloop
  endfacet
  facet normal 0 0 -1
    outer loop
      vertex 190.959 33.6522 0
      vertex 205.231 18.3 0
      vertex 204.149 -0.710846 0
    endloop
  endfacet
  facet normal 0 0 -1
    outer loop
      vertex 205.231 18.3 0
      vertex 190.959 33.6522 0
      vertex 203.69 22.3144 0
    endloop
  endfacet
  facet normal 0 0 -1
    outer loop
      vertex 203.69 22.3144 0
      vertex 190.959 33.6522 0
      vertex 198.422 36.038 0
    endloop
  endfacet
  facet normal 0 0 -1
    outer loop
      vertex 190.922 36.6594 0
      vertex 198.422 36.038 0
      vertex 190.959 33.6522 0
    endloop
  endfacet
  facet normal 0 -0 -1
    outer loop
      vertex 191.051 37.31 0
      vertex 198.422 36.038 0
      vertex 191.037 37.0881 0
    endloop
  endfacet
  facet normal 0 0 -1
    outer loop
      vertex 191.037 37.5319 0
      vertex 198.422 36.038 0
      vertex 191.051 37.31 0
    endloop
  endfacet
  facet normal 0 0 -1
    outer loop
      vertex 198.422 36.038 0
      vertex 191.037 37.5319 0
      vertex 192.909 41.8149 0
    endloop
  endfacet
  facet normal 0 0 -1
    outer loop
      vertex 190.993 37.75 0
      vertex 192.909 41.8149 0
      vertex 191.037 37.5319 0
    endloop
  endfacet
  facet normal 0 0 -1
    outer loop
      vertex 192.909 41.8149 0
      vertex 190.993 37.75 0
      vertex 192.721 41.7396 0
    endloop
  endfacet
  facet normal 0 0 -1
    outer loop
      vertex 192.721 41.7396 0
      vertex 190.993 37.75 0
      vertex 192.584 41.6788 0
    endloop
  endfacet
  facet normal 0 0 -1
    outer loop
      vertex 190.922 37.9606 0
      vertex 192.584 41.6788 0
      vertex 190.993 37.75 0
    endloop
  endfacet
  facet normal 0 0 -1
    outer loop
      vertex 192.584 41.6788 0
      vertex 190.922 37.9606 0
      vertex 192.445 41.6124 0
    endloop
  endfacet
  facet normal 0 0 -1
    outer loop
      vertex 192.445 41.6124 0
      vertex 190.922 37.9606 0
      vertex 192.305 41.5387 0
    endloop
  endfacet
  facet normal 0 0 -1
    outer loop
      vertex 192.305 41.5387 0
      vertex 190.922 37.9606 0
      vertex 192.172 41.4639 0
    endloop
  endfacet
  facet normal 0 0 -1
    outer loop
      vertex 191.915 41.3016 0
      vertex 190.922 37.9606 0
      vertex 191.791 41.2148 0
    endloop
  endfacet
  facet normal 0 0 -1
    outer loop
      vertex 191.791 41.2148 0
      vertex 190.922 37.9606 0
      vertex 191.668 41.1228 0
    endloop
  endfacet
  facet normal 0 0 -1
    outer loop
      vertex 191.668 41.1228 0
      vertex 190.922 37.9606 0
      vertex 191.543 41.022 0
    endloop
  endfacet
  facet normal 0 0 -1
    outer loop
      vertex 192.042 41.3848 0
      vertex 190.922 37.9606 0
      vertex 191.915 41.3016 0
    endloop
  endfacet
  facet normal 0 0 -1
    outer loop
      vertex 192.172 41.4639 0
      vertex 190.922 37.9606 0
      vertex 192.042 41.3848 0
    endloop
  endfacet
  facet normal 0 0 -1
    outer loop
      vertex 198.422 36.038 0
      vertex 190.993 36.87 0
      vertex 191.037 37.0881 0
    endloop
  endfacet
  facet normal 0 0 -1
    outer loop
      vertex 198.422 36.038 0
      vertex 190.922 36.6594 0
      vertex 190.993 36.87 0
    endloop
  endfacet
  facet normal 0 0 -1
    outer loop
      vertex 190.002 35.7394 0
      vertex 190.959 33.6522 0
      vertex 190.882 33.6145 0
    endloop
  endfacet
  facet normal 0 0 -1
    outer loop
      vertex 190.959 33.6522 0
      vertex 190.824 36.46 0
      vertex 190.922 36.6594 0
    endloop
  endfacet
  facet normal 0 0 -1
    outer loop
      vertex 190.959 33.6522 0
      vertex 190.7 36.2751 0
      vertex 190.824 36.46 0
    endloop
  endfacet
  facet normal 0 0 -1
    outer loop
      vertex 190.959 33.6522 0
      vertex 190.553 36.1079 0
      vertex 190.7 36.2751 0
    endloop
  endfacet
  facet normal 0 0 -1
    outer loop
      vertex 190.002 35.7394 0
      vertex 190.882 33.6145 0
      vertex 190.387 33.4463 0
    endloop
  endfacet
  facet normal 0 0 -1
    outer loop
      vertex 190.959 33.6522 0
      vertex 190.386 35.9613 0
      vertex 190.553 36.1079 0
    endloop
  endfacet
  facet normal 0 0 -1
    outer loop
      vertex 190.959 33.6522 0
      vertex 190.201 35.8378 0
      vertex 190.386 35.9613 0
    endloop
  endfacet
  facet normal 0 0 -1
    outer loop
      vertex 190.959 33.6522 0
      vertex 190.002 35.7394 0
      vertex 190.201 35.8378 0
    endloop
  endfacet
  facet normal 0 0 -1
    outer loop
      vertex 189.791 35.6679 0
      vertex 190.387 33.4463 0
      vertex 189.874 33.3442 0
    endloop
  endfacet
  facet normal 0 0 -1
    outer loop
      vertex 190.387 33.4463 0
      vertex 189.791 35.6679 0
      vertex 190.002 35.7394 0
    endloop
  endfacet
  facet normal 0 0 -1
    outer loop
      vertex 189.874 33.3442 0
      vertex 189.573 35.6245 0
      vertex 189.791 35.6679 0
    endloop
  endfacet
  facet normal 0 0 -1
    outer loop
      vertex 189.351 33.31 0
      vertex 189.573 35.6245 0
      vertex 189.874 33.3442 0
    endloop
  endfacet
  facet normal 0 0 -1
    outer loop
      vertex 189.351 33.31 0
      vertex 189.351 35.61 0
      vertex 189.573 35.6245 0
    endloop
  endfacet
  facet normal 0 0 -1
    outer loop
      vertex 189.351 33.31 0
      vertex 189.13 35.6245 0
      vertex 189.351 35.61 0
    endloop
  endfacet
  facet normal 0 0 -1
    outer loop
      vertex 188.829 33.3442 0
      vertex 189.13 35.6245 0
      vertex 189.351 33.31 0
    endloop
  endfacet
  facet normal -0 0 -1
    outer loop
      vertex 189.13 35.6245 0
      vertex 188.829 33.3442 0
      vertex 188.911 35.6679 0
    endloop
  endfacet
  facet normal 0 0 -1
    outer loop
      vertex 188.316 33.4463 0
      vertex 188.911 35.6679 0
      vertex 188.829 33.3442 0
    endloop
  endfacet
  facet normal -0 0 -1
    outer loop
      vertex 188.911 35.6679 0
      vertex 188.316 33.4463 0
      vertex 188.701 35.7394 0
    endloop
  endfacet
  facet normal 0 0 -1
    outer loop
      vertex 187.821 33.6145 0
      vertex 188.701 35.7394 0
      vertex 188.316 33.4463 0
    endloop
  endfacet
  facet normal -0 0 -1
    outer loop
      vertex 188.701 35.7394 0
      vertex 187.821 33.6145 0
      vertex 188.501 35.8378 0
    endloop
  endfacet
  facet normal 0 0 -1
    outer loop
      vertex 187.351 33.8459 0
      vertex 188.501 35.8378 0
      vertex 187.821 33.6145 0
    endloop
  endfacet
  facet normal -0 0 -1
    outer loop
      vertex 188.501 35.8378 0
      vertex 187.351 33.8459 0
      vertex 188.317 35.9613 0
    endloop
  endfacet
  facet normal 0 0 -1
    outer loop
      vertex 186.916 34.1366 0
      vertex 188.317 35.9613 0
      vertex 187.351 33.8459 0
    endloop
  endfacet
  facet normal -0 0 -1
    outer loop
      vertex 188.317 35.9613 0
      vertex 186.916 34.1366 0
      vertex 188.149 36.1079 0
    endloop
  endfacet
  facet normal 0 0 -1
    outer loop
      vertex 186.523 34.4816 0
      vertex 188.149 36.1079 0
      vertex 186.916 34.1366 0
    endloop
  endfacet
  facet normal -0 0 -1
    outer loop
      vertex 188.149 36.1079 0
      vertex 186.523 34.4816 0
      vertex 188.003 36.2751 0
    endloop
  endfacet
  facet normal 0 0 -1
    outer loop
      vertex 186.178 34.875 0
      vertex 188.003 36.2751 0
      vertex 186.523 34.4816 0
    endloop
  endfacet
  facet normal -0 0 -1
    outer loop
      vertex 188.003 36.2751 0
      vertex 186.178 34.875 0
      vertex 187.879 36.46 0
    endloop
  endfacet
  facet normal 0 0 -1
    outer loop
      vertex 185.887 35.31 0
      vertex 187.879 36.46 0
      vertex 186.178 34.875 0
    endloop
  endfacet
  facet normal 0 0 -1
    outer loop
      vertex 238.486 91.6367 0
      vertex 249.162 99.5817 0
      vertex 253.166 92.406 0
    endloop
  endfacet
  facet normal 0 0 -1
    outer loop
      vertex 240.841 99.44 0
      vertex 238.541 99.44 0
      vertex 240.807 99.9621 0
    endloop
  endfacet
  facet normal -0 0 -1
    outer loop
      vertex 240.807 99.9621 0
      vertex 238.527 99.6619 0
      vertex 240.705 100.475 0
    endloop
  endfacet
  facet normal 0 0 -1
    outer loop
      vertex 238.483 99.88 0
      vertex 240.705 100.475 0
      vertex 238.527 99.6619 0
    endloop
  endfacet
  facet normal 0 0 -1
    outer loop
      vertex 238.412 100.091 0
      vertex 240.537 100.971 0
      vertex 238.483 99.88 0
    endloop
  endfacet
  facet normal -0 0 -1
    outer loop
      vertex 240.537 100.971 0
      vertex 238.412 100.091 0
      vertex 240.305 101.44 0
    endloop
  endfacet
  facet normal -0 0 -1
    outer loop
      vertex 240.305 101.44 0
      vertex 238.314 100.29 0
      vertex 240.015 101.875 0
    endloop
  endfacet
  facet normal 0 0 -1
    outer loop
      vertex 238.19 100.475 0
      vertex 240.015 101.875 0
      vertex 238.314 100.29 0
    endloop
  endfacet
  facet normal 0 0 -1
    outer loop
      vertex 240.807 99.9621 0
      vertex 238.541 99.44 0
      vertex 238.527 99.6619 0
    endloop
  endfacet
  facet normal 0 0 -1
    outer loop
      vertex 249.162 99.5817 0
      vertex 238.486 91.6367 0
      vertex 240.822 99.1447 0
    endloop
  endfacet
  facet normal 0 0 -1
    outer loop
      vertex 240.822 99.1447 0
      vertex 238.527 99.2181 0
      vertex 238.541 99.44 0
    endloop
  endfacet
  facet normal 0 0 -1
    outer loop
      vertex 238.043 98.2379 0
      vertex 240.822 99.1447 0
      vertex 238.486 91.6367 0
    endloop
  endfacet
  facet normal -0 0 -1
    outer loop
      vertex 240.822 99.1447 0
      vertex 238.483 99 0
      vertex 238.527 99.2181 0
    endloop
  endfacet
  facet normal 0 0 -1
    outer loop
      vertex 239.376 74.66 0
      vertex 253.936 77.7261 0
      vertex 254.056 75.4293 0
    endloop
  endfacet
  facet normal 0 0 -1
    outer loop
      vertex 253.936 77.7261 0
      vertex 239.376 74.66 0
      vertex 239.256 76.9568 0
    endloop
  endfacet
  facet normal 0 0 -1
    outer loop
      vertex 250.187 53.1606 0
      vertex 258.552 53.4483 0
      vertex 254.484 39.1029 0
    endloop
  endfacet
  facet normal 0 0 -1
    outer loop
      vertex 241.684 30.6929 0
      vertex 254.484 39.1029 0
      vertex 255.742 34.9908 0
    endloop
  endfacet
  facet normal 0 0 -1
    outer loop
      vertex 254.484 39.1029 0
      vertex 241.684 30.6929 0
      vertex 240.427 34.805 0
    endloop
  endfacet
  facet normal -0 0 -1
    outer loop
      vertex 256.965 121.265 0
      vertex 254.743 120.67 0
      vertex 256.797 121.761 0
    endloop
  endfacet
  facet normal 0 0 -1
    outer loop
      vertex 254.574 121.08 0
      vertex 256.565 122.23 0
      vertex 254.672 120.881 0
    endloop
  endfacet
  facet normal -0 0 -1
    outer loop
      vertex 256.275 122.665 0
      vertex 254.45 121.265 0
      vertex 255.93 123.058 0
    endloop
  endfacet
  facet normal 0 0 -1
    outer loop
      vertex 254.303 121.432 0
      vertex 255.93 123.058 0
      vertex 254.45 121.265 0
    endloop
  endfacet
  facet normal -0 0 -1
    outer loop
      vertex 255.93 123.058 0
      vertex 254.303 121.432 0
      vertex 255.536 123.403 0
    endloop
  endfacet
  facet normal 0 0 -1
    outer loop
      vertex 254.136 121.579 0
      vertex 255.536 123.403 0
      vertex 254.303 121.432 0
    endloop
  endfacet
  facet normal -0 0 -1
    outer loop
      vertex 255.536 123.403 0
      vertex 254.136 121.579 0
      vertex 255.101 123.694 0
    endloop
  endfacet
  facet normal 0 0 -1
    outer loop
      vertex 253.951 121.702 0
      vertex 255.101 123.694 0
      vertex 254.136 121.579 0
    endloop
  endfacet
  facet normal -0 0 -1
    outer loop
      vertex 255.101 123.694 0
      vertex 253.951 121.702 0
      vertex 254.632 123.926 0
    endloop
  endfacet
  facet normal 0 0 -1
    outer loop
      vertex 253.752 121.801 0
      vertex 254.632 123.926 0
      vertex 253.951 121.702 0
    endloop
  endfacet
  facet normal -0 0 -1
    outer loop
      vertex 254.632 123.926 0
      vertex 253.752 121.801 0
      vertex 254.137 124.094 0
    endloop
  endfacet
  facet normal 0 0 -1
    outer loop
      vertex 253.541 121.872 0
      vertex 254.137 124.094 0
      vertex 253.752 121.801 0
    endloop
  endfacet
  facet normal -0 0 -1
    outer loop
      vertex 254.137 124.094 0
      vertex 253.541 121.872 0
      vertex 253.624 124.196 0
    endloop
  endfacet
  facet normal 0 0 -1
    outer loop
      vertex 253.323 121.915 0
      vertex 253.624 124.196 0
      vertex 253.541 121.872 0
    endloop
  endfacet
  facet normal 0 0 -1
    outer loop
      vertex 253.101 121.93 0
      vertex 253.624 124.196 0
      vertex 253.323 121.915 0
    endloop
  endfacet
  facet normal 0 0 -1
    outer loop
      vertex 253.101 121.93 0
      vertex 253.101 124.23 0
      vertex 253.624 124.196 0
    endloop
  endfacet
  facet normal 0 0 -1
    outer loop
      vertex 252.88 121.915 0
      vertex 253.101 124.23 0
      vertex 253.101 121.93 0
    endloop
  endfacet
  facet normal 0 0 -1
    outer loop
      vertex 252.579 124.196 0
      vertex 252.88 121.915 0
      vertex 252.661 121.872 0
    endloop
  endfacet
  facet normal 0 0 -1
    outer loop
      vertex 252.88 121.915 0
      vertex 252.579 124.196 0
      vertex 253.101 124.23 0
    endloop
  endfacet
  facet normal 0 0 -1
    outer loop
      vertex 252.066 124.094 0
      vertex 252.661 121.872 0
      vertex 252.451 121.801 0
    endloop
  endfacet
  facet normal 0 0 -1
    outer loop
      vertex 251.571 123.926 0
      vertex 252.451 121.801 0
      vertex 252.251 121.702 0
    endloop
  endfacet
  facet normal 0 0 -1
    outer loop
      vertex 251.101 123.694 0
      vertex 252.251 121.702 0
      vertex 252.067 121.579 0
    endloop
  endfacet
  facet normal 0 0 -1
    outer loop
      vertex 252.661 121.872 0
      vertex 252.066 124.094 0
      vertex 252.579 124.196 0
    endloop
  endfacet
  facet normal 0 0 -1
    outer loop
      vertex 251.101 123.694 0
      vertex 252.067 121.579 0
      vertex 251.899 121.432 0
    endloop
  endfacet
  facet normal 0 0 -1
    outer loop
      vertex 251.101 123.694 0
      vertex 251.899 121.432 0
      vertex 251.753 121.265 0
    endloop
  endfacet
  facet normal 0 0 -1
    outer loop
      vertex 251.101 123.694 0
      vertex 251.753 121.265 0
      vertex 251.629 121.08 0
    endloop
  endfacet
  facet normal 0 0 -1
    outer loop
      vertex 252.451 121.801 0
      vertex 251.571 123.926 0
      vertex 252.066 124.094 0
    endloop
  endfacet
  facet normal 0 0 -1
    outer loop
      vertex 251.101 123.694 0
      vertex 251.629 121.08 0
      vertex 251.531 120.881 0
    endloop
  endfacet
  facet normal 0 0 -1
    outer loop
      vertex 251.101 123.694 0
      vertex 251.531 120.881 0
      vertex 251.459 120.67 0
    endloop
  endfacet
  facet normal 0 0 -1
    outer loop
      vertex 251.101 123.694 0
      vertex 251.459 120.67 0
      vertex 251.416 120.452 0
    endloop
  endfacet
  facet normal 0 0 -1
    outer loop
      vertex 251.101 123.694 0
      vertex 251.416 120.452 0
      vertex 251.401 120.23 0
    endloop
  endfacet
  facet normal 0 0 -1
    outer loop
      vertex 252.251 121.702 0
      vertex 251.101 123.694 0
      vertex 251.571 123.926 0
    endloop
  endfacet
  facet normal -0 0 -1
    outer loop
      vertex 258.552 53.4483 0
      vertex 250.187 53.1606 0
      vertex 254.825 60.7494 0
    endloop
  endfacet
  facet normal 0 0 -1
    outer loop
      vertex 250.187 53.1606 0
      vertex 240.145 59.9801 0
      vertex 254.825 60.7494 0
    endloop
  endfacet
  facet normal 0 0 -1
    outer loop
      vertex 230.525 93.9377 0
      vertex 239.256 76.9568 0
      vertex 239.376 74.66 0
    endloop
  endfacet
  facet normal 0 0 -1
    outer loop
      vertex 240.822 99.1447 0
      vertex 238.412 98.7894 0
      vertex 238.483 99 0
    endloop
  endfacet
  facet normal 0 0 -1
    outer loop
      vertex 240.822 99.1447 0
      vertex 238.314 98.59 0
      vertex 238.412 98.7894 0
    endloop
  endfacet
  facet normal 0 0 -1
    outer loop
      vertex 240.822 99.1447 0
      vertex 238.19 98.4051 0
      vertex 238.314 98.59 0
    endloop
  endfacet
  facet normal 0 0 -1
    outer loop
      vertex 240.822 99.1447 0
      vertex 238.043 98.2379 0
      vertex 238.19 98.4051 0
    endloop
  endfacet
  facet normal 0 0 -1
    outer loop
      vertex 239.256 76.9568 0
      vertex 230.525 93.9377 0
      vertex 238.486 91.6367 0
    endloop
  endfacet
  facet normal 0 0 -1
    outer loop
      vertex 232.333 55.139 0
      vertex 239.376 74.66 0
      vertex 240.145 59.9801 0
    endloop
  endfacet
  facet normal 0 0 -1
    outer loop
      vertex 238.486 91.6367 0
      vertex 237.876 98.0913 0
      vertex 238.043 98.2379 0
    endloop
  endfacet
  facet normal 0 0 -1
    outer loop
      vertex 238.486 91.6367 0
      vertex 237.691 97.9678 0
      vertex 237.876 98.0913 0
    endloop
  endfacet
  facet normal 0 0 -1
    outer loop
      vertex 238.486 91.6367 0
      vertex 237.492 97.8694 0
      vertex 237.691 97.9678 0
    endloop
  endfacet
  facet normal 0 0 -1
    outer loop
      vertex 238.486 91.6367 0
      vertex 237.281 97.7979 0
      vertex 237.492 97.8694 0
    endloop
  endfacet
  facet normal 0 -0 -1
    outer loop
      vertex 236.191 97.8694 0
      vertex 238.486 91.6367 0
      vertex 230.525 93.9377 0
    endloop
  endfacet
  facet normal 0 0 -1
    outer loop
      vertex 238.486 91.6367 0
      vertex 237.063 97.7545 0
      vertex 237.281 97.7979 0
    endloop
  endfacet
  facet normal 0 0 -1
    outer loop
      vertex 238.486 91.6367 0
      vertex 236.841 97.74 0
      vertex 237.063 97.7545 0
    endloop
  endfacet
  facet normal 0 0 -1
    outer loop
      vertex 238.486 91.6367 0
      vertex 236.62 97.7545 0
      vertex 236.841 97.74 0
    endloop
  endfacet
  facet normal 0 0 -1
    outer loop
      vertex 238.486 91.6367 0
      vertex 236.401 97.7979 0
      vertex 236.62 97.7545 0
    endloop
  endfacet
  facet normal 0 0 -1
    outer loop
      vertex 236.129 48.8627 0
      vertex 240.145 59.9801 0
      vertex 250.187 53.1606 0
    endloop
  endfacet
  facet normal 0 0 -1
    outer loop
      vertex 232.333 55.139 0
      vertex 240.145 59.9801 0
      vertex 236.129 48.8627 0
    endloop
  endfacet
  facet normal -0 0 -1
    outer loop
      vertex 239.376 74.66 0
      vertex 232.333 55.139 0
      vertex 230.525 93.9377 0
    endloop
  endfacet
  facet normal 0 0 -1
    outer loop
      vertex 242.034 15.7014 0
      vertex 241.684 30.6929 0
      vertex 245.982 16.6352 0
    endloop
  endfacet
  facet normal 0 0 -1
    outer loop
      vertex 237.249 29.6005 0
      vertex 241.684 30.6929 0
      vertex 242.034 15.7014 0
    endloop
  endfacet
  facet normal -0 0 -1
    outer loop
      vertex 241.684 30.6929 0
      vertex 237.249 29.6005 0
      vertex 240.427 34.805 0
    endloop
  endfacet
  facet normal 0 0 -1
    outer loop
      vertex 235.849 33.6662 0
      vertex 240.427 34.805 0
      vertex 237.249 29.6005 0
    endloop
  endfacet
  facet normal 0 0 -1
    outer loop
      vertex 231.063 47.5653 0
      vertex 236.129 48.8627 0
      vertex 235.849 33.6662 0
    endloop
  endfacet
  facet normal -0 0 -1
    outer loop
      vertex 240.427 34.805 0
      vertex 235.849 33.6662 0
      vertex 236.129 48.8627 0
    endloop
  endfacet
  facet normal 0 0 -1
    outer loop
      vertex 223.349 24.8146 0
      vertex 235.849 33.6662 0
      vertex 237.249 29.6005 0
    endloop
  endfacet
  facet normal 0 0 -1
    outer loop
      vertex 235.849 33.6662 0
      vertex 223.349 24.8146 0
      vertex 221.949 28.8803 0
    endloop
  endfacet
  facet normal 0 0 -1
    outer loop
      vertex 238.541 99.44 0
      vertex 240.841 99.44 0
      vertex 240.822 99.1447 0
    endloop
  endfacet
  facet normal -0 0 -1
    outer loop
      vertex 240.705 100.475 0
      vertex 238.483 99.88 0
      vertex 240.537 100.971 0
    endloop
  endfacet
  facet normal 0 0 -1
    outer loop
      vertex 238.314 100.29 0
      vertex 240.305 101.44 0
      vertex 238.412 100.091 0
    endloop
  endfacet
  facet normal -0 0 -1
    outer loop
      vertex 240.015 101.875 0
      vertex 238.19 100.475 0
      vertex 239.67 102.268 0
    endloop
  endfacet
  facet normal 0 0 -1
    outer loop
      vertex 238.043 100.642 0
      vertex 239.67 102.268 0
      vertex 238.19 100.475 0
    endloop
  endfacet
  facet normal -0 0 -1
    outer loop
      vertex 239.67 102.268 0
      vertex 238.043 100.642 0
      vertex 239.276 102.613 0
    endloop
  endfacet
  facet normal 0 0 -1
    outer loop
      vertex 237.876 100.789 0
      vertex 239.276 102.613 0
      vertex 238.043 100.642 0
    endloop
  endfacet
  facet normal -0 0 -1
    outer loop
      vertex 239.276 102.613 0
      vertex 237.876 100.789 0
      vertex 238.841 102.904 0
    endloop
  endfacet
  facet normal 0 0 -1
    outer loop
      vertex 237.691 100.912 0
      vertex 238.841 102.904 0
      vertex 237.876 100.789 0
    endloop
  endfacet
  facet normal -0 0 -1
    outer loop
      vertex 238.841 102.904 0
      vertex 237.691 100.912 0
      vertex 238.372 103.136 0
    endloop
  endfacet
  facet normal 0 0 -1
    outer loop
      vertex 237.492 101.011 0
      vertex 238.372 103.136 0
      vertex 237.691 100.912 0
    endloop
  endfacet
  facet normal -0 0 -1
    outer loop
      vertex 238.372 103.136 0
      vertex 237.492 101.011 0
      vertex 237.877 103.304 0
    endloop
  endfacet
  facet normal 0 0 -1
    outer loop
      vertex 237.281 101.082 0
      vertex 237.877 103.304 0
      vertex 237.492 101.011 0
    endloop
  endfacet
  facet normal -0 0 -1
    outer loop
      vertex 237.877 103.304 0
      vertex 237.281 101.082 0
      vertex 237.364 103.406 0
    endloop
  endfacet
  facet normal 0 0 -1
    outer loop
      vertex 237.063 101.125 0
      vertex 237.364 103.406 0
      vertex 237.281 101.082 0
    endloop
  endfacet
  facet normal 0 0 -1
    outer loop
      vertex 236.841 101.14 0
      vertex 237.364 103.406 0
      vertex 237.063 101.125 0
    endloop
  endfacet
  facet normal 0 0 -1
    outer loop
      vertex 236.841 101.14 0
      vertex 236.841 103.44 0
      vertex 237.364 103.406 0
    endloop
  endfacet
  facet normal 0 0 -1
    outer loop
      vertex 236.62 101.125 0
      vertex 236.841 103.44 0
      vertex 236.841 101.14 0
    endloop
  endfacet
  facet normal 0 0 -1
    outer loop
      vertex 236.319 103.406 0
      vertex 236.62 101.125 0
      vertex 236.401 101.082 0
    endloop
  endfacet
  facet normal 0 0 -1
    outer loop
      vertex 236.62 101.125 0
      vertex 236.319 103.406 0
      vertex 236.841 103.44 0
    endloop
  endfacet
  facet normal 0 0 -1
    outer loop
      vertex 235.806 103.304 0
      vertex 236.401 101.082 0
      vertex 236.191 101.011 0
    endloop
  endfacet
  facet normal 0 0 -1
    outer loop
      vertex 235.311 103.136 0
      vertex 236.191 101.011 0
      vertex 235.991 100.912 0
    endloop
  endfacet
  facet normal 0 0 -1
    outer loop
      vertex 234.841 102.904 0
      vertex 235.991 100.912 0
      vertex 235.807 100.789 0
    endloop
  endfacet
  facet normal 0 0 -1
    outer loop
      vertex 236.401 101.082 0
      vertex 235.806 103.304 0
      vertex 236.319 103.406 0
    endloop
  endfacet
  facet normal 0 0 -1
    outer loop
      vertex 234.406 102.613 0
      vertex 235.807 100.789 0
      vertex 235.639 100.642 0
    endloop
  endfacet
  facet normal 0 0 -1
    outer loop
      vertex 234.013 102.268 0
      vertex 235.639 100.642 0
      vertex 235.493 100.475 0
    endloop
  endfacet
  facet normal 0 0 -1
    outer loop
      vertex 233.668 101.875 0
      vertex 235.493 100.475 0
      vertex 235.369 100.29 0
    endloop
  endfacet
  facet normal 0 0 -1
    outer loop
      vertex 236.191 101.011 0
      vertex 235.311 103.136 0
      vertex 235.806 103.304 0
    endloop
  endfacet
  facet normal 0 0 -1
    outer loop
      vertex 233.377 101.44 0
      vertex 235.369 100.29 0
      vertex 235.271 100.091 0
    endloop
  endfacet
  facet normal 0 0 -1
    outer loop
      vertex 233.146 100.971 0
      vertex 235.271 100.091 0
      vertex 235.199 99.88 0
    endloop
  endfacet
  facet normal 0 0 -1
    outer loop
      vertex 232.978 100.475 0
      vertex 235.199 99.88 0
      vertex 235.156 99.6619 0
    endloop
  endfacet
  facet normal 0 0 -1
    outer loop
      vertex 232.876 99.9621 0
      vertex 235.156 99.6619 0
      vertex 235.141 99.44 0
    endloop
  endfacet
  facet normal 0 0 -1
    outer loop
      vertex 235.991 100.912 0
      vertex 234.841 102.904 0
      vertex 235.311 103.136 0
    endloop
  endfacet
  facet normal 0 0 -1
    outer loop
      vertex 238.486 91.6367 0
      vertex 236.191 97.8694 0
      vertex 236.401 97.7979 0
    endloop
  endfacet
  facet normal 0 -0 -1
    outer loop
      vertex 230.535 94.5111 0
      vertex 236.191 97.8694 0
      vertex 230.525 93.9377 0
    endloop
  endfacet
  facet normal 0 -0 -1
    outer loop
      vertex 230.55 94.6687 0
      vertex 236.191 97.8694 0
      vertex 230.535 94.5111 0
    endloop
  endfacet
  facet normal 0 -0 -1
    outer loop
      vertex 230.569 94.82 0
      vertex 236.191 97.8694 0
      vertex 230.55 94.6687 0
    endloop
  endfacet
  facet normal 0 -0 -1
    outer loop
      vertex 230.658 95.2725 0
      vertex 236.191 97.8694 0
      vertex 230.623 95.1224 0
    endloop
  endfacet
  facet normal 0 -0 -1
    outer loop
      vertex 230.697 95.4221 0
      vertex 236.191 97.8694 0
      vertex 230.658 95.2725 0
    endloop
  endfacet
  facet normal 0 -0 -1
    outer loop
      vertex 230.902 95.9993 0
      vertex 235.991 97.9678 0
      vertex 230.842 95.854 0
    endloop
  endfacet
  facet normal 0 -0 -1
    outer loop
      vertex 232.534 98.0018 0
      vertex 235.807 98.0913 0
      vertex 232.407 97.9096 0
    endloop
  endfacet
  facet normal -0 0 -1
    outer loop
      vertex 235.271 98.7894 0
      vertex 233.015 98.2948 0
      vertex 235.199 99 0
    endloop
  endfacet
  facet normal 0 0 -1
    outer loop
      vertex 232.978 98.4047 0
      vertex 235.199 99 0
      vertex 233.015 98.2948 0
    endloop
  endfacet
  facet normal 0 0 -1
    outer loop
      vertex 232.876 98.9179 0
      vertex 235.156 99.2181 0
      vertex 232.978 98.4047 0
    endloop
  endfacet
  facet normal 0 0 -1
    outer loop
      vertex 235.807 100.789 0
      vertex 234.406 102.613 0
      vertex 234.841 102.904 0
    endloop
  endfacet
  facet normal 0 0 -1
    outer loop
      vertex 235.639 100.642 0
      vertex 234.013 102.268 0
      vertex 234.406 102.613 0
    endloop
  endfacet
  facet normal 0 0 -1
    outer loop
      vertex 235.369 100.29 0
      vertex 233.377 101.44 0
      vertex 233.668 101.875 0
    endloop
  endfacet
  facet normal 0 0 -1
    outer loop
      vertex 235.271 100.091 0
      vertex 233.146 100.971 0
      vertex 233.377 101.44 0
    endloop
  endfacet
  facet normal 0 0 -1
    outer loop
      vertex 235.493 100.475 0
      vertex 233.668 101.875 0
      vertex 234.013 102.268 0
    endloop
  endfacet
  facet normal -0 0 -1
    outer loop
      vertex 235.199 99 0
      vertex 232.978 98.4047 0
      vertex 235.156 99.2181 0
    endloop
  endfacet
  facet normal -0 0 -1
    outer loop
      vertex 235.369 98.59 0
      vertex 233.015 98.2948 0
      vertex 235.271 98.7894 0
    endloop
  endfacet
  facet normal -0 0 -1
    outer loop
      vertex 235.493 98.4051 0
      vertex 233.015 98.2948 0
      vertex 235.369 98.59 0
    endloop
  endfacet
  facet normal 0 0 -1
    outer loop
      vertex 235.639 98.2379 0
      vertex 233.015 98.2948 0
      vertex 235.493 98.4051 0
    endloop
  endfacet
  facet normal 0 0 -1
    outer loop
      vertex 235.807 98.0913 0
      vertex 233.015 98.2948 0
      vertex 235.639 98.2379 0
    endloop
  endfacet
  facet normal -0 0 -1
    outer loop
      vertex 236.129 48.8627 0
      vertex 231.063 47.5653 0
      vertex 232.333 55.139 0
    endloop
  endfacet
  facet normal 0 0 -1
    outer loop
      vertex 217.164 42.7794 0
      vertex 232.333 55.139 0
      vertex 231.063 47.5653 0
    endloop
  endfacet
  facet normal 0 0 -1
    outer loop
      vertex 212.146 41.306 0
      vertex 232.333 55.139 0
      vertex 217.164 42.7794 0
    endloop
  endfacet
  facet normal 0 0 -1
    outer loop
      vertex 192.909 41.8149 0
      vertex 212.146 41.306 0
      vertex 198.422 36.038 0
    endloop
  endfacet
  facet normal 0 0 -1
    outer loop
      vertex 212.146 41.306 0
      vertex 192.909 41.8149 0
      vertex 232.333 55.139 0
    endloop
  endfacet
  facet normal -0 0 -1
    outer loop
      vertex 235.156 99.2181 0
      vertex 232.876 98.9179 0
      vertex 235.141 99.44 0
    endloop
  endfacet
  facet normal 0 0 -1
    outer loop
      vertex 235.199 99.88 0
      vertex 232.978 100.475 0
      vertex 233.146 100.971 0
    endloop
  endfacet
  facet normal 0 0 -1
    outer loop
      vertex 232.841 99.44 0
      vertex 235.141 99.44 0
      vertex 232.876 98.9179 0
    endloop
  endfacet
  facet normal 0 0 -1
    outer loop
      vertex 235.156 99.6619 0
      vertex 232.876 99.9621 0
      vertex 232.978 100.475 0
    endloop
  endfacet
  facet normal 0 0 -1
    outer loop
      vertex 235.141 99.44 0
      vertex 232.841 99.44 0
      vertex 232.876 99.9621 0
    endloop
  endfacet
  facet normal 0 -0 -1
    outer loop
      vertex 233.015 98.2948 0
      vertex 235.807 98.0913 0
      vertex 232.923 98.2451 0
    endloop
  endfacet
  facet normal 0 -0 -1
    outer loop
      vertex 232.923 98.2451 0
      vertex 235.807 98.0913 0
      vertex 232.792 98.169 0
    endloop
  endfacet
  facet normal 0 -0 -1
    outer loop
      vertex 232.792 98.169 0
      vertex 235.807 98.0913 0
      vertex 232.662 98.0875 0
    endloop
  endfacet
  facet normal 0 -0 -1
    outer loop
      vertex 232.662 98.0875 0
      vertex 235.807 98.0913 0
      vertex 232.534 98.0018 0
    endloop
  endfacet
  facet normal -0 0 -1
    outer loop
      vertex 235.991 97.9678 0
      vertex 232.407 97.9096 0
      vertex 235.807 98.0913 0
    endloop
  endfacet
  facet normal 0 -0 -1
    outer loop
      vertex 232.407 97.9096 0
      vertex 235.991 97.9678 0
      vertex 232.287 97.8175 0
    endloop
  endfacet
  facet normal 0 -0 -1
    outer loop
      vertex 232.287 97.8175 0
      vertex 235.991 97.9678 0
      vertex 232.169 97.7198 0
    endloop
  endfacet
  facet normal 0 -0 -1
    outer loop
      vertex 232.169 97.7198 0
      vertex 235.991 97.9678 0
      vertex 232.055 97.6187 0
    endloop
  endfacet
  facet normal 0 -0 -1
    outer loop
      vertex 232.055 97.6187 0
      vertex 235.991 97.9678 0
      vertex 231.937 97.5085 0
    endloop
  endfacet
  facet normal 0 -0 -1
    outer loop
      vertex 231.937 97.5085 0
      vertex 235.991 97.9678 0
      vertex 231.831 97.4001 0
    endloop
  endfacet
  facet normal 0 -0 -1
    outer loop
      vertex 231.831 97.4001 0
      vertex 235.991 97.9678 0
      vertex 231.729 97.2916 0
    endloop
  endfacet
  facet normal 0 -0 -1
    outer loop
      vertex 231.729 97.2916 0
      vertex 235.991 97.9678 0
      vertex 231.626 97.1728 0
    endloop
  endfacet
  facet normal 0 -0 -1
    outer loop
      vertex 231.626 97.1728 0
      vertex 235.991 97.9678 0
      vertex 231.529 97.0536 0
    endloop
  endfacet
  facet normal 0 -0 -1
    outer loop
      vertex 231.529 97.0536 0
      vertex 235.991 97.9678 0
      vertex 231.438 96.9342 0
    endloop
  endfacet
  facet normal 0 -0 -1
    outer loop
      vertex 231.438 96.9342 0
      vertex 235.991 97.9678 0
      vertex 231.348 96.8091 0
    endloop
  endfacet
  facet normal 0 -0 -1
    outer loop
      vertex 231.348 96.8091 0
      vertex 235.991 97.9678 0
      vertex 231.262 96.6782 0
    endloop
  endfacet
  facet normal 0 -0 -1
    outer loop
      vertex 231.262 96.6782 0
      vertex 235.991 97.9678 0
      vertex 231.182 96.5487 0
    endloop
  endfacet
  facet normal 0 -0 -1
    outer loop
      vertex 231.182 96.5487 0
      vertex 235.991 97.9678 0
      vertex 231.105 96.4144 0
    endloop
  endfacet
  facet normal 0 -0 -1
    outer loop
      vertex 231.105 96.4144 0
      vertex 235.991 97.9678 0
      vertex 231.032 96.2779 0
    endloop
  endfacet
  facet normal 0 -0 -1
    outer loop
      vertex 231.032 96.2779 0
      vertex 235.991 97.9678 0
      vertex 230.966 96.1417 0
    endloop
  endfacet
  facet normal 0 -0 -1
    outer loop
      vertex 230.966 96.1417 0
      vertex 235.991 97.9678 0
      vertex 230.902 95.9993 0
    endloop
  endfacet
  facet normal -0 0 -1
    outer loop
      vertex 236.191 97.8694 0
      vertex 230.842 95.854 0
      vertex 235.991 97.9678 0
    endloop
  endfacet
  facet normal 0 -0 -1
    outer loop
      vertex 230.842 95.854 0
      vertex 236.191 97.8694 0
      vertex 230.789 95.7114 0
    endloop
  endfacet
  facet normal 0 -0 -1
    outer loop
      vertex 230.789 95.7114 0
      vertex 236.191 97.8694 0
      vertex 230.741 95.5684 0
    endloop
  endfacet
  facet normal 0 -0 -1
    outer loop
      vertex 230.741 95.5684 0
      vertex 236.191 97.8694 0
      vertex 230.697 95.4221 0
    endloop
  endfacet
  facet normal 0 -0 -1
    outer loop
      vertex 230.623 95.1224 0
      vertex 236.191 97.8694 0
      vertex 230.593 94.9698 0
    endloop
  endfacet
  facet normal 0 -0 -1
    outer loop
      vertex 230.593 94.9698 0
      vertex 236.191 97.8694 0
      vertex 230.569 94.82 0
    endloop
  endfacet
  facet normal 0 0 -1
    outer loop
      vertex 230.525 93.9377 0
      vertex 230.525 94.3598 0
      vertex 230.535 94.5111 0
    endloop
  endfacet
  facet normal 0 0 -1
    outer loop
      vertex 230.521 94.0515 0
      vertex 230.525 94.3598 0
      vertex 230.525 93.9377 0
    endloop
  endfacet
  facet normal 0 0 -1
    outer loop
      vertex 230.525 94.3598 0
      vertex 230.521 94.0515 0
      vertex 230.521 94.209 0
    endloop
  endfacet
  facet normal 0 0 -1
    outer loop
      vertex 224.223 9.84439 0
      vertex 223.349 24.8146 0
      vertex 228.135 10.9155 0
    endloop
  endfacet
  facet normal 0 0 -1
    outer loop
      vertex 218.955 23.568 0
      vertex 223.349 24.8146 0
      vertex 224.223 9.84439 0
    endloop
  endfacet
  facet normal -0 0 -1
    outer loop
      vertex 223.349 24.8146 0
      vertex 218.955 23.568 0
      vertex 221.949 28.8803 0
    endloop
  endfacet
  facet normal 0 0 -1
    outer loop
      vertex 217.414 27.5824 0
      vertex 221.949 28.8803 0
      vertex 218.955 23.568 0
    endloop
  endfacet
  facet normal 0 0 -1
    outer loop
      vertex 217.414 27.5824 0
      vertex 217.164 42.7794 0
      vertex 221.949 28.8803 0
    endloop
  endfacet
  facet normal 0 -0 -1
    outer loop
      vertex 217.164 42.7794 0
      vertex 217.414 27.5824 0
      vertex 212.146 41.306 0
    endloop
  endfacet
  facet normal -0 0 -1
    outer loop
      vertex 212.485 -3.16472 0
      vertex 210.263 -3.76001 0
      vertex 212.324 -2.69128 0
    endloop
  endfacet
  facet normal 0 0 -1
    outer loop
      vertex 210.192 -3.54944 0
      vertex 212.324 -2.69128 0
      vertex 210.263 -3.76001 0
    endloop
  endfacet
  facet normal 0 0 -1
    outer loop
      vertex 210.094 -3.35 0
      vertex 212.324 -2.69128 0
      vertex 210.192 -3.54944 0
    endloop
  endfacet
  facet normal 0 0 -1
    outer loop
      vertex 209.97 -3.1651 0
      vertex 212.324 -2.69128 0
      vertex 210.094 -3.35 0
    endloop
  endfacet
  facet normal 0 0 -1
    outer loop
      vertex 209.823 -2.99792 0
      vertex 212.324 -2.69128 0
      vertex 209.97 -3.1651 0
    endloop
  endfacet
  facet normal 0 0 -1
    outer loop
      vertex 209.656 -2.8513 0
      vertex 212.324 -2.69128 0
      vertex 209.823 -2.99792 0
    endloop
  endfacet
  facet normal 0 0 -1
    outer loop
      vertex 209.471 -2.72776 0
      vertex 212.324 -2.69128 0
      vertex 209.656 -2.8513 0
    endloop
  endfacet
  facet normal 0 0 -1
    outer loop
      vertex 209.272 -2.6294 0
      vertex 212.324 -2.69128 0
      vertex 209.471 -2.72776 0
    endloop
  endfacet
  facet normal 0 0 -1
    outer loop
      vertex 212.324 -2.69128 0
      vertex 209.272 -2.6294 0
      vertex 210.499 4.57638 0
    endloop
  endfacet
  facet normal 0 0 -1
    outer loop
      vertex 209.061 -2.55793 0
      vertex 210.499 4.57638 0
      vertex 209.272 -2.6294 0
    endloop
  endfacet
  facet normal 0 0 -1
    outer loop
      vertex 208.843 -2.51454 0
      vertex 210.499 4.57638 0
      vertex 209.061 -2.55793 0
    endloop
  endfacet
  facet normal 0 0 -1
    outer loop
      vertex 208.621 -2.5 0
      vertex 210.499 4.57638 0
      vertex 208.843 -2.51454 0
    endloop
  endfacet
  facet normal 0 0 -1
    outer loop
      vertex 208.4 -2.51454 0
      vertex 210.499 4.57638 0
      vertex 208.621 -2.5 0
    endloop
  endfacet
  facet normal 0 0 -1
    outer loop
      vertex 208.181 -2.55793 0
      vertex 210.499 4.57638 0
      vertex 208.4 -2.51454 0
    endloop
  endfacet
  facet normal 0 0 -1
    outer loop
      vertex 207.771 -2.72776 0
      vertex 205.014 -2.12366 0
      vertex 207.971 -2.6294 0
    endloop
  endfacet
  facet normal 0 0 -1
    outer loop
      vertex 205.014 -2.12366 0
      vertex 207.771 -2.72776 0
      vertex 205.132 -2.2508 0
    endloop
  endfacet
  facet normal 0 0 -1
    outer loop
      vertex 205.132 -2.2508 0
      vertex 207.771 -2.72776 0
      vertex 207.587 -2.8513 0
    endloop
  endfacet
  facet normal 0 0 -1
    outer loop
      vertex 205.132 -2.2508 0
      vertex 207.587 -2.8513 0
      vertex 207.419 -2.99792 0
    endloop
  endfacet
  facet normal 0 0 -1
    outer loop
      vertex 205.132 -2.2508 0
      vertex 207.419 -2.99792 0
      vertex 207.273 -3.1651 0
    endloop
  endfacet
  facet normal 0 0 -1
    outer loop
      vertex 205.132 -2.2508 0
      vertex 207.273 -3.1651 0
      vertex 207.149 -3.35 0
    endloop
  endfacet
  facet normal 0 0 -1
    outer loop
      vertex 206.979 -3.76001 0
      vertex 205.132 -2.2508 0
      vertex 207.051 -3.54944 0
    endloop
  endfacet
  facet normal -0 0 -1
    outer loop
      vertex 207.149 -5.05 0
      vertex 205.157 -6.2 0
      vertex 207.051 -4.85056 0
    endloop
  endfacet
  facet normal -0 0 -1
    outer loop
      vertex 207.051 -4.85056 0
      vertex 205.157 -6.2 0
      vertex 206.979 -4.63999 0
    endloop
  endfacet
  facet normal -0 0 -1
    outer loop
      vertex 206.979 -4.63999 0
      vertex 205.157 -6.2 0
      vertex 206.936 -4.42189 0
    endloop
  endfacet
  facet normal -0 0 -1
    outer loop
      vertex 206.936 -4.42189 0
      vertex 205.157 -6.2 0
      vertex 206.921 -4.2 0
    endloop
  endfacet
  facet normal 0 0 -1
    outer loop
      vertex 205.132 -2.2508 0
      vertex 206.921 -4.2 0
      vertex 205.157 -6.2 0
    endloop
  endfacet
  facet normal 0 0 -1
    outer loop
      vertex 206.921 -4.2 0
      vertex 205.132 -2.2508 0
      vertex 206.936 -3.9781 0
    endloop
  endfacet
  facet normal 0 0 -1
    outer loop
      vertex 206.936 -3.9781 0
      vertex 205.132 -2.2508 0
      vertex 206.979 -3.76001 0
    endloop
  endfacet
  facet normal 0 0 -1
    outer loop
      vertex 207.051 -3.54944 0
      vertex 205.132 -2.2508 0
      vertex 207.149 -3.35 0
    endloop
  endfacet
  facet normal 0 0 -1
    outer loop
      vertex 204.912 -2.00496 0
      vertex 207.971 -2.6294 0
      vertex 205.014 -2.12366 0
    endloop
  endfacet
  facet normal 0 0 -1
    outer loop
      vertex 204.926 -5.73073 0
      vertex 205.132 -2.2508 0
      vertex 205.157 -6.2 0
    endloop
  endfacet
  facet normal 0 0 -1
    outer loop
      vertex 204.926 -5.73073 0
      vertex 204.926 -2.66927 0
      vertex 205.132 -2.2508 0
    endloop
  endfacet
  facet normal 0 0 -1
    outer loop
      vertex 204.758 -5.23528 0
      vertex 204.926 -2.66927 0
      vertex 204.926 -5.73073 0
    endloop
  endfacet
  facet normal 0 0 -1
    outer loop
      vertex 204.758 -5.23528 0
      vertex 204.758 -3.16472 0
      vertex 204.926 -2.66927 0
    endloop
  endfacet
  facet normal 0 0 -1
    outer loop
      vertex 204.656 -4.7221 0
      vertex 204.758 -3.16472 0
      vertex 204.758 -5.23528 0
    endloop
  endfacet
  facet normal 0 0 -1
    outer loop
      vertex 204.656 -4.7221 0
      vertex 204.656 -3.67789 0
      vertex 204.758 -3.16472 0
    endloop
  endfacet
  facet normal 0 -0 -1
    outer loop
      vertex 204.656 -3.67789 0
      vertex 204.656 -4.7221 0
      vertex 204.621 -4.2 0
    endloop
  endfacet
  facet normal 0 0 -1
    outer loop
      vertex 191.543 41.022 0
      vertex 190.922 37.9606 0
      vertex 191.427 40.9221 0
    endloop
  endfacet
  facet normal 0 0 -1
    outer loop
      vertex 190.824 38.16 0
      vertex 191.427 40.9221 0
      vertex 190.922 37.9606 0
    endloop
  endfacet
  facet normal 0 0 -1
    outer loop
      vertex 191.427 40.9221 0
      vertex 190.824 38.16 0
      vertex 191.314 40.8185 0
    endloop
  endfacet
  facet normal 0 0 -1
    outer loop
      vertex 191.314 40.8185 0
      vertex 190.824 38.16 0
      vertex 191.297 40.8012 0
    endloop
  endfacet
  facet normal 0 0 -1
    outer loop
      vertex 190.7 38.3449 0
      vertex 191.297 40.8012 0
      vertex 190.824 38.16 0
    endloop
  endfacet
  facet normal 0 0 -1
    outer loop
      vertex 190.553 38.5121 0
      vertex 191.297 40.8012 0
      vertex 190.7 38.3449 0
    endloop
  endfacet
  facet normal 0 0 -1
    outer loop
      vertex 190.386 38.6587 0
      vertex 191.297 40.8012 0
      vertex 190.553 38.5121 0
    endloop
  endfacet
  facet normal 0 0 -1
    outer loop
      vertex 190.201 38.7822 0
      vertex 191.297 40.8012 0
      vertex 190.386 38.6587 0
    endloop
  endfacet
  facet normal 0 0 -1
    outer loop
      vertex 190.002 38.8806 0
      vertex 191.297 40.8012 0
      vertex 190.201 38.7822 0
    endloop
  endfacet
  facet normal -0 0 -1
    outer loop
      vertex 191.297 40.8012 0
      vertex 190.002 38.8806 0
      vertex 190.882 41.0055 0
    endloop
  endfacet
  facet normal -0 0 -1
    outer loop
      vertex 190.882 41.0055 0
      vertex 190.002 38.8806 0
      vertex 190.387 41.1737 0
    endloop
  endfacet
  facet normal 0 0 -1
    outer loop
      vertex 189.791 38.9521 0
      vertex 190.387 41.1737 0
      vertex 190.002 38.8806 0
    endloop
  endfacet
  facet normal -0 0 -1
    outer loop
      vertex 190.387 41.1737 0
      vertex 189.791 38.9521 0
      vertex 189.874 41.2758 0
    endloop
  endfacet
  facet normal 0 0 -1
    outer loop
      vertex 189.573 38.9955 0
      vertex 189.874 41.2758 0
      vertex 189.791 38.9521 0
    endloop
  endfacet
  facet normal 0 0 -1
    outer loop
      vertex 189.351 39.01 0
      vertex 189.874 41.2758 0
      vertex 189.573 38.9955 0
    endloop
  endfacet
  facet normal 0 0 -1
    outer loop
      vertex 189.351 39.01 0
      vertex 189.351 41.31 0
      vertex 189.874 41.2758 0
    endloop
  endfacet
  facet normal 0 0 -1
    outer loop
      vertex 189.13 38.9955 0
      vertex 189.351 41.31 0
      vertex 189.351 39.01 0
    endloop
  endfacet
  facet normal 0 0 -1
    outer loop
      vertex 188.829 41.2758 0
      vertex 189.13 38.9955 0
      vertex 188.911 38.9521 0
    endloop
  endfacet
  facet normal 0 0 -1
    outer loop
      vertex 189.13 38.9955 0
      vertex 188.829 41.2758 0
      vertex 189.351 41.31 0
    endloop
  endfacet
  facet normal 0 0 -1
    outer loop
      vertex 188.316 41.1737 0
      vertex 188.911 38.9521 0
      vertex 188.701 38.8806 0
    endloop
  endfacet
  facet normal 0 0 -1
    outer loop
      vertex 187.821 41.0055 0
      vertex 188.701 38.8806 0
      vertex 188.501 38.7822 0
    endloop
  endfacet
  facet normal 0 0 -1
    outer loop
      vertex 187.351 40.7741 0
      vertex 188.501 38.7822 0
      vertex 188.317 38.6587 0
    endloop
  endfacet
  facet normal 0 0 -1
    outer loop
      vertex 188.911 38.9521 0
      vertex 188.316 41.1737 0
      vertex 188.829 41.2758 0
    endloop
  endfacet
  facet normal 0 0 -1
    outer loop
      vertex 186.916 40.4834 0
      vertex 188.317 38.6587 0
      vertex 188.149 38.5121 0
    endloop
  endfacet
  facet normal 0 0 -1
    outer loop
      vertex 186.523 40.1384 0
      vertex 188.149 38.5121 0
      vertex 188.003 38.3449 0
    endloop
  endfacet
  facet normal 0 0 -1
    outer loop
      vertex 186.178 39.745 0
      vertex 188.003 38.3449 0
      vertex 187.879 38.16 0
    endloop
  endfacet
  facet normal 0 0 -1
    outer loop
      vertex 188.701 38.8806 0
      vertex 187.821 41.0055 0
      vertex 188.316 41.1737 0
    endloop
  endfacet
  facet normal 0 0 -1
    outer loop
      vertex 185.887 39.31 0
      vertex 187.879 38.16 0
      vertex 187.781 37.9606 0
    endloop
  endfacet
  facet normal 0 0 -1
    outer loop
      vertex 185.656 38.8407 0
      vertex 187.781 37.9606 0
      vertex 187.709 37.75 0
    endloop
  endfacet
  facet normal 0 0 -1
    outer loop
      vertex 185.488 38.3453 0
      vertex 187.709 37.75 0
      vertex 187.666 37.5319 0
    endloop
  endfacet
  facet normal 0 0 -1
    outer loop
      vertex 185.386 37.8321 0
      vertex 187.666 37.5319 0
      vertex 187.651 37.31 0
    endloop
  endfacet
  facet normal -0 0 -1
    outer loop
      vertex 187.879 36.46 0
      vertex 185.887 35.31 0
      vertex 187.781 36.6594 0
    endloop
  endfacet
  facet normal 0 0 -1
    outer loop
      vertex 188.501 38.7822 0
      vertex 187.351 40.7741 0
      vertex 187.821 41.0055 0
    endloop
  endfacet
  facet normal 0 0 -1
    outer loop
      vertex 185.656 35.7793 0
      vertex 187.781 36.6594 0
      vertex 185.887 35.31 0
    endloop
  endfacet
  facet normal 0 0 -1
    outer loop
      vertex 188.317 38.6587 0
      vertex 186.916 40.4834 0
      vertex 187.351 40.7741 0
    endloop
  endfacet
  facet normal -0 0 -1
    outer loop
      vertex 187.781 36.6594 0
      vertex 185.656 35.7793 0
      vertex 187.709 36.87 0
    endloop
  endfacet
  facet normal 0 0 -1
    outer loop
      vertex 188.149 38.5121 0
      vertex 186.523 40.1384 0
      vertex 186.916 40.4834 0
    endloop
  endfacet
  facet normal 0 0 -1
    outer loop
      vertex 185.488 36.2747 0
      vertex 187.709 36.87 0
      vertex 185.656 35.7793 0
    endloop
  endfacet
  facet normal 0 0 -1
    outer loop
      vertex 188.003 38.3449 0
      vertex 186.178 39.745 0
      vertex 186.523 40.1384 0
    endloop
  endfacet
  facet normal -0 0 -1
    outer loop
      vertex 187.709 36.87 0
      vertex 185.488 36.2747 0
      vertex 187.666 37.0881 0
    endloop
  endfacet
  facet normal 0 0 -1
    outer loop
      vertex 187.879 38.16 0
      vertex 185.887 39.31 0
      vertex 186.178 39.745 0
    endloop
  endfacet
  facet normal 0 0 -1
    outer loop
      vertex 185.386 36.7879 0
      vertex 187.666 37.0881 0
      vertex 185.488 36.2747 0
    endloop
  endfacet
  facet normal 0 0 -1
    outer loop
      vertex 187.781 37.9606 0
      vertex 185.656 38.8407 0
      vertex 185.887 39.31 0
    endloop
  endfacet
  facet normal -0 0 -1
    outer loop
      vertex 187.666 37.0881 0
      vertex 185.386 36.7879 0
      vertex 187.651 37.31 0
    endloop
  endfacet
  facet normal 0 0 -1
    outer loop
      vertex 187.709 37.75 0
      vertex 185.488 38.3453 0
      vertex 185.656 38.8407 0
    endloop
  endfacet
  facet normal 0 0 -1
    outer loop
      vertex 185.351 37.31 0
      vertex 187.651 37.31 0
      vertex 185.386 36.7879 0
    endloop
  endfacet
  facet normal 0 0 -1
    outer loop
      vertex 187.666 37.5319 0
      vertex 185.386 37.8321 0
      vertex 185.488 38.3453 0
    endloop
  endfacet
  facet normal 0 0 -1
    outer loop
      vertex 187.651 37.31 0
      vertex 185.351 37.31 0
      vertex 185.386 37.8321 0
    endloop
  endfacet
  facet normal 0.933581 0.358368 2.64849e-16
    outer loop
      vertex 210.499 4.57638 0.95
      vertex 205.231 18.3 0
      vertex 205.231 18.3 0.95
    endloop
  endfacet
  facet normal 0.933581 0.358368 2.64849e-16
    outer loop
      vertex 205.231 18.3 0
      vertex 210.499 4.57638 0.95
      vertex 210.499 4.57638 0
    endloop
  endfacet
  facet normal -0 0 -1
    outer loop
      vertex 224.223 9.84439 0.95
      vertex 210.701 5.02856 0.95
      vertex 223.771 10.0457 0.95
    endloop
  endfacet
  facet normal 0 0 -1
    outer loop
      vertex 210.499 4.57638 0.95
      vertex 210.701 5.02856 0.95
      vertex 224.223 9.84439 0.95
    endloop
  endfacet
  facet normal 0 0 -1
    outer loop
      vertex 210.499 4.57638 0.95
      vertex 205.683 18.0987 0.95
      vertex 210.701 5.02856 0.95
    endloop
  endfacet
  facet normal -0 -0 -1
    outer loop
      vertex 205.683 18.0987 0.95
      vertex 210.499 4.57638 0.95
      vertex 205.231 18.3 0.95
    endloop
  endfacet
  facet normal 0 0 -1
    outer loop
      vertex 223.771 10.0457 0.95
      vertex 218.955 23.568 0.95
      vertex 224.223 9.84439 0.95
    endloop
  endfacet
  facet normal 0 0 -1
    outer loop
      vertex 218.754 23.1158 0.95
      vertex 218.955 23.568 0.95
      vertex 223.771 10.0457 0.95
    endloop
  endfacet
  facet normal 0 0 -1
    outer loop
      vertex 205.683 18.0987 0.95
      vertex 218.955 23.568 0.95
      vertex 218.754 23.1158 0.95
    endloop
  endfacet
  facet normal 0 0 -1
    outer loop
      vertex 218.955 23.568 0.95
      vertex 205.683 18.0987 0.95
      vertex 205.231 18.3 0.95
    endloop
  endfacet
  facet normal -0.35836 0.933584 0
    outer loop
      vertex 224.223 9.84439 0
      vertex 210.499 4.57638 0.95
      vertex 224.223 9.84439 0.95
    endloop
  endfacet
  facet normal -0.35836 0.933584 0
    outer loop
      vertex 210.499 4.57638 0.95
      vertex 224.223 9.84439 0
      vertex 210.499 4.57638 0
    endloop
  endfacet
  facet normal -0.93358 -0.358368 4.06296e-16
    outer loop
      vertex 224.223 9.84439 0
      vertex 218.955 23.568 0.95
      vertex 218.955 23.568 0
    endloop
  endfacet
  facet normal -0.93358 -0.358368 4.06296e-16
    outer loop
      vertex 218.955 23.568 0.95
      vertex 224.223 9.84439 0
      vertex 224.223 9.84439 0.95
    endloop
  endfacet
  facet normal 0.358359 -0.933584 0
    outer loop
      vertex 205.231 18.3 0
      vertex 218.955 23.568 0.95
      vertex 205.231 18.3 0.95
    endloop
  endfacet
  facet normal 0.358359 -0.933584 0
    outer loop
      vertex 218.955 23.568 0.95
      vertex 205.231 18.3 0
      vertex 218.955 23.568 0
    endloop
  endfacet
  facet normal 0.93356 0.35842 2.85718e-16
    outer loop
      vertex 210.701 5.02856 2.05
      vertex 205.683 18.0987 0.95
      vertex 205.683 18.0987 2.05
    endloop
  endfacet
  facet normal 0.93356 0.35842 2.85718e-16
    outer loop
      vertex 205.683 18.0987 0.95
      vertex 210.701 5.02856 2.05
      vertex 210.701 5.02856 0.95
    endloop
  endfacet
  facet normal 0 0 1
    outer loop
      vertex 218.955 23.568 2.05
      vertex 223.771 10.0457 2.05
      vertex 224.223 9.84439 2.05
    endloop
  endfacet
  facet normal 0 0 1
    outer loop
      vertex 218.955 23.568 2.05
      vertex 218.754 23.1158 2.05
      vertex 223.771 10.0457 2.05
    endloop
  endfacet
  facet normal 0 0 1
    outer loop
      vertex 218.955 23.568 2.05
      vertex 205.683 18.0987 2.05
      vertex 218.754 23.1158 2.05
    endloop
  endfacet
  facet normal 0 -0 1
    outer loop
      vertex 205.683 18.0987 2.05
      vertex 218.955 23.568 2.05
      vertex 205.231 18.3 2.05
    endloop
  endfacet
  facet normal 0 0 1
    outer loop
      vertex 210.701 5.02856 2.05
      vertex 224.223 9.84439 2.05
      vertex 223.771 10.0457 2.05
    endloop
  endfacet
  facet normal -0 0 1
    outer loop
      vertex 210.701 5.02856 2.05
      vertex 210.499 4.57638 2.05
      vertex 224.223 9.84439 2.05
    endloop
  endfacet
  facet normal 0 0 1
    outer loop
      vertex 205.683 18.0987 2.05
      vertex 210.499 4.57638 2.05
      vertex 210.701 5.02856 2.05
    endloop
  endfacet
  facet normal 0 0 1
    outer loop
      vertex 210.499 4.57638 2.05
      vertex 205.683 18.0987 2.05
      vertex 205.231 18.3 2.05
    endloop
  endfacet
  facet normal -0.35837 0.93358 0
    outer loop
      vertex 223.771 10.0457 0.95
      vertex 210.701 5.02856 2.05
      vertex 223.771 10.0457 2.05
    endloop
  endfacet
  facet normal -0.35837 0.93358 0
    outer loop
      vertex 210.701 5.02856 2.05
      vertex 223.771 10.0457 0.95
      vertex 210.701 5.02856 0.95
    endloop
  endfacet
  facet normal -0.933584 -0.358359 2.28795e-16
    outer loop
      vertex 223.771 10.0457 0.95
      vertex 218.754 23.1158 2.05
      vertex 218.754 23.1158 0.95
    endloop
  endfacet
  facet normal -0.933584 -0.358359 2.28795e-16
    outer loop
      vertex 218.754 23.1158 2.05
      vertex 223.771 10.0457 0.95
      vertex 223.771 10.0457 2.05
    endloop
  endfacet
  facet normal 0.358344 -0.93359 0
    outer loop
      vertex 205.683 18.0987 0.95
      vertex 218.754 23.1158 2.05
      vertex 205.683 18.0987 2.05
    endloop
  endfacet
  facet normal 0.358344 -0.93359 0
    outer loop
      vertex 218.754 23.1158 2.05
      vertex 205.683 18.0987 0.95
      vertex 218.754 23.1158 0.95
    endloop
  endfacet
  facet normal 0.933581 0.358368 1.67737e-15
    outer loop
      vertex 210.499 4.57638 2.2
      vertex 205.231 18.3 2.05
      vertex 205.231 18.3 2.2
    endloop
  endfacet
  facet normal 0.933581 0.358368 1.67737e-15
    outer loop
      vertex 205.231 18.3 2.05
      vertex 210.499 4.57638 2.2
      vertex 210.499 4.57638 2.05
    endloop
  endfacet
  facet normal 0 0 1
    outer loop
      vertex 238.541 99.44 2.2
      vertex 240.841 99.44 2.2
      vertex 240.807 99.9621 2.2
    endloop
  endfacet
  facet normal 0 0 1
    outer loop
      vertex 254.801 120.23 2.2
      vertex 257.101 120.23 2.2
      vertex 257.067 120.752 2.2
    endloop
  endfacet
  facet normal 0 0 1
    outer loop
      vertex 319.567 133.482 2.2
      vertex 317.287 133.182 2.2
      vertex 317.301 132.96 2.2
    endloop
  endfacet
  facet normal 0 0 1
    outer loop
      vertex 318.036 136.133 2.2
      vertex 317.243 133.4 2.2
      vertex 317.287 133.182 2.2
    endloop
  endfacet
  facet normal 0 0 1
    outer loop
      vertex 318.036 136.133 2.2
      vertex 317.172 133.611 2.2
      vertex 317.243 133.4 2.2
    endloop
  endfacet
  facet normal 0 0 1
    outer loop
      vertex 316.451 134.432 2.2
      vertex 317.601 136.424 2.2
      vertex 317.132 136.656 2.2
    endloop
  endfacet
  facet normal 0 0 1
    outer loop
      vertex 318.036 136.133 2.2
      vertex 317.074 133.81 2.2
      vertex 317.172 133.611 2.2
    endloop
  endfacet
  facet normal 0 0 1
    outer loop
      vertex 318.036 136.133 2.2
      vertex 316.95 133.995 2.2
      vertex 317.074 133.81 2.2
    endloop
  endfacet
  facet normal 0 0 1
    outer loop
      vertex 318.036 136.133 2.2
      vertex 316.803 134.162 2.2
      vertex 316.95 133.995 2.2
    endloop
  endfacet
  facet normal 0 0 1
    outer loop
      vertex 316.252 134.531 2.2
      vertex 317.132 136.656 2.2
      vertex 316.637 136.824 2.2
    endloop
  endfacet
  facet normal 0 0 1
    outer loop
      vertex 318.036 136.133 2.2
      vertex 316.636 134.309 2.2
      vertex 316.803 134.162 2.2
    endloop
  endfacet
  facet normal 0 0 1
    outer loop
      vertex 317.601 136.424 2.2
      vertex 316.451 134.432 2.2
      vertex 316.636 134.309 2.2
    endloop
  endfacet
  facet normal 0 0 1
    outer loop
      vertex 317.132 136.656 2.2
      vertex 316.252 134.531 2.2
      vertex 316.451 134.432 2.2
    endloop
  endfacet
  facet normal 0 0 1
    outer loop
      vertex 316.041 134.602 2.2
      vertex 316.637 136.824 2.2
      vertex 316.124 136.926 2.2
    endloop
  endfacet
  facet normal 0 0 1
    outer loop
      vertex 316.637 136.824 2.2
      vertex 316.041 134.602 2.2
      vertex 316.252 134.531 2.2
    endloop
  endfacet
  facet normal 0 0 1
    outer loop
      vertex 316.124 136.926 2.2
      vertex 315.823 134.645 2.2
      vertex 316.041 134.602 2.2
    endloop
  endfacet
  facet normal 0 0 1
    outer loop
      vertex 315.601 136.96 2.2
      vertex 315.823 134.645 2.2
      vertex 316.124 136.926 2.2
    endloop
  endfacet
  facet normal 0 0 1
    outer loop
      vertex 315.601 136.96 2.2
      vertex 315.601 134.66 2.2
      vertex 315.823 134.645 2.2
    endloop
  endfacet
  facet normal 0 0 1
    outer loop
      vertex 315.601 136.96 2.2
      vertex 315.38 134.645 2.2
      vertex 315.601 134.66 2.2
    endloop
  endfacet
  facet normal -0 0 1
    outer loop
      vertex 315.079 136.926 2.2
      vertex 315.38 134.645 2.2
      vertex 315.601 136.96 2.2
    endloop
  endfacet
  facet normal 0 0 1
    outer loop
      vertex 315.38 134.645 2.2
      vertex 315.079 136.926 2.2
      vertex 315.161 134.602 2.2
    endloop
  endfacet
  facet normal -0 0 1
    outer loop
      vertex 314.566 136.824 2.2
      vertex 315.161 134.602 2.2
      vertex 315.079 136.926 2.2
    endloop
  endfacet
  facet normal 0 0 1
    outer loop
      vertex 315.161 134.602 2.2
      vertex 314.566 136.824 2.2
      vertex 314.951 134.531 2.2
    endloop
  endfacet
  facet normal -0 0 1
    outer loop
      vertex 314.071 136.656 2.2
      vertex 314.951 134.531 2.2
      vertex 314.566 136.824 2.2
    endloop
  endfacet
  facet normal 0 0 1
    outer loop
      vertex 314.951 134.531 2.2
      vertex 314.071 136.656 2.2
      vertex 314.751 134.432 2.2
    endloop
  endfacet
  facet normal -0 0 1
    outer loop
      vertex 313.601 136.424 2.2
      vertex 314.751 134.432 2.2
      vertex 314.071 136.656 2.2
    endloop
  endfacet
  facet normal 0 0 1
    outer loop
      vertex 314.751 134.432 2.2
      vertex 313.601 136.424 2.2
      vertex 314.566 134.309 2.2
    endloop
  endfacet
  facet normal -0 0 1
    outer loop
      vertex 313.166 136.133 2.2
      vertex 314.566 134.309 2.2
      vertex 313.601 136.424 2.2
    endloop
  endfacet
  facet normal 0 0 1
    outer loop
      vertex 314.566 134.309 2.2
      vertex 313.166 136.133 2.2
      vertex 314.399 134.162 2.2
    endloop
  endfacet
  facet normal -0 0 1
    outer loop
      vertex 312.773 135.788 2.2
      vertex 314.399 134.162 2.2
      vertex 313.166 136.133 2.2
    endloop
  endfacet
  facet normal 0 0 1
    outer loop
      vertex 314.399 134.162 2.2
      vertex 312.773 135.788 2.2
      vertex 314.253 133.995 2.2
    endloop
  endfacet
  facet normal -0 0 1
    outer loop
      vertex 312.428 135.395 2.2
      vertex 314.253 133.995 2.2
      vertex 312.773 135.788 2.2
    endloop
  endfacet
  facet normal 0 0 1
    outer loop
      vertex 314.253 133.995 2.2
      vertex 312.428 135.395 2.2
      vertex 314.129 133.81 2.2
    endloop
  endfacet
  facet normal -0 0 1
    outer loop
      vertex 312.137 134.96 2.2
      vertex 314.129 133.81 2.2
      vertex 312.428 135.395 2.2
    endloop
  endfacet
  facet normal 0 0 1
    outer loop
      vertex 317.301 132.96 2.2
      vertex 319.601 132.96 2.2
      vertex 319.567 133.482 2.2
    endloop
  endfacet
  facet normal 0 0 1
    outer loop
      vertex 340.191 129.9 2.2
      vertex 342.491 129.9 2.2
      vertex 342.457 130.422 2.2
    endloop
  endfacet
  facet normal 0 0 1
    outer loop
      vertex 340.177 130.122 2.2
      vertex 342.457 130.422 2.2
      vertex 342.355 130.935 2.2
    endloop
  endfacet
  facet normal 0 0 1
    outer loop
      vertex 342.491 129.9 2.2
      vertex 340.191 129.9 2.2
      vertex 342.457 129.378 2.2
    endloop
  endfacet
  facet normal 0 0 1
    outer loop
      vertex 340.133 130.34 2.2
      vertex 342.355 130.935 2.2
      vertex 342.187 131.431 2.2
    endloop
  endfacet
  facet normal -0 0 1
    outer loop
      vertex 340.177 129.678 2.2
      vertex 342.457 129.378 2.2
      vertex 340.191 129.9 2.2
    endloop
  endfacet
  facet normal 0 0 1
    outer loop
      vertex 340.062 130.551 2.2
      vertex 342.187 131.431 2.2
      vertex 341.956 131.9 2.2
    endloop
  endfacet
  facet normal 0 0 1
    outer loop
      vertex 342.457 129.378 2.2
      vertex 340.177 129.678 2.2
      vertex 342.355 128.865 2.2
    endloop
  endfacet
  facet normal 0 0 1
    outer loop
      vertex 339.964 130.75 2.2
      vertex 341.956 131.9 2.2
      vertex 341.665 132.335 2.2
    endloop
  endfacet
  facet normal -0 0 1
    outer loop
      vertex 340.133 129.46 2.2
      vertex 342.355 128.865 2.2
      vertex 340.177 129.678 2.2
    endloop
  endfacet
  facet normal 0 0 1
    outer loop
      vertex 339.84 130.935 2.2
      vertex 341.665 132.335 2.2
      vertex 341.32 132.728 2.2
    endloop
  endfacet
  facet normal 0 0 1
    outer loop
      vertex 342.355 128.865 2.2
      vertex 340.133 129.46 2.2
      vertex 342.187 128.369 2.2
    endloop
  endfacet
  facet normal 0 0 1
    outer loop
      vertex 339.693 131.102 2.2
      vertex 341.32 132.728 2.2
      vertex 340.926 133.073 2.2
    endloop
  endfacet
  facet normal -0 0 1
    outer loop
      vertex 340.062 129.249 2.2
      vertex 342.187 128.369 2.2
      vertex 340.133 129.46 2.2
    endloop
  endfacet
  facet normal 0 0 1
    outer loop
      vertex 342.187 128.369 2.2
      vertex 340.062 129.249 2.2
      vertex 341.956 127.9 2.2
    endloop
  endfacet
  facet normal 0 0 1
    outer loop
      vertex 339.526 131.249 2.2
      vertex 340.926 133.073 2.2
      vertex 340.491 133.364 2.2
    endloop
  endfacet
  facet normal 0 0 1
    outer loop
      vertex 332.002 46.0046 2.2
      vertex 346.446 42.4321 2.2
      vertex 346.646 44.7234 2.2
    endloop
  endfacet
  facet normal 0 0 1
    outer loop
      vertex 332.002 46.0046 2.2
      vertex 331.802 43.7133 2.2
      vertex 346.446 42.4321 2.2
    endloop
  endfacet
  facet normal -0 0 1
    outer loop
      vertex 330.301 64.4229 2.2
      vertex 333.484 62.9399 2.2
      vertex 330.501 66.7142 2.2
    endloop
  endfacet
  facet normal 0 0 1
    outer loop
      vertex 333.484 62.9399 2.2
      vertex 330.301 64.4229 2.2
      vertex 333.283 60.6486 2.2
    endloop
  endfacet
  facet normal 0 0 1
    outer loop
      vertex 317.339 84.9307 2.2
      vertex 331.783 81.3582 2.2
      vertex 331.983 83.6495 2.2
    endloop
  endfacet
  facet normal 0 0 1
    outer loop
      vertex 331.783 81.3582 2.2
      vertex 317.339 84.9307 2.2
      vertex 317.138 82.6394 2.2
    endloop
  endfacet
  facet normal 0 0 1
    outer loop
      vertex 352.291 25.22 2.2
      vertex 350.794 22.1285 2.2
      vertex 350.902 22.2231 2.2
    endloop
  endfacet
  facet normal 0 0 1
    outer loop
      vertex 359.101 48.0085 2.2
      vertex 346.646 44.7234 2.2
      vertex 358.872 46.0248 2.2
    endloop
  endfacet
  facet normal 0 0 1
    outer loop
      vertex 358.872 46.0248 2.2
      vertex 346.646 44.7234 2.2
      vertex 358.623 44.078 2.2
    endloop
  endfacet
  facet normal 0 0 1
    outer loop
      vertex 346.446 42.4321 2.2
      vertex 358.623 44.078 2.2
      vertex 346.646 44.7234 2.2
    endloop
  endfacet
  facet normal 0 0 1
    outer loop
      vertex 358.623 44.078 2.2
      vertex 346.446 42.4321 2.2
      vertex 352.519 26.07 2.2
    endloop
  endfacet
  facet normal -0 0 1
    outer loop
      vertex 345.165 27.7881 2.2
      vertex 352.519 26.07 2.2
      vertex 346.446 42.4321 2.2
    endloop
  endfacet
  facet normal 0 0 1
    outer loop
      vertex 352.519 26.07 2.2
      vertex 345.165 27.7881 2.2
      vertex 352.421 25.8706 2.2
    endloop
  endfacet
  facet normal 0 0 1
    outer loop
      vertex 352.421 25.8706 2.2
      vertex 345.165 27.7881 2.2
      vertex 350.794 22.1285 2.2
    endloop
  endfacet
  facet normal 0 0 1
    outer loop
      vertex 350.794 22.1285 2.2
      vertex 345.165 27.7881 2.2
      vertex 350.677 22.0341 2.2
    endloop
  endfacet
  facet normal 0 0 1
    outer loop
      vertex 350.677 22.0341 2.2
      vertex 345.165 27.7881 2.2
      vertex 350.562 21.9468 2.2
    endloop
  endfacet
  facet normal 0 0 1
    outer loop
      vertex 350.562 21.9468 2.2
      vertex 345.165 27.7881 2.2
      vertex 350.45 21.8681 2.2
    endloop
  endfacet
  facet normal 0 0 1
    outer loop
      vertex 350.45 21.8681 2.2
      vertex 345.165 27.7881 2.2
      vertex 350.333 21.7904 2.2
    endloop
  endfacet
  facet normal 0 0 1
    outer loop
      vertex 350.333 21.7904 2.2
      vertex 345.165 27.7881 2.2
      vertex 350.208 21.7142 2.2
    endloop
  endfacet
  facet normal 0 0 1
    outer loop
      vertex 350.208 21.7142 2.2
      vertex 345.165 27.7881 2.2
      vertex 350.079 21.6412 2.2
    endloop
  endfacet
  facet normal 0 0 1
    outer loop
      vertex 334.965 79.8752 2.2
      vertex 349.409 76.3027 2.2
      vertex 349.609 78.594 2.2
    endloop
  endfacet
  facet normal 0 0 1
    outer loop
      vertex 334.965 79.8752 2.2
      vertex 334.765 77.5839 2.2
      vertex 349.409 76.3027 2.2
    endloop
  endfacet
  facet normal 0 0 1
    outer loop
      vertex 331.983 83.6495 2.2
      vertex 336.247 94.5192 2.2
      vertex 333.264 98.2935 2.2
    endloop
  endfacet
  facet normal 0 0 1
    outer loop
      vertex 334.109 126.257 2.2
      vertex 334.796 131.431 2.2
      vertex 334.76 131.326 2.2
    endloop
  endfacet
  facet normal 0 0 1
    outer loop
      vertex 334.796 131.431 2.2
      vertex 334.109 126.257 2.2
      vertex 334.106 126.127 2.2
    endloop
  endfacet
  facet normal 0 0 1
    outer loop
      vertex 334.796 131.431 2.2
      vertex 334.106 126.127 2.2
      vertex 333.264 98.2935 2.2
    endloop
  endfacet
  facet normal 0 0 1
    outer loop
      vertex 336.247 94.5192 2.2
      vertex 331.983 83.6495 2.2
      vertex 334.965 79.8752 2.2
    endloop
  endfacet
  facet normal -0 0 1
    outer loop
      vertex 331.783 81.3582 2.2
      vertex 334.965 79.8752 2.2
      vertex 331.983 83.6495 2.2
    endloop
  endfacet
  facet normal 0 0 1
    outer loop
      vertex 334.965 79.8752 2.2
      vertex 331.783 81.3582 2.2
      vertex 334.765 77.5839 2.2
    endloop
  endfacet
  facet normal -0 0 1
    outer loop
      vertex 332.232 104.708 2.2
      vertex 333.264 98.2935 2.2
      vertex 334.106 126.127 2.2
    endloop
  endfacet
  facet normal -0 0 1
    outer loop
      vertex 332.212 104.579 2.2
      vertex 333.264 98.2935 2.2
      vertex 332.232 104.708 2.2
    endloop
  endfacet
  facet normal -0 0 1
    outer loop
      vertex 332.176 104.454 2.2
      vertex 333.264 98.2935 2.2
      vertex 332.212 104.579 2.2
    endloop
  endfacet
  facet normal -0 0 1
    outer loop
      vertex 332.123 104.334 2.2
      vertex 333.264 98.2935 2.2
      vertex 332.176 104.454 2.2
    endloop
  endfacet
  facet normal -0 0 1
    outer loop
      vertex 332.055 104.222 2.2
      vertex 333.264 98.2935 2.2
      vertex 332.123 104.334 2.2
    endloop
  endfacet
  facet normal -0 0 1
    outer loop
      vertex 331.973 104.12 2.2
      vertex 333.264 98.2935 2.2
      vertex 332.055 104.222 2.2
    endloop
  endfacet
  facet normal -0 0 1
    outer loop
      vertex 331.879 104.03 2.2
      vertex 333.264 98.2935 2.2
      vertex 331.973 104.12 2.2
    endloop
  endfacet
  facet normal -0 0 1
    outer loop
      vertex 331.773 103.952 2.2
      vertex 333.264 98.2935 2.2
      vertex 331.879 104.03 2.2
    endloop
  endfacet
  facet normal -0 0 1
    outer loop
      vertex 331.659 103.889 2.2
      vertex 333.264 98.2935 2.2
      vertex 331.773 103.952 2.2
    endloop
  endfacet
  facet normal -0 0 1
    outer loop
      vertex 331.537 103.842 2.2
      vertex 333.264 98.2935 2.2
      vertex 331.659 103.889 2.2
    endloop
  endfacet
  facet normal -0 0 1
    outer loop
      vertex 331.41 103.811 2.2
      vertex 333.264 98.2935 2.2
      vertex 331.537 103.842 2.2
    endloop
  endfacet
  facet normal -0 0 1
    outer loop
      vertex 331.28 103.797 2.2
      vertex 333.264 98.2935 2.2
      vertex 331.41 103.811 2.2
    endloop
  endfacet
  facet normal 0 0 1
    outer loop
      vertex 331.149 103.799 2.2
      vertex 333.264 98.2935 2.2
      vertex 331.28 103.797 2.2
    endloop
  endfacet
  facet normal 0 0 1
    outer loop
      vertex 331.149 103.799 2.2
      vertex 318.62 99.5747 2.2
      vertex 333.264 98.2935 2.2
    endloop
  endfacet
  facet normal -0 0 1
    outer loop
      vertex 312.496 89.0986 2.2
      vertex 317.339 84.9307 2.2
      vertex 318.62 99.5747 2.2
    endloop
  endfacet
  facet normal 0 0 1
    outer loop
      vertex 315.21 105.194 2.2
      vertex 318.62 99.5747 2.2
      vertex 331.149 103.799 2.2
    endloop
  endfacet
  facet normal -0 0 1
    outer loop
      vertex 313.265 103.778 2.2
      vertex 318.62 99.5747 2.2
      vertex 315.21 105.194 2.2
    endloop
  endfacet
  facet normal -0 0 1
    outer loop
      vertex 312.376 86.8018 2.2
      vertex 317.339 84.9307 2.2
      vertex 312.496 89.0986 2.2
    endloop
  endfacet
  facet normal 0 0 1
    outer loop
      vertex 317.339 84.9307 2.2
      vertex 312.376 86.8018 2.2
      vertex 317.138 82.6394 2.2
    endloop
  endfacet
  facet normal 0 0 1
    outer loop
      vertex 313.265 103.778 2.2
      vertex 315.21 105.194 2.2
      vertex 315.081 105.214 2.2
    endloop
  endfacet
  facet normal 0 0 1
    outer loop
      vertex 313.265 103.778 2.2
      vertex 315.081 105.214 2.2
      vertex 314.955 105.25 2.2
    endloop
  endfacet
  facet normal 0 0 1
    outer loop
      vertex 313.265 103.778 2.2
      vertex 314.955 105.25 2.2
      vertex 314.835 105.303 2.2
    endloop
  endfacet
  facet normal 0 0 1
    outer loop
      vertex 313.265 103.778 2.2
      vertex 314.835 105.303 2.2
      vertex 314.723 105.371 2.2
    endloop
  endfacet
  facet normal 0 0 1
    outer loop
      vertex 313.265 103.778 2.2
      vertex 314.723 105.371 2.2
      vertex 314.621 105.453 2.2
    endloop
  endfacet
  facet normal 0 0 1
    outer loop
      vertex 313.265 103.778 2.2
      vertex 314.621 105.453 2.2
      vertex 314.531 105.547 2.2
    endloop
  endfacet
  facet normal 0 0 1
    outer loop
      vertex 313.265 103.778 2.2
      vertex 314.531 105.547 2.2
      vertex 314.454 105.653 2.2
    endloop
  endfacet
  facet normal 0 0 1
    outer loop
      vertex 313.265 103.778 2.2
      vertex 314.454 105.653 2.2
      vertex 314.391 105.768 2.2
    endloop
  endfacet
  facet normal 0 0 1
    outer loop
      vertex 311.606 72.1219 2.2
      vertex 317.138 82.6394 2.2
      vertex 312.376 86.8018 2.2
    endloop
  endfacet
  facet normal 0 0 1
    outer loop
      vertex 313.265 103.778 2.2
      vertex 314.391 105.768 2.2
      vertex 314.343 105.889 2.2
    endloop
  endfacet
  facet normal 0 0 1
    outer loop
      vertex 350.079 21.6412 2.2
      vertex 345.165 27.7881 2.2
      vertex 349.952 21.575 2.2
    endloop
  endfacet
  facet normal 0 0 1
    outer loop
      vertex 349.952 21.575 2.2
      vertex 345.165 27.7881 2.2
      vertex 349.831 21.5164 2.2
    endloop
  endfacet
  facet normal 0 0 1
    outer loop
      vertex 349.831 21.5164 2.2
      vertex 345.165 27.7881 2.2
      vertex 349.696 21.4567 2.2
    endloop
  endfacet
  facet normal 0 0 1
    outer loop
      vertex 349.696 21.4567 2.2
      vertex 345.165 27.7881 2.2
      vertex 349.559 21.4017 2.2
    endloop
  endfacet
  facet normal 0 0 1
    outer loop
      vertex 349.559 21.4017 2.2
      vertex 345.165 27.7881 2.2
      vertex 349.428 21.3541 2.2
    endloop
  endfacet
  facet normal 0 0 1
    outer loop
      vertex 349.428 21.3541 2.2
      vertex 345.165 27.7881 2.2
      vertex 349.29 21.3087 2.2
    endloop
  endfacet
  facet normal 0 0 1
    outer loop
      vertex 349.29 21.3087 2.2
      vertex 345.165 27.7881 2.2
      vertex 349.153 21.2694 2.2
    endloop
  endfacet
  facet normal 0 0 1
    outer loop
      vertex 349.153 21.2694 2.2
      vertex 345.165 27.7881 2.2
      vertex 349.022 21.2359 2.2
    endloop
  endfacet
  facet normal 0 0 1
    outer loop
      vertex 349.022 21.2359 2.2
      vertex 345.165 27.7881 2.2
      vertex 348.881 21.2045 2.2
    endloop
  endfacet
  facet normal 0 0 1
    outer loop
      vertex 348.881 21.2045 2.2
      vertex 345.165 27.7881 2.2
      vertex 348.735 21.1773 2.2
    endloop
  endfacet
  facet normal 0 0 1
    outer loop
      vertex 348.735 21.1773 2.2
      vertex 345.165 27.7881 2.2
      vertex 348.595 21.1563 2.2
    endloop
  endfacet
  facet normal 0 0 1
    outer loop
      vertex 348.595 21.1563 2.2
      vertex 345.165 27.7881 2.2
      vertex 348.458 21.1399 2.2
    endloop
  endfacet
  facet normal 0 0 1
    outer loop
      vertex 333.484 62.9399 2.2
      vertex 347.927 59.3674 2.2
      vertex 348.128 61.6587 2.2
    endloop
  endfacet
  facet normal 0 0 1
    outer loop
      vertex 347.927 59.3674 2.2
      vertex 333.484 62.9399 2.2
      vertex 333.283 60.6486 2.2
    endloop
  endfacet
  facet normal 0 0 1
    outer loop
      vertex 348.458 21.1399 2.2
      vertex 345.165 27.7881 2.2
      vertex 348.309 21.1272 2.2
    endloop
  endfacet
  facet normal 0 0 1
    outer loop
      vertex 348.309 21.1272 2.2
      vertex 345.165 27.7881 2.2
      vertex 348.16 21.1199 2.2
    endloop
  endfacet
  facet normal 0 0 1
    outer loop
      vertex 348.16 21.1199 2.2
      vertex 345.165 27.7881 2.2
      vertex 348.021 21.1178 2.2
    endloop
  endfacet
  facet normal 0 0 1
    outer loop
      vertex 348.021 21.1178 2.2
      vertex 345.165 27.7881 2.2
      vertex 347.882 21.1199 2.2
    endloop
  endfacet
  facet normal 0 0 1
    outer loop
      vertex 347.882 21.1199 2.2
      vertex 345.165 27.7881 2.2
      vertex 347.743 21.1267 2.2
    endloop
  endfacet
  facet normal -0 -0 1
    outer loop
      vertex 347.52 21.1474 2.2
      vertex 347.743 21.1267 2.2
      vertex 345.165 27.7881 2.2
    endloop
  endfacet
  facet normal 0 0 1
    outer loop
      vertex 347.743 21.1267 2.2
      vertex 347.52 21.1474 2.2
      vertex 347.594 21.1386 2.2
    endloop
  endfacet
  facet normal 0 0 1
    outer loop
      vertex 347.52 21.1474 2.2
      vertex 345.165 27.7881 2.2
      vertex 345.334 21.3419 2.2
    endloop
  endfacet
  facet normal 0 0 1
    outer loop
      vertex 345.165 27.7881 2.2
      vertex 343.164 21.5441 2.2
      vertex 345.334 21.3419 2.2
    endloop
  endfacet
  facet normal 0 0 1
    outer loop
      vertex 345.165 27.7881 2.2
      vertex 341.088 21.7467 2.2
      vertex 343.164 21.5441 2.2
    endloop
  endfacet
  facet normal 0 0 1
    outer loop
      vertex 345.165 27.7881 2.2
      vertex 339.103 21.9499 2.2
      vertex 341.088 21.7467 2.2
    endloop
  endfacet
  facet normal 0 0 1
    outer loop
      vertex 345.165 27.7881 2.2
      vertex 337.207 22.1535 2.2
      vertex 339.103 21.9499 2.2
    endloop
  endfacet
  facet normal 0 0 1
    outer loop
      vertex 330.52 29.0693 2.2
      vertex 337.207 22.1535 2.2
      vertex 345.165 27.7881 2.2
    endloop
  endfacet
  facet normal 0 0 1
    outer loop
      vertex 337.207 22.1535 2.2
      vertex 330.52 29.0693 2.2
      vertex 335.397 22.3573 2.2
    endloop
  endfacet
  facet normal 0 0 1
    outer loop
      vertex 335.397 22.3573 2.2
      vertex 330.52 29.0693 2.2
      vertex 333.671 22.5615 2.2
    endloop
  endfacet
  facet normal 0 0 1
    outer loop
      vertex 333.671 22.5615 2.2
      vertex 330.52 29.0693 2.2
      vertex 332.026 22.7659 2.2
    endloop
  endfacet
  facet normal 0 0 1
    outer loop
      vertex 330.52 29.0693 2.2
      vertex 330.46 22.9704 2.2
      vertex 332.026 22.7659 2.2
    endloop
  endfacet
  facet normal -0 0 1
    outer loop
      vertex 328.819 47.4876 2.2
      vertex 332.002 46.0046 2.2
      vertex 329.02 49.7789 2.2
    endloop
  endfacet
  facet normal 0 0 1
    outer loop
      vertex 332.002 46.0046 2.2
      vertex 328.819 47.4876 2.2
      vertex 331.802 43.7133 2.2
    endloop
  endfacet
  facet normal 0 0 1
    outer loop
      vertex 315.857 67.9954 2.2
      vertex 330.301 64.4229 2.2
      vertex 330.501 66.7142 2.2
    endloop
  endfacet
  facet normal 0 0 1
    outer loop
      vertex 330.301 64.4229 2.2
      vertex 315.857 67.9954 2.2
      vertex 315.657 65.7041 2.2
    endloop
  endfacet
  facet normal 0 0 1
    outer loop
      vertex 327.538 32.8436 2.2
      vertex 331.802 43.7133 2.2
      vertex 328.819 47.4876 2.2
    endloop
  endfacet
  facet normal 0 0 1
    outer loop
      vertex 331.802 43.7133 2.2
      vertex 327.538 32.8436 2.2
      vertex 330.52 29.0693 2.2
    endloop
  endfacet
  facet normal 0 0 1
    outer loop
      vertex 324.937 23.7902 2.2
      vertex 330.52 29.0693 2.2
      vertex 327.538 32.8436 2.2
    endloop
  endfacet
  facet normal 0 0 1
    outer loop
      vertex 314.376 51.0601 2.2
      vertex 328.819 47.4876 2.2
      vertex 329.02 49.7789 2.2
    endloop
  endfacet
  facet normal 0 0 1
    outer loop
      vertex 313.265 103.778 2.2
      vertex 314.343 105.889 2.2
      vertex 314.312 106.016 2.2
    endloop
  endfacet
  facet normal 0 0 1
    outer loop
      vertex 313.265 103.778 2.2
      vertex 314.312 106.016 2.2
      vertex 314.298 106.147 2.2
    endloop
  endfacet
  facet normal 0 0 1
    outer loop
      vertex 298.585 104.548 2.2
      vertex 314.301 106.277 2.2
      vertex 306.491 119.726 2.2
    endloop
  endfacet
  facet normal 0 0 1
    outer loop
      vertex 314.376 51.0601 2.2
      vertex 314.175 48.7688 2.2
      vertex 328.819 47.4876 2.2
    endloop
  endfacet
  facet normal 0 0 1
    outer loop
      vertex 318.62 99.5747 2.2
      vertex 313.265 103.778 2.2
      vertex 312.496 89.0986 2.2
    endloop
  endfacet
  facet normal 0 0 1
    outer loop
      vertex 311.634 132.459 2.2
      vertex 314.253 131.925 2.2
      vertex 314.129 132.11 2.2
    endloop
  endfacet
  facet normal 0 0 1
    outer loop
      vertex 311.634 132.459 2.2
      vertex 314.129 132.11 2.2
      vertex 314.031 132.309 2.2
    endloop
  endfacet
  facet normal -0 0 1
    outer loop
      vertex 311.634 132.459 2.2
      vertex 314.031 132.309 2.2
      vertex 313.959 132.52 2.2
    endloop
  endfacet
  facet normal 0 0 1
    outer loop
      vertex 311.634 132.459 2.2
      vertex 313.959 132.52 2.2
      vertex 313.916 132.738 2.2
    endloop
  endfacet
  facet normal 0 0 1
    outer loop
      vertex 311.634 132.459 2.2
      vertex 313.916 132.738 2.2
      vertex 313.901 132.96 2.2
    endloop
  endfacet
  facet normal 0 0 1
    outer loop
      vertex 314.129 133.81 2.2
      vertex 312.137 134.96 2.2
      vertex 314.031 133.611 2.2
    endloop
  endfacet
  facet normal 0 0 1
    outer loop
      vertex 317.138 82.6394 2.2
      vertex 311.606 72.1219 2.2
      vertex 315.857 67.9954 2.2
    endloop
  endfacet
  facet normal -0 0 1
    outer loop
      vertex 311.486 69.8251 2.2
      vertex 315.857 67.9954 2.2
      vertex 311.606 72.1219 2.2
    endloop
  endfacet
  facet normal 0 0 1
    outer loop
      vertex 315.857 67.9954 2.2
      vertex 311.486 69.8251 2.2
      vertex 315.657 65.7041 2.2
    endloop
  endfacet
  facet normal 0 0 1
    outer loop
      vertex 330.52 29.0693 2.2
      vertex 328.971 23.1752 2.2
      vertex 330.46 22.9704 2.2
    endloop
  endfacet
  facet normal 0 0 1
    outer loop
      vertex 330.52 29.0693 2.2
      vertex 327.555 23.3801 2.2
      vertex 328.971 23.1752 2.2
    endloop
  endfacet
  facet normal 0 0 1
    outer loop
      vertex 330.52 29.0693 2.2
      vertex 326.212 23.5851 2.2
      vertex 327.555 23.3801 2.2
    endloop
  endfacet
  facet normal 0 0 1
    outer loop
      vertex 330.52 29.0693 2.2
      vertex 324.937 23.7902 2.2
      vertex 326.212 23.5851 2.2
    endloop
  endfacet
  facet normal 0 0 1
    outer loop
      vertex 327.538 32.8436 2.2
      vertex 323.728 23.9954 2.2
      vertex 324.937 23.7902 2.2
    endloop
  endfacet
  facet normal 0 0 1
    outer loop
      vertex 327.538 32.8436 2.2
      vertex 322.584 24.2007 2.2
      vertex 323.728 23.9954 2.2
    endloop
  endfacet
  facet normal 0 0 1
    outer loop
      vertex 327.538 32.8436 2.2
      vertex 321.501 24.406 2.2
      vertex 322.584 24.2007 2.2
    endloop
  endfacet
  facet normal 0 0 1
    outer loop
      vertex 327.538 32.8436 2.2
      vertex 320.476 24.6115 2.2
      vertex 321.501 24.406 2.2
    endloop
  endfacet
  facet normal 0 0 1
    outer loop
      vertex 327.538 32.8436 2.2
      vertex 319.509 24.8172 2.2
      vertex 320.476 24.6115 2.2
    endloop
  endfacet
  facet normal 0 0 1
    outer loop
      vertex 327.538 32.8436 2.2
      vertex 318.594 25.0232 2.2
      vertex 319.509 24.8172 2.2
    endloop
  endfacet
  facet normal 0 0 1
    outer loop
      vertex 312.894 34.1248 2.2
      vertex 318.594 25.0232 2.2
      vertex 327.538 32.8436 2.2
    endloop
  endfacet
  facet normal 0 0 1
    outer loop
      vertex 318.594 25.0232 2.2
      vertex 312.894 34.1248 2.2
      vertex 317.731 25.2296 2.2
    endloop
  endfacet
  facet normal 0 0 1
    outer loop
      vertex 317.731 25.2296 2.2
      vertex 312.894 34.1248 2.2
      vertex 316.917 25.4365 2.2
    endloop
  endfacet
  facet normal 0 0 1
    outer loop
      vertex 316.917 25.4365 2.2
      vertex 312.894 34.1248 2.2
      vertex 316.15 25.6438 2.2
    endloop
  endfacet
  facet normal 0 0 1
    outer loop
      vertex 316.15 25.6438 2.2
      vertex 312.894 34.1248 2.2
      vertex 315.426 25.8518 2.2
    endloop
  endfacet
  facet normal 0 0 1
    outer loop
      vertex 315.426 25.8518 2.2
      vertex 312.894 34.1248 2.2
      vertex 314.743 26.0608 2.2
    endloop
  endfacet
  facet normal 0 0 1
    outer loop
      vertex 314.743 26.0608 2.2
      vertex 312.894 34.1248 2.2
      vertex 314.099 26.2708 2.2
    endloop
  endfacet
  facet normal 0 0 1
    outer loop
      vertex 314.099 26.2708 2.2
      vertex 312.894 34.1248 2.2
      vertex 313.492 26.4817 2.2
    endloop
  endfacet
  facet normal 0 0 1
    outer loop
      vertex 313.492 26.4817 2.2
      vertex 312.894 34.1248 2.2
      vertex 312.919 26.6941 2.2
    endloop
  endfacet
  facet normal 0 0 1
    outer loop
      vertex 310.717 55.1452 2.2
      vertex 315.657 65.7041 2.2
      vertex 311.486 69.8251 2.2
    endloop
  endfacet
  facet normal 0 0 1
    outer loop
      vertex 315.657 65.7041 2.2
      vertex 310.717 55.1452 2.2
      vertex 314.376 51.0601 2.2
    endloop
  endfacet
  facet normal -0 0 1
    outer loop
      vertex 310.596 52.8484 2.2
      vertex 314.376 51.0601 2.2
      vertex 310.717 55.1452 2.2
    endloop
  endfacet
  facet normal 0 0 1
    outer loop
      vertex 297.816 89.8679 2.2
      vertex 312.376 86.8018 2.2
      vertex 312.496 89.0986 2.2
    endloop
  endfacet
  facet normal 0 0 1
    outer loop
      vertex 312.376 86.8018 2.2
      vertex 297.816 89.8679 2.2
      vertex 297.696 87.5711 2.2
    endloop
  endfacet
  facet normal -0 0 1
    outer loop
      vertex 319.569 132.459 2.2
      vertex 321.691 128.217 2.2
      vertex 322.062 132.459 2.2
    endloop
  endfacet
  facet normal 0 0 1
    outer loop
      vertex 317.287 133.182 2.2
      vertex 319.567 133.482 2.2
      vertex 319.465 133.995 2.2
    endloop
  endfacet
  facet normal 0 0 1
    outer loop
      vertex 317.287 133.182 2.2
      vertex 319.465 133.995 2.2
      vertex 319.297 134.491 2.2
    endloop
  endfacet
  facet normal 0 0 1
    outer loop
      vertex 317.287 133.182 2.2
      vertex 319.297 134.491 2.2
      vertex 319.065 134.96 2.2
    endloop
  endfacet
  facet normal 0 0 1
    outer loop
      vertex 317.287 133.182 2.2
      vertex 319.065 134.96 2.2
      vertex 318.775 135.395 2.2
    endloop
  endfacet
  facet normal 0 0 1
    outer loop
      vertex 317.287 133.182 2.2
      vertex 318.775 135.395 2.2
      vertex 318.43 135.788 2.2
    endloop
  endfacet
  facet normal 0 0 1
    outer loop
      vertex 317.287 133.182 2.2
      vertex 318.43 135.788 2.2
      vertex 318.036 136.133 2.2
    endloop
  endfacet
  facet normal 0 0 1
    outer loop
      vertex 316.636 134.309 2.2
      vertex 318.036 136.133 2.2
      vertex 317.601 136.424 2.2
    endloop
  endfacet
  facet normal 0 0 1
    outer loop
      vertex 319.601 132.96 2.2
      vertex 317.301 132.96 2.2
      vertex 319.569 132.459 2.2
    endloop
  endfacet
  facet normal -0 0 1
    outer loop
      vertex 317.287 132.738 2.2
      vertex 319.569 132.459 2.2
      vertex 317.301 132.96 2.2
    endloop
  endfacet
  facet normal -0 0 1
    outer loop
      vertex 317.243 132.52 2.2
      vertex 319.569 132.459 2.2
      vertex 317.287 132.738 2.2
    endloop
  endfacet
  facet normal 0 0 1
    outer loop
      vertex 317.172 132.309 2.2
      vertex 319.569 132.459 2.2
      vertex 317.243 132.52 2.2
    endloop
  endfacet
  facet normal 0 0 1
    outer loop
      vertex 317.074 132.11 2.2
      vertex 319.569 132.459 2.2
      vertex 317.172 132.309 2.2
    endloop
  endfacet
  facet normal 0 0 1
    outer loop
      vertex 316.95 131.925 2.2
      vertex 319.569 132.459 2.2
      vertex 317.074 132.11 2.2
    endloop
  endfacet
  facet normal 0 0 1
    outer loop
      vertex 319.569 132.459 2.2
      vertex 317.258 128.605 2.2
      vertex 321.691 128.217 2.2
    endloop
  endfacet
  facet normal 0 0 1
    outer loop
      vertex 319.569 132.459 2.2
      vertex 316.95 131.925 2.2
      vertex 317.258 128.605 2.2
    endloop
  endfacet
  facet normal -0 0 1
    outer loop
      vertex 316.803 131.758 2.2
      vertex 317.258 128.605 2.2
      vertex 316.95 131.925 2.2
    endloop
  endfacet
  facet normal -0 0 1
    outer loop
      vertex 316.636 131.611 2.2
      vertex 317.258 128.605 2.2
      vertex 316.803 131.758 2.2
    endloop
  endfacet
  facet normal -0 0 1
    outer loop
      vertex 316.451 131.488 2.2
      vertex 317.258 128.605 2.2
      vertex 316.636 131.611 2.2
    endloop
  endfacet
  facet normal 0 0 1
    outer loop
      vertex 317.258 128.605 2.2
      vertex 316.451 131.488 2.2
      vertex 317.127 128.607 2.2
    endloop
  endfacet
  facet normal -0 0 1
    outer loop
      vertex 316.252 131.389 2.2
      vertex 317.127 128.607 2.2
      vertex 316.451 131.488 2.2
    endloop
  endfacet
  facet normal 0 0 1
    outer loop
      vertex 317.127 128.607 2.2
      vertex 316.252 131.389 2.2
      vertex 316.997 128.593 2.2
    endloop
  endfacet
  facet normal -0 0 1
    outer loop
      vertex 316.041 131.318 2.2
      vertex 316.997 128.593 2.2
      vertex 316.252 131.389 2.2
    endloop
  endfacet
  facet normal 0 0 1
    outer loop
      vertex 316.997 128.593 2.2
      vertex 316.041 131.318 2.2
      vertex 316.87 128.562 2.2
    endloop
  endfacet
  facet normal 0 0 1
    outer loop
      vertex 316.87 128.562 2.2
      vertex 316.041 131.318 2.2
      vertex 316.748 128.515 2.2
    endloop
  endfacet
  facet normal -0 0 1
    outer loop
      vertex 315.823 131.275 2.2
      vertex 316.748 128.515 2.2
      vertex 316.041 131.318 2.2
    endloop
  endfacet
  facet normal 0 0 1
    outer loop
      vertex 316.748 128.515 2.2
      vertex 315.823 131.275 2.2
      vertex 316.633 128.452 2.2
    endloop
  endfacet
  facet normal -0 0 1
    outer loop
      vertex 315.601 131.26 2.2
      vertex 316.633 128.452 2.2
      vertex 315.823 131.275 2.2
    endloop
  endfacet
  facet normal 0 0 1
    outer loop
      vertex 316.633 128.452 2.2
      vertex 315.601 131.26 2.2
      vertex 316.528 128.374 2.2
    endloop
  endfacet
  facet normal 0 0 1
    outer loop
      vertex 315.38 131.275 2.2
      vertex 316.528 128.374 2.2
      vertex 315.601 131.26 2.2
    endloop
  endfacet
  facet normal 0 0 1
    outer loop
      vertex 316.528 128.374 2.2
      vertex 315.38 131.275 2.2
      vertex 316.434 128.284 2.2
    endloop
  endfacet
  facet normal 0 0 1
    outer loop
      vertex 316.434 128.284 2.2
      vertex 315.38 131.275 2.2
      vertex 316.352 128.182 2.2
    endloop
  endfacet
  facet normal 0 0 1
    outer loop
      vertex 315.161 131.318 2.2
      vertex 316.352 128.182 2.2
      vertex 315.38 131.275 2.2
    endloop
  endfacet
  facet normal 0 0 1
    outer loop
      vertex 316.352 128.182 2.2
      vertex 315.161 131.318 2.2
      vertex 316.284 128.07 2.2
    endloop
  endfacet
  facet normal 0 0 1
    outer loop
      vertex 314.951 131.389 2.2
      vertex 316.284 128.07 2.2
      vertex 315.161 131.318 2.2
    endloop
  endfacet
  facet normal 0 0 1
    outer loop
      vertex 316.284 128.07 2.2
      vertex 314.951 131.389 2.2
      vertex 316.231 127.95 2.2
    endloop
  endfacet
  facet normal 0 0 1
    outer loop
      vertex 314.751 131.488 2.2
      vertex 316.231 127.95 2.2
      vertex 314.951 131.389 2.2
    endloop
  endfacet
  facet normal 0 0 1
    outer loop
      vertex 316.231 127.95 2.2
      vertex 314.751 131.488 2.2
      vertex 316.194 127.825 2.2
    endloop
  endfacet
  facet normal 0 0 1
    outer loop
      vertex 314.566 131.611 2.2
      vertex 316.194 127.825 2.2
      vertex 314.751 131.488 2.2
    endloop
  endfacet
  facet normal 0 0 1
    outer loop
      vertex 316.194 127.825 2.2
      vertex 314.566 131.611 2.2
      vertex 316.175 127.695 2.2
    endloop
  endfacet
  facet normal 0 0 1
    outer loop
      vertex 314.399 131.758 2.2
      vertex 316.175 127.695 2.2
      vertex 314.566 131.611 2.2
    endloop
  endfacet
  facet normal 0 0 1
    outer loop
      vertex 314.253 131.925 2.2
      vertex 316.175 127.695 2.2
      vertex 314.399 131.758 2.2
    endloop
  endfacet
  facet normal 0 0 1
    outer loop
      vertex 306.491 119.726 2.2
      vertex 316.175 127.695 2.2
      vertex 314.253 131.925 2.2
    endloop
  endfacet
  facet normal 0 0 1
    outer loop
      vertex 316.175 127.695 2.2
      vertex 306.491 119.726 2.2
      vertex 314.301 106.277 2.2
    endloop
  endfacet
  facet normal 0 0 1
    outer loop
      vertex 249.101 120.23 2.2
      vertex 251.401 120.23 2.2
      vertex 249.136 120.752 2.2
    endloop
  endfacet
  facet normal 0 -0 1
    outer loop
      vertex 249.136 119.708 2.2
      vertex 251.401 120.23 2.2
      vertex 249.101 120.23 2.2
    endloop
  endfacet
  facet normal 0 0 1
    outer loop
      vertex 251.401 120.23 2.2
      vertex 249.136 119.708 2.2
      vertex 249.162 119.575 2.2
    endloop
  endfacet
  facet normal 0 0 1
    outer loop
      vertex 363.001 85 2.2
      vertex 365.301 85 2.2
      vertex 365.267 85.5221 2.2
    endloop
  endfacet
  facet normal 0 0 1
    outer loop
      vertex 362.987 85.2219 2.2
      vertex 365.267 85.5221 2.2
      vertex 365.165 86.0353 2.2
    endloop
  endfacet
  facet normal 0 0 1
    outer loop
      vertex 365.301 85 2.2
      vertex 363.001 85 2.2
      vertex 365.267 84.4779 2.2
    endloop
  endfacet
  facet normal 0 0 1
    outer loop
      vertex 362.943 85.44 2.2
      vertex 365.165 86.0353 2.2
      vertex 364.997 86.5307 2.2
    endloop
  endfacet
  facet normal -0 0 1
    outer loop
      vertex 362.987 84.7781 2.2
      vertex 365.267 84.4779 2.2
      vertex 363.001 85 2.2
    endloop
  endfacet
  facet normal 0 0 1
    outer loop
      vertex 362.872 85.6506 2.2
      vertex 364.997 86.5307 2.2
      vertex 364.766 87 2.2
    endloop
  endfacet
  facet normal 0 0 1
    outer loop
      vertex 365.267 84.4779 2.2
      vertex 362.987 84.7781 2.2
      vertex 365.165 83.9647 2.2
    endloop
  endfacet
  facet normal 0 0 1
    outer loop
      vertex 362.774 85.85 2.2
      vertex 364.766 87 2.2
      vertex 364.475 87.435 2.2
    endloop
  endfacet
  facet normal -0 0 1
    outer loop
      vertex 362.943 84.56 2.2
      vertex 365.165 83.9647 2.2
      vertex 362.987 84.7781 2.2
    endloop
  endfacet
  facet normal 0 0 1
    outer loop
      vertex 362.65 86.0349 2.2
      vertex 364.475 87.435 2.2
      vertex 364.13 87.8284 2.2
    endloop
  endfacet
  facet normal 0 0 1
    outer loop
      vertex 365.165 83.9647 2.2
      vertex 362.943 84.56 2.2
      vertex 364.997 83.4693 2.2
    endloop
  endfacet
  facet normal 0 0 1
    outer loop
      vertex 362.503 86.2021 2.2
      vertex 364.13 87.8284 2.2
      vertex 363.736 88.1734 2.2
    endloop
  endfacet
  facet normal -0 0 1
    outer loop
      vertex 362.872 84.3494 2.2
      vertex 364.997 83.4693 2.2
      vertex 362.943 84.56 2.2
    endloop
  endfacet
  facet normal 0 0 1
    outer loop
      vertex 362.336 86.3487 2.2
      vertex 363.736 88.1734 2.2
      vertex 363.301 88.4641 2.2
    endloop
  endfacet
  facet normal 0 0 1
    outer loop
      vertex 364.997 83.4693 2.2
      vertex 362.872 84.3494 2.2
      vertex 364.766 83 2.2
    endloop
  endfacet
  facet normal -0 0 1
    outer loop
      vertex 362.774 84.15 2.2
      vertex 364.766 83 2.2
      vertex 362.872 84.3494 2.2
    endloop
  endfacet
  facet normal 0 0 1
    outer loop
      vertex 365.267 85.5221 2.2
      vertex 362.987 85.2219 2.2
      vertex 363.001 85 2.2
    endloop
  endfacet
  facet normal 0 0 1
    outer loop
      vertex 365.165 86.0353 2.2
      vertex 362.943 85.44 2.2
      vertex 362.987 85.2219 2.2
    endloop
  endfacet
  facet normal 0 0 1
    outer loop
      vertex 364.997 86.5307 2.2
      vertex 362.872 85.6506 2.2
      vertex 362.943 85.44 2.2
    endloop
  endfacet
  facet normal 0 0 1
    outer loop
      vertex 362.151 86.4722 2.2
      vertex 363.301 88.4641 2.2
      vertex 362.832 88.6955 2.2
    endloop
  endfacet
  facet normal 0 0 1
    outer loop
      vertex 364.766 87 2.2
      vertex 362.774 85.85 2.2
      vertex 362.872 85.6506 2.2
    endloop
  endfacet
  facet normal 0 0 1
    outer loop
      vertex 364.475 87.435 2.2
      vertex 362.65 86.0349 2.2
      vertex 362.774 85.85 2.2
    endloop
  endfacet
  facet normal 0 0 1
    outer loop
      vertex 364.13 87.8284 2.2
      vertex 362.503 86.2021 2.2
      vertex 362.65 86.0349 2.2
    endloop
  endfacet
  facet normal 0 0 1
    outer loop
      vertex 361.952 86.5706 2.2
      vertex 362.832 88.6955 2.2
      vertex 362.337 88.8637 2.2
    endloop
  endfacet
  facet normal 0 0 1
    outer loop
      vertex 363.736 88.1734 2.2
      vertex 362.336 86.3487 2.2
      vertex 362.503 86.2021 2.2
    endloop
  endfacet
  facet normal 0 0 1
    outer loop
      vertex 363.301 88.4641 2.2
      vertex 362.151 86.4722 2.2
      vertex 362.336 86.3487 2.2
    endloop
  endfacet
  facet normal 0 0 1
    outer loop
      vertex 362.832 88.6955 2.2
      vertex 361.952 86.5706 2.2
      vertex 362.151 86.4722 2.2
    endloop
  endfacet
  facet normal 0 0 1
    outer loop
      vertex 361.741 86.6421 2.2
      vertex 362.337 88.8637 2.2
      vertex 361.824 88.9658 2.2
    endloop
  endfacet
  facet normal 0 0 1
    outer loop
      vertex 362.337 88.8637 2.2
      vertex 361.741 86.6421 2.2
      vertex 361.952 86.5706 2.2
    endloop
  endfacet
  facet normal 0 0 1
    outer loop
      vertex 361.824 88.9658 2.2
      vertex 361.523 86.6855 2.2
      vertex 361.741 86.6421 2.2
    endloop
  endfacet
  facet normal 0 0 1
    outer loop
      vertex 361.301 89 2.2
      vertex 361.523 86.6855 2.2
      vertex 361.824 88.9658 2.2
    endloop
  endfacet
  facet normal 0 0 1
    outer loop
      vertex 361.301 89 2.2
      vertex 361.301 86.7 2.2
      vertex 361.523 86.6855 2.2
    endloop
  endfacet
  facet normal 0 0 1
    outer loop
      vertex 361.301 89 2.2
      vertex 361.079 86.6855 2.2
      vertex 361.301 86.7 2.2
    endloop
  endfacet
  facet normal -0 0 1
    outer loop
      vertex 360.792 88.9666 2.2
      vertex 361.079 86.6855 2.2
      vertex 361.301 89 2.2
    endloop
  endfacet
  facet normal 0 0 1
    outer loop
      vertex 361.079 86.6855 2.2
      vertex 360.792 88.9666 2.2
      vertex 360.861 86.6421 2.2
    endloop
  endfacet
  facet normal 0 0 1
    outer loop
      vertex 350.891 93.238 2.2
      vertex 360.785 89.9306 2.2
      vertex 360.776 90.9716 2.2
    endloop
  endfacet
  facet normal 0 0 1
    outer loop
      vertex 350.891 93.238 2.2
      vertex 360.776 90.9716 2.2
      vertex 360.765 91.8949 2.2
    endloop
  endfacet
  facet normal 0 0 1
    outer loop
      vertex 350.891 93.238 2.2
      vertex 360.765 91.8949 2.2
      vertex 360.754 92.6948 2.2
    endloop
  endfacet
  facet normal -0 0 1
    outer loop
      vertex 350.891 93.238 2.2
      vertex 360.754 92.6948 2.2
      vertex 360.744 93.3648 2.2
    endloop
  endfacet
  facet normal 0 0 1
    outer loop
      vertex 350.891 93.238 2.2
      vertex 360.744 93.3648 2.2
      vertex 360.734 93.8976 2.2
    endloop
  endfacet
  facet normal 0 0 1
    outer loop
      vertex 350.891 93.238 2.2
      vertex 360.734 93.8976 2.2
      vertex 360.726 94.2884 2.2
    endloop
  endfacet
  facet normal 0 0 1
    outer loop
      vertex 350.891 93.238 2.2
      vertex 360.726 94.2884 2.2
      vertex 360.721 94.5284 2.2
    endloop
  endfacet
  facet normal 0 0 1
    outer loop
      vertex 356.349 99.26 2.2
      vertex 360.721 94.5284 2.2
      vertex 360.72 94.5981 2.2
    endloop
  endfacet
  facet normal 0 0 1
    outer loop
      vertex 360.711 94.8248 2.2
      vertex 360.72 94.5981 2.2
      vertex 360.718 94.6804 2.2
    endloop
  endfacet
  facet normal 0 0 1
    outer loop
      vertex 360.72 94.5981 2.2
      vertex 360.711 94.8248 2.2
      vertex 356.349 99.26 2.2
    endloop
  endfacet
  facet normal 0 0 1
    outer loop
      vertex 356.349 99.26 2.2
      vertex 360.711 94.8248 2.2
      vertex 360.7 94.9673 2.2
    endloop
  endfacet
  facet normal 0 0 1
    outer loop
      vertex 356.349 99.26 2.2
      vertex 360.7 94.9673 2.2
      vertex 360.684 95.1128 2.2
    endloop
  endfacet
  facet normal 0 0 1
    outer loop
      vertex 356.349 99.26 2.2
      vertex 360.684 95.1128 2.2
      vertex 360.665 95.2507 2.2
    endloop
  endfacet
  facet normal 0 0 1
    outer loop
      vertex 360.792 88.9666 2.2
      vertex 360.651 86.5706 2.2
      vertex 360.861 86.6421 2.2
    endloop
  endfacet
  facet normal 0 0 1
    outer loop
      vertex 360.785 89.9306 2.2
      vertex 350.891 93.238 2.2
      vertex 360.792 88.9666 2.2
    endloop
  endfacet
  facet normal 0 0 1
    outer loop
      vertex 356.349 99.26 2.2
      vertex 360.665 95.2507 2.2
      vertex 360.643 95.3832 2.2
    endloop
  endfacet
  facet normal 0 0 1
    outer loop
      vertex 356.349 99.26 2.2
      vertex 360.643 95.3832 2.2
      vertex 360.617 95.5137 2.2
    endloop
  endfacet
  facet normal 0 0 1
    outer loop
      vertex 356.349 99.26 2.2
      vertex 360.617 95.5137 2.2
      vertex 360.587 95.6479 2.2
    endloop
  endfacet
  facet normal 0 0 1
    outer loop
      vertex 356.349 99.26 2.2
      vertex 360.587 95.6479 2.2
      vertex 360.554 95.7764 2.2
    endloop
  endfacet
  facet normal 0 0 1
    outer loop
      vertex 356.349 99.26 2.2
      vertex 360.554 95.7764 2.2
      vertex 360.52 95.8982 2.2
    endloop
  endfacet
  facet normal 0 0 1
    outer loop
      vertex 356.349 99.26 2.2
      vertex 360.52 95.8982 2.2
      vertex 360.48 96.0274 2.2
    endloop
  endfacet
  facet normal 0 0 1
    outer loop
      vertex 360.792 88.9666 2.2
      vertex 360.451 86.4722 2.2
      vertex 360.651 86.5706 2.2
    endloop
  endfacet
  facet normal 0 0 1
    outer loop
      vertex 356.349 99.26 2.2
      vertex 360.48 96.0274 2.2
      vertex 360.438 96.1534 2.2
    endloop
  endfacet
  facet normal 0 0 1
    outer loop
      vertex 356.349 99.26 2.2
      vertex 360.438 96.1534 2.2
      vertex 360.393 96.276 2.2
    endloop
  endfacet
  facet normal 0 0 1
    outer loop
      vertex 356.349 99.26 2.2
      vertex 360.393 96.276 2.2
      vertex 360.341 96.4048 2.2
    endloop
  endfacet
  facet normal 0 0 1
    outer loop
      vertex 356.349 99.26 2.2
      vertex 360.341 96.4048 2.2
      vertex 360.29 96.5243 2.2
    endloop
  endfacet
  facet normal 0 0 1
    outer loop
      vertex 360.792 88.9666 2.2
      vertex 360.267 86.3487 2.2
      vertex 360.451 86.4722 2.2
    endloop
  endfacet
  facet normal 0 0 1
    outer loop
      vertex 356.349 99.26 2.2
      vertex 360.29 96.5243 2.2
      vertex 360.234 96.6456 2.2
    endloop
  endfacet
  facet normal 0 0 1
    outer loop
      vertex 356.349 99.26 2.2
      vertex 360.234 96.6456 2.2
      vertex 360.17 96.7745 2.2
    endloop
  endfacet
  facet normal 0 0 1
    outer loop
      vertex 356.349 99.26 2.2
      vertex 360.17 96.7745 2.2
      vertex 360.105 96.8972 2.2
    endloop
  endfacet
  facet normal 0 -0 1
    outer loop
      vertex 359.829 85.85 2.2
      vertex 360.792 88.9666 2.2
      vertex 350.891 93.238 2.2
    endloop
  endfacet
  facet normal 0 0 1
    outer loop
      vertex 356.349 99.26 2.2
      vertex 360.105 96.8972 2.2
      vertex 360.034 97.0223 2.2
    endloop
  endfacet
  facet normal 0 0 1
    outer loop
      vertex 356.349 99.26 2.2
      vertex 360.034 97.0223 2.2
      vertex 359.96 97.1434 2.2
    endloop
  endfacet
  facet normal 0 0 1
    outer loop
      vertex 360.792 88.9666 2.2
      vertex 360.099 86.2021 2.2
      vertex 360.267 86.3487 2.2
    endloop
  endfacet
  facet normal 0 0 1
    outer loop
      vertex 356.349 99.26 2.2
      vertex 359.96 97.1434 2.2
      vertex 359.882 97.2644 2.2
    endloop
  endfacet
  facet normal 0 0 1
    outer loop
      vertex 360.792 88.9666 2.2
      vertex 359.953 86.0349 2.2
      vertex 360.099 86.2021 2.2
    endloop
  endfacet
  facet normal 0 0 1
    outer loop
      vertex 356.349 99.26 2.2
      vertex 359.882 97.2644 2.2
      vertex 359.792 97.3945 2.2
    endloop
  endfacet
  facet normal 0 0 1
    outer loop
      vertex 360.792 88.9666 2.2
      vertex 359.829 85.85 2.2
      vertex 359.953 86.0349 2.2
    endloop
  endfacet
  facet normal 0 0 1
    outer loop
      vertex 356.349 99.26 2.2
      vertex 359.792 97.3945 2.2
      vertex 359.699 97.5198 2.2
    endloop
  endfacet
  facet normal 0 0 1
    outer loop
      vertex 359.829 85.85 2.2
      vertex 350.891 93.238 2.2
      vertex 359.731 85.6506 2.2
    endloop
  endfacet
  facet normal 0 0 1
    outer loop
      vertex 359.731 85.6506 2.2
      vertex 350.891 93.238 2.2
      vertex 359.659 85.44 2.2
    endloop
  endfacet
  facet normal 0 0 1
    outer loop
      vertex 359.659 85.44 2.2
      vertex 350.891 93.238 2.2
      vertex 359.616 85.2219 2.2
    endloop
  endfacet
  facet normal 0 0 1
    outer loop
      vertex 356.349 99.26 2.2
      vertex 359.699 97.5198 2.2
      vertex 359.6 97.6431 2.2
    endloop
  endfacet
  facet normal 0 0 1
    outer loop
      vertex 364.766 83 2.2
      vertex 362.774 84.15 2.2
      vertex 364.475 82.565 2.2
    endloop
  endfacet
  facet normal -0 0 1
    outer loop
      vertex 362.65 83.9651 2.2
      vertex 364.475 82.565 2.2
      vertex 362.774 84.15 2.2
    endloop
  endfacet
  facet normal 0 0 1
    outer loop
      vertex 364.475 82.565 2.2
      vertex 362.65 83.9651 2.2
      vertex 364.13 82.1716 2.2
    endloop
  endfacet
  facet normal -0 0 1
    outer loop
      vertex 362.503 83.7979 2.2
      vertex 364.13 82.1716 2.2
      vertex 362.65 83.9651 2.2
    endloop
  endfacet
  facet normal 0 0 1
    outer loop
      vertex 364.13 82.1716 2.2
      vertex 362.503 83.7979 2.2
      vertex 363.736 81.8266 2.2
    endloop
  endfacet
  facet normal -0 0 1
    outer loop
      vertex 362.336 83.6513 2.2
      vertex 363.736 81.8266 2.2
      vertex 362.503 83.7979 2.2
    endloop
  endfacet
  facet normal 0 0 1
    outer loop
      vertex 363.736 81.8266 2.2
      vertex 362.336 83.6513 2.2
      vertex 363.301 81.5359 2.2
    endloop
  endfacet
  facet normal -0 0 1
    outer loop
      vertex 362.151 83.5278 2.2
      vertex 363.301 81.5359 2.2
      vertex 362.336 83.6513 2.2
    endloop
  endfacet
  facet normal 0 0 1
    outer loop
      vertex 363.301 81.5359 2.2
      vertex 362.151 83.5278 2.2
      vertex 362.832 81.3045 2.2
    endloop
  endfacet
  facet normal -0 0 1
    outer loop
      vertex 361.952 83.4294 2.2
      vertex 362.832 81.3045 2.2
      vertex 362.151 83.5278 2.2
    endloop
  endfacet
  facet normal 0 0 1
    outer loop
      vertex 362.832 81.3045 2.2
      vertex 361.952 83.4294 2.2
      vertex 362.337 81.1363 2.2
    endloop
  endfacet
  facet normal -0 0 1
    outer loop
      vertex 361.741 83.3579 2.2
      vertex 362.337 81.1363 2.2
      vertex 361.952 83.4294 2.2
    endloop
  endfacet
  facet normal 0 0 1
    outer loop
      vertex 362.337 81.1363 2.2
      vertex 361.741 83.3579 2.2
      vertex 361.824 81.0342 2.2
    endloop
  endfacet
  facet normal -0 0 1
    outer loop
      vertex 361.523 83.3145 2.2
      vertex 361.824 81.0342 2.2
      vertex 361.741 83.3579 2.2
    endloop
  endfacet
  facet normal -0 0 1
    outer loop
      vertex 361.301 83.3 2.2
      vertex 361.824 81.0342 2.2
      vertex 361.523 83.3145 2.2
    endloop
  endfacet
  facet normal 0 0 1
    outer loop
      vertex 361.301 83.3 2.2
      vertex 361.301 81 2.2
      vertex 361.824 81.0342 2.2
    endloop
  endfacet
  facet normal 0 0 1
    outer loop
      vertex 361.079 83.3145 2.2
      vertex 361.301 81 2.2
      vertex 361.301 83.3 2.2
    endloop
  endfacet
  facet normal 0 0 1
    outer loop
      vertex 360.778 81.0346 2.2
      vertex 361.079 83.3145 2.2
      vertex 360.861 83.3579 2.2
    endloop
  endfacet
  facet normal 0 0 1
    outer loop
      vertex 361.079 83.3145 2.2
      vertex 360.779 81.0342 2.2
      vertex 361.301 81 2.2
    endloop
  endfacet
  facet normal 0 0 1
    outer loop
      vertex 361.079 83.3145 2.2
      vertex 360.778 81.0346 2.2
      vertex 360.779 81.0342 2.2
    endloop
  endfacet
  facet normal 0 0 1
    outer loop
      vertex 349.609 78.594 2.2
      vertex 360.778 81.0346 2.2
      vertex 359.829 84.15 2.2
    endloop
  endfacet
  facet normal 0 0 1
    outer loop
      vertex 349.609 78.594 2.2
      vertex 359.829 84.15 2.2
      vertex 359.731 84.3494 2.2
    endloop
  endfacet
  facet normal 0 0 1
    outer loop
      vertex 359.659 84.56 2.2
      vertex 349.609 78.594 2.2
      vertex 359.731 84.3494 2.2
    endloop
  endfacet
  facet normal 0 0 1
    outer loop
      vertex 360.651 83.4294 2.2
      vertex 360.778 81.0346 2.2
      vertex 360.861 83.3579 2.2
    endloop
  endfacet
  facet normal 0 0 1
    outer loop
      vertex 360.451 83.5278 2.2
      vertex 360.778 81.0346 2.2
      vertex 360.651 83.4294 2.2
    endloop
  endfacet
  facet normal 0 0 1
    outer loop
      vertex 360.267 83.6513 2.2
      vertex 360.778 81.0346 2.2
      vertex 360.451 83.5278 2.2
    endloop
  endfacet
  facet normal 0 0 1
    outer loop
      vertex 360.099 83.7979 2.2
      vertex 360.778 81.0346 2.2
      vertex 360.267 83.6513 2.2
    endloop
  endfacet
  facet normal 0 0 1
    outer loop
      vertex 359.953 83.9651 2.2
      vertex 360.778 81.0346 2.2
      vertex 360.099 83.7979 2.2
    endloop
  endfacet
  facet normal 0 0 1
    outer loop
      vertex 359.829 84.15 2.2
      vertex 360.778 81.0346 2.2
      vertex 359.953 83.9651 2.2
    endloop
  endfacet
  facet normal 0 0 1
    outer loop
      vertex 360.778 81.0346 2.2
      vertex 349.609 78.594 2.2
      vertex 360.766 79.8835 2.2
    endloop
  endfacet
  facet normal 0 0 1
    outer loop
      vertex 360.766 79.8835 2.2
      vertex 349.609 78.594 2.2
      vertex 360.742 78.1296 2.2
    endloop
  endfacet
  facet normal 0 0 1
    outer loop
      vertex 360.742 78.1296 2.2
      vertex 349.609 78.594 2.2
      vertex 360.711 76.3148 2.2
    endloop
  endfacet
  facet normal 0 0 1
    outer loop
      vertex 349.409 76.3027 2.2
      vertex 360.711 76.3148 2.2
      vertex 349.609 78.594 2.2
    endloop
  endfacet
  facet normal 0 0 1
    outer loop
      vertex 360.672 74.4453 2.2
      vertex 349.409 76.3027 2.2
      vertex 360.624 72.5277 2.2
    endloop
  endfacet
  facet normal 0 0 1
    outer loop
      vertex 360.624 72.5277 2.2
      vertex 349.409 76.3027 2.2
      vertex 360.567 70.5682 2.2
    endloop
  endfacet
  facet normal 0 0 1
    outer loop
      vertex 360.567 70.5682 2.2
      vertex 349.409 76.3027 2.2
      vertex 360.499 68.5727 2.2
    endloop
  endfacet
  facet normal 0 0 1
    outer loop
      vertex 348.128 61.6587 2.2
      vertex 360.499 68.5727 2.2
      vertex 349.409 76.3027 2.2
    endloop
  endfacet
  facet normal 0 0 1
    outer loop
      vertex 360.499 68.5727 2.2
      vertex 348.128 61.6587 2.2
      vertex 360.421 66.5475 2.2
    endloop
  endfacet
  facet normal 0 0 1
    outer loop
      vertex 360.421 66.5475 2.2
      vertex 348.128 61.6587 2.2
      vertex 360.33 64.4992 2.2
    endloop
  endfacet
  facet normal 0 0 1
    outer loop
      vertex 360.711 76.3148 2.2
      vertex 349.409 76.3027 2.2
      vertex 360.672 74.4453 2.2
    endloop
  endfacet
  facet normal 0 0 1
    outer loop
      vertex 360.33 64.4992 2.2
      vertex 348.128 61.6587 2.2
      vertex 360.228 62.4336 2.2
    endloop
  endfacet
  facet normal 0 0 1
    outer loop
      vertex 359.616 84.7781 2.2
      vertex 349.609 78.594 2.2
      vertex 359.659 84.56 2.2
    endloop
  endfacet
  facet normal 0 0 1
    outer loop
      vertex 359.601 85 2.2
      vertex 349.609 78.594 2.2
      vertex 359.616 84.7781 2.2
    endloop
  endfacet
  facet normal 0 0 1
    outer loop
      vertex 359.616 85.2219 2.2
      vertex 349.609 78.594 2.2
      vertex 359.601 85 2.2
    endloop
  endfacet
  facet normal 0 0 1
    outer loop
      vertex 360.228 62.4336 2.2
      vertex 348.128 61.6587 2.2
      vertex 360.112 60.3571 2.2
    endloop
  endfacet
  facet normal 0 0 1
    outer loop
      vertex 349.609 78.594 2.2
      vertex 359.616 85.2219 2.2
      vertex 350.891 93.238 2.2
    endloop
  endfacet
  facet normal 0 0 1
    outer loop
      vertex 356.349 99.26 2.2
      vertex 359.6 97.6431 2.2
      vertex 359.497 97.7648 2.2
    endloop
  endfacet
  facet normal 0 0 1
    outer loop
      vertex 356.349 99.26 2.2
      vertex 359.497 97.7648 2.2
      vertex 359.384 97.8885 2.2
    endloop
  endfacet
  facet normal 0 0 1
    outer loop
      vertex 347.927 59.3674 2.2
      vertex 360.112 60.3571 2.2
      vertex 348.128 61.6587 2.2
    endloop
  endfacet
  facet normal 0 0 1
    outer loop
      vertex 356.349 99.26 2.2
      vertex 359.384 97.8885 2.2
      vertex 359.26 98.0133 2.2
    endloop
  endfacet
  facet normal 0 0 1
    outer loop
      vertex 356.349 99.26 2.2
      vertex 359.26 98.0133 2.2
      vertex 359.127 98.1388 2.2
    endloop
  endfacet
  facet normal 0 0 1
    outer loop
      vertex 360.112 60.3571 2.2
      vertex 347.927 59.3674 2.2
      vertex 359.983 58.2757 2.2
    endloop
  endfacet
  facet normal 0 0 1
    outer loop
      vertex 356.349 99.26 2.2
      vertex 359.127 98.1388 2.2
      vertex 358.987 98.2591 2.2
    endloop
  endfacet
  facet normal 0 0 1
    outer loop
      vertex 359.983 58.2757 2.2
      vertex 347.927 59.3674 2.2
      vertex 359.839 56.1956 2.2
    endloop
  endfacet
  facet normal 0 0 1
    outer loop
      vertex 356.349 99.26 2.2
      vertex 358.987 98.2591 2.2
      vertex 358.838 98.3779 2.2
    endloop
  endfacet
  facet normal 0 0 1
    outer loop
      vertex 356.349 99.26 2.2
      vertex 358.838 98.3779 2.2
      vertex 358.676 98.4952 2.2
    endloop
  endfacet
  facet normal 0 0 1
    outer loop
      vertex 359.839 56.1956 2.2
      vertex 347.927 59.3674 2.2
      vertex 359.679 54.1227 2.2
    endloop
  endfacet
  facet normal 0 0 1
    outer loop
      vertex 356.349 99.26 2.2
      vertex 358.676 98.4952 2.2
      vertex 358.505 98.6074 2.2
    endloop
  endfacet
  facet normal 0 0 1
    outer loop
      vertex 359.679 54.1227 2.2
      vertex 347.927 59.3674 2.2
      vertex 359.504 52.0633 2.2
    endloop
  endfacet
  facet normal 0 0 1
    outer loop
      vertex 356.349 99.26 2.2
      vertex 358.505 98.6074 2.2
      vertex 358.323 98.7147 2.2
    endloop
  endfacet
  facet normal 0 0 1
    outer loop
      vertex 356.349 99.26 2.2
      vertex 358.323 98.7147 2.2
      vertex 358.133 98.8152 2.2
    endloop
  endfacet
  facet normal 0 0 1
    outer loop
      vertex 359.504 52.0633 2.2
      vertex 347.927 59.3674 2.2
      vertex 359.311 50.0233 2.2
    endloop
  endfacet
  facet normal 0 0 1
    outer loop
      vertex 356.349 99.26 2.2
      vertex 358.133 98.8152 2.2
      vertex 357.934 98.9075 2.2
    endloop
  endfacet
  facet normal 0 0 1
    outer loop
      vertex 358.623 44.078 2.2
      vertex 352.519 26.07 2.2
      vertex 358.354 42.1736 2.2
    endloop
  endfacet
  facet normal 0 0 1
    outer loop
      vertex 356.349 99.26 2.2
      vertex 357.934 98.9075 2.2
      vertex 357.722 98.9933 2.2
    endloop
  endfacet
  facet normal 0 0 1
    outer loop
      vertex 356.349 99.26 2.2
      vertex 357.722 98.9933 2.2
      vertex 357.496 99.0704 2.2
    endloop
  endfacet
  facet normal 0 0 1
    outer loop
      vertex 358.354 42.1736 2.2
      vertex 352.519 26.07 2.2
      vertex 358.063 40.3171 2.2
    endloop
  endfacet
  facet normal 0 0 1
    outer loop
      vertex 356.349 99.26 2.2
      vertex 357.496 99.0704 2.2
      vertex 357.267 99.1347 2.2
    endloop
  endfacet
  facet normal 0 0 1
    outer loop
      vertex 358.063 40.3171 2.2
      vertex 352.519 26.07 2.2
      vertex 357.75 38.5136 2.2
    endloop
  endfacet
  facet normal 0 0 1
    outer loop
      vertex 356.349 99.26 2.2
      vertex 357.267 99.1347 2.2
      vertex 357.026 99.1879 2.2
    endloop
  endfacet
  facet normal 0 0 1
    outer loop
      vertex 356.349 99.26 2.2
      vertex 357.026 99.1879 2.2
      vertex 356.782 99.2268 2.2
    endloop
  endfacet
  facet normal 0 -0 1
    outer loop
      vertex 352.643 26.2549 2.2
      vertex 357.75 38.5136 2.2
      vertex 352.519 26.07 2.2
    endloop
  endfacet
  facet normal 0 0 1
    outer loop
      vertex 356.349 99.26 2.2
      vertex 356.782 99.2268 2.2
      vertex 356.539 99.2516 2.2
    endloop
  endfacet
  facet normal 0 0 1
    outer loop
      vertex 360.721 94.5284 2.2
      vertex 356.349 99.26 2.2
      vertex 350.891 93.238 2.2
    endloop
  endfacet
  facet normal 0 0 1
    outer loop
      vertex 350.891 93.238 2.2
      vertex 356.349 99.26 2.2
      vertex 356.296 99.3485 2.2
    endloop
  endfacet
  facet normal 0 0 1
    outer loop
      vertex 357.75 38.5136 2.2
      vertex 352.643 26.2549 2.2
      vertex 357.412 36.7682 2.2
    endloop
  endfacet
  facet normal 0 0 1
    outer loop
      vertex 350.891 93.238 2.2
      vertex 356.296 99.3485 2.2
      vertex 356.086 99.7269 2.2
    endloop
  endfacet
  facet normal 0 0 1
    outer loop
      vertex 350.891 93.238 2.2
      vertex 356.086 99.7269 2.2
      vertex 355.858 100.162 2.2
    endloop
  endfacet
  facet normal 0 0 1
    outer loop
      vertex 357.048 35.0858 2.2
      vertex 352.643 26.2549 2.2
      vertex 356.656 33.4701 2.2
    endloop
  endfacet
  facet normal 0 0 1
    outer loop
      vertex 350.891 93.238 2.2
      vertex 355.858 100.162 2.2
      vertex 355.615 100.65 2.2
    endloop
  endfacet
  facet normal 0 0 1
    outer loop
      vertex 350.891 93.238 2.2
      vertex 355.615 100.65 2.2
      vertex 355.357 101.187 2.2
    endloop
  endfacet
  facet normal 0 -0 1
    outer loop
      vertex 352.789 26.4221 2.2
      vertex 356.656 33.4701 2.2
      vertex 352.643 26.2549 2.2
    endloop
  endfacet
  facet normal 0 0 1
    outer loop
      vertex 356.656 33.4701 2.2
      vertex 352.789 26.4221 2.2
      vertex 356.234 31.9249 2.2
    endloop
  endfacet
  facet normal 0 0 1
    outer loop
      vertex 356.234 31.9249 2.2
      vertex 352.957 26.5687 2.2
      vertex 355.778 30.4531 2.2
    endloop
  endfacet
  facet normal 0 0 1
    outer loop
      vertex 350.891 93.238 2.2
      vertex 355.357 101.187 2.2
      vertex 355.086 101.768 2.2
    endloop
  endfacet
  facet normal 0 -0 1
    outer loop
      vertex 353.141 26.6922 2.2
      vertex 355.778 30.4531 2.2
      vertex 352.957 26.5687 2.2
    endloop
  endfacet
  facet normal 0 0 1
    outer loop
      vertex 355.261 29.004 2.2
      vertex 355.026 26.5687 2.2
      vertex 355.193 26.4221 2.2
    endloop
  endfacet
  facet normal 0 0 1
    outer loop
      vertex 350.891 93.238 2.2
      vertex 355.086 101.768 2.2
      vertex 354.801 102.394 2.2
    endloop
  endfacet
  facet normal 0 0 1
    outer loop
      vertex 355.261 29.004 2.2
      vertex 354.841 26.6922 2.2
      vertex 355.026 26.5687 2.2
    endloop
  endfacet
  facet normal 0 0 1
    outer loop
      vertex 350.891 93.238 2.2
      vertex 354.801 102.394 2.2
      vertex 354.503 103.056 2.2
    endloop
  endfacet
  facet normal 0 0 1
    outer loop
      vertex 355.261 29.004 2.2
      vertex 354.642 26.7906 2.2
      vertex 354.841 26.6922 2.2
    endloop
  endfacet
  facet normal 0 0 1
    outer loop
      vertex 355.261 29.004 2.2
      vertex 354.431 26.8621 2.2
      vertex 354.642 26.7906 2.2
    endloop
  endfacet
  facet normal 0 0 1
    outer loop
      vertex 350.891 93.238 2.2
      vertex 354.503 103.056 2.2
      vertex 354.194 103.752 2.2
    endloop
  endfacet
  facet normal 0 0 1
    outer loop
      vertex 355.261 29.004 2.2
      vertex 354.213 26.9055 2.2
      vertex 354.431 26.8621 2.2
    endloop
  endfacet
  facet normal 0 0 1
    outer loop
      vertex 355.261 29.004 2.2
      vertex 353.991 26.92 2.2
      vertex 354.213 26.9055 2.2
    endloop
  endfacet
  facet normal 0 0 1
    outer loop
      vertex 355.261 29.004 2.2
      vertex 353.77 26.9055 2.2
      vertex 353.991 26.92 2.2
    endloop
  endfacet
  facet normal 0 0 1
    outer loop
      vertex 350.891 93.238 2.2
      vertex 354.194 103.752 2.2
      vertex 353.529 105.254 2.2
    endloop
  endfacet
  facet normal 0 0 1
    outer loop
      vertex 355.261 29.004 2.2
      vertex 353.551 26.8621 2.2
      vertex 353.77 26.9055 2.2
    endloop
  endfacet
  facet normal 0 0 1
    outer loop
      vertex 336.247 94.5192 2.2
      vertex 353.529 105.254 2.2
      vertex 353.175 106.049 2.2
    endloop
  endfacet
  facet normal 0 0 1
    outer loop
      vertex 355.261 29.004 2.2
      vertex 353.341 26.7906 2.2
      vertex 353.551 26.8621 2.2
    endloop
  endfacet
  facet normal 0 0 1
    outer loop
      vertex 355.261 29.004 2.2
      vertex 353.141 26.6922 2.2
      vertex 353.341 26.7906 2.2
    endloop
  endfacet
  facet normal 0 0 1
    outer loop
      vertex 336.247 94.5192 2.2
      vertex 353.175 106.049 2.2
      vertex 352.806 106.872 2.2
    endloop
  endfacet
  facet normal 0 0 1
    outer loop
      vertex 355.283 29.0566 2.2
      vertex 353.141 26.6922 2.2
      vertex 355.261 29.004 2.2
    endloop
  endfacet
  facet normal 0 0 1
    outer loop
      vertex 355.778 30.4531 2.2
      vertex 353.141 26.6922 2.2
      vertex 355.283 29.0566 2.2
    endloop
  endfacet
  facet normal 0 -0 1
    outer loop
      vertex 352.957 26.5687 2.2
      vertex 356.234 31.9249 2.2
      vertex 352.789 26.4221 2.2
    endloop
  endfacet
  facet normal 0 0 1
    outer loop
      vertex 336.247 94.5192 2.2
      vertex 352.806 106.872 2.2
      vertex 352.421 107.721 2.2
    endloop
  endfacet
  facet normal 0 0 1
    outer loop
      vertex 357.412 36.7682 2.2
      vertex 352.643 26.2549 2.2
      vertex 357.048 35.0858 2.2
    endloop
  endfacet
  facet normal 0 0 1
    outer loop
      vertex 346.646 44.7234 2.2
      vertex 359.311 50.0233 2.2
      vertex 347.927 59.3674 2.2
    endloop
  endfacet
  facet normal 0 0 1
    outer loop
      vertex 359.311 50.0233 2.2
      vertex 346.646 44.7234 2.2
      vertex 359.101 48.0085 2.2
    endloop
  endfacet
  facet normal 0 0 1
    outer loop
      vertex 350.794 22.1285 2.2
      vertex 352.349 25.66 2.2
      vertex 352.421 25.8706 2.2
    endloop
  endfacet
  facet normal 0 0 1
    outer loop
      vertex 333.264 98.2935 2.2
      vertex 352.421 107.721 2.2
      vertex 352.02 108.593 2.2
    endloop
  endfacet
  facet normal 0 0 1
    outer loop
      vertex 355.691 25.22 2.2
      vertex 357.991 25.22 2.2
      vertex 357.957 25.7421 2.2
    endloop
  endfacet
  facet normal 0 0 1
    outer loop
      vertex 355.677 25.4419 2.2
      vertex 357.957 25.7421 2.2
      vertex 357.855 26.2553 2.2
    endloop
  endfacet
  facet normal 0 0 1
    outer loop
      vertex 357.991 25.22 2.2
      vertex 355.691 25.22 2.2
      vertex 357.957 24.6979 2.2
    endloop
  endfacet
  facet normal 0 0 1
    outer loop
      vertex 355.633 25.66 2.2
      vertex 357.855 26.2553 2.2
      vertex 357.687 26.7507 2.2
    endloop
  endfacet
  facet normal -0 0 1
    outer loop
      vertex 355.677 24.9981 2.2
      vertex 357.957 24.6979 2.2
      vertex 355.691 25.22 2.2
    endloop
  endfacet
  facet normal 0 0 1
    outer loop
      vertex 355.562 25.8706 2.2
      vertex 357.687 26.7507 2.2
      vertex 357.456 27.22 2.2
    endloop
  endfacet
  facet normal 0 0 1
    outer loop
      vertex 357.957 24.6979 2.2
      vertex 355.677 24.9981 2.2
      vertex 357.855 24.1847 2.2
    endloop
  endfacet
  facet normal 0 0 1
    outer loop
      vertex 355.464 26.07 2.2
      vertex 357.456 27.22 2.2
      vertex 357.165 27.655 2.2
    endloop
  endfacet
  facet normal -0 0 1
    outer loop
      vertex 355.633 24.78 2.2
      vertex 357.855 24.1847 2.2
      vertex 355.677 24.9981 2.2
    endloop
  endfacet
  facet normal 0 0 1
    outer loop
      vertex 355.34 26.2549 2.2
      vertex 357.165 27.655 2.2
      vertex 356.82 28.0484 2.2
    endloop
  endfacet
  facet normal 0 0 1
    outer loop
      vertex 357.855 24.1847 2.2
      vertex 355.633 24.78 2.2
      vertex 357.687 23.6893 2.2
    endloop
  endfacet
  facet normal 0 0 1
    outer loop
      vertex 355.193 26.4221 2.2
      vertex 356.82 28.0484 2.2
      vertex 356.426 28.3934 2.2
    endloop
  endfacet
  facet normal -0 0 1
    outer loop
      vertex 355.562 24.5694 2.2
      vertex 357.687 23.6893 2.2
      vertex 355.633 24.78 2.2
    endloop
  endfacet
  facet normal 0 0 1
    outer loop
      vertex 355.193 26.4221 2.2
      vertex 356.426 28.3934 2.2
      vertex 355.991 28.6841 2.2
    endloop
  endfacet
  facet normal 0 0 1
    outer loop
      vertex 357.687 23.6893 2.2
      vertex 355.562 24.5694 2.2
      vertex 357.456 23.22 2.2
    endloop
  endfacet
  facet normal -0 0 1
    outer loop
      vertex 355.464 24.37 2.2
      vertex 357.456 23.22 2.2
      vertex 355.562 24.5694 2.2
    endloop
  endfacet
  facet normal 0 0 1
    outer loop
      vertex 357.957 25.7421 2.2
      vertex 355.677 25.4419 2.2
      vertex 355.691 25.22 2.2
    endloop
  endfacet
  facet normal 0 0 1
    outer loop
      vertex 357.855 26.2553 2.2
      vertex 355.633 25.66 2.2
      vertex 355.677 25.4419 2.2
    endloop
  endfacet
  facet normal 0 0 1
    outer loop
      vertex 357.687 26.7507 2.2
      vertex 355.562 25.8706 2.2
      vertex 355.633 25.66 2.2
    endloop
  endfacet
  facet normal 0 0 1
    outer loop
      vertex 355.193 26.4221 2.2
      vertex 355.991 28.6841 2.2
      vertex 355.522 28.9155 2.2
    endloop
  endfacet
  facet normal 0 0 1
    outer loop
      vertex 357.456 27.22 2.2
      vertex 355.464 26.07 2.2
      vertex 355.562 25.8706 2.2
    endloop
  endfacet
  facet normal 0 0 1
    outer loop
      vertex 357.165 27.655 2.2
      vertex 355.34 26.2549 2.2
      vertex 355.464 26.07 2.2
    endloop
  endfacet
  facet normal 0 0 1
    outer loop
      vertex 355.193 26.4221 2.2
      vertex 355.522 28.9155 2.2
      vertex 355.261 29.004 2.2
    endloop
  endfacet
  facet normal 0 0 1
    outer loop
      vertex 356.82 28.0484 2.2
      vertex 355.193 26.4221 2.2
      vertex 355.34 26.2549 2.2
    endloop
  endfacet
  facet normal 0 0 1
    outer loop
      vertex 357.456 23.22 2.2
      vertex 355.464 24.37 2.2
      vertex 357.165 22.785 2.2
    endloop
  endfacet
  facet normal -0 0 1
    outer loop
      vertex 355.34 24.1851 2.2
      vertex 357.165 22.785 2.2
      vertex 355.464 24.37 2.2
    endloop
  endfacet
  facet normal 0 0 1
    outer loop
      vertex 357.165 22.785 2.2
      vertex 355.34 24.1851 2.2
      vertex 356.82 22.3916 2.2
    endloop
  endfacet
  facet normal -0 0 1
    outer loop
      vertex 355.193 24.0179 2.2
      vertex 356.82 22.3916 2.2
      vertex 355.34 24.1851 2.2
    endloop
  endfacet
  facet normal 0 0 1
    outer loop
      vertex 356.82 22.3916 2.2
      vertex 355.193 24.0179 2.2
      vertex 356.426 22.0466 2.2
    endloop
  endfacet
  facet normal -0 0 1
    outer loop
      vertex 355.026 23.8713 2.2
      vertex 356.426 22.0466 2.2
      vertex 355.193 24.0179 2.2
    endloop
  endfacet
  facet normal 0 0 1
    outer loop
      vertex 356.426 22.0466 2.2
      vertex 355.026 23.8713 2.2
      vertex 355.991 21.7559 2.2
    endloop
  endfacet
  facet normal -0 0 1
    outer loop
      vertex 354.841 23.7478 2.2
      vertex 355.991 21.7559 2.2
      vertex 355.026 23.8713 2.2
    endloop
  endfacet
  facet normal 0 0 1
    outer loop
      vertex 355.991 21.7559 2.2
      vertex 354.841 23.7478 2.2
      vertex 355.522 21.5245 2.2
    endloop
  endfacet
  facet normal -0 0 1
    outer loop
      vertex 354.642 23.6494 2.2
      vertex 355.522 21.5245 2.2
      vertex 354.841 23.7478 2.2
    endloop
  endfacet
  facet normal 0 0 1
    outer loop
      vertex 355.522 21.5245 2.2
      vertex 354.642 23.6494 2.2
      vertex 355.027 21.3563 2.2
    endloop
  endfacet
  facet normal -0 0 1
    outer loop
      vertex 354.431 23.5779 2.2
      vertex 355.027 21.3563 2.2
      vertex 354.642 23.6494 2.2
    endloop
  endfacet
  facet normal 0 0 1
    outer loop
      vertex 355.027 21.3563 2.2
      vertex 354.431 23.5779 2.2
      vertex 354.514 21.2542 2.2
    endloop
  endfacet
  facet normal -0 0 1
    outer loop
      vertex 354.213 23.5345 2.2
      vertex 354.514 21.2542 2.2
      vertex 354.431 23.5779 2.2
    endloop
  endfacet
  facet normal -0 0 1
    outer loop
      vertex 353.991 23.52 2.2
      vertex 354.514 21.2542 2.2
      vertex 354.213 23.5345 2.2
    endloop
  endfacet
  facet normal 0 0 1
    outer loop
      vertex 353.991 23.52 2.2
      vertex 353.991 21.22 2.2
      vertex 354.514 21.2542 2.2
    endloop
  endfacet
  facet normal 0 0 1
    outer loop
      vertex 353.77 23.5345 2.2
      vertex 353.991 21.22 2.2
      vertex 353.991 23.52 2.2
    endloop
  endfacet
  facet normal 0 0 1
    outer loop
      vertex 353.469 21.2542 2.2
      vertex 353.77 23.5345 2.2
      vertex 353.551 23.5779 2.2
    endloop
  endfacet
  facet normal 0 0 1
    outer loop
      vertex 353.77 23.5345 2.2
      vertex 353.469 21.2542 2.2
      vertex 353.991 21.22 2.2
    endloop
  endfacet
  facet normal 0 0 1
    outer loop
      vertex 352.956 21.3563 2.2
      vertex 353.551 23.5779 2.2
      vertex 353.341 23.6494 2.2
    endloop
  endfacet
  facet normal 0 0 1
    outer loop
      vertex 352.461 21.5245 2.2
      vertex 353.341 23.6494 2.2
      vertex 353.141 23.7478 2.2
    endloop
  endfacet
  facet normal 0 0 1
    outer loop
      vertex 351.991 21.7559 2.2
      vertex 353.141 23.7478 2.2
      vertex 352.957 23.8713 2.2
    endloop
  endfacet
  facet normal 0 0 1
    outer loop
      vertex 353.551 23.5779 2.2
      vertex 352.956 21.3563 2.2
      vertex 353.469 21.2542 2.2
    endloop
  endfacet
  facet normal 0 0 1
    outer loop
      vertex 351.556 22.0466 2.2
      vertex 352.957 23.8713 2.2
      vertex 352.789 24.0179 2.2
    endloop
  endfacet
  facet normal 0 0 1
    outer loop
      vertex 351.123 22.4371 2.2
      vertex 352.789 24.0179 2.2
      vertex 352.643 24.1851 2.2
    endloop
  endfacet
  facet normal 0 0 1
    outer loop
      vertex 351.123 22.4371 2.2
      vertex 352.643 24.1851 2.2
      vertex 352.519 24.37 2.2
    endloop
  endfacet
  facet normal 0 0 1
    outer loop
      vertex 353.341 23.6494 2.2
      vertex 352.461 21.5245 2.2
      vertex 352.956 21.3563 2.2
    endloop
  endfacet
  facet normal 0 0 1
    outer loop
      vertex 351.123 22.4371 2.2
      vertex 352.519 24.37 2.2
      vertex 352.421 24.5694 2.2
    endloop
  endfacet
  facet normal 0 0 1
    outer loop
      vertex 351.123 22.4371 2.2
      vertex 352.421 24.5694 2.2
      vertex 352.349 24.78 2.2
    endloop
  endfacet
  facet normal 0 0 1
    outer loop
      vertex 351.123 22.4371 2.2
      vertex 352.349 24.78 2.2
      vertex 352.306 24.9981 2.2
    endloop
  endfacet
  facet normal 0 0 1
    outer loop
      vertex 351.123 22.4371 2.2
      vertex 352.306 24.9981 2.2
      vertex 352.291 25.22 2.2
    endloop
  endfacet
  facet normal 0 0 1
    outer loop
      vertex 353.141 23.7478 2.2
      vertex 351.991 21.7559 2.2
      vertex 352.461 21.5245 2.2
    endloop
  endfacet
  facet normal 0 0 1
    outer loop
      vertex 350.794 22.1285 2.2
      vertex 352.306 25.4419 2.2
      vertex 352.349 25.66 2.2
    endloop
  endfacet
  facet normal 0 0 1
    outer loop
      vertex 333.264 98.2935 2.2
      vertex 352.02 108.593 2.2
      vertex 351.601 109.488 2.2
    endloop
  endfacet
  facet normal 0 0 1
    outer loop
      vertex 350.794 22.1285 2.2
      vertex 352.291 25.22 2.2
      vertex 352.306 25.4419 2.2
    endloop
  endfacet
  facet normal 0 0 1
    outer loop
      vertex 333.264 98.2935 2.2
      vertex 351.601 109.488 2.2
      vertex 351.165 110.403 2.2
    endloop
  endfacet
  facet normal 0 0 1
    outer loop
      vertex 352.789 24.0179 2.2
      vertex 351.123 22.4371 2.2
      vertex 351.163 22.3916 2.2
    endloop
  endfacet
  facet normal 0 0 1
    outer loop
      vertex 352.957 23.8713 2.2
      vertex 351.556 22.0466 2.2
      vertex 351.991 21.7559 2.2
    endloop
  endfacet
  facet normal 0 0 1
    outer loop
      vertex 352.789 24.0179 2.2
      vertex 351.163 22.3916 2.2
      vertex 351.556 22.0466 2.2
    endloop
  endfacet
  facet normal 0 0 1
    outer loop
      vertex 352.291 25.22 2.2
      vertex 350.902 22.2231 2.2
      vertex 351.123 22.4371 2.2
    endloop
  endfacet
  facet normal 0 -0 1
    outer loop
      vertex 350.998 22.3126 2.2
      vertex 351.123 22.4371 2.2
      vertex 350.902 22.2231 2.2
    endloop
  endfacet
  facet normal 0 0 1
    outer loop
      vertex 351.123 22.4371 2.2
      vertex 350.998 22.3126 2.2
      vertex 351.105 22.4175 2.2
    endloop
  endfacet
  facet normal 0 0 1
    outer loop
      vertex 333.264 98.2935 2.2
      vertex 351.165 110.403 2.2
      vertex 350.709 111.336 2.2
    endloop
  endfacet
  facet normal 0 0 1
    outer loop
      vertex 333.264 98.2935 2.2
      vertex 350.709 111.336 2.2
      vertex 350.234 112.286 2.2
    endloop
  endfacet
  facet normal 0 0 1
    outer loop
      vertex 333.264 98.2935 2.2
      vertex 350.234 112.286 2.2
      vertex 349.739 113.251 2.2
    endloop
  endfacet
  facet normal 0 0 1
    outer loop
      vertex 333.264 98.2935 2.2
      vertex 349.739 113.251 2.2
      vertex 349.222 114.23 2.2
    endloop
  endfacet
  facet normal 0 0 1
    outer loop
      vertex 333.264 98.2935 2.2
      vertex 349.222 114.23 2.2
      vertex 348.684 115.219 2.2
    endloop
  endfacet
  facet normal 0 0 1
    outer loop
      vertex 333.264 98.2935 2.2
      vertex 348.684 115.219 2.2
      vertex 348.123 116.219 2.2
    endloop
  endfacet
  facet normal 0 0 1
    outer loop
      vertex 333.264 98.2935 2.2
      vertex 348.123 116.219 2.2
      vertex 347.538 117.227 2.2
    endloop
  endfacet
  facet normal 0 0 1
    outer loop
      vertex 333.264 98.2935 2.2
      vertex 347.538 117.227 2.2
      vertex 346.928 118.242 2.2
    endloop
  endfacet
  facet normal 0 0 1
    outer loop
      vertex 333.264 98.2935 2.2
      vertex 346.928 118.242 2.2
      vertex 346.293 119.261 2.2
    endloop
  endfacet
  facet normal 0 0 1
    outer loop
      vertex 333.264 98.2935 2.2
      vertex 346.293 119.261 2.2
      vertex 345.632 120.283 2.2
    endloop
  endfacet
  facet normal 0 0 1
    outer loop
      vertex 333.264 98.2935 2.2
      vertex 345.632 120.283 2.2
      vertex 344.944 121.307 2.2
    endloop
  endfacet
  facet normal 0 0 1
    outer loop
      vertex 333.264 98.2935 2.2
      vertex 344.944 121.307 2.2
      vertex 344.228 122.33 2.2
    endloop
  endfacet
  facet normal 0 0 1
    outer loop
      vertex 333.264 98.2935 2.2
      vertex 344.228 122.33 2.2
      vertex 343.482 123.352 2.2
    endloop
  endfacet
  facet normal 0 0 1
    outer loop
      vertex 337.641 128.428 2.2
      vertex 343.482 123.352 2.2
      vertex 342.707 124.37 2.2
    endloop
  endfacet
  facet normal 0 0 1
    outer loop
      vertex 337.841 128.329 2.2
      vertex 342.707 124.37 2.2
      vertex 341.901 125.382 2.2
    endloop
  endfacet
  facet normal 0 0 1
    outer loop
      vertex 338.051 128.258 2.2
      vertex 341.901 125.382 2.2
      vertex 341.064 126.387 2.2
    endloop
  endfacet
  facet normal 0 0 1
    outer loop
      vertex 338.051 128.258 2.2
      vertex 341.064 126.387 2.2
      vertex 340.826 126.659 2.2
    endloop
  endfacet
  facet normal -0 0 1
    outer loop
      vertex 339.964 129.05 2.2
      vertex 341.956 127.9 2.2
      vertex 340.062 129.249 2.2
    endloop
  endfacet
  facet normal 0 0 1
    outer loop
      vertex 341.956 127.9 2.2
      vertex 339.964 129.05 2.2
      vertex 341.665 127.465 2.2
    endloop
  endfacet
  facet normal -0 0 1
    outer loop
      vertex 339.84 128.865 2.2
      vertex 341.665 127.465 2.2
      vertex 339.964 129.05 2.2
    endloop
  endfacet
  facet normal 0 0 1
    outer loop
      vertex 341.665 127.465 2.2
      vertex 339.84 128.865 2.2
      vertex 341.32 127.072 2.2
    endloop
  endfacet
  facet normal -0 0 1
    outer loop
      vertex 339.693 128.698 2.2
      vertex 341.32 127.072 2.2
      vertex 339.84 128.865 2.2
    endloop
  endfacet
  facet normal 0 0 1
    outer loop
      vertex 341.32 127.072 2.2
      vertex 339.693 128.698 2.2
      vertex 340.926 126.727 2.2
    endloop
  endfacet
  facet normal -0 0 1
    outer loop
      vertex 339.526 128.551 2.2
      vertex 340.926 126.727 2.2
      vertex 339.693 128.698 2.2
    endloop
  endfacet
  facet normal 0 0 1
    outer loop
      vertex 340.926 126.727 2.2
      vertex 339.526 128.551 2.2
      vertex 340.826 126.659 2.2
    endloop
  endfacet
  facet normal -0 0 1
    outer loop
      vertex 339.341 128.428 2.2
      vertex 340.826 126.659 2.2
      vertex 339.526 128.551 2.2
    endloop
  endfacet
  facet normal -0 0 1
    outer loop
      vertex 339.142 128.329 2.2
      vertex 340.826 126.659 2.2
      vertex 339.341 128.428 2.2
    endloop
  endfacet
  facet normal -0 0 1
    outer loop
      vertex 338.931 128.258 2.2
      vertex 340.826 126.659 2.2
      vertex 339.142 128.329 2.2
    endloop
  endfacet
  facet normal -0 0 1
    outer loop
      vertex 338.713 128.215 2.2
      vertex 340.826 126.659 2.2
      vertex 338.931 128.258 2.2
    endloop
  endfacet
  facet normal -0 0 1
    outer loop
      vertex 338.491 128.2 2.2
      vertex 340.826 126.659 2.2
      vertex 338.713 128.215 2.2
    endloop
  endfacet
  facet normal 0 0 1
    outer loop
      vertex 338.27 128.215 2.2
      vertex 340.826 126.659 2.2
      vertex 338.491 128.2 2.2
    endloop
  endfacet
  facet normal 0 0 1
    outer loop
      vertex 338.051 128.258 2.2
      vertex 340.826 126.659 2.2
      vertex 338.27 128.215 2.2
    endloop
  endfacet
  facet normal 0 0 1
    outer loop
      vertex 341.901 125.382 2.2
      vertex 338.051 128.258 2.2
      vertex 337.841 128.329 2.2
    endloop
  endfacet
  facet normal 0 0 1
    outer loop
      vertex 342.707 124.37 2.2
      vertex 337.841 128.329 2.2
      vertex 337.641 128.428 2.2
    endloop
  endfacet
  facet normal 0 0 1
    outer loop
      vertex 333.264 98.2935 2.2
      vertex 343.482 123.352 2.2
      vertex 337.641 128.428 2.2
    endloop
  endfacet
  facet normal 0 0 1
    outer loop
      vertex 333.264 98.2935 2.2
      vertex 337.641 128.428 2.2
      vertex 337.457 128.551 2.2
    endloop
  endfacet
  facet normal 0 0 1
    outer loop
      vertex 333.264 98.2935 2.2
      vertex 337.457 128.551 2.2
      vertex 337.289 128.698 2.2
    endloop
  endfacet
  facet normal 0 0 1
    outer loop
      vertex 333.264 98.2935 2.2
      vertex 337.289 128.698 2.2
      vertex 337.143 128.865 2.2
    endloop
  endfacet
  facet normal 0 0 1
    outer loop
      vertex 334.796 131.431 2.2
      vertex 337.143 128.865 2.2
      vertex 337.019 129.05 2.2
    endloop
  endfacet
  facet normal 0 0 1
    outer loop
      vertex 334.796 131.431 2.2
      vertex 337.019 129.05 2.2
      vertex 336.921 129.249 2.2
    endloop
  endfacet
  facet normal 0 0 1
    outer loop
      vertex 337.019 130.75 2.2
      vertex 335.027 131.9 2.2
      vertex 336.921 130.551 2.2
    endloop
  endfacet
  facet normal 0 0 1
    outer loop
      vertex 353.529 105.254 2.2
      vertex 336.247 94.5192 2.2
      vertex 350.891 93.238 2.2
    endloop
  endfacet
  facet normal 0 0 1
    outer loop
      vertex 334.796 131.431 2.2
      vertex 336.921 129.249 2.2
      vertex 336.849 129.46 2.2
    endloop
  endfacet
  facet normal 0 0 1
    outer loop
      vertex 334.796 131.431 2.2
      vertex 336.849 129.46 2.2
      vertex 336.806 129.678 2.2
    endloop
  endfacet
  facet normal -0 0 1
    outer loop
      vertex 334.796 131.431 2.2
      vertex 336.921 130.551 2.2
      vertex 335.027 131.9 2.2
    endloop
  endfacet
  facet normal 0 0 1
    outer loop
      vertex 336.921 130.551 2.2
      vertex 334.796 131.431 2.2
      vertex 336.849 130.34 2.2
    endloop
  endfacet
  facet normal 0 0 1
    outer loop
      vertex 336.849 130.34 2.2
      vertex 334.796 131.431 2.2
      vertex 336.806 130.122 2.2
    endloop
  endfacet
  facet normal 0 0 1
    outer loop
      vertex 336.806 130.122 2.2
      vertex 334.796 131.431 2.2
      vertex 336.791 129.9 2.2
    endloop
  endfacet
  facet normal 0 0 1
    outer loop
      vertex 336.791 129.9 2.2
      vertex 334.796 131.431 2.2
      vertex 336.806 129.678 2.2
    endloop
  endfacet
  facet normal 0 0 1
    outer loop
      vertex 333.264 98.2935 2.2
      vertex 337.143 128.865 2.2
      vertex 334.796 131.431 2.2
    endloop
  endfacet
  facet normal 0 0 1
    outer loop
      vertex 352.421 107.721 2.2
      vertex 333.264 98.2935 2.2
      vertex 336.247 94.5192 2.2
    endloop
  endfacet
  facet normal 0 0 1
    outer loop
      vertex 334.76 131.326 2.2
      vertex 334.095 126.387 2.2
      vertex 334.109 126.257 2.2
    endloop
  endfacet
  facet normal 0 0 1
    outer loop
      vertex 334.76 131.326 2.2
      vertex 334.064 126.515 2.2
      vertex 334.095 126.387 2.2
    endloop
  endfacet
  facet normal 0 0 1
    outer loop
      vertex 334.76 131.326 2.2
      vertex 334.016 126.636 2.2
      vertex 334.064 126.515 2.2
    endloop
  endfacet
  facet normal 0 0 1
    outer loop
      vertex 334.76 131.326 2.2
      vertex 333.953 126.751 2.2
      vertex 334.016 126.636 2.2
    endloop
  endfacet
  facet normal 0 0 1
    outer loop
      vertex 334.76 131.326 2.2
      vertex 333.876 126.857 2.2
      vertex 333.953 126.751 2.2
    endloop
  endfacet
  facet normal 0 0 1
    outer loop
      vertex 334.76 131.326 2.2
      vertex 333.785 126.951 2.2
      vertex 333.876 126.857 2.2
    endloop
  endfacet
  facet normal 0 0 1
    outer loop
      vertex 334.76 131.326 2.2
      vertex 333.683 127.033 2.2
      vertex 333.785 126.951 2.2
    endloop
  endfacet
  facet normal 0 0 1
    outer loop
      vertex 334.76 131.326 2.2
      vertex 333.572 127.101 2.2
      vertex 333.683 127.033 2.2
    endloop
  endfacet
  facet normal 0 0 1
    outer loop
      vertex 334.76 131.326 2.2
      vertex 333.452 127.154 2.2
      vertex 333.572 127.101 2.2
    endloop
  endfacet
  facet normal 0 0 1
    outer loop
      vertex 334.76 131.326 2.2
      vertex 333.326 127.19 2.2
      vertex 333.452 127.154 2.2
    endloop
  endfacet
  facet normal 0 0 1
    outer loop
      vertex 334.76 131.326 2.2
      vertex 333.197 127.21 2.2
      vertex 333.326 127.19 2.2
    endloop
  endfacet
  facet normal -0 0 1
    outer loop
      vertex 329.09 131.326 2.2
      vertex 333.197 127.21 2.2
      vertex 334.76 131.326 2.2
    endloop
  endfacet
  facet normal 0 0 1
    outer loop
      vertex 333.197 127.21 2.2
      vertex 329.09 131.326 2.2
      vertex 328.764 127.598 2.2
    endloop
  endfacet
  facet normal 0 0 1
    outer loop
      vertex 330.501 66.7142 2.2
      vertex 334.765 77.5839 2.2
      vertex 331.783 81.3582 2.2
    endloop
  endfacet
  facet normal 0 0 1
    outer loop
      vertex 334.765 77.5839 2.2
      vertex 330.501 66.7142 2.2
      vertex 333.484 62.9399 2.2
    endloop
  endfacet
  facet normal 0 0 1
    outer loop
      vertex 329.02 49.7789 2.2
      vertex 333.283 60.6486 2.2
      vertex 330.301 64.4229 2.2
    endloop
  endfacet
  facet normal 0 0 1
    outer loop
      vertex 333.283 60.6486 2.2
      vertex 329.02 49.7789 2.2
      vertex 332.002 46.0046 2.2
    endloop
  endfacet
  facet normal 0 0 1
    outer loop
      vertex 342.457 130.422 2.2
      vertex 340.177 130.122 2.2
      vertex 340.191 129.9 2.2
    endloop
  endfacet
  facet normal 0 0 1
    outer loop
      vertex 342.355 130.935 2.2
      vertex 340.133 130.34 2.2
      vertex 340.177 130.122 2.2
    endloop
  endfacet
  facet normal 0 0 1
    outer loop
      vertex 342.187 131.431 2.2
      vertex 340.062 130.551 2.2
      vertex 340.133 130.34 2.2
    endloop
  endfacet
  facet normal 0 0 1
    outer loop
      vertex 339.341 131.372 2.2
      vertex 340.491 133.364 2.2
      vertex 340.022 133.596 2.2
    endloop
  endfacet
  facet normal 0 0 1
    outer loop
      vertex 341.956 131.9 2.2
      vertex 339.964 130.75 2.2
      vertex 340.062 130.551 2.2
    endloop
  endfacet
  facet normal 0 0 1
    outer loop
      vertex 341.665 132.335 2.2
      vertex 339.84 130.935 2.2
      vertex 339.964 130.75 2.2
    endloop
  endfacet
  facet normal 0 0 1
    outer loop
      vertex 341.32 132.728 2.2
      vertex 339.693 131.102 2.2
      vertex 339.84 130.935 2.2
    endloop
  endfacet
  facet normal 0 0 1
    outer loop
      vertex 339.142 131.471 2.2
      vertex 340.022 133.596 2.2
      vertex 339.527 133.764 2.2
    endloop
  endfacet
  facet normal 0 0 1
    outer loop
      vertex 340.926 133.073 2.2
      vertex 339.526 131.249 2.2
      vertex 339.693 131.102 2.2
    endloop
  endfacet
  facet normal 0 0 1
    outer loop
      vertex 340.491 133.364 2.2
      vertex 339.341 131.372 2.2
      vertex 339.526 131.249 2.2
    endloop
  endfacet
  facet normal 0 0 1
    outer loop
      vertex 340.022 133.596 2.2
      vertex 339.142 131.471 2.2
      vertex 339.341 131.372 2.2
    endloop
  endfacet
  facet normal 0 0 1
    outer loop
      vertex 338.931 131.542 2.2
      vertex 339.527 133.764 2.2
      vertex 339.014 133.866 2.2
    endloop
  endfacet
  facet normal 0 0 1
    outer loop
      vertex 339.527 133.764 2.2
      vertex 338.931 131.542 2.2
      vertex 339.142 131.471 2.2
    endloop
  endfacet
  facet normal 0 0 1
    outer loop
      vertex 339.014 133.866 2.2
      vertex 338.713 131.585 2.2
      vertex 338.931 131.542 2.2
    endloop
  endfacet
  facet normal 0 0 1
    outer loop
      vertex 338.491 133.9 2.2
      vertex 338.713 131.585 2.2
      vertex 339.014 133.866 2.2
    endloop
  endfacet
  facet normal 0 0 1
    outer loop
      vertex 338.491 133.9 2.2
      vertex 338.491 131.6 2.2
      vertex 338.713 131.585 2.2
    endloop
  endfacet
  facet normal 0 0 1
    outer loop
      vertex 338.491 133.9 2.2
      vertex 338.27 131.585 2.2
      vertex 338.491 131.6 2.2
    endloop
  endfacet
  facet normal -0 0 1
    outer loop
      vertex 337.969 133.866 2.2
      vertex 338.27 131.585 2.2
      vertex 338.491 133.9 2.2
    endloop
  endfacet
  facet normal 0 0 1
    outer loop
      vertex 338.27 131.585 2.2
      vertex 337.969 133.866 2.2
      vertex 338.051 131.542 2.2
    endloop
  endfacet
  facet normal -0 0 1
    outer loop
      vertex 337.456 133.764 2.2
      vertex 338.051 131.542 2.2
      vertex 337.969 133.866 2.2
    endloop
  endfacet
  facet normal 0 0 1
    outer loop
      vertex 338.051 131.542 2.2
      vertex 337.456 133.764 2.2
      vertex 337.841 131.471 2.2
    endloop
  endfacet
  facet normal -0 0 1
    outer loop
      vertex 336.961 133.596 2.2
      vertex 337.841 131.471 2.2
      vertex 337.456 133.764 2.2
    endloop
  endfacet
  facet normal 0 0 1
    outer loop
      vertex 337.841 131.471 2.2
      vertex 336.961 133.596 2.2
      vertex 337.641 131.372 2.2
    endloop
  endfacet
  facet normal -0 0 1
    outer loop
      vertex 336.491 133.364 2.2
      vertex 337.641 131.372 2.2
      vertex 336.961 133.596 2.2
    endloop
  endfacet
  facet normal 0 0 1
    outer loop
      vertex 337.641 131.372 2.2
      vertex 336.491 133.364 2.2
      vertex 337.457 131.249 2.2
    endloop
  endfacet
  facet normal -0 0 1
    outer loop
      vertex 336.056 133.073 2.2
      vertex 337.457 131.249 2.2
      vertex 336.491 133.364 2.2
    endloop
  endfacet
  facet normal 0 0 1
    outer loop
      vertex 337.457 131.249 2.2
      vertex 336.056 133.073 2.2
      vertex 337.289 131.102 2.2
    endloop
  endfacet
  facet normal -0 0 1
    outer loop
      vertex 335.663 132.728 2.2
      vertex 337.289 131.102 2.2
      vertex 336.056 133.073 2.2
    endloop
  endfacet
  facet normal 0 0 1
    outer loop
      vertex 337.289 131.102 2.2
      vertex 335.663 132.728 2.2
      vertex 337.143 130.935 2.2
    endloop
  endfacet
  facet normal -0 0 1
    outer loop
      vertex 335.318 132.335 2.2
      vertex 337.143 130.935 2.2
      vertex 335.663 132.728 2.2
    endloop
  endfacet
  facet normal 0 0 1
    outer loop
      vertex 337.143 130.935 2.2
      vertex 335.318 132.335 2.2
      vertex 337.019 130.75 2.2
    endloop
  endfacet
  facet normal -0 0 1
    outer loop
      vertex 335.027 131.9 2.2
      vertex 337.019 130.75 2.2
      vertex 335.318 132.335 2.2
    endloop
  endfacet
  facet normal -0 0 1
    outer loop
      vertex 311.906 134.491 2.2
      vertex 314.031 133.611 2.2
      vertex 312.137 134.96 2.2
    endloop
  endfacet
  facet normal 0 0 1
    outer loop
      vertex 314.031 133.611 2.2
      vertex 311.906 134.491 2.2
      vertex 313.959 133.4 2.2
    endloop
  endfacet
  facet normal -0 0 1
    outer loop
      vertex 311.738 133.995 2.2
      vertex 313.959 133.4 2.2
      vertex 311.906 134.491 2.2
    endloop
  endfacet
  facet normal 0 0 1
    outer loop
      vertex 313.959 133.4 2.2
      vertex 311.738 133.995 2.2
      vertex 313.916 133.182 2.2
    endloop
  endfacet
  facet normal -0 0 1
    outer loop
      vertex 311.636 133.482 2.2
      vertex 313.916 133.182 2.2
      vertex 311.738 133.995 2.2
    endloop
  endfacet
  facet normal 0 0 1
    outer loop
      vertex 313.916 133.182 2.2
      vertex 311.636 133.482 2.2
      vertex 313.901 132.96 2.2
    endloop
  endfacet
  facet normal 0 0 1
    outer loop
      vertex 311.601 132.96 2.2
      vertex 313.901 132.96 2.2
      vertex 311.636 133.482 2.2
    endloop
  endfacet
  facet normal 0 0 1
    outer loop
      vertex 314.253 131.925 2.2
      vertex 311.634 132.459 2.2
      vertex 306.491 119.726 2.2
    endloop
  endfacet
  facet normal 0 0 1
    outer loop
      vertex 306.491 119.726 2.2
      vertex 311.634 132.459 2.2
      vertex 309.491 132.459 2.2
    endloop
  endfacet
  facet normal 0 -0 1
    outer loop
      vertex 313.265 103.778 2.2
      vertex 314.301 106.277 2.2
      vertex 298.585 104.548 2.2
    endloop
  endfacet
  facet normal 0 0 1
    outer loop
      vertex 314.301 106.277 2.2
      vertex 313.265 103.778 2.2
      vertex 314.298 106.147 2.2
    endloop
  endfacet
  facet normal 0 0 1
    outer loop
      vertex 291.864 91.2093 2.2
      vertex 297.696 87.5711 2.2
      vertex 297.816 89.8679 2.2
    endloop
  endfacet
  facet normal 0 0 1
    outer loop
      vertex 291.864 74.2093 2.2
      vertex 296.806 70.5944 2.2
      vertex 296.926 72.8912 2.2
    endloop
  endfacet
  facet normal 0 0 1
    outer loop
      vertex 296.806 70.5944 2.2
      vertex 291.864 59.5093 2.2
      vertex 296.037 55.9145 2.2
    endloop
  endfacet
  facet normal 0 0 1
    outer loop
      vertex 297.696 87.5711 2.2
      vertex 291.864 76.5093 2.2
      vertex 296.926 72.8912 2.2
    endloop
  endfacet
  facet normal -0 0 1
    outer loop
      vertex 291.864 93.5093 2.2
      vertex 297.816 89.8679 2.2
      vertex 298.585 104.548 2.2
    endloop
  endfacet
  facet normal 0 0 1
    outer loop
      vertex 295.147 38.9378 2.2
      vertex 294.118 32.7014 2.2
      vertex 294.971 32.625 2.2
    endloop
  endfacet
  facet normal -0 0 1
    outer loop
      vertex 291.864 42.5093 2.2
      vertex 295.147 38.9378 2.2
      vertex 295.916 53.6177 2.2
    endloop
  endfacet
  facet normal 0 0 1
    outer loop
      vertex 296.926 72.8912 2.2
      vertex 291.864 76.5093 2.2
      vertex 291.864 74.2093 2.2
    endloop
  endfacet
  facet normal 0 0 1
    outer loop
      vertex 291.864 42.5093 2.2
      vertex 295.916 53.6177 2.2
      vertex 291.864 57.2093 2.2
    endloop
  endfacet
  facet normal 0 0 1
    outer loop
      vertex 290.427 32.946 2.2
      vertex 295.147 38.9378 2.2
      vertex 291.864 42.5093 2.2
    endloop
  endfacet
  facet normal 0 0 1
    outer loop
      vertex 291.864 93.5093 2.2
      vertex 298.585 104.548 2.2
      vertex 291.864 108.209 2.2
    endloop
  endfacet
  facet normal 0 0 1
    outer loop
      vertex 306.491 119.726 2.2
      vertex 291.864 108.209 2.2
      vertex 298.585 104.548 2.2
    endloop
  endfacet
  facet normal -0 0 1
    outer loop
      vertex 267.251 115.232 2.2
      vertex 291.864 108.209 2.2
      vertex 306.491 119.726 2.2
    endloop
  endfacet
  facet normal -0 0 1
    outer loop
      vertex 271.463 104.93 2.2
      vertex 277.164 93.5093 2.2
      vertex 277.164 108.209 2.2
    endloop
  endfacet
  facet normal 0 -0 1
    outer loop
      vertex 271.976 90.2392 2.2
      vertex 277.164 93.5093 2.2
      vertex 271.463 104.93 2.2
    endloop
  endfacet
  facet normal 0 -0 1
    outer loop
      vertex 272.056 87.9405 2.2
      vertex 277.164 91.2093 2.2
      vertex 271.976 90.2392 2.2
    endloop
  endfacet
  facet normal 0 0 1
    outer loop
      vertex 277.164 91.2093 2.2
      vertex 272.056 87.9405 2.2
      vertex 277.164 76.5093 2.2
    endloop
  endfacet
  facet normal 0 0 1
    outer loop
      vertex 277.164 76.5093 2.2
      vertex 272.569 73.2495 2.2
      vertex 277.164 74.2093 2.2
    endloop
  endfacet
  facet normal 0 0 1
    outer loop
      vertex 277.164 74.2093 2.2
      vertex 272.65 70.9509 2.2
      vertex 277.164 59.5093 2.2
    endloop
  endfacet
  facet normal 0 0 1
    outer loop
      vertex 277.164 59.5093 2.2
      vertex 273.163 56.2599 2.2
      vertex 277.164 57.2093 2.2
    endloop
  endfacet
  facet normal 0 0 1
    outer loop
      vertex 277.164 57.2093 2.2
      vertex 273.243 53.9613 2.2
      vertex 277.164 42.5093 2.2
    endloop
  endfacet
  facet normal 0 -0 1
    outer loop
      vertex 273.756 39.2703 2.2
      vertex 277.164 42.5093 2.2
      vertex 273.243 53.9613 2.2
    endloop
  endfacet
  facet normal 0 0 1
    outer loop
      vertex 275.4 32.8458 2.2
      vertex 273.756 39.2703 2.2
      vertex 274.05 32.7675 2.2
    endloop
  endfacet
  facet normal 0 0 1
    outer loop
      vertex 276.717 32.9126 2.2
      vertex 273.756 39.2703 2.2
      vertex 275.4 32.8458 2.2
    endloop
  endfacet
  facet normal 0 0 1
    outer loop
      vertex 277.164 42.5093 2.2
      vertex 273.756 39.2703 2.2
      vertex 276.717 32.9126 2.2
    endloop
  endfacet
  facet normal 0 -0 1
    outer loop
      vertex 273.243 53.9613 2.2
      vertex 277.164 57.2093 2.2
      vertex 273.163 56.2599 2.2
    endloop
  endfacet
  facet normal 0 -0 1
    outer loop
      vertex 273.163 56.2599 2.2
      vertex 277.164 59.5093 2.2
      vertex 272.65 70.9509 2.2
    endloop
  endfacet
  facet normal 0 -0 1
    outer loop
      vertex 272.65 70.9509 2.2
      vertex 277.164 74.2093 2.2
      vertex 272.569 73.2495 2.2
    endloop
  endfacet
  facet normal 0 -0 1
    outer loop
      vertex 272.569 73.2495 2.2
      vertex 277.164 76.5093 2.2
      vertex 272.056 87.9405 2.2
    endloop
  endfacet
  facet normal 0 0 1
    outer loop
      vertex 277.164 93.5093 2.2
      vertex 271.976 90.2392 2.2
      vertex 277.164 91.2093 2.2
    endloop
  endfacet
  facet normal 0 0 1
    outer loop
      vertex 267.251 107.932 2.2
      vertex 277.164 108.209 2.2
      vertex 267.251 115.232 2.2
    endloop
  endfacet
  facet normal 0 0 1
    outer loop
      vertex 291.864 108.209 2.2
      vertex 267.251 115.232 2.2
      vertex 277.164 108.209 2.2
    endloop
  endfacet
  facet normal -0 0 1
    outer loop
      vertex 257.068 119.726 2.2
      vertex 267.251 115.232 2.2
      vertex 306.491 119.726 2.2
    endloop
  endfacet
  facet normal 0 0 1
    outer loop
      vertex 254.787 120.452 2.2
      vertex 257.067 120.752 2.2
      vertex 256.965 121.265 2.2
    endloop
  endfacet
  facet normal 0 0 1
    outer loop
      vertex 254.743 120.67 2.2
      vertex 256.965 121.265 2.2
      vertex 256.797 121.761 2.2
    endloop
  endfacet
  facet normal 0 0 1
    outer loop
      vertex 254.672 120.881 2.2
      vertex 256.797 121.761 2.2
      vertex 256.565 122.23 2.2
    endloop
  endfacet
  facet normal 0 0 1
    outer loop
      vertex 254.574 121.08 2.2
      vertex 256.565 122.23 2.2
      vertex 256.275 122.665 2.2
    endloop
  endfacet
  facet normal 0 0 1
    outer loop
      vertex 254.45 121.265 2.2
      vertex 256.275 122.665 2.2
      vertex 255.93 123.058 2.2
    endloop
  endfacet
  facet normal 0 0 1
    outer loop
      vertex 254.303 121.432 2.2
      vertex 255.93 123.058 2.2
      vertex 255.536 123.403 2.2
    endloop
  endfacet
  facet normal 0 0 1
    outer loop
      vertex 254.136 121.579 2.2
      vertex 255.536 123.403 2.2
      vertex 255.101 123.694 2.2
    endloop
  endfacet
  facet normal 0 0 1
    outer loop
      vertex 256.797 121.761 2.2
      vertex 254.672 120.881 2.2
      vertex 254.743 120.67 2.2
    endloop
  endfacet
  facet normal -0 0 1
    outer loop
      vertex 254.787 120.008 2.2
      vertex 257.068 119.726 2.2
      vertex 254.801 120.23 2.2
    endloop
  endfacet
  facet normal -0 0 1
    outer loop
      vertex 254.743 119.79 2.2
      vertex 257.068 119.726 2.2
      vertex 254.787 120.008 2.2
    endloop
  endfacet
  facet normal 0 0 1
    outer loop
      vertex 254.672 119.579 2.2
      vertex 257.068 119.726 2.2
      vertex 254.743 119.79 2.2
    endloop
  endfacet
  facet normal 0 0 1
    outer loop
      vertex 254.574 119.38 2.2
      vertex 257.068 119.726 2.2
      vertex 254.672 119.579 2.2
    endloop
  endfacet
  facet normal 0 0 1
    outer loop
      vertex 254.45 119.195 2.2
      vertex 257.068 119.726 2.2
      vertex 254.574 119.38 2.2
    endloop
  endfacet
  facet normal 0 0 1
    outer loop
      vertex 254.303 119.028 2.2
      vertex 257.068 119.726 2.2
      vertex 254.45 119.195 2.2
    endloop
  endfacet
  facet normal 0 0 1
    outer loop
      vertex 254.136 118.881 2.2
      vertex 257.068 119.726 2.2
      vertex 254.303 119.028 2.2
    endloop
  endfacet
  facet normal 0 0 1
    outer loop
      vertex 253.951 118.758 2.2
      vertex 257.068 119.726 2.2
      vertex 254.136 118.881 2.2
    endloop
  endfacet
  facet normal 0 0 1
    outer loop
      vertex 257.068 119.726 2.2
      vertex 253.951 118.758 2.2
      vertex 267.251 115.232 2.2
    endloop
  endfacet
  facet normal -0 0 1
    outer loop
      vertex 253.752 118.659 2.2
      vertex 267.251 115.232 2.2
      vertex 253.951 118.758 2.2
    endloop
  endfacet
  facet normal 0 0 1
    outer loop
      vertex 249.162 115.232 2.2
      vertex 253.752 118.659 2.2
      vertex 253.541 118.588 2.2
    endloop
  endfacet
  facet normal 0 0 1
    outer loop
      vertex 249.162 115.232 2.2
      vertex 253.541 118.588 2.2
      vertex 253.323 118.545 2.2
    endloop
  endfacet
  facet normal 0 0 1
    outer loop
      vertex 249.162 115.232 2.2
      vertex 253.323 118.545 2.2
      vertex 253.101 118.53 2.2
    endloop
  endfacet
  facet normal 0 0 1
    outer loop
      vertex 249.162 115.232 2.2
      vertex 253.101 118.53 2.2
      vertex 252.88 118.545 2.2
    endloop
  endfacet
  facet normal 0 0 1
    outer loop
      vertex 249.162 115.232 2.2
      vertex 252.88 118.545 2.2
      vertex 252.661 118.588 2.2
    endloop
  endfacet
  facet normal 0 0 1
    outer loop
      vertex 251.629 121.08 2.2
      vertex 249.637 122.23 2.2
      vertex 251.531 120.881 2.2
    endloop
  endfacet
  facet normal -0 0 1
    outer loop
      vertex 249.406 121.761 2.2
      vertex 251.531 120.881 2.2
      vertex 249.637 122.23 2.2
    endloop
  endfacet
  facet normal 0 0 1
    outer loop
      vertex 251.531 120.881 2.2
      vertex 249.406 121.761 2.2
      vertex 251.459 120.67 2.2
    endloop
  endfacet
  facet normal -0 0 1
    outer loop
      vertex 249.238 121.265 2.2
      vertex 251.459 120.67 2.2
      vertex 249.406 121.761 2.2
    endloop
  endfacet
  facet normal 0 0 1
    outer loop
      vertex 251.459 120.67 2.2
      vertex 249.238 121.265 2.2
      vertex 251.416 120.452 2.2
    endloop
  endfacet
  facet normal -0 0 1
    outer loop
      vertex 249.136 120.752 2.2
      vertex 251.416 120.452 2.2
      vertex 249.238 121.265 2.2
    endloop
  endfacet
  facet normal 0 0 1
    outer loop
      vertex 251.416 120.452 2.2
      vertex 249.136 120.752 2.2
      vertex 251.401 120.23 2.2
    endloop
  endfacet
  facet normal 0 0 1
    outer loop
      vertex 251.401 120.23 2.2
      vertex 249.162 119.575 2.2
      vertex 251.416 120.008 2.2
    endloop
  endfacet
  facet normal 0 0 1
    outer loop
      vertex 251.416 120.008 2.2
      vertex 249.162 119.575 2.2
      vertex 251.459 119.79 2.2
    endloop
  endfacet
  facet normal 0 0 1
    outer loop
      vertex 251.459 119.79 2.2
      vertex 249.162 119.575 2.2
      vertex 251.531 119.579 2.2
    endloop
  endfacet
  facet normal 0 0 1
    outer loop
      vertex 251.531 119.579 2.2
      vertex 249.162 119.575 2.2
      vertex 251.629 119.38 2.2
    endloop
  endfacet
  facet normal 0 0 1
    outer loop
      vertex 251.629 119.38 2.2
      vertex 249.162 119.575 2.2
      vertex 251.753 119.195 2.2
    endloop
  endfacet
  facet normal 0 0 1
    outer loop
      vertex 251.753 119.195 2.2
      vertex 249.162 119.575 2.2
      vertex 251.899 119.028 2.2
    endloop
  endfacet
  facet normal 0 0 1
    outer loop
      vertex 249.162 115.232 2.2
      vertex 251.899 119.028 2.2
      vertex 249.162 119.575 2.2
    endloop
  endfacet
  facet normal 0 0 1
    outer loop
      vertex 251.899 119.028 2.2
      vertex 249.162 115.232 2.2
      vertex 252.067 118.881 2.2
    endloop
  endfacet
  facet normal 0 0 1
    outer loop
      vertex 252.067 118.881 2.2
      vertex 249.162 115.232 2.2
      vertex 252.251 118.758 2.2
    endloop
  endfacet
  facet normal 0 0 1
    outer loop
      vertex 252.251 118.758 2.2
      vertex 249.162 115.232 2.2
      vertex 252.451 118.659 2.2
    endloop
  endfacet
  facet normal 0 0 1
    outer loop
      vertex 253.752 118.659 2.2
      vertex 249.162 115.232 2.2
      vertex 267.251 115.232 2.2
    endloop
  endfacet
  facet normal 0 0 1
    outer loop
      vertex 252.451 118.659 2.2
      vertex 249.162 115.232 2.2
      vertex 252.661 118.588 2.2
    endloop
  endfacet
  facet normal -0 0 1
    outer loop
      vertex 277.164 59.5093 2.2
      vertex 291.864 57.2093 2.2
      vertex 291.864 59.5093 2.2
    endloop
  endfacet
  facet normal 0 0 1
    outer loop
      vertex 291.864 57.2093 2.2
      vertex 277.164 59.5093 2.2
      vertex 277.164 57.2093 2.2
    endloop
  endfacet
  facet normal -0 0 1
    outer loop
      vertex 277.164 76.5093 2.2
      vertex 291.864 74.2093 2.2
      vertex 291.864 76.5093 2.2
    endloop
  endfacet
  facet normal 0 0 1
    outer loop
      vertex 291.864 74.2093 2.2
      vertex 277.164 76.5093 2.2
      vertex 277.164 74.2093 2.2
    endloop
  endfacet
  facet normal -0 0 1
    outer loop
      vertex 277.164 93.5093 2.2
      vertex 291.864 91.2093 2.2
      vertex 291.864 93.5093 2.2
    endloop
  endfacet
  facet normal 0 0 1
    outer loop
      vertex 291.864 91.2093 2.2
      vertex 277.164 93.5093 2.2
      vertex 277.164 91.2093 2.2
    endloop
  endfacet
  facet normal 0 0 1
    outer loop
      vertex 296.037 55.9145 2.2
      vertex 310.596 52.8484 2.2
      vertex 310.717 55.1452 2.2
    endloop
  endfacet
  facet normal 0 0 1
    outer loop
      vertex 310.596 52.8484 2.2
      vertex 296.037 55.9145 2.2
      vertex 295.916 53.6177 2.2
    endloop
  endfacet
  facet normal 0 0 1
    outer loop
      vertex 296.926 72.8912 2.2
      vertex 311.486 69.8251 2.2
      vertex 311.606 72.1219 2.2
    endloop
  endfacet
  facet normal 0 0 1
    outer loop
      vertex 311.486 69.8251 2.2
      vertex 296.926 72.8912 2.2
      vertex 296.806 70.5944 2.2
    endloop
  endfacet
  facet normal 0 0 1
    outer loop
      vertex 313.901 132.96 2.2
      vertex 311.601 132.96 2.2
      vertex 311.634 132.459 2.2
    endloop
  endfacet
  facet normal 0 0 1
    outer loop
      vertex 314.376 51.0601 2.2
      vertex 310.596 52.8484 2.2
      vertex 314.175 48.7688 2.2
    endloop
  endfacet
  facet normal 0 0 1
    outer loop
      vertex 309.827 38.1685 2.2
      vertex 314.175 48.7688 2.2
      vertex 310.596 52.8484 2.2
    endloop
  endfacet
  facet normal 0 0 1
    outer loop
      vertex 314.175 48.7688 2.2
      vertex 309.827 38.1685 2.2
      vertex 312.894 34.1248 2.2
    endloop
  endfacet
  facet normal 0 0 1
    outer loop
      vertex 306.637 30.2308 2.2
      vertex 312.894 34.1248 2.2
      vertex 309.827 38.1685 2.2
    endloop
  endfacet
  facet normal 0 0 1
    outer loop
      vertex 312.894 34.1248 2.2
      vertex 312.379 26.9078 2.2
      vertex 312.919 26.6941 2.2
    endloop
  endfacet
  facet normal 0 0 1
    outer loop
      vertex 312.894 34.1248 2.2
      vertex 311.87 27.1225 2.2
      vertex 312.379 26.9078 2.2
    endloop
  endfacet
  facet normal 0 0 1
    outer loop
      vertex 312.894 34.1248 2.2
      vertex 311.391 27.3383 2.2
      vertex 311.87 27.1225 2.2
    endloop
  endfacet
  facet normal 0 0 1
    outer loop
      vertex 312.894 34.1248 2.2
      vertex 310.938 27.5552 2.2
      vertex 311.391 27.3383 2.2
    endloop
  endfacet
  facet normal 0 0 1
    outer loop
      vertex 312.894 34.1248 2.2
      vertex 310.512 27.7722 2.2
      vertex 310.938 27.5552 2.2
    endloop
  endfacet
  facet normal 0 0 1
    outer loop
      vertex 312.894 34.1248 2.2
      vertex 310.112 27.9884 2.2
      vertex 310.512 27.7722 2.2
    endloop
  endfacet
  facet normal 0 0 1
    outer loop
      vertex 312.894 34.1248 2.2
      vertex 309.737 28.2029 2.2
      vertex 310.112 27.9884 2.2
    endloop
  endfacet
  facet normal 0 0 1
    outer loop
      vertex 312.894 34.1248 2.2
      vertex 309.386 28.4141 2.2
      vertex 309.737 28.2029 2.2
    endloop
  endfacet
  facet normal 0 0 1
    outer loop
      vertex 312.894 34.1248 2.2
      vertex 309.059 28.6205 2.2
      vertex 309.386 28.4141 2.2
    endloop
  endfacet
  facet normal 0 0 1
    outer loop
      vertex 312.894 34.1248 2.2
      vertex 308.756 28.8197 2.2
      vertex 309.059 28.6205 2.2
    endloop
  endfacet
  facet normal 0 0 1
    outer loop
      vertex 312.894 34.1248 2.2
      vertex 308.475 29.0104 2.2
      vertex 308.756 28.8197 2.2
    endloop
  endfacet
  facet normal 0 0 1
    outer loop
      vertex 312.894 34.1248 2.2
      vertex 308.217 29.19 2.2
      vertex 308.475 29.0104 2.2
    endloop
  endfacet
  facet normal 0 0 1
    outer loop
      vertex 312.894 34.1248 2.2
      vertex 307.982 29.3564 2.2
      vertex 308.217 29.19 2.2
    endloop
  endfacet
  facet normal 0 0 1
    outer loop
      vertex 312.894 34.1248 2.2
      vertex 307.764 29.5114 2.2
      vertex 307.982 29.3564 2.2
    endloop
  endfacet
  facet normal 0 0 1
    outer loop
      vertex 312.894 34.1248 2.2
      vertex 307.571 29.6477 2.2
      vertex 307.764 29.5114 2.2
    endloop
  endfacet
  facet normal 0 0 1
    outer loop
      vertex 312.894 34.1248 2.2
      vertex 307.39 29.7726 2.2
      vertex 307.571 29.6477 2.2
    endloop
  endfacet
  facet normal 0 0 1
    outer loop
      vertex 312.894 34.1248 2.2
      vertex 307.225 29.8833 2.2
      vertex 307.39 29.7726 2.2
    endloop
  endfacet
  facet normal 0 0 1
    outer loop
      vertex 312.894 34.1248 2.2
      vertex 307.071 29.9825 2.2
      vertex 307.225 29.8833 2.2
    endloop
  endfacet
  facet normal 0 0 1
    outer loop
      vertex 312.894 34.1248 2.2
      vertex 306.925 30.072 2.2
      vertex 307.071 29.9825 2.2
    endloop
  endfacet
  facet normal 0 0 1
    outer loop
      vertex 312.894 34.1248 2.2
      vertex 306.781 30.1542 2.2
      vertex 306.925 30.072 2.2
    endloop
  endfacet
  facet normal 0 0 1
    outer loop
      vertex 312.894 34.1248 2.2
      vertex 306.637 30.2308 2.2
      vertex 306.781 30.1542 2.2
    endloop
  endfacet
  facet normal 0 0 1
    outer loop
      vertex 309.827 38.1685 2.2
      vertex 306.479 30.3083 2.2
      vertex 306.637 30.2308 2.2
    endloop
  endfacet
  facet normal 0 0 1
    outer loop
      vertex 309.827 38.1685 2.2
      vertex 306.287 30.3947 2.2
      vertex 306.479 30.3083 2.2
    endloop
  endfacet
  facet normal 0 0 1
    outer loop
      vertex 309.827 38.1685 2.2
      vertex 306.057 30.49 2.2
      vertex 306.287 30.3947 2.2
    endloop
  endfacet
  facet normal 0 0 1
    outer loop
      vertex 309.827 38.1685 2.2
      vertex 305.793 30.5917 2.2
      vertex 306.057 30.49 2.2
    endloop
  endfacet
  facet normal 0 0 1
    outer loop
      vertex 309.827 38.1685 2.2
      vertex 305.493 30.6989 2.2
      vertex 305.793 30.5917 2.2
    endloop
  endfacet
  facet normal 0 0 1
    outer loop
      vertex 309.827 38.1685 2.2
      vertex 305.162 30.8097 2.2
      vertex 305.493 30.6989 2.2
    endloop
  endfacet
  facet normal 0 0 1
    outer loop
      vertex 309.827 38.1685 2.2
      vertex 304.797 30.9237 2.2
      vertex 305.162 30.8097 2.2
    endloop
  endfacet
  facet normal 0 0 1
    outer loop
      vertex 309.827 38.1685 2.2
      vertex 304.402 31.0392 2.2
      vertex 304.797 30.9237 2.2
    endloop
  endfacet
  facet normal 0 0 1
    outer loop
      vertex 309.827 38.1685 2.2
      vertex 303.976 31.1562 2.2
      vertex 304.402 31.0392 2.2
    endloop
  endfacet
  facet normal 0 0 1
    outer loop
      vertex 309.827 38.1685 2.2
      vertex 303.52 31.2736 2.2
      vertex 303.976 31.1562 2.2
    endloop
  endfacet
  facet normal 0 0 1
    outer loop
      vertex 309.827 38.1685 2.2
      vertex 303.034 31.3909 2.2
      vertex 303.52 31.2736 2.2
    endloop
  endfacet
  facet normal 0 0 1
    outer loop
      vertex 309.827 38.1685 2.2
      vertex 302.519 31.5076 2.2
      vertex 303.034 31.3909 2.2
    endloop
  endfacet
  facet normal 0 0 1
    outer loop
      vertex 309.827 38.1685 2.2
      vertex 301.975 31.6232 2.2
      vertex 302.519 31.5076 2.2
    endloop
  endfacet
  facet normal 0 0 1
    outer loop
      vertex 309.827 38.1685 2.2
      vertex 301.403 31.737 2.2
      vertex 301.975 31.6232 2.2
    endloop
  endfacet
  facet normal 0 0 1
    outer loop
      vertex 309.827 38.1685 2.2
      vertex 300.799 31.8493 2.2
      vertex 301.403 31.737 2.2
    endloop
  endfacet
  facet normal 0 0 1
    outer loop
      vertex 295.147 38.9378 2.2
      vertex 300.799 31.8493 2.2
      vertex 309.827 38.1685 2.2
    endloop
  endfacet
  facet normal 0 0 1
    outer loop
      vertex 300.799 31.8493 2.2
      vertex 295.147 38.9378 2.2
      vertex 300.169 31.9588 2.2
    endloop
  endfacet
  facet normal 0 0 1
    outer loop
      vertex 300.169 31.9588 2.2
      vertex 295.147 38.9378 2.2
      vertex 299.513 32.0652 2.2
    endloop
  endfacet
  facet normal 0 0 1
    outer loop
      vertex 299.513 32.0652 2.2
      vertex 295.147 38.9378 2.2
      vertex 298.824 32.1691 2.2
    endloop
  endfacet
  facet normal 0 0 1
    outer loop
      vertex 298.824 32.1691 2.2
      vertex 295.147 38.9378 2.2
      vertex 298.11 32.2688 2.2
    endloop
  endfacet
  facet normal 0 0 1
    outer loop
      vertex 298.11 32.2688 2.2
      vertex 295.147 38.9378 2.2
      vertex 297.368 32.3646 2.2
    endloop
  endfacet
  facet normal 0 0 1
    outer loop
      vertex 297.368 32.3646 2.2
      vertex 295.147 38.9378 2.2
      vertex 296.596 32.4564 2.2
    endloop
  endfacet
  facet normal 0 0 1
    outer loop
      vertex 296.596 32.4564 2.2
      vertex 295.147 38.9378 2.2
      vertex 295.798 32.5431 2.2
    endloop
  endfacet
  facet normal 0 0 1
    outer loop
      vertex 295.798 32.5431 2.2
      vertex 295.147 38.9378 2.2
      vertex 294.971 32.625 2.2
    endloop
  endfacet
  facet normal 0 0 1
    outer loop
      vertex 297.816 89.8679 2.2
      vertex 291.864 93.5093 2.2
      vertex 291.864 91.2093 2.2
    endloop
  endfacet
  facet normal 0 0 1
    outer loop
      vertex 297.696 87.5711 2.2
      vertex 291.864 91.2093 2.2
      vertex 291.864 76.5093 2.2
    endloop
  endfacet
  facet normal 0 0 1
    outer loop
      vertex 296.806 70.5944 2.2
      vertex 291.864 74.2093 2.2
      vertex 291.864 59.5093 2.2
    endloop
  endfacet
  facet normal -0 0 1
    outer loop
      vertex 291.864 57.2093 2.2
      vertex 296.037 55.9145 2.2
      vertex 291.864 59.5093 2.2
    endloop
  endfacet
  facet normal 0 0 1
    outer loop
      vertex 296.037 55.9145 2.2
      vertex 291.864 57.2093 2.2
      vertex 295.916 53.6177 2.2
    endloop
  endfacet
  facet normal 0 0 1
    outer loop
      vertex 295.147 38.9378 2.2
      vertex 293.238 32.7719 2.2
      vertex 294.118 32.7014 2.2
    endloop
  endfacet
  facet normal 0 0 1
    outer loop
      vertex 295.147 38.9378 2.2
      vertex 292.328 32.8365 2.2
      vertex 293.238 32.7719 2.2
    endloop
  endfacet
  facet normal 0 0 1
    outer loop
      vertex 295.147 38.9378 2.2
      vertex 291.392 32.8947 2.2
      vertex 292.328 32.8365 2.2
    endloop
  endfacet
  facet normal 0 0 1
    outer loop
      vertex 295.147 38.9378 2.2
      vertex 290.427 32.946 2.2
      vertex 291.392 32.8947 2.2
    endloop
  endfacet
  facet normal 0 0 1
    outer loop
      vertex 291.864 42.5093 2.2
      vertex 289.436 32.9902 2.2
      vertex 290.427 32.946 2.2
    endloop
  endfacet
  facet normal 0 0 1
    outer loop
      vertex 291.864 42.5093 2.2
      vertex 288.415 33.0271 2.2
      vertex 289.436 32.9902 2.2
    endloop
  endfacet
  facet normal 0 0 1
    outer loop
      vertex 291.864 42.5093 2.2
      vertex 287.372 33.0559 2.2
      vertex 288.415 33.0271 2.2
    endloop
  endfacet
  facet normal 0 0 1
    outer loop
      vertex 291.864 42.5093 2.2
      vertex 286.294 33.0769 2.2
      vertex 287.372 33.0559 2.2
    endloop
  endfacet
  facet normal 0 0 1
    outer loop
      vertex 291.864 42.5093 2.2
      vertex 285.196 33.0894 2.2
      vertex 286.294 33.0769 2.2
    endloop
  endfacet
  facet normal 0 0 1
    outer loop
      vertex 291.864 42.5093 2.2
      vertex 284.065 33.0931 2.2
      vertex 285.196 33.0894 2.2
    endloop
  endfacet
  facet normal -0 0 1
    outer loop
      vertex 277.164 42.5093 2.2
      vertex 284.065 33.0931 2.2
      vertex 291.864 42.5093 2.2
    endloop
  endfacet
  facet normal 0 0 1
    outer loop
      vertex 284.065 33.0931 2.2
      vertex 277.164 42.5093 2.2
      vertex 282.91 33.0876 2.2
    endloop
  endfacet
  facet normal 0 0 1
    outer loop
      vertex 282.91 33.0876 2.2
      vertex 277.164 42.5093 2.2
      vertex 281.727 33.0728 2.2
    endloop
  endfacet
  facet normal 0 0 1
    outer loop
      vertex 281.727 33.0728 2.2
      vertex 277.164 42.5093 2.2
      vertex 280.515 33.0482 2.2
    endloop
  endfacet
  facet normal 0 0 1
    outer loop
      vertex 280.515 33.0482 2.2
      vertex 277.164 42.5093 2.2
      vertex 279.276 33.0135 2.2
    endloop
  endfacet
  facet normal 0 0 1
    outer loop
      vertex 279.276 33.0135 2.2
      vertex 277.164 42.5093 2.2
      vertex 278.013 32.9685 2.2
    endloop
  endfacet
  facet normal 0 0 1
    outer loop
      vertex 278.013 32.9685 2.2
      vertex 277.164 42.5093 2.2
      vertex 276.717 32.9126 2.2
    endloop
  endfacet
  facet normal 0 0 1
    outer loop
      vertex 273.756 39.2703 2.2
      vertex 272.676 32.6775 2.2
      vertex 274.05 32.7675 2.2
    endloop
  endfacet
  facet normal 0 0 1
    outer loop
      vertex 273.756 39.2703 2.2
      vertex 272.423 32.6591 2.2
      vertex 272.676 32.6775 2.2
    endloop
  endfacet
  facet normal -0 0 1
    outer loop
      vertex 270.413 30.6 2.2
      vertex 272.635 30.0047 2.2
      vertex 270.457 30.8181 2.2
    endloop
  endfacet
  facet normal -0 0 1
    outer loop
      vertex 270.342 30.3894 2.2
      vertex 272.467 29.5093 2.2
      vertex 270.413 30.6 2.2
    endloop
  endfacet
  facet normal 0 0 1
    outer loop
      vertex 272.467 29.5093 2.2
      vertex 270.342 30.3894 2.2
      vertex 272.236 29.04 2.2
    endloop
  endfacet
  facet normal 0 0 1
    outer loop
      vertex 269.422 32.6106 2.2
      vertex 272.423 32.6591 2.2
      vertex 273.756 39.2703 2.2
    endloop
  endfacet
  facet normal 0 0 1
    outer loop
      vertex 272.635 30.0047 2.2
      vertex 270.413 30.6 2.2
      vertex 272.467 29.5093 2.2
    endloop
  endfacet
  facet normal -0 0 1
    outer loop
      vertex 270.244 30.19 2.2
      vertex 272.236 29.04 2.2
      vertex 270.342 30.3894 2.2
    endloop
  endfacet
  facet normal 0 0 1
    outer loop
      vertex 272.423 32.6591 2.2
      vertex 270.457 31.2619 2.2
      vertex 270.471 31.04 2.2
    endloop
  endfacet
  facet normal 0 0 1
    outer loop
      vertex 272.423 32.6591 2.2
      vertex 270.413 31.48 2.2
      vertex 270.457 31.2619 2.2
    endloop
  endfacet
  facet normal 0 0 1
    outer loop
      vertex 272.423 32.6591 2.2
      vertex 270.342 31.6906 2.2
      vertex 270.413 31.48 2.2
    endloop
  endfacet
  facet normal 0 0 1
    outer loop
      vertex 272.423 32.6591 2.2
      vertex 270.244 31.89 2.2
      vertex 270.342 31.6906 2.2
    endloop
  endfacet
  facet normal 0 0 1
    outer loop
      vertex 272.423 32.6591 2.2
      vertex 270.12 32.0749 2.2
      vertex 270.244 31.89 2.2
    endloop
  endfacet
  facet normal 0 0 1
    outer loop
      vertex 272.423 32.6591 2.2
      vertex 269.973 32.2421 2.2
      vertex 270.12 32.0749 2.2
    endloop
  endfacet
  facet normal 0 0 1
    outer loop
      vertex 272.423 32.6591 2.2
      vertex 269.806 32.3887 2.2
      vertex 269.973 32.2421 2.2
    endloop
  endfacet
  facet normal 0 0 1
    outer loop
      vertex 272.423 32.6591 2.2
      vertex 269.621 32.5122 2.2
      vertex 269.806 32.3887 2.2
    endloop
  endfacet
  facet normal 0 0 1
    outer loop
      vertex 272.423 32.6591 2.2
      vertex 269.422 32.6106 2.2
      vertex 269.621 32.5122 2.2
    endloop
  endfacet
  facet normal 0 0 1
    outer loop
      vertex 273.756 39.2703 2.2
      vertex 269.211 32.6821 2.2
      vertex 269.422 32.6106 2.2
    endloop
  endfacet
  facet normal 0 0 1
    outer loop
      vertex 273.756 39.2703 2.2
      vertex 268.993 32.7255 2.2
      vertex 269.211 32.6821 2.2
    endloop
  endfacet
  facet normal 0 0 1
    outer loop
      vertex 273.756 39.2703 2.2
      vertex 268.771 32.74 2.2
      vertex 268.993 32.7255 2.2
    endloop
  endfacet
  facet normal 0 0 1
    outer loop
      vertex 273.756 39.2703 2.2
      vertex 268.549 32.7255 2.2
      vertex 268.771 32.74 2.2
    endloop
  endfacet
  facet normal 0 0 1
    outer loop
      vertex 273.756 39.2703 2.2
      vertex 268.331 32.6821 2.2
      vertex 268.549 32.7255 2.2
    endloop
  endfacet
  facet normal -0 0 1
    outer loop
      vertex 259.065 38.7573 2.2
      vertex 268.331 32.6821 2.2
      vertex 273.756 39.2703 2.2
    endloop
  endfacet
  facet normal 0 0 1
    outer loop
      vertex 268.331 32.6821 2.2
      vertex 259.065 38.7573 2.2
      vertex 268.121 32.6106 2.2
    endloop
  endfacet
  facet normal 0 0 1
    outer loop
      vertex 268.121 32.6106 2.2
      vertex 259.065 38.7573 2.2
      vertex 267.921 32.5122 2.2
    endloop
  endfacet
  facet normal 0 0 1
    outer loop
      vertex 267.921 32.5122 2.2
      vertex 259.065 38.7573 2.2
      vertex 267.737 32.3887 2.2
    endloop
  endfacet
  facet normal 0 0 1
    outer loop
      vertex 268.49 20.0634 2.2
      vertex 266.955 15.8211 2.2
      vertex 267.064 15.9206 2.2
    endloop
  endfacet
  facet normal 0 0 1
    outer loop
      vertex 267.086 30.8181 2.2
      vertex 260.039 20.9331 2.2
      vertex 266.955 15.8211 2.2
    endloop
  endfacet
  facet normal 0 0 1
    outer loop
      vertex 266.955 15.8211 2.2
      vertex 260.039 20.9331 2.2
      vertex 266.838 15.7215 2.2
    endloop
  endfacet
  facet normal 0 0 1
    outer loop
      vertex 266.838 15.7215 2.2
      vertex 260.039 20.9331 2.2
      vertex 266.714 15.6229 2.2
    endloop
  endfacet
  facet normal 0 0 1
    outer loop
      vertex 266.714 15.6229 2.2
      vertex 260.039 20.9331 2.2
      vertex 266.591 15.531 2.2
    endloop
  endfacet
  facet normal 0 0 1
    outer loop
      vertex 266.591 15.531 2.2
      vertex 260.039 20.9331 2.2
      vertex 266.464 15.4428 2.2
    endloop
  endfacet
  facet normal 0 0 1
    outer loop
      vertex 266.464 15.4428 2.2
      vertex 260.039 20.9331 2.2
      vertex 266.336 15.3602 2.2
    endloop
  endfacet
  facet normal 0 0 1
    outer loop
      vertex 266.336 15.3602 2.2
      vertex 260.039 20.9331 2.2
      vertex 266.202 15.2793 2.2
    endloop
  endfacet
  facet normal 0 0 1
    outer loop
      vertex 266.202 15.2793 2.2
      vertex 260.039 20.9331 2.2
      vertex 266.073 15.2072 2.2
    endloop
  endfacet
  facet normal 0 0 1
    outer loop
      vertex 255.742 34.9908 2.2
      vertex 267.071 31.04 2.2
      vertex 267.086 31.2619 2.2
    endloop
  endfacet
  facet normal 0 0 1
    outer loop
      vertex 266.073 15.2072 2.2
      vertex 260.039 20.9331 2.2
      vertex 265.937 15.1366 2.2
    endloop
  endfacet
  facet normal 0 0 1
    outer loop
      vertex 265.937 15.1366 2.2
      vertex 260.039 20.9331 2.2
      vertex 265.792 15.0679 2.2
    endloop
  endfacet
  facet normal 0 0 1
    outer loop
      vertex 265.792 15.0679 2.2
      vertex 260.039 20.9331 2.2
      vertex 265.654 15.0077 2.2
    endloop
  endfacet
  facet normal 0 0 1
    outer loop
      vertex 265.654 15.0077 2.2
      vertex 260.039 20.9331 2.2
      vertex 265.512 14.9511 2.2
    endloop
  endfacet
  facet normal 0 0 1
    outer loop
      vertex 265.512 14.9511 2.2
      vertex 260.039 20.9331 2.2
      vertex 265.368 14.8992 2.2
    endloop
  endfacet
  facet normal 0 0 1
    outer loop
      vertex 265.368 14.8992 2.2
      vertex 260.039 20.9331 2.2
      vertex 265.291 14.8743 2.2
    endloop
  endfacet
  facet normal 0 0 1
    outer loop
      vertex 255.742 34.9908 2.2
      vertex 267.086 31.2619 2.2
      vertex 267.129 31.48 2.2
    endloop
  endfacet
  facet normal 0 0 1
    outer loop
      vertex 259.065 38.7573 2.2
      vertex 267.129 31.48 2.2
      vertex 267.201 31.6906 2.2
    endloop
  endfacet
  facet normal 0 0 1
    outer loop
      vertex 259.065 38.7573 2.2
      vertex 267.201 31.6906 2.2
      vertex 267.299 31.89 2.2
    endloop
  endfacet
  facet normal 0 0 1
    outer loop
      vertex 267.737 32.3887 2.2
      vertex 259.065 38.7573 2.2
      vertex 267.569 32.2421 2.2
    endloop
  endfacet
  facet normal 0 0 1
    outer loop
      vertex 259.065 38.7573 2.2
      vertex 267.423 32.0749 2.2
      vertex 267.569 32.2421 2.2
    endloop
  endfacet
  facet normal 0 0 1
    outer loop
      vertex 259.065 38.7573 2.2
      vertex 267.299 31.89 2.2
      vertex 267.423 32.0749 2.2
    endloop
  endfacet
  facet normal 0 0 1
    outer loop
      vertex 267.129 31.48 2.2
      vertex 259.065 38.7573 2.2
      vertex 255.742 34.9908 2.2
    endloop
  endfacet
  facet normal 0 0 1
    outer loop
      vertex 250.187 53.1606 2.2
      vertex 258.552 53.4483 2.2
      vertex 258.472 55.7469 2.2
    endloop
  endfacet
  facet normal 0 0 1
    outer loop
      vertex 254.056 75.4293 2.2
      vertex 257.959 70.4379 2.2
      vertex 257.878 72.7365 2.2
    endloop
  endfacet
  facet normal -0 0 1
    outer loop
      vertex 253.936 77.7261 2.2
      vertex 257.878 72.7365 2.2
      vertex 257.365 87.4275 2.2
    endloop
  endfacet
  facet normal -0 0 1
    outer loop
      vertex 253.166 92.406 2.2
      vertex 257.285 89.7262 2.2
      vertex 256.772 104.417 2.2
    endloop
  endfacet
  facet normal 0 0 1
    outer loop
      vertex 267.086 30.8181 2.2
      vertex 255.742 34.9908 2.2
      vertex 260.039 20.9331 2.2
    endloop
  endfacet
  facet normal 0 0 1
    outer loop
      vertex 258.552 53.4483 2.2
      vertex 254.484 39.1029 2.2
      vertex 259.065 38.7573 2.2
    endloop
  endfacet
  facet normal 0 0 1
    outer loop
      vertex 257.959 70.4379 2.2
      vertex 254.056 75.4293 2.2
      vertex 254.825 60.7494 2.2
    endloop
  endfacet
  facet normal 0 0 1
    outer loop
      vertex 257.285 89.7262 2.2
      vertex 253.166 92.406 2.2
      vertex 257.365 87.4275 2.2
    endloop
  endfacet
  facet normal 0 0 1
    outer loop
      vertex 273.163 56.2599 2.2
      vertex 258.552 53.4483 2.2
      vertex 273.243 53.9613 2.2
    endloop
  endfacet
  facet normal 0 -0 1
    outer loop
      vertex 258.552 53.4483 2.2
      vertex 273.163 56.2599 2.2
      vertex 258.472 55.7469 2.2
    endloop
  endfacet
  facet normal 0 0 1
    outer loop
      vertex 272.569 73.2495 2.2
      vertex 257.959 70.4379 2.2
      vertex 272.65 70.9509 2.2
    endloop
  endfacet
  facet normal 0 -0 1
    outer loop
      vertex 257.959 70.4379 2.2
      vertex 272.569 73.2495 2.2
      vertex 257.878 72.7365 2.2
    endloop
  endfacet
  facet normal 0 0 1
    outer loop
      vertex 270.471 31.04 2.2
      vertex 272.771 31.04 2.2
      vertex 272.737 31.5621 2.2
    endloop
  endfacet
  facet normal 0 0 1
    outer loop
      vertex 270.471 31.04 2.2
      vertex 272.737 31.5621 2.2
      vertex 272.635 32.0753 2.2
    endloop
  endfacet
  facet normal 0 0 1
    outer loop
      vertex 272.771 31.04 2.2
      vertex 270.471 31.04 2.2
      vertex 272.737 30.5179 2.2
    endloop
  endfacet
  facet normal 0 0 1
    outer loop
      vertex 270.471 31.04 2.2
      vertex 272.467 32.5707 2.2
      vertex 272.423 32.6591 2.2
    endloop
  endfacet
  facet normal 0 0 1
    outer loop
      vertex 272.467 32.5707 2.2
      vertex 270.471 31.04 2.2
      vertex 272.635 32.0753 2.2
    endloop
  endfacet
  facet normal -0 0 1
    outer loop
      vertex 270.457 30.8181 2.2
      vertex 272.737 30.5179 2.2
      vertex 270.471 31.04 2.2
    endloop
  endfacet
  facet normal 0 0 1
    outer loop
      vertex 272.737 30.5179 2.2
      vertex 270.457 30.8181 2.2
      vertex 272.635 30.0047 2.2
    endloop
  endfacet
  facet normal 0 0 1
    outer loop
      vertex 271.976 90.2392 2.2
      vertex 257.365 87.4275 2.2
      vertex 272.056 87.9405 2.2
    endloop
  endfacet
  facet normal 0 -0 1
    outer loop
      vertex 257.365 87.4275 2.2
      vertex 271.976 90.2392 2.2
      vertex 257.285 89.7262 2.2
    endloop
  endfacet
  facet normal 0 0 1
    outer loop
      vertex 272.236 29.04 2.2
      vertex 270.244 30.19 2.2
      vertex 271.945 28.605 2.2
    endloop
  endfacet
  facet normal -0 0 1
    outer loop
      vertex 270.12 30.0051 2.2
      vertex 271.945 28.605 2.2
      vertex 270.244 30.19 2.2
    endloop
  endfacet
  facet normal 0 0 1
    outer loop
      vertex 271.945 28.605 2.2
      vertex 270.12 30.0051 2.2
      vertex 271.6 28.2116 2.2
    endloop
  endfacet
  facet normal -0 0 1
    outer loop
      vertex 269.973 29.8379 2.2
      vertex 271.6 28.2116 2.2
      vertex 270.12 30.0051 2.2
    endloop
  endfacet
  facet normal 0 0 1
    outer loop
      vertex 271.6 28.2116 2.2
      vertex 269.973 29.8379 2.2
      vertex 271.206 27.8666 2.2
    endloop
  endfacet
  facet normal -0 0 1
    outer loop
      vertex 269.806 29.6913 2.2
      vertex 271.206 27.8666 2.2
      vertex 269.973 29.8379 2.2
    endloop
  endfacet
  facet normal 0 0 1
    outer loop
      vertex 271.206 27.8666 2.2
      vertex 269.806 29.6913 2.2
      vertex 270.771 27.5759 2.2
    endloop
  endfacet
  facet normal -0 0 1
    outer loop
      vertex 269.621 29.5678 2.2
      vertex 270.771 27.5759 2.2
      vertex 269.806 29.6913 2.2
    endloop
  endfacet
  facet normal 0 0 1
    outer loop
      vertex 270.771 27.5759 2.2
      vertex 269.621 29.5678 2.2
      vertex 270.302 27.3445 2.2
    endloop
  endfacet
  facet normal -0 0 1
    outer loop
      vertex 269.422 29.4694 2.2
      vertex 270.302 27.3445 2.2
      vertex 269.621 29.5678 2.2
    endloop
  endfacet
  facet normal 0 0 1
    outer loop
      vertex 270.302 27.3445 2.2
      vertex 269.422 29.4694 2.2
      vertex 269.807 27.1763 2.2
    endloop
  endfacet
  facet normal -0 0 1
    outer loop
      vertex 269.211 29.3979 2.2
      vertex 269.807 27.1763 2.2
      vertex 269.422 29.4694 2.2
    endloop
  endfacet
  facet normal 0 0 1
    outer loop
      vertex 269.807 27.1763 2.2
      vertex 269.211 29.3979 2.2
      vertex 269.294 27.0742 2.2
    endloop
  endfacet
  facet normal -0 0 1
    outer loop
      vertex 268.993 29.3545 2.2
      vertex 269.294 27.0742 2.2
      vertex 269.211 29.3979 2.2
    endloop
  endfacet
  facet normal -0 0 1
    outer loop
      vertex 268.771 29.34 2.2
      vertex 269.294 27.0742 2.2
      vertex 268.993 29.3545 2.2
    endloop
  endfacet
  facet normal 0 0 1
    outer loop
      vertex 268.771 29.34 2.2
      vertex 268.771 27.04 2.2
      vertex 269.294 27.0742 2.2
    endloop
  endfacet
  facet normal 0 0 1
    outer loop
      vertex 268.272 27.0727 2.2
      vertex 268.771 29.34 2.2
      vertex 268.549 29.3545 2.2
    endloop
  endfacet
  facet normal 0 0 1
    outer loop
      vertex 268.272 27.0727 2.2
      vertex 268.549 29.3545 2.2
      vertex 268.331 29.3979 2.2
    endloop
  endfacet
  facet normal 0 0 1
    outer loop
      vertex 268.771 29.34 2.2
      vertex 268.272 27.0727 2.2
      vertex 268.771 27.04 2.2
    endloop
  endfacet
  facet normal 0 0 1
    outer loop
      vertex 268.49 20.0634 2.2
      vertex 268.192 17.5578 2.2
      vertex 268.249 17.7005 2.2
    endloop
  endfacet
  facet normal 0 0 1
    outer loop
      vertex 268.49 20.0634 2.2
      vertex 267.064 15.9206 2.2
      vertex 268.192 17.5578 2.2
    endloop
  endfacet
  facet normal 0 0 1
    outer loop
      vertex 268.121 29.4694 2.2
      vertex 268.272 27.0727 2.2
      vertex 268.331 29.3979 2.2
    endloop
  endfacet
  facet normal 0 0 1
    outer loop
      vertex 267.921 29.5678 2.2
      vertex 268.272 27.0727 2.2
      vertex 268.121 29.4694 2.2
    endloop
  endfacet
  facet normal 0 0 1
    outer loop
      vertex 267.737 29.6913 2.2
      vertex 268.272 27.0727 2.2
      vertex 267.921 29.5678 2.2
    endloop
  endfacet
  facet normal 0 0 1
    outer loop
      vertex 267.569 29.8379 2.2
      vertex 268.272 27.0727 2.2
      vertex 267.737 29.6913 2.2
    endloop
  endfacet
  facet normal 0 0 1
    outer loop
      vertex 267.423 30.0051 2.2
      vertex 268.272 27.0727 2.2
      vertex 267.569 29.8379 2.2
    endloop
  endfacet
  facet normal 0 0 1
    outer loop
      vertex 267.299 30.19 2.2
      vertex 268.272 27.0727 2.2
      vertex 267.423 30.0051 2.2
    endloop
  endfacet
  facet normal 0 0 1
    outer loop
      vertex 268.192 17.5578 2.2
      vertex 267.064 15.9206 2.2
      vertex 268.131 17.4157 2.2
    endloop
  endfacet
  facet normal 0 0 1
    outer loop
      vertex 268.131 17.4157 2.2
      vertex 267.064 15.9206 2.2
      vertex 268.065 17.276 2.2
    endloop
  endfacet
  facet normal 0 0 1
    outer loop
      vertex 268.065 17.276 2.2
      vertex 267.064 15.9206 2.2
      vertex 267.996 17.1406 2.2
    endloop
  endfacet
  facet normal 0 0 1
    outer loop
      vertex 267.996 17.1406 2.2
      vertex 267.064 15.9206 2.2
      vertex 267.922 17.0061 2.2
    endloop
  endfacet
  facet normal 0 0 1
    outer loop
      vertex 267.922 17.0061 2.2
      vertex 267.064 15.9206 2.2
      vertex 267.843 16.8737 2.2
    endloop
  endfacet
  facet normal 0 0 1
    outer loop
      vertex 267.843 16.8737 2.2
      vertex 267.064 15.9206 2.2
      vertex 267.758 16.7416 2.2
    endloop
  endfacet
  facet normal 0 0 1
    outer loop
      vertex 267.758 16.7416 2.2
      vertex 267.064 15.9206 2.2
      vertex 267.672 16.6167 2.2
    endloop
  endfacet
  facet normal 0 0 1
    outer loop
      vertex 267.672 16.6167 2.2
      vertex 267.064 15.9206 2.2
      vertex 267.581 16.4934 2.2
    endloop
  endfacet
  facet normal 0 0 1
    outer loop
      vertex 267.581 16.4934 2.2
      vertex 267.064 15.9206 2.2
      vertex 267.486 16.3729 2.2
    endloop
  endfacet
  facet normal 0 0 1
    outer loop
      vertex 267.201 30.3894 2.2
      vertex 268.272 27.0727 2.2
      vertex 267.299 30.19 2.2
    endloop
  endfacet
  facet normal 0 0 1
    outer loop
      vertex 267.486 16.3729 2.2
      vertex 267.064 15.9206 2.2
      vertex 267.385 16.2531 2.2
    endloop
  endfacet
  facet normal 0 0 1
    outer loop
      vertex 266.955 15.8211 2.2
      vertex 268.272 27.0727 2.2
      vertex 267.201 30.3894 2.2
    endloop
  endfacet
  facet normal 0 0 1
    outer loop
      vertex 267.385 16.2531 2.2
      vertex 267.064 15.9206 2.2
      vertex 267.283 16.1402 2.2
    endloop
  endfacet
  facet normal 0 0 1
    outer loop
      vertex 266.955 15.8211 2.2
      vertex 267.201 30.3894 2.2
      vertex 267.129 30.6 2.2
    endloop
  endfacet
  facet normal 0 0 1
    outer loop
      vertex 266.955 15.8211 2.2
      vertex 267.129 30.6 2.2
      vertex 267.086 30.8181 2.2
    endloop
  endfacet
  facet normal 0 0 1
    outer loop
      vertex 255.742 34.9908 2.2
      vertex 267.086 30.8181 2.2
      vertex 267.071 31.04 2.2
    endloop
  endfacet
  facet normal 0 0 1
    outer loop
      vertex 267.283 16.1402 2.2
      vertex 267.064 15.9206 2.2
      vertex 267.176 16.0296 2.2
    endloop
  endfacet
  facet normal 0 0 1
    outer loop
      vertex 268.543 19.5114 2.2
      vertex 268.544 19.2026 2.2
      vertex 268.546 19.3539 2.2
    endloop
  endfacet
  facet normal 0 0 1
    outer loop
      vertex 268.543 19.5114 2.2
      vertex 268.537 19.0507 2.2
      vertex 268.544 19.2026 2.2
    endloop
  endfacet
  facet normal 0 0 1
    outer loop
      vertex 268.535 19.6634 2.2
      vertex 268.537 19.0507 2.2
      vertex 268.543 19.5114 2.2
    endloop
  endfacet
  facet normal 0 0 1
    outer loop
      vertex 268.535 19.6634 2.2
      vertex 268.524 18.8945 2.2
      vertex 268.537 19.0507 2.2
    endloop
  endfacet
  facet normal 0 0 1
    outer loop
      vertex 268.523 19.8142 2.2
      vertex 268.524 18.8945 2.2
      vertex 268.535 19.6634 2.2
    endloop
  endfacet
  facet normal 0 0 1
    outer loop
      vertex 268.523 19.8142 2.2
      vertex 268.507 18.7432 2.2
      vertex 268.524 18.8945 2.2
    endloop
  endfacet
  facet normal 0 0 1
    outer loop
      vertex 268.504 19.9705 2.2
      vertex 268.507 18.7432 2.2
      vertex 268.523 19.8142 2.2
    endloop
  endfacet
  facet normal 0 0 1
    outer loop
      vertex 268.49 20.0634 2.2
      vertex 268.507 18.7432 2.2
      vertex 268.504 19.9705 2.2
    endloop
  endfacet
  facet normal 0 0 1
    outer loop
      vertex 268.49 20.0634 2.2
      vertex 268.485 18.5915 2.2
      vertex 268.507 18.7432 2.2
    endloop
  endfacet
  facet normal 0 0 1
    outer loop
      vertex 268.49 20.0634 2.2
      vertex 268.458 18.4406 2.2
      vertex 268.485 18.5915 2.2
    endloop
  endfacet
  facet normal 0 0 1
    outer loop
      vertex 268.49 20.0634 2.2
      vertex 268.426 18.2902 2.2
      vertex 268.458 18.4406 2.2
    endloop
  endfacet
  facet normal 0 0 1
    outer loop
      vertex 268.49 20.0634 2.2
      vertex 268.388 18.1386 2.2
      vertex 268.426 18.2902 2.2
    endloop
  endfacet
  facet normal 0 0 1
    outer loop
      vertex 268.49 20.0634 2.2
      vertex 268.346 17.9895 2.2
      vertex 268.388 18.1386 2.2
    endloop
  endfacet
  facet normal 0 0 1
    outer loop
      vertex 268.49 20.0634 2.2
      vertex 268.3 17.8468 2.2
      vertex 268.346 17.9895 2.2
    endloop
  endfacet
  facet normal 0 0 1
    outer loop
      vertex 266.955 15.8211 2.2
      vertex 268.49 20.0634 2.2
      vertex 268.272 27.0727 2.2
    endloop
  endfacet
  facet normal 0 0 1
    outer loop
      vertex 268.49 20.0634 2.2
      vertex 268.249 17.7005 2.2
      vertex 268.3 17.8468 2.2
    endloop
  endfacet
  facet normal 0 0 1
    outer loop
      vertex 277.164 108.209 2.2
      vertex 267.251 107.932 2.2
      vertex 271.463 104.93 2.2
    endloop
  endfacet
  facet normal 0 0 1
    outer loop
      vertex 267.251 107.932 2.2
      vertex 256.772 104.417 2.2
      vertex 271.463 104.93 2.2
    endloop
  endfacet
  facet normal 0 0 1
    outer loop
      vertex 250.187 53.1606 2.2
      vertex 258.472 55.7469 2.2
      vertex 254.825 60.7494 2.2
    endloop
  endfacet
  facet normal 0 0 1
    outer loop
      vertex 257.959 70.4379 2.2
      vertex 254.825 60.7494 2.2
      vertex 258.472 55.7469 2.2
    endloop
  endfacet
  facet normal 0 0 1
    outer loop
      vertex 257.878 72.7365 2.2
      vertex 253.936 77.7261 2.2
      vertex 254.056 75.4293 2.2
    endloop
  endfacet
  facet normal 0 0 1
    outer loop
      vertex 257.365 87.4275 2.2
      vertex 253.166 92.406 2.2
      vertex 253.936 77.7261 2.2
    endloop
  endfacet
  facet normal -0 0 1
    outer loop
      vertex 249.162 107.932 2.2
      vertex 256.772 104.417 2.2
      vertex 267.251 107.932 2.2
    endloop
  endfacet
  facet normal 0 0 1
    outer loop
      vertex 249.162 99.5817 2.2
      vertex 256.772 104.417 2.2
      vertex 249.162 107.932 2.2
    endloop
  endfacet
  facet normal 0 0 1
    outer loop
      vertex 256.772 104.417 2.2
      vertex 249.162 99.5817 2.2
      vertex 253.166 92.406 2.2
    endloop
  endfacet
  facet normal 0 0 1
    outer loop
      vertex 238.486 91.6367 2.2
      vertex 249.162 99.5817 2.2
      vertex 240.822 99.1447 2.2
    endloop
  endfacet
  facet normal 0 0 1
    outer loop
      vertex 238.527 99.6619 2.2
      vertex 240.807 99.9621 2.2
      vertex 240.705 100.475 2.2
    endloop
  endfacet
  facet normal 0 0 1
    outer loop
      vertex 238.483 99.88 2.2
      vertex 240.705 100.475 2.2
      vertex 240.537 100.971 2.2
    endloop
  endfacet
  facet normal 0 0 1
    outer loop
      vertex 238.412 100.091 2.2
      vertex 240.537 100.971 2.2
      vertex 240.305 101.44 2.2
    endloop
  endfacet
  facet normal 0 0 1
    outer loop
      vertex 238.314 100.29 2.2
      vertex 240.305 101.44 2.2
      vertex 240.015 101.875 2.2
    endloop
  endfacet
  facet normal 0 0 1
    outer loop
      vertex 238.19 100.475 2.2
      vertex 240.015 101.875 2.2
      vertex 239.67 102.268 2.2
    endloop
  endfacet
  facet normal 0 0 1
    outer loop
      vertex 238.043 100.642 2.2
      vertex 239.67 102.268 2.2
      vertex 239.276 102.613 2.2
    endloop
  endfacet
  facet normal 0 0 1
    outer loop
      vertex 237.876 100.789 2.2
      vertex 239.276 102.613 2.2
      vertex 238.841 102.904 2.2
    endloop
  endfacet
  facet normal 0 0 1
    outer loop
      vertex 240.305 101.44 2.2
      vertex 238.314 100.29 2.2
      vertex 238.412 100.091 2.2
    endloop
  endfacet
  facet normal -0 0 1
    outer loop
      vertex 238.527 99.2181 2.2
      vertex 240.822 99.1447 2.2
      vertex 238.541 99.44 2.2
    endloop
  endfacet
  facet normal 0 0 1
    outer loop
      vertex 238.483 99 2.2
      vertex 240.822 99.1447 2.2
      vertex 238.527 99.2181 2.2
    endloop
  endfacet
  facet normal 0 0 1
    outer loop
      vertex 238.412 98.7894 2.2
      vertex 240.822 99.1447 2.2
      vertex 238.483 99 2.2
    endloop
  endfacet
  facet normal 0 0 1
    outer loop
      vertex 238.314 98.59 2.2
      vertex 240.822 99.1447 2.2
      vertex 238.412 98.7894 2.2
    endloop
  endfacet
  facet normal -0 0 1
    outer loop
      vertex 245.982 16.6352 2.2
      vertex 265.291 14.8743 2.2
      vertex 260.039 20.9331 2.2
    endloop
  endfacet
  facet normal -0 0 1
    outer loop
      vertex 242.034 15.7014 2.2
      vertex 265.291 14.8743 2.2
      vertex 245.982 16.6352 2.2
    endloop
  endfacet
  facet normal 0 0 1
    outer loop
      vertex 212.324 -2.69128 2.2
      vertex 242.034 15.7014 2.2
      vertex 228.135 10.9155 2.2
    endloop
  endfacet
  facet normal 0 0 1
    outer loop
      vertex 212.324 -2.69128 2.2
      vertex 228.135 10.9155 2.2
      vertex 224.223 9.84439 2.2
    endloop
  endfacet
  facet normal 0 0 1
    outer loop
      vertex 242.034 15.7014 2.2
      vertex 212.324 -2.69128 2.2
      vertex 265.291 14.8743 2.2
    endloop
  endfacet
  facet normal 0 0 1
    outer loop
      vertex 212.587 -4.7221 2.2
      vertex 210.307 -4.42189 2.2
      vertex 212.485 -5.23528 2.2
    endloop
  endfacet
  facet normal 0 0 1
    outer loop
      vertex 212.485 -5.23528 2.2
      vertex 210.263 -4.63999 2.2
      vertex 212.317 -5.73073 2.2
    endloop
  endfacet
  facet normal -0 0 1
    outer loop
      vertex 210.192 -4.85056 2.2
      vertex 212.317 -5.73073 2.2
      vertex 210.263 -4.63999 2.2
    endloop
  endfacet
  facet normal -0 0 1
    outer loop
      vertex 210.094 -5.05 2.2
      vertex 212.085 -6.2 2.2
      vertex 210.192 -4.85056 2.2
    endloop
  endfacet
  facet normal 0 0 1
    outer loop
      vertex 212.085 -6.2 2.2
      vertex 210.094 -5.05 2.2
      vertex 211.795 -6.63505 2.2
    endloop
  endfacet
  facet normal -0 0 1
    outer loop
      vertex 210.499 4.57638 2.2
      vertex 212.324 -2.69128 2.2
      vertex 224.223 9.84439 2.2
    endloop
  endfacet
  facet normal -0 0 1
    outer loop
      vertex 209.272 -2.6294 2.2
      vertex 212.324 -2.69128 2.2
      vertex 210.499 4.57638 2.2
    endloop
  endfacet
  facet normal -0 0 1
    outer loop
      vertex 210.263 -4.63999 2.2
      vertex 212.485 -5.23528 2.2
      vertex 210.307 -4.42189 2.2
    endloop
  endfacet
  facet normal 0 0 1
    outer loop
      vertex 212.317 -5.73073 2.2
      vertex 210.192 -4.85056 2.2
      vertex 212.085 -6.2 2.2
    endloop
  endfacet
  facet normal -0 0 1
    outer loop
      vertex 209.97 -5.23489 2.2
      vertex 211.795 -6.63505 2.2
      vertex 210.094 -5.05 2.2
    endloop
  endfacet
  facet normal 0 0 1
    outer loop
      vertex 211.795 -6.63505 2.2
      vertex 209.97 -5.23489 2.2
      vertex 211.45 -7.02843 2.2
    endloop
  endfacet
  facet normal -0 0 1
    outer loop
      vertex 209.823 -5.40208 2.2
      vertex 211.45 -7.02843 2.2
      vertex 209.97 -5.23489 2.2
    endloop
  endfacet
  facet normal 0 0 1
    outer loop
      vertex 211.45 -7.02843 2.2
      vertex 209.823 -5.40208 2.2
      vertex 211.056 -7.37341 2.2
    endloop
  endfacet
  facet normal -0 0 1
    outer loop
      vertex 209.656 -5.5487 2.2
      vertex 211.056 -7.37341 2.2
      vertex 209.823 -5.40208 2.2
    endloop
  endfacet
  facet normal 0 0 1
    outer loop
      vertex 211.056 -7.37341 2.2
      vertex 209.656 -5.5487 2.2
      vertex 210.621 -7.6641 2.2
    endloop
  endfacet
  facet normal -0 0 1
    outer loop
      vertex 209.471 -5.67224 2.2
      vertex 210.621 -7.6641 2.2
      vertex 209.656 -5.5487 2.2
    endloop
  endfacet
  facet normal 0 0 1
    outer loop
      vertex 210.621 -7.6641 2.2
      vertex 209.471 -5.67224 2.2
      vertex 210.152 -7.89552 2.2
    endloop
  endfacet
  facet normal -0 0 1
    outer loop
      vertex 209.272 -5.77059 2.2
      vertex 210.152 -7.89552 2.2
      vertex 209.471 -5.67224 2.2
    endloop
  endfacet
  facet normal 0 0 1
    outer loop
      vertex 210.152 -7.89552 2.2
      vertex 209.272 -5.77059 2.2
      vertex 209.657 -8.0637 2.2
    endloop
  endfacet
  facet normal -0 0 1
    outer loop
      vertex 209.061 -5.84207 2.2
      vertex 209.657 -8.0637 2.2
      vertex 209.272 -5.77059 2.2
    endloop
  endfacet
  facet normal 0 0 1
    outer loop
      vertex 209.657 -8.0637 2.2
      vertex 209.061 -5.84207 2.2
      vertex 209.144 -8.16578 2.2
    endloop
  endfacet
  facet normal -0 0 1
    outer loop
      vertex 208.843 -5.88546 2.2
      vertex 209.144 -8.16578 2.2
      vertex 209.061 -5.84207 2.2
    endloop
  endfacet
  facet normal -0 0 1
    outer loop
      vertex 208.621 -5.9 2.2
      vertex 209.144 -8.16578 2.2
      vertex 208.843 -5.88546 2.2
    endloop
  endfacet
  facet normal 0 0 1
    outer loop
      vertex 208.621 -5.9 2.2
      vertex 208.621 -8.2 2.2
      vertex 209.144 -8.16578 2.2
    endloop
  endfacet
  facet normal 0 0 1
    outer loop
      vertex 208.4 -5.88546 2.2
      vertex 208.621 -8.2 2.2
      vertex 208.621 -5.9 2.2
    endloop
  endfacet
  facet normal 0 0 1
    outer loop
      vertex 208.099 -8.16578 2.2
      vertex 208.4 -5.88546 2.2
      vertex 208.181 -5.84207 2.2
    endloop
  endfacet
  facet normal 0 0 1
    outer loop
      vertex 208.4 -5.88546 2.2
      vertex 208.099 -8.16578 2.2
      vertex 208.621 -8.2 2.2
    endloop
  endfacet
  facet normal 0 0 1
    outer loop
      vertex 207.586 -8.0637 2.2
      vertex 208.181 -5.84207 2.2
      vertex 207.971 -5.77059 2.2
    endloop
  endfacet
  facet normal 0 0 1
    outer loop
      vertex 207.091 -7.89552 2.2
      vertex 207.971 -5.77059 2.2
      vertex 207.771 -5.67224 2.2
    endloop
  endfacet
  facet normal 0 0 1
    outer loop
      vertex 206.621 -7.6641 2.2
      vertex 207.771 -5.67224 2.2
      vertex 207.587 -5.5487 2.2
    endloop
  endfacet
  facet normal 0 0 1
    outer loop
      vertex 208.181 -5.84207 2.2
      vertex 207.586 -8.0637 2.2
      vertex 208.099 -8.16578 2.2
    endloop
  endfacet
  facet normal 0 0 1
    outer loop
      vertex 206.186 -7.37341 2.2
      vertex 207.587 -5.5487 2.2
      vertex 207.419 -5.40208 2.2
    endloop
  endfacet
  facet normal 0 0 1
    outer loop
      vertex 205.793 -7.02843 2.2
      vertex 207.419 -5.40208 2.2
      vertex 207.273 -5.23489 2.2
    endloop
  endfacet
  facet normal 0 0 1
    outer loop
      vertex 205.448 -6.63505 2.2
      vertex 207.273 -5.23489 2.2
      vertex 207.149 -5.05 2.2
    endloop
  endfacet
  facet normal 0 0 1
    outer loop
      vertex 207.971 -5.77059 2.2
      vertex 207.091 -7.89552 2.2
      vertex 207.586 -8.0637 2.2
    endloop
  endfacet
  facet normal 0 0 1
    outer loop
      vertex 205.157 -6.2 2.2
      vertex 207.149 -5.05 2.2
      vertex 207.051 -4.85056 2.2
    endloop
  endfacet
  facet normal 0 0 1
    outer loop
      vertex 204.926 -5.73073 2.2
      vertex 207.051 -4.85056 2.2
      vertex 206.979 -4.63999 2.2
    endloop
  endfacet
  facet normal 0 0 1
    outer loop
      vertex 204.758 -5.23528 2.2
      vertex 206.979 -4.63999 2.2
      vertex 206.936 -4.42189 2.2
    endloop
  endfacet
  facet normal 0 0 1
    outer loop
      vertex 204.656 -4.7221 2.2
      vertex 206.936 -4.42189 2.2
      vertex 206.921 -4.2 2.2
    endloop
  endfacet
  facet normal 0 0 1
    outer loop
      vertex 207.771 -5.67224 2.2
      vertex 206.621 -7.6641 2.2
      vertex 207.091 -7.89552 2.2
    endloop
  endfacet
  facet normal 0 0 1
    outer loop
      vertex 241.684 30.6929 2.2
      vertex 242.034 15.7014 2.2
      vertex 245.982 16.6352 2.2
    endloop
  endfacet
  facet normal 0 0 1
    outer loop
      vertex 237.249 29.6005 2.2
      vertex 241.684 30.6929 2.2
      vertex 240.427 34.805 2.2
    endloop
  endfacet
  facet normal 0 0 1
    outer loop
      vertex 241.684 30.6929 2.2
      vertex 237.249 29.6005 2.2
      vertex 242.034 15.7014 2.2
    endloop
  endfacet
  facet normal 0 0 1
    outer loop
      vertex 235.849 33.6662 2.2
      vertex 240.427 34.805 2.2
      vertex 236.129 48.8627 2.2
    endloop
  endfacet
  facet normal 0 0 1
    outer loop
      vertex 240.145 59.9801 2.2
      vertex 232.333 55.139 2.2
      vertex 236.129 48.8627 2.2
    endloop
  endfacet
  facet normal 0 0 1
    outer loop
      vertex 240.427 34.805 2.2
      vertex 235.849 33.6662 2.2
      vertex 237.249 29.6005 2.2
    endloop
  endfacet
  facet normal 0 0 1
    outer loop
      vertex 235.849 33.6662 2.2
      vertex 223.349 24.8146 2.2
      vertex 237.249 29.6005 2.2
    endloop
  endfacet
  facet normal 0 -0 1
    outer loop
      vertex 223.349 24.8146 2.2
      vertex 235.849 33.6662 2.2
      vertex 221.949 28.8803 2.2
    endloop
  endfacet
  facet normal 0 0 1
    outer loop
      vertex 258.552 53.4483 2.2
      vertex 250.187 53.1606 2.2
      vertex 254.484 39.1029 2.2
    endloop
  endfacet
  facet normal -0 0 1
    outer loop
      vertex 240.145 59.9801 2.2
      vertex 250.187 53.1606 2.2
      vertex 254.825 60.7494 2.2
    endloop
  endfacet
  facet normal 0 0 1
    outer loop
      vertex 235.991 97.9678 2.2
      vertex 239.256 76.9568 2.2
      vertex 238.486 91.6367 2.2
    endloop
  endfacet
  facet normal 0 0 1
    outer loop
      vertex 249.162 99.5817 2.2
      vertex 238.486 91.6367 2.2
      vertex 253.166 92.406 2.2
    endloop
  endfacet
  facet normal 0 0 1
    outer loop
      vertex 238.19 98.4051 2.2
      vertex 240.822 99.1447 2.2
      vertex 238.314 98.59 2.2
    endloop
  endfacet
  facet normal 0 0 1
    outer loop
      vertex 238.043 98.2379 2.2
      vertex 240.822 99.1447 2.2
      vertex 238.19 98.4051 2.2
    endloop
  endfacet
  facet normal 0 0 1
    outer loop
      vertex 240.822 99.1447 2.2
      vertex 238.043 98.2379 2.2
      vertex 238.486 91.6367 2.2
    endloop
  endfacet
  facet normal -0 0 1
    outer loop
      vertex 237.876 98.0913 2.2
      vertex 238.486 91.6367 2.2
      vertex 238.043 98.2379 2.2
    endloop
  endfacet
  facet normal -0 0 1
    outer loop
      vertex 237.691 97.9678 2.2
      vertex 238.486 91.6367 2.2
      vertex 237.876 98.0913 2.2
    endloop
  endfacet
  facet normal -0 0 1
    outer loop
      vertex 237.492 97.8694 2.2
      vertex 238.486 91.6367 2.2
      vertex 237.691 97.9678 2.2
    endloop
  endfacet
  facet normal -0 0 1
    outer loop
      vertex 237.281 97.7979 2.2
      vertex 238.486 91.6367 2.2
      vertex 237.492 97.8694 2.2
    endloop
  endfacet
  facet normal -0 0 1
    outer loop
      vertex 237.063 97.7545 2.2
      vertex 238.486 91.6367 2.2
      vertex 237.281 97.7979 2.2
    endloop
  endfacet
  facet normal -0 0 1
    outer loop
      vertex 236.841 97.74 2.2
      vertex 238.486 91.6367 2.2
      vertex 237.063 97.7545 2.2
    endloop
  endfacet
  facet normal 0 0 1
    outer loop
      vertex 236.62 97.7545 2.2
      vertex 238.486 91.6367 2.2
      vertex 236.841 97.74 2.2
    endloop
  endfacet
  facet normal 0 0 1
    outer loop
      vertex 236.401 97.7979 2.2
      vertex 238.486 91.6367 2.2
      vertex 236.62 97.7545 2.2
    endloop
  endfacet
  facet normal 0 0 1
    outer loop
      vertex 236.191 97.8694 2.2
      vertex 238.486 91.6367 2.2
      vertex 236.401 97.7979 2.2
    endloop
  endfacet
  facet normal 0 0 1
    outer loop
      vertex 235.991 97.9678 2.2
      vertex 238.486 91.6367 2.2
      vertex 236.191 97.8694 2.2
    endloop
  endfacet
  facet normal 0 0 1
    outer loop
      vertex 232.333 55.139 2.2
      vertex 239.256 76.9568 2.2
      vertex 235.991 97.9678 2.2
    endloop
  endfacet
  facet normal 0 0 1
    outer loop
      vertex 240.145 59.9801 2.2
      vertex 236.129 48.8627 2.2
      vertex 250.187 53.1606 2.2
    endloop
  endfacet
  facet normal 0 0 1
    outer loop
      vertex 232.333 55.139 2.2
      vertex 239.376 74.66 2.2
      vertex 239.256 76.9568 2.2
    endloop
  endfacet
  facet normal 0 0 1
    outer loop
      vertex 232.333 55.139 2.2
      vertex 240.145 59.9801 2.2
      vertex 239.376 74.66 2.2
    endloop
  endfacet
  facet normal 0 0 1
    outer loop
      vertex 257.101 120.23 2.2
      vertex 254.801 120.23 2.2
      vertex 257.068 119.726 2.2
    endloop
  endfacet
  facet normal 0 -0 1
    outer loop
      vertex 254.801 120.23 2.2
      vertex 257.067 120.752 2.2
      vertex 254.787 120.452 2.2
    endloop
  endfacet
  facet normal 0 0 1
    outer loop
      vertex 256.965 121.265 2.2
      vertex 254.743 120.67 2.2
      vertex 254.787 120.452 2.2
    endloop
  endfacet
  facet normal 0 0 1
    outer loop
      vertex 253.951 121.702 2.2
      vertex 255.101 123.694 2.2
      vertex 254.632 123.926 2.2
    endloop
  endfacet
  facet normal 0 0 1
    outer loop
      vertex 256.565 122.23 2.2
      vertex 254.574 121.08 2.2
      vertex 254.672 120.881 2.2
    endloop
  endfacet
  facet normal 0 0 1
    outer loop
      vertex 256.275 122.665 2.2
      vertex 254.45 121.265 2.2
      vertex 254.574 121.08 2.2
    endloop
  endfacet
  facet normal 0 0 1
    outer loop
      vertex 255.93 123.058 2.2
      vertex 254.303 121.432 2.2
      vertex 254.45 121.265 2.2
    endloop
  endfacet
  facet normal 0 0 1
    outer loop
      vertex 253.752 121.801 2.2
      vertex 254.632 123.926 2.2
      vertex 254.137 124.094 2.2
    endloop
  endfacet
  facet normal 0 0 1
    outer loop
      vertex 255.536 123.403 2.2
      vertex 254.136 121.579 2.2
      vertex 254.303 121.432 2.2
    endloop
  endfacet
  facet normal 0 0 1
    outer loop
      vertex 255.101 123.694 2.2
      vertex 253.951 121.702 2.2
      vertex 254.136 121.579 2.2
    endloop
  endfacet
  facet normal 0 0 1
    outer loop
      vertex 254.632 123.926 2.2
      vertex 253.752 121.801 2.2
      vertex 253.951 121.702 2.2
    endloop
  endfacet
  facet normal 0 0 1
    outer loop
      vertex 253.541 121.872 2.2
      vertex 254.137 124.094 2.2
      vertex 253.624 124.196 2.2
    endloop
  endfacet
  facet normal 0 0 1
    outer loop
      vertex 254.137 124.094 2.2
      vertex 253.541 121.872 2.2
      vertex 253.752 121.801 2.2
    endloop
  endfacet
  facet normal 0 0 1
    outer loop
      vertex 253.624 124.196 2.2
      vertex 253.323 121.915 2.2
      vertex 253.541 121.872 2.2
    endloop
  endfacet
  facet normal 0 0 1
    outer loop
      vertex 253.101 124.23 2.2
      vertex 253.323 121.915 2.2
      vertex 253.624 124.196 2.2
    endloop
  endfacet
  facet normal 0 0 1
    outer loop
      vertex 253.101 124.23 2.2
      vertex 253.101 121.93 2.2
      vertex 253.323 121.915 2.2
    endloop
  endfacet
  facet normal 0 0 1
    outer loop
      vertex 253.101 124.23 2.2
      vertex 252.88 121.915 2.2
      vertex 253.101 121.93 2.2
    endloop
  endfacet
  facet normal -0 0 1
    outer loop
      vertex 252.579 124.196 2.2
      vertex 252.88 121.915 2.2
      vertex 253.101 124.23 2.2
    endloop
  endfacet
  facet normal 0 0 1
    outer loop
      vertex 252.88 121.915 2.2
      vertex 252.579 124.196 2.2
      vertex 252.661 121.872 2.2
    endloop
  endfacet
  facet normal -0 0 1
    outer loop
      vertex 252.066 124.094 2.2
      vertex 252.661 121.872 2.2
      vertex 252.579 124.196 2.2
    endloop
  endfacet
  facet normal 0 0 1
    outer loop
      vertex 252.661 121.872 2.2
      vertex 252.066 124.094 2.2
      vertex 252.451 121.801 2.2
    endloop
  endfacet
  facet normal -0 0 1
    outer loop
      vertex 251.571 123.926 2.2
      vertex 252.451 121.801 2.2
      vertex 252.066 124.094 2.2
    endloop
  endfacet
  facet normal 0 0 1
    outer loop
      vertex 252.451 121.801 2.2
      vertex 251.571 123.926 2.2
      vertex 252.251 121.702 2.2
    endloop
  endfacet
  facet normal -0 0 1
    outer loop
      vertex 251.101 123.694 2.2
      vertex 252.251 121.702 2.2
      vertex 251.571 123.926 2.2
    endloop
  endfacet
  facet normal 0 0 1
    outer loop
      vertex 252.251 121.702 2.2
      vertex 251.101 123.694 2.2
      vertex 252.067 121.579 2.2
    endloop
  endfacet
  facet normal -0 0 1
    outer loop
      vertex 250.666 123.403 2.2
      vertex 252.067 121.579 2.2
      vertex 251.101 123.694 2.2
    endloop
  endfacet
  facet normal 0 0 1
    outer loop
      vertex 252.067 121.579 2.2
      vertex 250.666 123.403 2.2
      vertex 251.899 121.432 2.2
    endloop
  endfacet
  facet normal -0 0 1
    outer loop
      vertex 250.273 123.058 2.2
      vertex 251.899 121.432 2.2
      vertex 250.666 123.403 2.2
    endloop
  endfacet
  facet normal 0 0 1
    outer loop
      vertex 251.899 121.432 2.2
      vertex 250.273 123.058 2.2
      vertex 251.753 121.265 2.2
    endloop
  endfacet
  facet normal -0 0 1
    outer loop
      vertex 249.928 122.665 2.2
      vertex 251.753 121.265 2.2
      vertex 250.273 123.058 2.2
    endloop
  endfacet
  facet normal 0 0 1
    outer loop
      vertex 251.753 121.265 2.2
      vertex 249.928 122.665 2.2
      vertex 251.629 121.08 2.2
    endloop
  endfacet
  facet normal -0 0 1
    outer loop
      vertex 249.637 122.23 2.2
      vertex 251.629 121.08 2.2
      vertex 249.928 122.665 2.2
    endloop
  endfacet
  facet normal 0 0 1
    outer loop
      vertex 259.065 38.7573 2.2
      vertex 254.484 39.1029 2.2
      vertex 255.742 34.9908 2.2
    endloop
  endfacet
  facet normal 0 0 1
    outer loop
      vertex 254.484 39.1029 2.2
      vertex 241.684 30.6929 2.2
      vertex 255.742 34.9908 2.2
    endloop
  endfacet
  facet normal 0 -0 1
    outer loop
      vertex 241.684 30.6929 2.2
      vertex 254.484 39.1029 2.2
      vertex 240.427 34.805 2.2
    endloop
  endfacet
  facet normal 0 0 1
    outer loop
      vertex 253.936 77.7261 2.2
      vertex 239.376 74.66 2.2
      vertex 254.056 75.4293 2.2
    endloop
  endfacet
  facet normal 0 -0 1
    outer loop
      vertex 239.376 74.66 2.2
      vertex 253.936 77.7261 2.2
      vertex 239.256 76.9568 2.2
    endloop
  endfacet
  facet normal 0 0 1
    outer loop
      vertex 240.841 99.44 2.2
      vertex 238.541 99.44 2.2
      vertex 240.822 99.1447 2.2
    endloop
  endfacet
  facet normal 0 -0 1
    outer loop
      vertex 238.541 99.44 2.2
      vertex 240.807 99.9621 2.2
      vertex 238.527 99.6619 2.2
    endloop
  endfacet
  facet normal 0 0 1
    outer loop
      vertex 240.705 100.475 2.2
      vertex 238.483 99.88 2.2
      vertex 238.527 99.6619 2.2
    endloop
  endfacet
  facet normal 0 0 1
    outer loop
      vertex 237.691 100.912 2.2
      vertex 238.841 102.904 2.2
      vertex 238.372 103.136 2.2
    endloop
  endfacet
  facet normal 0 0 1
    outer loop
      vertex 240.537 100.971 2.2
      vertex 238.412 100.091 2.2
      vertex 238.483 99.88 2.2
    endloop
  endfacet
  facet normal 0 0 1
    outer loop
      vertex 240.015 101.875 2.2
      vertex 238.19 100.475 2.2
      vertex 238.314 100.29 2.2
    endloop
  endfacet
  facet normal 0 0 1
    outer loop
      vertex 239.67 102.268 2.2
      vertex 238.043 100.642 2.2
      vertex 238.19 100.475 2.2
    endloop
  endfacet
  facet normal 0 0 1
    outer loop
      vertex 237.492 101.011 2.2
      vertex 238.372 103.136 2.2
      vertex 237.877 103.304 2.2
    endloop
  endfacet
  facet normal 0 0 1
    outer loop
      vertex 239.276 102.613 2.2
      vertex 237.876 100.789 2.2
      vertex 238.043 100.642 2.2
    endloop
  endfacet
  facet normal 0 0 1
    outer loop
      vertex 238.841 102.904 2.2
      vertex 237.691 100.912 2.2
      vertex 237.876 100.789 2.2
    endloop
  endfacet
  facet normal 0 0 1
    outer loop
      vertex 238.372 103.136 2.2
      vertex 237.492 101.011 2.2
      vertex 237.691 100.912 2.2
    endloop
  endfacet
  facet normal 0 0 1
    outer loop
      vertex 237.281 101.082 2.2
      vertex 237.877 103.304 2.2
      vertex 237.364 103.406 2.2
    endloop
  endfacet
  facet normal 0 0 1
    outer loop
      vertex 237.877 103.304 2.2
      vertex 237.281 101.082 2.2
      vertex 237.492 101.011 2.2
    endloop
  endfacet
  facet normal 0 0 1
    outer loop
      vertex 237.364 103.406 2.2
      vertex 237.063 101.125 2.2
      vertex 237.281 101.082 2.2
    endloop
  endfacet
  facet normal 0 0 1
    outer loop
      vertex 236.841 103.44 2.2
      vertex 237.063 101.125 2.2
      vertex 237.364 103.406 2.2
    endloop
  endfacet
  facet normal 0 0 1
    outer loop
      vertex 236.841 103.44 2.2
      vertex 236.841 101.14 2.2
      vertex 237.063 101.125 2.2
    endloop
  endfacet
  facet normal 0 0 1
    outer loop
      vertex 236.841 103.44 2.2
      vertex 236.62 101.125 2.2
      vertex 236.841 101.14 2.2
    endloop
  endfacet
  facet normal -0 0 1
    outer loop
      vertex 236.319 103.406 2.2
      vertex 236.62 101.125 2.2
      vertex 236.841 103.44 2.2
    endloop
  endfacet
  facet normal 0 0 1
    outer loop
      vertex 236.62 101.125 2.2
      vertex 236.319 103.406 2.2
      vertex 236.401 101.082 2.2
    endloop
  endfacet
  facet normal -0 0 1
    outer loop
      vertex 235.806 103.304 2.2
      vertex 236.401 101.082 2.2
      vertex 236.319 103.406 2.2
    endloop
  endfacet
  facet normal 0 0 1
    outer loop
      vertex 236.401 101.082 2.2
      vertex 235.806 103.304 2.2
      vertex 236.191 101.011 2.2
    endloop
  endfacet
  facet normal -0 0 1
    outer loop
      vertex 235.311 103.136 2.2
      vertex 236.191 101.011 2.2
      vertex 235.806 103.304 2.2
    endloop
  endfacet
  facet normal 0 0 1
    outer loop
      vertex 236.191 101.011 2.2
      vertex 235.311 103.136 2.2
      vertex 235.991 100.912 2.2
    endloop
  endfacet
  facet normal -0 0 1
    outer loop
      vertex 234.841 102.904 2.2
      vertex 235.991 100.912 2.2
      vertex 235.311 103.136 2.2
    endloop
  endfacet
  facet normal 0 0 1
    outer loop
      vertex 235.991 100.912 2.2
      vertex 234.841 102.904 2.2
      vertex 235.807 100.789 2.2
    endloop
  endfacet
  facet normal -0 0 1
    outer loop
      vertex 234.406 102.613 2.2
      vertex 235.807 100.789 2.2
      vertex 234.841 102.904 2.2
    endloop
  endfacet
  facet normal 0 0 1
    outer loop
      vertex 235.807 100.789 2.2
      vertex 234.406 102.613 2.2
      vertex 235.639 100.642 2.2
    endloop
  endfacet
  facet normal -0 0 1
    outer loop
      vertex 234.013 102.268 2.2
      vertex 235.639 100.642 2.2
      vertex 234.406 102.613 2.2
    endloop
  endfacet
  facet normal 0 0 1
    outer loop
      vertex 235.639 100.642 2.2
      vertex 234.013 102.268 2.2
      vertex 235.493 100.475 2.2
    endloop
  endfacet
  facet normal -0 0 1
    outer loop
      vertex 233.668 101.875 2.2
      vertex 235.493 100.475 2.2
      vertex 234.013 102.268 2.2
    endloop
  endfacet
  facet normal 0 0 1
    outer loop
      vertex 235.493 100.475 2.2
      vertex 233.668 101.875 2.2
      vertex 235.369 100.29 2.2
    endloop
  endfacet
  facet normal -0 0 1
    outer loop
      vertex 233.377 101.44 2.2
      vertex 235.369 100.29 2.2
      vertex 233.668 101.875 2.2
    endloop
  endfacet
  facet normal 0 0 1
    outer loop
      vertex 223.349 24.8146 2.2
      vertex 224.223 9.84439 2.2
      vertex 228.135 10.9155 2.2
    endloop
  endfacet
  facet normal 0 0 1
    outer loop
      vertex 218.955 23.568 2.2
      vertex 223.349 24.8146 2.2
      vertex 221.949 28.8803 2.2
    endloop
  endfacet
  facet normal 0 0 1
    outer loop
      vertex 223.349 24.8146 2.2
      vertex 218.955 23.568 2.2
      vertex 224.223 9.84439 2.2
    endloop
  endfacet
  facet normal 0 0 1
    outer loop
      vertex 221.949 28.8803 2.2
      vertex 217.414 27.5824 2.2
      vertex 218.955 23.568 2.2
    endloop
  endfacet
  facet normal 0 0 1
    outer loop
      vertex 217.164 42.7794 2.2
      vertex 217.414 27.5824 2.2
      vertex 221.949 28.8803 2.2
    endloop
  endfacet
  facet normal 0 0 1
    outer loop
      vertex 217.414 27.5824 2.2
      vertex 217.164 42.7794 2.2
      vertex 212.146 41.306 2.2
    endloop
  endfacet
  facet normal 0 0 1
    outer loop
      vertex 232.169 97.7198 2.2
      vertex 235.991 97.9678 2.2
      vertex 232.287 97.8175 2.2
    endloop
  endfacet
  facet normal 0 0 1
    outer loop
      vertex 232.055 97.6187 2.2
      vertex 235.991 97.9678 2.2
      vertex 232.169 97.7198 2.2
    endloop
  endfacet
  facet normal 0 0 1
    outer loop
      vertex 231.937 97.5085 2.2
      vertex 235.991 97.9678 2.2
      vertex 232.055 97.6187 2.2
    endloop
  endfacet
  facet normal 0 0 1
    outer loop
      vertex 231.831 97.4001 2.2
      vertex 235.991 97.9678 2.2
      vertex 231.937 97.5085 2.2
    endloop
  endfacet
  facet normal 0 0 1
    outer loop
      vertex 231.729 97.2916 2.2
      vertex 235.991 97.9678 2.2
      vertex 231.831 97.4001 2.2
    endloop
  endfacet
  facet normal 0 0 1
    outer loop
      vertex 231.626 97.1728 2.2
      vertex 235.991 97.9678 2.2
      vertex 231.729 97.2916 2.2
    endloop
  endfacet
  facet normal 0 0 1
    outer loop
      vertex 231.529 97.0536 2.2
      vertex 235.991 97.9678 2.2
      vertex 231.626 97.1728 2.2
    endloop
  endfacet
  facet normal 0 0 1
    outer loop
      vertex 231.438 96.9342 2.2
      vertex 235.991 97.9678 2.2
      vertex 231.529 97.0536 2.2
    endloop
  endfacet
  facet normal 0 0 1
    outer loop
      vertex 231.348 96.8091 2.2
      vertex 235.991 97.9678 2.2
      vertex 231.438 96.9342 2.2
    endloop
  endfacet
  facet normal 0 0 1
    outer loop
      vertex 231.262 96.6782 2.2
      vertex 235.991 97.9678 2.2
      vertex 231.348 96.8091 2.2
    endloop
  endfacet
  facet normal 0 0 1
    outer loop
      vertex 231.182 96.5487 2.2
      vertex 235.991 97.9678 2.2
      vertex 231.262 96.6782 2.2
    endloop
  endfacet
  facet normal 0 0 1
    outer loop
      vertex 231.105 96.4144 2.2
      vertex 235.991 97.9678 2.2
      vertex 231.182 96.5487 2.2
    endloop
  endfacet
  facet normal 0 0 1
    outer loop
      vertex 231.032 96.2779 2.2
      vertex 235.991 97.9678 2.2
      vertex 231.105 96.4144 2.2
    endloop
  endfacet
  facet normal 0 0 1
    outer loop
      vertex 230.966 96.1417 2.2
      vertex 235.991 97.9678 2.2
      vertex 231.032 96.2779 2.2
    endloop
  endfacet
  facet normal 0 0 1
    outer loop
      vertex 230.902 95.9993 2.2
      vertex 235.991 97.9678 2.2
      vertex 230.966 96.1417 2.2
    endloop
  endfacet
  facet normal 0 0 1
    outer loop
      vertex 230.842 95.854 2.2
      vertex 235.991 97.9678 2.2
      vertex 230.902 95.9993 2.2
    endloop
  endfacet
  facet normal 0 0 1
    outer loop
      vertex 230.789 95.7114 2.2
      vertex 235.991 97.9678 2.2
      vertex 230.842 95.854 2.2
    endloop
  endfacet
  facet normal 0 0 1
    outer loop
      vertex 230.741 95.5684 2.2
      vertex 235.991 97.9678 2.2
      vertex 230.789 95.7114 2.2
    endloop
  endfacet
  facet normal 0 0 1
    outer loop
      vertex 230.697 95.4221 2.2
      vertex 235.991 97.9678 2.2
      vertex 230.741 95.5684 2.2
    endloop
  endfacet
  facet normal 0 0 1
    outer loop
      vertex 230.658 95.2725 2.2
      vertex 235.991 97.9678 2.2
      vertex 230.697 95.4221 2.2
    endloop
  endfacet
  facet normal 0 0 1
    outer loop
      vertex 230.623 95.1224 2.2
      vertex 235.991 97.9678 2.2
      vertex 230.658 95.2725 2.2
    endloop
  endfacet
  facet normal 0 0 1
    outer loop
      vertex 230.593 94.9698 2.2
      vertex 235.991 97.9678 2.2
      vertex 230.623 95.1224 2.2
    endloop
  endfacet
  facet normal 0 0 1
    outer loop
      vertex 230.569 94.82 2.2
      vertex 235.991 97.9678 2.2
      vertex 230.593 94.9698 2.2
    endloop
  endfacet
  facet normal 0 0 1
    outer loop
      vertex 230.55 94.6687 2.2
      vertex 235.991 97.9678 2.2
      vertex 230.569 94.82 2.2
    endloop
  endfacet
  facet normal 0 0 1
    outer loop
      vertex 230.535 94.5111 2.2
      vertex 235.991 97.9678 2.2
      vertex 230.55 94.6687 2.2
    endloop
  endfacet
  facet normal 0 0 1
    outer loop
      vertex 235.991 97.9678 2.2
      vertex 230.535 94.5111 2.2
      vertex 230.525 93.9377 2.2
    endloop
  endfacet
  facet normal 0 0 1
    outer loop
      vertex 235.991 97.9678 2.2
      vertex 230.525 93.9377 2.2
      vertex 232.333 55.139 2.2
    endloop
  endfacet
  facet normal -0 0 1
    outer loop
      vertex 230.525 94.3598 2.2
      vertex 230.525 93.9377 2.2
      vertex 230.535 94.5111 2.2
    endloop
  endfacet
  facet normal 0 0 1
    outer loop
      vertex 230.525 94.3598 2.2
      vertex 230.521 94.0515 2.2
      vertex 230.525 93.9377 2.2
    endloop
  endfacet
  facet normal 0 0 1
    outer loop
      vertex 230.521 94.0515 2.2
      vertex 230.525 94.3598 2.2
      vertex 230.521 94.209 2.2
    endloop
  endfacet
  facet normal 0 0 1
    outer loop
      vertex 235.156 99.6619 2.2
      vertex 232.876 99.9621 2.2
      vertex 235.141 99.44 2.2
    endloop
  endfacet
  facet normal 0 0 1
    outer loop
      vertex 232.841 99.44 2.2
      vertex 235.141 99.44 2.2
      vertex 232.876 99.9621 2.2
    endloop
  endfacet
  facet normal 0 -0 1
    outer loop
      vertex 232.978 98.4047 2.2
      vertex 235.141 99.44 2.2
      vertex 232.876 98.9179 2.2
    endloop
  endfacet
  facet normal 0 0 1
    outer loop
      vertex 235.141 99.44 2.2
      vertex 232.978 98.4047 2.2
      vertex 233.015 98.2948 2.2
    endloop
  endfacet
  facet normal 0 0 1
    outer loop
      vertex 235.141 99.44 2.2
      vertex 232.841 99.44 2.2
      vertex 232.876 98.9179 2.2
    endloop
  endfacet
  facet normal 0 0 1
    outer loop
      vertex 232.407 97.9096 2.2
      vertex 235.991 97.9678 2.2
      vertex 235.807 98.0913 2.2
    endloop
  endfacet
  facet normal 0 0 1
    outer loop
      vertex 233.015 98.2948 2.2
      vertex 235.807 98.0913 2.2
      vertex 235.639 98.2379 2.2
    endloop
  endfacet
  facet normal -0 0 1
    outer loop
      vertex 233.015 98.2948 2.2
      vertex 235.639 98.2379 2.2
      vertex 235.493 98.4051 2.2
    endloop
  endfacet
  facet normal 0 0 1
    outer loop
      vertex 233.015 98.2948 2.2
      vertex 235.493 98.4051 2.2
      vertex 235.369 98.59 2.2
    endloop
  endfacet
  facet normal 0 0 1
    outer loop
      vertex 233.015 98.2948 2.2
      vertex 235.369 98.59 2.2
      vertex 235.271 98.7894 2.2
    endloop
  endfacet
  facet normal 0 0 1
    outer loop
      vertex 233.015 98.2948 2.2
      vertex 235.271 98.7894 2.2
      vertex 235.199 99 2.2
    endloop
  endfacet
  facet normal 0 0 1
    outer loop
      vertex 233.015 98.2948 2.2
      vertex 235.199 99 2.2
      vertex 235.156 99.2181 2.2
    endloop
  endfacet
  facet normal 0 0 1
    outer loop
      vertex 233.015 98.2948 2.2
      vertex 235.156 99.2181 2.2
      vertex 235.141 99.44 2.2
    endloop
  endfacet
  facet normal 0 0 1
    outer loop
      vertex 235.369 100.29 2.2
      vertex 233.377 101.44 2.2
      vertex 235.271 100.091 2.2
    endloop
  endfacet
  facet normal -0 0 1
    outer loop
      vertex 233.146 100.971 2.2
      vertex 235.271 100.091 2.2
      vertex 233.377 101.44 2.2
    endloop
  endfacet
  facet normal 0 0 1
    outer loop
      vertex 235.271 100.091 2.2
      vertex 233.146 100.971 2.2
      vertex 235.199 99.88 2.2
    endloop
  endfacet
  facet normal -0 0 1
    outer loop
      vertex 232.978 100.475 2.2
      vertex 235.199 99.88 2.2
      vertex 233.146 100.971 2.2
    endloop
  endfacet
  facet normal 0 0 1
    outer loop
      vertex 235.199 99.88 2.2
      vertex 232.978 100.475 2.2
      vertex 235.156 99.6619 2.2
    endloop
  endfacet
  facet normal -0 0 1
    outer loop
      vertex 232.876 99.9621 2.2
      vertex 235.156 99.6619 2.2
      vertex 232.978 100.475 2.2
    endloop
  endfacet
  facet normal 0 0 1
    outer loop
      vertex 235.807 98.0913 2.2
      vertex 233.015 98.2948 2.2
      vertex 232.923 98.2451 2.2
    endloop
  endfacet
  facet normal 0 0 1
    outer loop
      vertex 235.807 98.0913 2.2
      vertex 232.923 98.2451 2.2
      vertex 232.792 98.169 2.2
    endloop
  endfacet
  facet normal 0 0 1
    outer loop
      vertex 235.807 98.0913 2.2
      vertex 232.792 98.169 2.2
      vertex 232.662 98.0875 2.2
    endloop
  endfacet
  facet normal 0 0 1
    outer loop
      vertex 235.807 98.0913 2.2
      vertex 232.662 98.0875 2.2
      vertex 232.534 98.0018 2.2
    endloop
  endfacet
  facet normal 0 0 1
    outer loop
      vertex 235.807 98.0913 2.2
      vertex 232.534 98.0018 2.2
      vertex 232.407 97.9096 2.2
    endloop
  endfacet
  facet normal 0 0 1
    outer loop
      vertex 232.287 97.8175 2.2
      vertex 235.991 97.9678 2.2
      vertex 232.407 97.9096 2.2
    endloop
  endfacet
  facet normal 0 0 1
    outer loop
      vertex 231.063 47.5653 2.2
      vertex 236.129 48.8627 2.2
      vertex 232.333 55.139 2.2
    endloop
  endfacet
  facet normal 0 0 1
    outer loop
      vertex 236.129 48.8627 2.2
      vertex 231.063 47.5653 2.2
      vertex 235.849 33.6662 2.2
    endloop
  endfacet
  facet normal 0 0 1
    outer loop
      vertex 232.333 55.139 2.2
      vertex 217.164 42.7794 2.2
      vertex 231.063 47.5653 2.2
    endloop
  endfacet
  facet normal 0 0 1
    outer loop
      vertex 232.333 55.139 2.2
      vertex 212.146 41.306 2.2
      vertex 217.164 42.7794 2.2
    endloop
  endfacet
  facet normal -0 0 1
    outer loop
      vertex 192.909 41.8149 2.2
      vertex 212.146 41.306 2.2
      vertex 232.333 55.139 2.2
    endloop
  endfacet
  facet normal 0 0 1
    outer loop
      vertex 212.146 41.306 2.2
      vertex 192.909 41.8149 2.2
      vertex 198.422 36.038 2.2
    endloop
  endfacet
  facet normal 0 0 1
    outer loop
      vertex 212.324 -2.69128 2.2
      vertex 210.307 -3.9781 2.2
      vertex 210.321 -4.2 2.2
    endloop
  endfacet
  facet normal 0 0 1
    outer loop
      vertex 212.324 -2.69128 2.2
      vertex 210.263 -3.76001 2.2
      vertex 210.307 -3.9781 2.2
    endloop
  endfacet
  facet normal 0 0 1
    outer loop
      vertex 212.324 -2.69128 2.2
      vertex 210.192 -3.54944 2.2
      vertex 210.263 -3.76001 2.2
    endloop
  endfacet
  facet normal 0 0 1
    outer loop
      vertex 212.324 -2.69128 2.2
      vertex 210.094 -3.35 2.2
      vertex 210.192 -3.54944 2.2
    endloop
  endfacet
  facet normal 0 0 1
    outer loop
      vertex 212.324 -2.69128 2.2
      vertex 209.97 -3.1651 2.2
      vertex 210.094 -3.35 2.2
    endloop
  endfacet
  facet normal 0 0 1
    outer loop
      vertex 212.324 -2.69128 2.2
      vertex 209.823 -2.99792 2.2
      vertex 209.97 -3.1651 2.2
    endloop
  endfacet
  facet normal 0 0 1
    outer loop
      vertex 212.324 -2.69128 2.2
      vertex 209.656 -2.8513 2.2
      vertex 209.823 -2.99792 2.2
    endloop
  endfacet
  facet normal 0 0 1
    outer loop
      vertex 212.324 -2.69128 2.2
      vertex 209.471 -2.72776 2.2
      vertex 209.656 -2.8513 2.2
    endloop
  endfacet
  facet normal 0 0 1
    outer loop
      vertex 212.324 -2.69128 2.2
      vertex 209.272 -2.6294 2.2
      vertex 209.471 -2.72776 2.2
    endloop
  endfacet
  facet normal 0 0 1
    outer loop
      vertex 210.499 4.57638 2.2
      vertex 209.061 -2.55793 2.2
      vertex 209.272 -2.6294 2.2
    endloop
  endfacet
  facet normal 0 0 1
    outer loop
      vertex 210.499 4.57638 2.2
      vertex 208.843 -2.51454 2.2
      vertex 209.061 -2.55793 2.2
    endloop
  endfacet
  facet normal 0 0 1
    outer loop
      vertex 210.499 4.57638 2.2
      vertex 208.621 -2.5 2.2
      vertex 208.843 -2.51454 2.2
    endloop
  endfacet
  facet normal 0 0 1
    outer loop
      vertex 210.499 4.57638 2.2
      vertex 208.4 -2.51454 2.2
      vertex 208.621 -2.5 2.2
    endloop
  endfacet
  facet normal -0 0 1
    outer loop
      vertex 204.149 -0.710846 2.2
      vertex 208.4 -2.51454 2.2
      vertex 210.499 4.57638 2.2
    endloop
  endfacet
  facet normal 0 0 1
    outer loop
      vertex 208.4 -2.51454 2.2
      vertex 204.149 -0.710846 2.2
      vertex 208.181 -2.55793 2.2
    endloop
  endfacet
  facet normal -0 -0 1
    outer loop
      vertex 204.196 -0.825882 2.2
      vertex 208.181 -2.55793 2.2
      vertex 204.149 -0.710846 2.2
    endloop
  endfacet
  facet normal 0 0 1
    outer loop
      vertex 208.181 -2.55793 2.2
      vertex 204.196 -0.825882 2.2
      vertex 207.971 -2.6294 2.2
    endloop
  endfacet
  facet normal -0 -0 1
    outer loop
      vertex 204.324 -1.10541 2.2
      vertex 207.971 -2.6294 2.2
      vertex 204.259 -0.968613 2.2
    endloop
  endfacet
  facet normal -0 -0 1
    outer loop
      vertex 204.396 -1.24197 2.2
      vertex 207.971 -2.6294 2.2
      vertex 204.324 -1.10541 2.2
    endloop
  endfacet
  facet normal -0 -0 1
    outer loop
      vertex 204.473 -1.37849 2.2
      vertex 207.971 -2.6294 2.2
      vertex 204.396 -1.24197 2.2
    endloop
  endfacet
  facet normal -0 -0 1
    outer loop
      vertex 204.635 -1.63577 2.2
      vertex 207.971 -2.6294 2.2
      vertex 204.552 -1.50856 2.2
    endloop
  endfacet
  facet normal 0 0 1
    outer loop
      vertex 204.621 -4.2 2.2
      vertex 206.921 -4.2 2.2
      vertex 206.936 -3.9781 2.2
    endloop
  endfacet
  facet normal 0 0 1
    outer loop
      vertex 207.587 -5.5487 2.2
      vertex 206.186 -7.37341 2.2
      vertex 206.621 -7.6641 2.2
    endloop
  endfacet
  facet normal 0 0 1
    outer loop
      vertex 204.656 -3.67789 2.2
      vertex 206.936 -3.9781 2.2
      vertex 206.979 -3.76001 2.2
    endloop
  endfacet
  facet normal 0 0 1
    outer loop
      vertex 207.419 -5.40208 2.2
      vertex 205.793 -7.02843 2.2
      vertex 206.186 -7.37341 2.2
    endloop
  endfacet
  facet normal 0 0 1
    outer loop
      vertex 204.758 -3.16472 2.2
      vertex 206.979 -3.76001 2.2
      vertex 207.051 -3.54944 2.2
    endloop
  endfacet
  facet normal 0 0 1
    outer loop
      vertex 207.273 -5.23489 2.2
      vertex 205.448 -6.63505 2.2
      vertex 205.793 -7.02843 2.2
    endloop
  endfacet
  facet normal 0 0 1
    outer loop
      vertex 207.149 -3.35 2.2
      vertex 205.132 -2.2508 2.2
      vertex 207.051 -3.54944 2.2
    endloop
  endfacet
  facet normal 0 0 1
    outer loop
      vertex 204.149 -0.710846 2.2
      vertex 210.499 4.57638 2.2
      vertex 205.231 18.3 2.2
    endloop
  endfacet
  facet normal -0 0 1
    outer loop
      vertex 204.926 -2.66927 2.2
      vertex 207.051 -3.54944 2.2
      vertex 205.132 -2.2508 2.2
    endloop
  endfacet
  facet normal 0 0 1
    outer loop
      vertex 217.414 27.5824 2.2
      vertex 205.231 18.3 2.2
      vertex 218.955 23.568 2.2
    endloop
  endfacet
  facet normal 0 0 1
    outer loop
      vertex 207.149 -5.05 2.2
      vertex 205.157 -6.2 2.2
      vertex 205.448 -6.63505 2.2
    endloop
  endfacet
  facet normal -0 -0 1
    outer loop
      vertex 205.014 -2.12366 2.2
      vertex 207.971 -2.6294 2.2
      vertex 204.912 -2.00496 2.2
    endloop
  endfacet
  facet normal 0 0 1
    outer loop
      vertex 207.273 -3.1651 2.2
      vertex 205.132 -2.2508 2.2
      vertex 207.149 -3.35 2.2
    endloop
  endfacet
  facet normal 0 0 1
    outer loop
      vertex 205.132 -2.2508 2.2
      vertex 205.014 -2.12366 2.2
      vertex 205.121 -2.23938 2.2
    endloop
  endfacet
  facet normal 0 0 1
    outer loop
      vertex 207.419 -2.99792 2.2
      vertex 205.132 -2.2508 2.2
      vertex 207.273 -3.1651 2.2
    endloop
  endfacet
  facet normal 0 0 1
    outer loop
      vertex 207.587 -2.8513 2.2
      vertex 205.132 -2.2508 2.2
      vertex 207.419 -2.99792 2.2
    endloop
  endfacet
  facet normal 0 0 1
    outer loop
      vertex 207.771 -2.72776 2.2
      vertex 205.132 -2.2508 2.2
      vertex 207.587 -2.8513 2.2
    endloop
  endfacet
  facet normal -0 -0 1
    outer loop
      vertex 205.132 -2.2508 2.2
      vertex 207.771 -2.72776 2.2
      vertex 205.014 -2.12366 2.2
    endloop
  endfacet
  facet normal 0 0 1
    outer loop
      vertex 207.971 -2.6294 2.2
      vertex 205.014 -2.12366 2.2
      vertex 207.771 -2.72776 2.2
    endloop
  endfacet
  facet normal -0 -0 1
    outer loop
      vertex 204.912 -2.00496 2.2
      vertex 207.971 -2.6294 2.2
      vertex 204.817 -1.88596 2.2
    endloop
  endfacet
  facet normal -0 -0 1
    outer loop
      vertex 204.817 -1.88596 2.2
      vertex 207.971 -2.6294 2.2
      vertex 204.724 -1.76236 2.2
    endloop
  endfacet
  facet normal -0 -0 1
    outer loop
      vertex 204.724 -1.76236 2.2
      vertex 207.971 -2.6294 2.2
      vertex 204.635 -1.63577 2.2
    endloop
  endfacet
  facet normal -0 -0 1
    outer loop
      vertex 204.552 -1.50856 2.2
      vertex 207.971 -2.6294 2.2
      vertex 204.473 -1.37849 2.2
    endloop
  endfacet
  facet normal 0 0 1
    outer loop
      vertex 207.971 -2.6294 2.2
      vertex 204.196 -0.825882 2.2
      vertex 204.259 -0.968613 2.2
    endloop
  endfacet
  facet normal -0 0 1
    outer loop
      vertex 203.69 22.3144 2.2
      vertex 205.231 18.3 2.2
      vertex 217.414 27.5824 2.2
    endloop
  endfacet
  facet normal 0 0 1
    outer loop
      vertex 190.959 33.6522 2.2
      vertex 205.231 18.3 2.2
      vertex 203.69 22.3144 2.2
    endloop
  endfacet
  facet normal -0 0 1
    outer loop
      vertex 190.959 33.6522 2.2
      vertex 203.69 22.3144 2.2
      vertex 198.422 36.038 2.2
    endloop
  endfacet
  facet normal -0 0 1
    outer loop
      vertex 191.037 37.5319 2.2
      vertex 198.422 36.038 2.2
      vertex 192.909 41.8149 2.2
    endloop
  endfacet
  facet normal 0 0 1
    outer loop
      vertex 190.993 37.75 2.2
      vertex 192.909 41.8149 2.2
      vertex 192.721 41.7396 2.2
    endloop
  endfacet
  facet normal 0 0 1
    outer loop
      vertex 190.993 37.75 2.2
      vertex 192.721 41.7396 2.2
      vertex 192.584 41.6788 2.2
    endloop
  endfacet
  facet normal 0 0 1
    outer loop
      vertex 190.922 37.9606 2.2
      vertex 192.584 41.6788 2.2
      vertex 192.445 41.6124 2.2
    endloop
  endfacet
  facet normal 0 0 1
    outer loop
      vertex 190.922 37.9606 2.2
      vertex 192.445 41.6124 2.2
      vertex 192.305 41.5387 2.2
    endloop
  endfacet
  facet normal 0 0 1
    outer loop
      vertex 190.922 37.9606 2.2
      vertex 192.305 41.5387 2.2
      vertex 192.172 41.4639 2.2
    endloop
  endfacet
  facet normal 0 0 1
    outer loop
      vertex 190.922 37.9606 2.2
      vertex 192.172 41.4639 2.2
      vertex 192.042 41.3848 2.2
    endloop
  endfacet
  facet normal 0 0 1
    outer loop
      vertex 190.922 37.9606 2.2
      vertex 192.042 41.3848 2.2
      vertex 191.915 41.3016 2.2
    endloop
  endfacet
  facet normal 0 0 1
    outer loop
      vertex 190.922 37.9606 2.2
      vertex 191.915 41.3016 2.2
      vertex 191.791 41.2148 2.2
    endloop
  endfacet
  facet normal 0 0 1
    outer loop
      vertex 190.922 37.9606 2.2
      vertex 191.791 41.2148 2.2
      vertex 191.668 41.1228 2.2
    endloop
  endfacet
  facet normal 0 0 1
    outer loop
      vertex 190.922 37.9606 2.2
      vertex 191.668 41.1228 2.2
      vertex 191.543 41.022 2.2
    endloop
  endfacet
  facet normal 0 0 1
    outer loop
      vertex 190.922 37.9606 2.2
      vertex 191.543 41.022 2.2
      vertex 191.427 40.9221 2.2
    endloop
  endfacet
  facet normal 0 0 1
    outer loop
      vertex 190.824 38.16 2.2
      vertex 191.427 40.9221 2.2
      vertex 191.314 40.8185 2.2
    endloop
  endfacet
  facet normal 0 0 1
    outer loop
      vertex 190.824 38.16 2.2
      vertex 191.314 40.8185 2.2
      vertex 191.297 40.8012 2.2
    endloop
  endfacet
  facet normal 0 0 1
    outer loop
      vertex 198.422 36.038 2.2
      vertex 191.051 37.31 2.2
      vertex 191.037 37.0881 2.2
    endloop
  endfacet
  facet normal -0 0 1
    outer loop
      vertex 190.993 36.87 2.2
      vertex 198.422 36.038 2.2
      vertex 191.037 37.0881 2.2
    endloop
  endfacet
  facet normal -0 0 1
    outer loop
      vertex 190.922 36.6594 2.2
      vertex 198.422 36.038 2.2
      vertex 190.993 36.87 2.2
    endloop
  endfacet
  facet normal 0 0 1
    outer loop
      vertex 205.231 18.3 2.2
      vertex 190.959 33.6522 2.2
      vertex 204.149 -0.710846 2.2
    endloop
  endfacet
  facet normal 0 0 1
    outer loop
      vertex 198.422 36.038 2.2
      vertex 190.922 36.6594 2.2
      vertex 190.959 33.6522 2.2
    endloop
  endfacet
  facet normal -0 0 1
    outer loop
      vertex 190.824 36.46 2.2
      vertex 190.959 33.6522 2.2
      vertex 190.922 36.6594 2.2
    endloop
  endfacet
  facet normal -0 0 1
    outer loop
      vertex 190.7 36.2751 2.2
      vertex 190.959 33.6522 2.2
      vertex 190.824 36.46 2.2
    endloop
  endfacet
  facet normal -0 0 1
    outer loop
      vertex 190.553 36.1079 2.2
      vertex 190.959 33.6522 2.2
      vertex 190.7 36.2751 2.2
    endloop
  endfacet
  facet normal -0 0 1
    outer loop
      vertex 190.386 35.9613 2.2
      vertex 190.959 33.6522 2.2
      vertex 190.553 36.1079 2.2
    endloop
  endfacet
  facet normal -0 0 1
    outer loop
      vertex 190.201 35.8378 2.2
      vertex 190.959 33.6522 2.2
      vertex 190.386 35.9613 2.2
    endloop
  endfacet
  facet normal -0 0 1
    outer loop
      vertex 190.002 35.7394 2.2
      vertex 190.959 33.6522 2.2
      vertex 190.201 35.8378 2.2
    endloop
  endfacet
  facet normal 0 0 1
    outer loop
      vertex 190.959 33.6522 2.2
      vertex 190.002 35.7394 2.2
      vertex 190.882 33.6145 2.2
    endloop
  endfacet
  facet normal 0 0 1
    outer loop
      vertex 190.882 33.6145 2.2
      vertex 190.002 35.7394 2.2
      vertex 190.387 33.4463 2.2
    endloop
  endfacet
  facet normal -0 0 1
    outer loop
      vertex 189.791 35.6679 2.2
      vertex 190.387 33.4463 2.2
      vertex 190.002 35.7394 2.2
    endloop
  endfacet
  facet normal 0 0 1
    outer loop
      vertex 190.387 33.4463 2.2
      vertex 189.791 35.6679 2.2
      vertex 189.874 33.3442 2.2
    endloop
  endfacet
  facet normal -0 0 1
    outer loop
      vertex 189.573 35.6245 2.2
      vertex 189.874 33.3442 2.2
      vertex 189.791 35.6679 2.2
    endloop
  endfacet
  facet normal -0 0 1
    outer loop
      vertex 189.351 35.61 2.2
      vertex 189.874 33.3442 2.2
      vertex 189.573 35.6245 2.2
    endloop
  endfacet
  facet normal 0 0 1
    outer loop
      vertex 189.351 35.61 2.2
      vertex 189.351 33.31 2.2
      vertex 189.874 33.3442 2.2
    endloop
  endfacet
  facet normal 0 0 1
    outer loop
      vertex 189.13 35.6245 2.2
      vertex 189.351 33.31 2.2
      vertex 189.351 35.61 2.2
    endloop
  endfacet
  facet normal 0 0 1
    outer loop
      vertex 188.829 33.3442 2.2
      vertex 189.13 35.6245 2.2
      vertex 188.911 35.6679 2.2
    endloop
  endfacet
  facet normal 0 0 1
    outer loop
      vertex 189.13 35.6245 2.2
      vertex 188.829 33.3442 2.2
      vertex 189.351 33.31 2.2
    endloop
  endfacet
  facet normal 0 0 1
    outer loop
      vertex 188.316 33.4463 2.2
      vertex 188.911 35.6679 2.2
      vertex 188.701 35.7394 2.2
    endloop
  endfacet
  facet normal 0 0 1
    outer loop
      vertex 187.821 33.6145 2.2
      vertex 188.701 35.7394 2.2
      vertex 188.501 35.8378 2.2
    endloop
  endfacet
  facet normal 0 0 1
    outer loop
      vertex 187.351 33.8459 2.2
      vertex 188.501 35.8378 2.2
      vertex 188.317 35.9613 2.2
    endloop
  endfacet
  facet normal 0 0 1
    outer loop
      vertex 188.911 35.6679 2.2
      vertex 188.316 33.4463 2.2
      vertex 188.829 33.3442 2.2
    endloop
  endfacet
  facet normal 0 0 1
    outer loop
      vertex 186.916 34.1366 2.2
      vertex 188.317 35.9613 2.2
      vertex 188.149 36.1079 2.2
    endloop
  endfacet
  facet normal 0 0 1
    outer loop
      vertex 186.523 34.4816 2.2
      vertex 188.149 36.1079 2.2
      vertex 188.003 36.2751 2.2
    endloop
  endfacet
  facet normal 0 0 1
    outer loop
      vertex 186.178 34.875 2.2
      vertex 188.003 36.2751 2.2
      vertex 187.879 36.46 2.2
    endloop
  endfacet
  facet normal 0 0 1
    outer loop
      vertex 188.701 35.7394 2.2
      vertex 187.821 33.6145 2.2
      vertex 188.316 33.4463 2.2
    endloop
  endfacet
  facet normal 0 0 1
    outer loop
      vertex 185.887 35.31 2.2
      vertex 187.879 36.46 2.2
      vertex 187.781 36.6594 2.2
    endloop
  endfacet
  facet normal 0 0 1
    outer loop
      vertex 185.656 35.7793 2.2
      vertex 187.781 36.6594 2.2
      vertex 187.709 36.87 2.2
    endloop
  endfacet
  facet normal 0 0 1
    outer loop
      vertex 185.488 36.2747 2.2
      vertex 187.709 36.87 2.2
      vertex 187.666 37.0881 2.2
    endloop
  endfacet
  facet normal 0 0 1
    outer loop
      vertex 185.386 36.7879 2.2
      vertex 187.666 37.0881 2.2
      vertex 187.651 37.31 2.2
    endloop
  endfacet
  facet normal 0 0 1
    outer loop
      vertex 187.879 38.16 2.2
      vertex 185.887 39.31 2.2
      vertex 187.781 37.9606 2.2
    endloop
  endfacet
  facet normal 0 0 1
    outer loop
      vertex 188.501 35.8378 2.2
      vertex 187.351 33.8459 2.2
      vertex 187.821 33.6145 2.2
    endloop
  endfacet
  facet normal -0 0 1
    outer loop
      vertex 185.656 38.8407 2.2
      vertex 187.781 37.9606 2.2
      vertex 185.887 39.31 2.2
    endloop
  endfacet
  facet normal 0 0 1
    outer loop
      vertex 188.317 35.9613 2.2
      vertex 186.916 34.1366 2.2
      vertex 187.351 33.8459 2.2
    endloop
  endfacet
  facet normal 0 0 1
    outer loop
      vertex 187.781 37.9606 2.2
      vertex 185.656 38.8407 2.2
      vertex 187.709 37.75 2.2
    endloop
  endfacet
  facet normal 0 0 1
    outer loop
      vertex 188.149 36.1079 2.2
      vertex 186.523 34.4816 2.2
      vertex 186.916 34.1366 2.2
    endloop
  endfacet
  facet normal -0 0 1
    outer loop
      vertex 185.488 38.3453 2.2
      vertex 187.709 37.75 2.2
      vertex 185.656 38.8407 2.2
    endloop
  endfacet
  facet normal 0 0 1
    outer loop
      vertex 188.003 36.2751 2.2
      vertex 186.178 34.875 2.2
      vertex 186.523 34.4816 2.2
    endloop
  endfacet
  facet normal 0 0 1
    outer loop
      vertex 187.709 37.75 2.2
      vertex 185.488 38.3453 2.2
      vertex 187.666 37.5319 2.2
    endloop
  endfacet
  facet normal 0 0 1
    outer loop
      vertex 187.879 36.46 2.2
      vertex 185.887 35.31 2.2
      vertex 186.178 34.875 2.2
    endloop
  endfacet
  facet normal -0 0 1
    outer loop
      vertex 185.386 37.8321 2.2
      vertex 187.666 37.5319 2.2
      vertex 185.488 38.3453 2.2
    endloop
  endfacet
  facet normal 0 0 1
    outer loop
      vertex 187.781 36.6594 2.2
      vertex 185.656 35.7793 2.2
      vertex 185.887 35.31 2.2
    endloop
  endfacet
  facet normal 0 0 1
    outer loop
      vertex 187.666 37.5319 2.2
      vertex 185.386 37.8321 2.2
      vertex 187.651 37.31 2.2
    endloop
  endfacet
  facet normal 0 0 1
    outer loop
      vertex 187.709 36.87 2.2
      vertex 185.488 36.2747 2.2
      vertex 185.656 35.7793 2.2
    endloop
  endfacet
  facet normal 0 0 1
    outer loop
      vertex 185.351 37.31 2.2
      vertex 187.651 37.31 2.2
      vertex 185.386 37.8321 2.2
    endloop
  endfacet
  facet normal 0 0 1
    outer loop
      vertex 187.666 37.0881 2.2
      vertex 185.386 36.7879 2.2
      vertex 185.488 36.2747 2.2
    endloop
  endfacet
  facet normal 0 0 1
    outer loop
      vertex 187.651 37.31 2.2
      vertex 185.351 37.31 2.2
      vertex 185.386 36.7879 2.2
    endloop
  endfacet
  facet normal 0 0 1
    outer loop
      vertex 210.321 -4.2 2.2
      vertex 212.621 -4.2 2.2
      vertex 212.587 -3.67789 2.2
    endloop
  endfacet
  facet normal 0 0 1
    outer loop
      vertex 210.321 -4.2 2.2
      vertex 212.587 -3.67789 2.2
      vertex 212.485 -3.16472 2.2
    endloop
  endfacet
  facet normal 0 0 1
    outer loop
      vertex 212.621 -4.2 2.2
      vertex 210.321 -4.2 2.2
      vertex 212.587 -4.7221 2.2
    endloop
  endfacet
  facet normal 0 0 1
    outer loop
      vertex 210.321 -4.2 2.2
      vertex 212.485 -3.16472 2.2
      vertex 212.324 -2.69128 2.2
    endloop
  endfacet
  facet normal -0 0 1
    outer loop
      vertex 210.307 -4.42189 2.2
      vertex 212.587 -4.7221 2.2
      vertex 210.321 -4.2 2.2
    endloop
  endfacet
  facet normal -0 0 1
    outer loop
      vertex 204.758 -3.16472 2.2
      vertex 207.051 -3.54944 2.2
      vertex 204.926 -2.66927 2.2
    endloop
  endfacet
  facet normal 0 0 1
    outer loop
      vertex 207.051 -4.85056 2.2
      vertex 204.926 -5.73073 2.2
      vertex 205.157 -6.2 2.2
    endloop
  endfacet
  facet normal 0 0 1
    outer loop
      vertex 206.979 -3.76001 2.2
      vertex 204.758 -3.16472 2.2
      vertex 204.656 -3.67789 2.2
    endloop
  endfacet
  facet normal 0 0 1
    outer loop
      vertex 206.979 -4.63999 2.2
      vertex 204.758 -5.23528 2.2
      vertex 204.926 -5.73073 2.2
    endloop
  endfacet
  facet normal 0 0 1
    outer loop
      vertex 206.936 -3.9781 2.2
      vertex 204.656 -3.67789 2.2
      vertex 204.621 -4.2 2.2
    endloop
  endfacet
  facet normal 0 0 1
    outer loop
      vertex 206.936 -4.42189 2.2
      vertex 204.656 -4.7221 2.2
      vertex 204.758 -5.23528 2.2
    endloop
  endfacet
  facet normal 0 0 1
    outer loop
      vertex 206.921 -4.2 2.2
      vertex 204.621 -4.2 2.2
      vertex 204.656 -4.7221 2.2
    endloop
  endfacet
  facet normal 0 0 1
    outer loop
      vertex 198.422 36.038 2.2
      vertex 191.037 37.5319 2.2
      vertex 191.051 37.31 2.2
    endloop
  endfacet
  facet normal 0 0 1
    outer loop
      vertex 192.909 41.8149 2.2
      vertex 190.993 37.75 2.2
      vertex 191.037 37.5319 2.2
    endloop
  endfacet
  facet normal 0 0 1
    outer loop
      vertex 192.584 41.6788 2.2
      vertex 190.922 37.9606 2.2
      vertex 190.993 37.75 2.2
    endloop
  endfacet
  facet normal 0 0 1
    outer loop
      vertex 190.002 38.8806 2.2
      vertex 191.297 40.8012 2.2
      vertex 190.882 41.0055 2.2
    endloop
  endfacet
  facet normal 0 0 1
    outer loop
      vertex 191.427 40.9221 2.2
      vertex 190.824 38.16 2.2
      vertex 190.922 37.9606 2.2
    endloop
  endfacet
  facet normal 0 0 1
    outer loop
      vertex 191.297 40.8012 2.2
      vertex 190.7 38.3449 2.2
      vertex 190.824 38.16 2.2
    endloop
  endfacet
  facet normal 0 0 1
    outer loop
      vertex 191.297 40.8012 2.2
      vertex 190.553 38.5121 2.2
      vertex 190.7 38.3449 2.2
    endloop
  endfacet
  facet normal 0 0 1
    outer loop
      vertex 190.002 38.8806 2.2
      vertex 190.882 41.0055 2.2
      vertex 190.387 41.1737 2.2
    endloop
  endfacet
  facet normal 0 0 1
    outer loop
      vertex 191.297 40.8012 2.2
      vertex 190.386 38.6587 2.2
      vertex 190.553 38.5121 2.2
    endloop
  endfacet
  facet normal 0 0 1
    outer loop
      vertex 191.297 40.8012 2.2
      vertex 190.201 38.7822 2.2
      vertex 190.386 38.6587 2.2
    endloop
  endfacet
  facet normal 0 0 1
    outer loop
      vertex 191.297 40.8012 2.2
      vertex 190.002 38.8806 2.2
      vertex 190.201 38.7822 2.2
    endloop
  endfacet
  facet normal 0 0 1
    outer loop
      vertex 189.791 38.9521 2.2
      vertex 190.387 41.1737 2.2
      vertex 189.874 41.2758 2.2
    endloop
  endfacet
  facet normal 0 0 1
    outer loop
      vertex 190.387 41.1737 2.2
      vertex 189.791 38.9521 2.2
      vertex 190.002 38.8806 2.2
    endloop
  endfacet
  facet normal 0 0 1
    outer loop
      vertex 189.874 41.2758 2.2
      vertex 189.573 38.9955 2.2
      vertex 189.791 38.9521 2.2
    endloop
  endfacet
  facet normal 0 0 1
    outer loop
      vertex 189.351 41.31 2.2
      vertex 189.573 38.9955 2.2
      vertex 189.874 41.2758 2.2
    endloop
  endfacet
  facet normal 0 0 1
    outer loop
      vertex 189.351 41.31 2.2
      vertex 189.351 39.01 2.2
      vertex 189.573 38.9955 2.2
    endloop
  endfacet
  facet normal 0 0 1
    outer loop
      vertex 189.351 41.31 2.2
      vertex 189.13 38.9955 2.2
      vertex 189.351 39.01 2.2
    endloop
  endfacet
  facet normal -0 0 1
    outer loop
      vertex 188.829 41.2758 2.2
      vertex 189.13 38.9955 2.2
      vertex 189.351 41.31 2.2
    endloop
  endfacet
  facet normal 0 0 1
    outer loop
      vertex 189.13 38.9955 2.2
      vertex 188.829 41.2758 2.2
      vertex 188.911 38.9521 2.2
    endloop
  endfacet
  facet normal -0 0 1
    outer loop
      vertex 188.316 41.1737 2.2
      vertex 188.911 38.9521 2.2
      vertex 188.829 41.2758 2.2
    endloop
  endfacet
  facet normal 0 0 1
    outer loop
      vertex 188.911 38.9521 2.2
      vertex 188.316 41.1737 2.2
      vertex 188.701 38.8806 2.2
    endloop
  endfacet
  facet normal -0 0 1
    outer loop
      vertex 187.821 41.0055 2.2
      vertex 188.701 38.8806 2.2
      vertex 188.316 41.1737 2.2
    endloop
  endfacet
  facet normal 0 0 1
    outer loop
      vertex 188.701 38.8806 2.2
      vertex 187.821 41.0055 2.2
      vertex 188.501 38.7822 2.2
    endloop
  endfacet
  facet normal -0 0 1
    outer loop
      vertex 187.351 40.7741 2.2
      vertex 188.501 38.7822 2.2
      vertex 187.821 41.0055 2.2
    endloop
  endfacet
  facet normal 0 0 1
    outer loop
      vertex 188.501 38.7822 2.2
      vertex 187.351 40.7741 2.2
      vertex 188.317 38.6587 2.2
    endloop
  endfacet
  facet normal -0 0 1
    outer loop
      vertex 186.916 40.4834 2.2
      vertex 188.317 38.6587 2.2
      vertex 187.351 40.7741 2.2
    endloop
  endfacet
  facet normal 0 0 1
    outer loop
      vertex 188.317 38.6587 2.2
      vertex 186.916 40.4834 2.2
      vertex 188.149 38.5121 2.2
    endloop
  endfacet
  facet normal -0 0 1
    outer loop
      vertex 186.523 40.1384 2.2
      vertex 188.149 38.5121 2.2
      vertex 186.916 40.4834 2.2
    endloop
  endfacet
  facet normal 0 0 1
    outer loop
      vertex 188.149 38.5121 2.2
      vertex 186.523 40.1384 2.2
      vertex 188.003 38.3449 2.2
    endloop
  endfacet
  facet normal -0 0 1
    outer loop
      vertex 186.178 39.745 2.2
      vertex 188.003 38.3449 2.2
      vertex 186.523 40.1384 2.2
    endloop
  endfacet
  facet normal 0 0 1
    outer loop
      vertex 188.003 38.3449 2.2
      vertex 186.178 39.745 2.2
      vertex 187.879 38.16 2.2
    endloop
  endfacet
  facet normal -0 0 1
    outer loop
      vertex 185.887 39.31 2.2
      vertex 187.879 38.16 2.2
      vertex 186.178 39.745 2.2
    endloop
  endfacet
  facet normal -0.35836 0.933584 0
    outer loop
      vertex 224.223 9.84439 2.05
      vertex 210.499 4.57638 2.2
      vertex 224.223 9.84439 2.2
    endloop
  endfacet
  facet normal -0.35836 0.933584 0
    outer loop
      vertex 210.499 4.57638 2.2
      vertex 224.223 9.84439 2.05
      vertex 210.499 4.57638 2.05
    endloop
  endfacet
  facet normal -0.93358 -0.358368 2.57321e-15
    outer loop
      vertex 224.223 9.84439 2.05
      vertex 218.955 23.568 2.2
      vertex 218.955 23.568 2.05
    endloop
  endfacet
  facet normal -0.93358 -0.358368 2.57321e-15
    outer loop
      vertex 218.955 23.568 2.2
      vertex 224.223 9.84439 2.05
      vertex 224.223 9.84439 2.2
    endloop
  endfacet
  facet normal 0.358359 -0.933584 0
    outer loop
      vertex 205.231 18.3 2.05
      vertex 218.955 23.568 2.2
      vertex 205.231 18.3 2.2
    endloop
  endfacet
  facet normal 0.358359 -0.933584 0
    outer loop
      vertex 218.955 23.568 2.2
      vertex 205.231 18.3 2.05
      vertex 218.955 23.568 2.05
    endloop
  endfacet
  facet normal 0.945515 0.325578 2.44669e-16
    outer loop
      vertex 228.135 10.9155 0.95
      vertex 223.349 24.8146 0
      vertex 223.349 24.8146 0.95
    endloop
  endfacet
  facet normal 0.945515 0.325578 2.44669e-16
    outer loop
      vertex 223.349 24.8146 0
      vertex 228.135 10.9155 0.95
      vertex 228.135 10.9155 0
    endloop
  endfacet
  facet normal -0 0 -1
    outer loop
      vertex 242.034 15.7014 0.95
      vertex 228.352 11.3604 0.95
      vertex 241.59 15.9183 0.95
    endloop
  endfacet
  facet normal 0 0 -1
    outer loop
      vertex 228.135 10.9155 0.95
      vertex 228.352 11.3604 0.95
      vertex 242.034 15.7014 0.95
    endloop
  endfacet
  facet normal 0 0 -1
    outer loop
      vertex 228.135 10.9155 0.95
      vertex 223.794 24.5977 0.95
      vertex 228.352 11.3604 0.95
    endloop
  endfacet
  facet normal -0 -0 -1
    outer loop
      vertex 223.794 24.5977 0.95
      vertex 228.135 10.9155 0.95
      vertex 223.349 24.8146 0.95
    endloop
  endfacet
  facet normal 0 0 -1
    outer loop
      vertex 241.59 15.9183 0.95
      vertex 237.249 29.6005 0.95
      vertex 242.034 15.7014 0.95
    endloop
  endfacet
  facet normal 0 0 -1
    outer loop
      vertex 237.032 29.1556 0.95
      vertex 237.249 29.6005 0.95
      vertex 241.59 15.9183 0.95
    endloop
  endfacet
  facet normal 0 0 -1
    outer loop
      vertex 223.794 24.5977 0.95
      vertex 237.249 29.6005 0.95
      vertex 237.032 29.1556 0.95
    endloop
  endfacet
  facet normal 0 0 -1
    outer loop
      vertex 237.249 29.6005 0.95
      vertex 223.794 24.5977 0.95
      vertex 223.349 24.8146 0.95
    endloop
  endfacet
  facet normal -0.325574 0.945517 0
    outer loop
      vertex 242.034 15.7014 0
      vertex 228.135 10.9155 0.95
      vertex 242.034 15.7014 0.95
    endloop
  endfacet
  facet normal -0.325574 0.945517 0
    outer loop
      vertex 228.135 10.9155 0.95
      vertex 242.034 15.7014 0
      vertex 228.135 10.9155 0
    endloop
  endfacet
  facet normal -0.945536 -0.325517 8.34799e-17
    outer loop
      vertex 242.034 15.7014 0
      vertex 237.249 29.6005 0.95
      vertex 237.249 29.6005 0
    endloop
  endfacet
  facet normal -0.945536 -0.325517 8.34799e-17
    outer loop
      vertex 237.249 29.6005 0.95
      vertex 242.034 15.7014 0
      vertex 242.034 15.7014 0.95
    endloop
  endfacet
  facet normal 0.325553 -0.945524 0
    outer loop
      vertex 223.349 24.8146 0
      vertex 237.249 29.6005 0.95
      vertex 223.349 24.8146 0.95
    endloop
  endfacet
  facet normal 0.325553 -0.945524 0
    outer loop
      vertex 237.249 29.6005 0.95
      vertex 223.349 24.8146 0
      vertex 237.249 29.6005 0
    endloop
  endfacet
  facet normal 0.945518 0.32557 -4.54491e-17
    outer loop
      vertex 228.352 11.3604 2.05
      vertex 223.794 24.5977 0.95
      vertex 223.794 24.5977 2.05
    endloop
  endfacet
  facet normal 0.945518 0.32557 -4.54491e-17
    outer loop
      vertex 223.794 24.5977 0.95
      vertex 228.352 11.3604 2.05
      vertex 228.352 11.3604 0.95
    endloop
  endfacet
  facet normal 0 0 1
    outer loop
      vertex 237.249 29.6005 2.05
      vertex 241.59 15.9183 2.05
      vertex 242.034 15.7014 2.05
    endloop
  endfacet
  facet normal 0 0 1
    outer loop
      vertex 237.249 29.6005 2.05
      vertex 237.032 29.1556 2.05
      vertex 241.59 15.9183 2.05
    endloop
  endfacet
  facet normal 0 0 1
    outer loop
      vertex 237.249 29.6005 2.05
      vertex 223.794 24.5977 2.05
      vertex 237.032 29.1556 2.05
    endloop
  endfacet
  facet normal 0 -0 1
    outer loop
      vertex 223.794 24.5977 2.05
      vertex 237.249 29.6005 2.05
      vertex 223.349 24.8146 2.05
    endloop
  endfacet
  facet normal 0 0 1
    outer loop
      vertex 228.352 11.3604 2.05
      vertex 242.034 15.7014 2.05
      vertex 241.59 15.9183 2.05
    endloop
  endfacet
  facet normal -0 0 1
    outer loop
      vertex 228.352 11.3604 2.05
      vertex 228.135 10.9155 2.05
      vertex 242.034 15.7014 2.05
    endloop
  endfacet
  facet normal 0 0 1
    outer loop
      vertex 223.794 24.5977 2.05
      vertex 228.135 10.9155 2.05
      vertex 228.352 11.3604 2.05
    endloop
  endfacet
  facet normal 0 0 1
    outer loop
      vertex 228.135 10.9155 2.05
      vertex 223.794 24.5977 2.05
      vertex 223.349 24.8146 2.05
    endloop
  endfacet
  facet normal -0.325548 0.945525 0
    outer loop
      vertex 241.59 15.9183 0.95
      vertex 228.352 11.3604 2.05
      vertex 241.59 15.9183 2.05
    endloop
  endfacet
  facet normal -0.325548 0.945525 0
    outer loop
      vertex 228.352 11.3604 2.05
      vertex 241.59 15.9183 0.95
      vertex 228.352 11.3604 0.95
    endloop
  endfacet
  facet normal -0.945518 -0.32557 -4.54491e-17
    outer loop
      vertex 241.59 15.9183 0.95
      vertex 237.032 29.1556 2.05
      vertex 237.032 29.1556 0.95
    endloop
  endfacet
  facet normal -0.945518 -0.32557 -4.54491e-17
    outer loop
      vertex 237.032 29.1556 2.05
      vertex 241.59 15.9183 0.95
      vertex 241.59 15.9183 2.05
    endloop
  endfacet
  facet normal 0.325548 -0.945525 0
    outer loop
      vertex 223.794 24.5977 0.95
      vertex 237.032 29.1556 2.05
      vertex 223.794 24.5977 2.05
    endloop
  endfacet
  facet normal 0.325548 -0.945525 0
    outer loop
      vertex 237.032 29.1556 2.05
      vertex 223.794 24.5977 0.95
      vertex 237.032 29.1556 0.95
    endloop
  endfacet
  facet normal 0.945515 0.325578 1.54957e-15
    outer loop
      vertex 228.135 10.9155 2.2
      vertex 223.349 24.8146 2.05
      vertex 223.349 24.8146 2.2
    endloop
  endfacet
  facet normal 0.945515 0.325578 1.54957e-15
    outer loop
      vertex 223.349 24.8146 2.05
      vertex 228.135 10.9155 2.2
      vertex 228.135 10.9155 2.05
    endloop
  endfacet
  facet normal -0.325574 0.945517 0
    outer loop
      vertex 242.034 15.7014 2.05
      vertex 228.135 10.9155 2.2
      vertex 242.034 15.7014 2.2
    endloop
  endfacet
  facet normal -0.325574 0.945517 0
    outer loop
      vertex 228.135 10.9155 2.2
      vertex 242.034 15.7014 2.05
      vertex 228.135 10.9155 2.05
    endloop
  endfacet
  facet normal -0.945536 -0.325517 5.28706e-16
    outer loop
      vertex 242.034 15.7014 2.05
      vertex 237.249 29.6005 2.2
      vertex 237.249 29.6005 2.05
    endloop
  endfacet
  facet normal -0.945536 -0.325517 5.28706e-16
    outer loop
      vertex 237.249 29.6005 2.2
      vertex 242.034 15.7014 2.05
      vertex 242.034 15.7014 2.2
    endloop
  endfacet
  facet normal 0.325553 -0.945524 0
    outer loop
      vertex 223.349 24.8146 2.05
      vertex 237.249 29.6005 2.2
      vertex 223.349 24.8146 2.2
    endloop
  endfacet
  facet normal 0.325553 -0.945524 0
    outer loop
      vertex 237.249 29.6005 2.2
      vertex 223.349 24.8146 2.05
      vertex 237.249 29.6005 2.05
    endloop
  endfacet
  facet normal 0.956302 0.29238 2.23989e-16
    outer loop
      vertex 245.982 16.6352 0.95
      vertex 241.684 30.6929 0
      vertex 241.684 30.6929 0.95
    endloop
  endfacet
  facet normal 0.956302 0.29238 2.23989e-16
    outer loop
      vertex 241.684 30.6929 0
      vertex 245.982 16.6352 0.95
      vertex 245.982 16.6352 0
    endloop
  endfacet
  facet normal -0 0 -1
    outer loop
      vertex 260.039 20.9331 0.95
      vertex 246.214 17.0723 0.95
      vertex 259.602 21.1655 0.95
    endloop
  endfacet
  facet normal 0 0 -1
    outer loop
      vertex 245.982 16.6352 0.95
      vertex 246.214 17.0723 0.95
      vertex 260.039 20.9331 0.95
    endloop
  endfacet
  facet normal 0 0 -1
    outer loop
      vertex 245.982 16.6352 0.95
      vertex 242.121 30.4605 0.95
      vertex 246.214 17.0723 0.95
    endloop
  endfacet
  facet normal -0 -0 -1
    outer loop
      vertex 242.121 30.4605 0.95
      vertex 245.982 16.6352 0.95
      vertex 241.684 30.6929 0.95
    endloop
  endfacet
  facet normal 0 0 -1
    outer loop
      vertex 259.602 21.1655 0.95
      vertex 255.742 34.9908 0.95
      vertex 260.039 20.9331 0.95
    endloop
  endfacet
  facet normal 0 0 -1
    outer loop
      vertex 255.509 34.5537 0.95
      vertex 255.742 34.9908 0.95
      vertex 259.602 21.1655 0.95
    endloop
  endfacet
  facet normal 0 0 -1
    outer loop
      vertex 242.121 30.4605 0.95
      vertex 255.742 34.9908 0.95
      vertex 255.509 34.5537 0.95
    endloop
  endfacet
  facet normal 0 0 -1
    outer loop
      vertex 255.742 34.9908 0.95
      vertex 242.121 30.4605 0.95
      vertex 241.684 30.6929 0.95
    endloop
  endfacet
  facet normal -0.292387 0.9563 0
    outer loop
      vertex 260.039 20.9331 0
      vertex 245.982 16.6352 0.95
      vertex 260.039 20.9331 0.95
    endloop
  endfacet
  facet normal -0.292387 0.9563 0
    outer loop
      vertex 245.982 16.6352 0.95
      vertex 260.039 20.9331 0
      vertex 245.982 16.6352 0
    endloop
  endfacet
  facet normal -0.956321 -0.292318 -2.12936e-16
    outer loop
      vertex 260.039 20.9331 0
      vertex 255.742 34.9908 0.95
      vertex 255.742 34.9908 0
    endloop
  endfacet
  facet normal -0.956321 -0.292318 -2.12936e-16
    outer loop
      vertex 255.742 34.9908 0.95
      vertex 260.039 20.9331 0
      vertex 260.039 20.9331 0.95
    endloop
  endfacet
  facet normal 0.292368 -0.956306 0
    outer loop
      vertex 241.684 30.6929 0
      vertex 255.742 34.9908 0.95
      vertex 241.684 30.6929 0.95
    endloop
  endfacet
  facet normal 0.292368 -0.956306 0
    outer loop
      vertex 255.742 34.9908 0.95
      vertex 241.684 30.6929 0
      vertex 255.742 34.9908 0
    endloop
  endfacet
  facet normal 0.956308 0.29236 -2.29151e-16
    outer loop
      vertex 246.214 17.0723 2.05
      vertex 242.121 30.4605 0.95
      vertex 242.121 30.4605 2.05
    endloop
  endfacet
  facet normal 0.956308 0.29236 -2.29151e-16
    outer loop
      vertex 242.121 30.4605 0.95
      vertex 246.214 17.0723 2.05
      vertex 246.214 17.0723 0.95
    endloop
  endfacet
  facet normal 0 0 1
    outer loop
      vertex 255.742 34.9908 2.05
      vertex 259.602 21.1655 2.05
      vertex 260.039 20.9331 2.05
    endloop
  endfacet
  facet normal 0 0 1
    outer loop
      vertex 255.742 34.9908 2.05
      vertex 255.509 34.5537 2.05
      vertex 259.602 21.1655 2.05
    endloop
  endfacet
  facet normal 0 0 1
    outer loop
      vertex 255.742 34.9908 2.05
      vertex 242.121 30.4605 2.05
      vertex 255.509 34.5537 2.05
    endloop
  endfacet
  facet normal 0 -0 1
    outer loop
      vertex 242.121 30.4605 2.05
      vertex 255.742 34.9908 2.05
      vertex 241.684 30.6929 2.05
    endloop
  endfacet
  facet normal 0 0 1
    outer loop
      vertex 246.214 17.0723 2.05
      vertex 260.039 20.9331 2.05
      vertex 259.602 21.1655 2.05
    endloop
  endfacet
  facet normal -0 0 1
    outer loop
      vertex 246.214 17.0723 2.05
      vertex 245.982 16.6352 2.05
      vertex 260.039 20.9331 2.05
    endloop
  endfacet
  facet normal 0 0 1
    outer loop
      vertex 242.121 30.4605 2.05
      vertex 245.982 16.6352 2.05
      vertex 246.214 17.0723 2.05
    endloop
  endfacet
  facet normal 0 0 1
    outer loop
      vertex 245.982 16.6352 2.05
      vertex 242.121 30.4605 2.05
      vertex 241.684 30.6929 2.05
    endloop
  endfacet
  facet normal -0.292377 0.956303 0
    outer loop
      vertex 259.602 21.1655 0.95
      vertex 246.214 17.0723 2.05
      vertex 259.602 21.1655 2.05
    endloop
  endfacet
  facet normal -0.292377 0.956303 0
    outer loop
      vertex 246.214 17.0723 2.05
      vertex 259.602 21.1655 0.95
      vertex 246.214 17.0723 0.95
    endloop
  endfacet
  facet normal -0.956308 -0.29236 -2.07696e-16
    outer loop
      vertex 259.602 21.1655 0.95
      vertex 255.509 34.5537 2.05
      vertex 255.509 34.5537 0.95
    endloop
  endfacet
  facet normal -0.956308 -0.29236 -2.07696e-16
    outer loop
      vertex 255.509 34.5537 2.05
      vertex 259.602 21.1655 0.95
      vertex 259.602 21.1655 2.05
    endloop
  endfacet
  facet normal 0.292377 -0.956303 0
    outer loop
      vertex 242.121 30.4605 0.95
      vertex 255.509 34.5537 2.05
      vertex 242.121 30.4605 2.05
    endloop
  endfacet
  facet normal 0.292377 -0.956303 0
    outer loop
      vertex 255.509 34.5537 2.05
      vertex 242.121 30.4605 0.95
      vertex 255.509 34.5537 0.95
    endloop
  endfacet
  facet normal 0.956302 0.29238 1.41859e-15
    outer loop
      vertex 245.982 16.6352 2.2
      vertex 241.684 30.6929 2.05
      vertex 241.684 30.6929 2.2
    endloop
  endfacet
  facet normal 0.956302 0.29238 1.41859e-15
    outer loop
      vertex 241.684 30.6929 2.05
      vertex 245.982 16.6352 2.2
      vertex 245.982 16.6352 2.05
    endloop
  endfacet
  facet normal -0.292387 0.9563 0
    outer loop
      vertex 260.039 20.9331 2.05
      vertex 245.982 16.6352 2.2
      vertex 260.039 20.9331 2.2
    endloop
  endfacet
  facet normal -0.292387 0.9563 0
    outer loop
      vertex 245.982 16.6352 2.2
      vertex 260.039 20.9331 2.05
      vertex 245.982 16.6352 2.05
    endloop
  endfacet
  facet normal -0.956321 -0.292318 -1.34859e-15
    outer loop
      vertex 260.039 20.9331 2.05
      vertex 255.742 34.9908 2.2
      vertex 255.742 34.9908 2.05
    endloop
  endfacet
  facet normal -0.956321 -0.292318 -1.34859e-15
    outer loop
      vertex 255.742 34.9908 2.2
      vertex 260.039 20.9331 2.05
      vertex 260.039 20.9331 2.2
    endloop
  endfacet
  facet normal 0.292368 -0.956306 0
    outer loop
      vertex 241.684 30.6929 2.05
      vertex 255.742 34.9908 2.2
      vertex 241.684 30.6929 2.2
    endloop
  endfacet
  facet normal 0.292368 -0.956306 0
    outer loop
      vertex 255.742 34.9908 2.2
      vertex 241.684 30.6929 2.05
      vertex 255.742 34.9908 2.05
    endloop
  endfacet
  facet normal 0.93358 0.358368 -1.47281e-16
    outer loop
      vertex 203.69 22.3144 0.95
      vertex 198.422 36.038 0
      vertex 198.422 36.038 0.95
    endloop
  endfacet
  facet normal 0.93358 0.358368 -1.47281e-16
    outer loop
      vertex 198.422 36.038 0
      vertex 203.69 22.3144 0.95
      vertex 203.69 22.3144 0
    endloop
  endfacet
  facet normal -0 0 -1
    outer loop
      vertex 217.414 27.5824 0.95
      vertex 203.892 22.7666 0.95
      vertex 216.962 27.7837 0.95
    endloop
  endfacet
  facet normal 0 0 -1
    outer loop
      vertex 203.69 22.3144 0.95
      vertex 203.892 22.7666 0.95
      vertex 217.414 27.5824 0.95
    endloop
  endfacet
  facet normal 0 0 -1
    outer loop
      vertex 203.69 22.3144 0.95
      vertex 198.874 35.8367 0.95
      vertex 203.892 22.7666 0.95
    endloop
  endfacet
  facet normal -0 -0 -1
    outer loop
      vertex 198.874 35.8367 0.95
      vertex 203.69 22.3144 0.95
      vertex 198.422 36.038 0.95
    endloop
  endfacet
  facet normal 0 0 -1
    outer loop
      vertex 216.962 27.7837 0.95
      vertex 212.146 41.306 0.95
      vertex 217.414 27.5824 0.95
    endloop
  endfacet
  facet normal 0 0 -1
    outer loop
      vertex 211.945 40.8538 0.95
      vertex 212.146 41.306 0.95
      vertex 216.962 27.7837 0.95
    endloop
  endfacet
  facet normal 0 0 -1
    outer loop
      vertex 198.874 35.8367 0.95
      vertex 212.146 41.306 0.95
      vertex 211.945 40.8538 0.95
    endloop
  endfacet
  facet normal 0 0 -1
    outer loop
      vertex 212.146 41.306 0.95
      vertex 198.874 35.8367 0.95
      vertex 198.422 36.038 0.95
    endloop
  endfacet
  facet normal -0.358359 0.933584 0
    outer loop
      vertex 217.414 27.5824 0
      vertex 203.69 22.3144 0.95
      vertex 217.414 27.5824 0.95
    endloop
  endfacet
  facet normal -0.358359 0.933584 0
    outer loop
      vertex 203.69 22.3144 0.95
      vertex 217.414 27.5824 0
      vertex 203.69 22.3144 0
    endloop
  endfacet
  facet normal -0.93358 -0.358368 -1.47281e-16
    outer loop
      vertex 217.414 27.5824 0
      vertex 212.146 41.306 0.95
      vertex 212.146 41.306 0
    endloop
  endfacet
  facet normal -0.93358 -0.358368 -1.47281e-16
    outer loop
      vertex 212.146 41.306 0.95
      vertex 217.414 27.5824 0
      vertex 217.414 27.5824 0.95
    endloop
  endfacet
  facet normal 0.358359 -0.933584 0
    outer loop
      vertex 198.422 36.038 0
      vertex 212.146 41.306 0.95
      vertex 198.422 36.038 0.95
    endloop
  endfacet
  facet normal 0.358359 -0.933584 0
    outer loop
      vertex 212.146 41.306 0.95
      vertex 198.422 36.038 0
      vertex 212.146 41.306 0
    endloop
  endfacet
  facet normal 0.93356 0.358421 3.41548e-16
    outer loop
      vertex 203.892 22.7666 2.05
      vertex 198.874 35.8367 0.95
      vertex 198.874 35.8367 2.05
    endloop
  endfacet
  facet normal 0.93356 0.358421 3.41548e-16
    outer loop
      vertex 198.874 35.8367 0.95
      vertex 203.892 22.7666 2.05
      vertex 203.892 22.7666 0.95
    endloop
  endfacet
  facet normal 0 0 1
    outer loop
      vertex 212.146 41.306 2.05
      vertex 216.962 27.7837 2.05
      vertex 217.414 27.5824 2.05
    endloop
  endfacet
  facet normal 0 0 1
    outer loop
      vertex 212.146 41.306 2.05
      vertex 211.945 40.8538 2.05
      vertex 216.962 27.7837 2.05
    endloop
  endfacet
  facet normal 0 0 1
    outer loop
      vertex 212.146 41.306 2.05
      vertex 198.874 35.8367 2.05
      vertex 211.945 40.8538 2.05
    endloop
  endfacet
  facet normal 0 -0 1
    outer loop
      vertex 198.874 35.8367 2.05
      vertex 212.146 41.306 2.05
      vertex 198.422 36.038 2.05
    endloop
  endfacet
  facet normal 0 0 1
    outer loop
      vertex 203.892 22.7666 2.05
      vertex 217.414 27.5824 2.05
      vertex 216.962 27.7837 2.05
    endloop
  endfacet
  facet normal -0 0 1
    outer loop
      vertex 203.892 22.7666 2.05
      vertex 203.69 22.3144 2.05
      vertex 217.414 27.5824 2.05
    endloop
  endfacet
  facet normal 0 0 1
    outer loop
      vertex 198.874 35.8367 2.05
      vertex 203.69 22.3144 2.05
      vertex 203.892 22.7666 2.05
    endloop
  endfacet
  facet normal 0 0 1
    outer loop
      vertex 203.69 22.3144 2.05
      vertex 198.874 35.8367 2.05
      vertex 198.422 36.038 2.05
    endloop
  endfacet
  facet normal -0.358368 0.93358 0
    outer loop
      vertex 216.962 27.7837 0.95
      vertex 203.892 22.7666 2.05
      vertex 216.962 27.7837 2.05
    endloop
  endfacet
  facet normal -0.358368 0.93358 0
    outer loop
      vertex 203.892 22.7666 2.05
      vertex 216.962 27.7837 0.95
      vertex 203.892 22.7666 0.95
    endloop
  endfacet
  facet normal -0.933584 -0.358359 2.28795e-16
    outer loop
      vertex 216.962 27.7837 0.95
      vertex 211.945 40.8538 2.05
      vertex 211.945 40.8538 0.95
    endloop
  endfacet
  facet normal -0.933584 -0.358359 2.28795e-16
    outer loop
      vertex 211.945 40.8538 2.05
      vertex 216.962 27.7837 0.95
      vertex 216.962 27.7837 2.05
    endloop
  endfacet
  facet normal 0.358344 -0.93359 0
    outer loop
      vertex 198.874 35.8367 0.95
      vertex 211.945 40.8538 2.05
      vertex 198.874 35.8367 2.05
    endloop
  endfacet
  facet normal 0.358344 -0.93359 0
    outer loop
      vertex 211.945 40.8538 2.05
      vertex 198.874 35.8367 0.95
      vertex 211.945 40.8538 0.95
    endloop
  endfacet
  facet normal 0.93358 0.358368 -9.32781e-16
    outer loop
      vertex 203.69 22.3144 2.2
      vertex 198.422 36.038 2.05
      vertex 198.422 36.038 2.2
    endloop
  endfacet
  facet normal 0.93358 0.358368 -9.32781e-16
    outer loop
      vertex 198.422 36.038 2.05
      vertex 203.69 22.3144 2.2
      vertex 203.69 22.3144 2.05
    endloop
  endfacet
  facet normal -0.358359 0.933584 0
    outer loop
      vertex 217.414 27.5824 2.05
      vertex 203.69 22.3144 2.2
      vertex 217.414 27.5824 2.2
    endloop
  endfacet
  facet normal -0.358359 0.933584 0
    outer loop
      vertex 203.69 22.3144 2.2
      vertex 217.414 27.5824 2.05
      vertex 203.69 22.3144 2.05
    endloop
  endfacet
  facet normal -0.93358 -0.358368 -9.32781e-16
    outer loop
      vertex 217.414 27.5824 2.05
      vertex 212.146 41.306 2.2
      vertex 212.146 41.306 2.05
    endloop
  endfacet
  facet normal -0.93358 -0.358368 -9.32781e-16
    outer loop
      vertex 212.146 41.306 2.2
      vertex 217.414 27.5824 2.05
      vertex 217.414 27.5824 2.2
    endloop
  endfacet
  facet normal 0.358359 -0.933584 0
    outer loop
      vertex 198.422 36.038 2.05
      vertex 212.146 41.306 2.2
      vertex 198.422 36.038 2.2
    endloop
  endfacet
  facet normal 0.358359 -0.933584 0
    outer loop
      vertex 212.146 41.306 2.2
      vertex 198.422 36.038 2.05
      vertex 212.146 41.306 2.05
    endloop
  endfacet
  facet normal 0.99619 -0.0872108 -5.77104e-17
    outer loop
      vertex 330.52 29.0693 0.95
      vertex 331.802 43.7133 0
      vertex 331.802 43.7133 0.95
    endloop
  endfacet
  facet normal 0.99619 -0.0872108 -5.77104e-17
    outer loop
      vertex 331.802 43.7133 0
      vertex 330.52 29.0693 0.95
      vertex 330.52 29.0693 0
    endloop
  endfacet
  facet normal 0 0 -1
    outer loop
      vertex 345.165 27.7881 0.95
      vertex 346.067 42.114 0.95
      vertex 346.446 42.4321 0.95
    endloop
  endfacet
  facet normal 0 0 -1
    outer loop
      vertex 345.165 27.7881 0.95
      vertex 344.846 28.1672 0.95
      vertex 346.067 42.114 0.95
    endloop
  endfacet
  facet normal 0 0 -1
    outer loop
      vertex 345.165 27.7881 0.95
      vertex 330.9 29.3874 0.95
      vertex 344.846 28.1672 0.95
    endloop
  endfacet
  facet normal 0 -0 -1
    outer loop
      vertex 330.9 29.3874 0.95
      vertex 345.165 27.7881 0.95
      vertex 330.52 29.0693 0.95
    endloop
  endfacet
  facet normal 0 0 -1
    outer loop
      vertex 332.12 43.3342 0.95
      vertex 346.446 42.4321 0.95
      vertex 346.067 42.114 0.95
    endloop
  endfacet
  facet normal 0 0 -1
    outer loop
      vertex 332.12 43.3342 0.95
      vertex 331.802 43.7133 0.95
      vertex 346.446 42.4321 0.95
    endloop
  endfacet
  facet normal 0 0 -1
    outer loop
      vertex 330.9 29.3874 0.95
      vertex 331.802 43.7133 0.95
      vertex 332.12 43.3342 0.95
    endloop
  endfacet
  facet normal 0 0 -1
    outer loop
      vertex 331.802 43.7133 0.95
      vertex 330.9 29.3874 0.95
      vertex 330.52 29.0693 0.95
    endloop
  endfacet
  facet normal 0.0871509 0.996195 -0
    outer loop
      vertex 345.165 27.7881 0
      vertex 330.52 29.0693 0.95
      vertex 345.165 27.7881 0.95
    endloop
  endfacet
  facet normal 0.0871509 0.996195 0
    outer loop
      vertex 330.52 29.0693 0.95
      vertex 345.165 27.7881 0
      vertex 330.52 29.0693 0
    endloop
  endfacet
  facet normal -0.996196 0.0871433 2.38162e-17
    outer loop
      vertex 345.165 27.7881 0
      vertex 346.446 42.4321 0.95
      vertex 346.446 42.4321 0
    endloop
  endfacet
  facet normal -0.996196 0.0871433 2.38162e-17
    outer loop
      vertex 346.446 42.4321 0.95
      vertex 345.165 27.7881 0
      vertex 345.165 27.7881 0.95
    endloop
  endfacet
  facet normal -0.0871568 -0.996195 0
    outer loop
      vertex 331.802 43.7133 0
      vertex 346.446 42.4321 0.95
      vertex 331.802 43.7133 0.95
    endloop
  endfacet
  facet normal -0.0871568 -0.996195 -0
    outer loop
      vertex 346.446 42.4321 0.95
      vertex 331.802 43.7133 0
      vertex 346.446 42.4321 0
    endloop
  endfacet
  facet normal 0.996196 -0.0871425 6.26161e-17
    outer loop
      vertex 330.9 29.3874 2.05
      vertex 332.12 43.3342 0.95
      vertex 332.12 43.3342 2.05
    endloop
  endfacet
  facet normal 0.996196 -0.0871425 6.26161e-17
    outer loop
      vertex 332.12 43.3342 0.95
      vertex 330.9 29.3874 2.05
      vertex 330.9 29.3874 0.95
    endloop
  endfacet
  facet normal 0 0 1
    outer loop
      vertex 346.446 42.4321 2.05
      vertex 332.12 43.3342 2.05
      vertex 346.067 42.114 2.05
    endloop
  endfacet
  facet normal 0 0 1
    outer loop
      vertex 331.802 43.7133 2.05
      vertex 332.12 43.3342 2.05
      vertex 346.446 42.4321 2.05
    endloop
  endfacet
  facet normal 0 0 1
    outer loop
      vertex 331.802 43.7133 2.05
      vertex 330.9 29.3874 2.05
      vertex 332.12 43.3342 2.05
    endloop
  endfacet
  facet normal 0 -0 1
    outer loop
      vertex 330.9 29.3874 2.05
      vertex 331.802 43.7133 2.05
      vertex 330.52 29.0693 2.05
    endloop
  endfacet
  facet normal -0 0 1
    outer loop
      vertex 346.067 42.114 2.05
      vertex 345.165 27.7881 2.05
      vertex 346.446 42.4321 2.05
    endloop
  endfacet
  facet normal -0 0 1
    outer loop
      vertex 344.846 28.1672 2.05
      vertex 345.165 27.7881 2.05
      vertex 346.067 42.114 2.05
    endloop
  endfacet
  facet normal 0 0 1
    outer loop
      vertex 330.9 29.3874 2.05
      vertex 345.165 27.7881 2.05
      vertex 344.846 28.1672 2.05
    endloop
  endfacet
  facet normal 0 0 1
    outer loop
      vertex 345.165 27.7881 2.05
      vertex 330.9 29.3874 2.05
      vertex 330.52 29.0693 2.05
    endloop
  endfacet
  facet normal 0.0871616 0.996194 -0
    outer loop
      vertex 344.846 28.1672 0.95
      vertex 330.9 29.3874 2.05
      vertex 344.846 28.1672 2.05
    endloop
  endfacet
  facet normal 0.0871616 0.996194 0
    outer loop
      vertex 330.9 29.3874 2.05
      vertex 344.846 28.1672 0.95
      vertex 330.9 29.3874 0.95
    endloop
  endfacet
  facet normal -0.99619 0.0872134 4.09534e-17
    outer loop
      vertex 344.846 28.1672 0.95
      vertex 346.067 42.114 2.05
      vertex 346.067 42.114 0.95
    endloop
  endfacet
  facet normal -0.99619 0.0872134 4.09534e-17
    outer loop
      vertex 346.067 42.114 2.05
      vertex 344.846 28.1672 0.95
      vertex 344.846 28.1672 2.05
    endloop
  endfacet
  facet normal -0.0871554 -0.996195 0
    outer loop
      vertex 332.12 43.3342 0.95
      vertex 346.067 42.114 2.05
      vertex 332.12 43.3342 2.05
    endloop
  endfacet
  facet normal -0.0871554 -0.996195 -0
    outer loop
      vertex 346.067 42.114 2.05
      vertex 332.12 43.3342 0.95
      vertex 346.067 42.114 0.95
    endloop
  endfacet
  facet normal 0.99619 -0.0872108 -3.65499e-16
    outer loop
      vertex 330.52 29.0693 2.2
      vertex 331.802 43.7133 2.05
      vertex 331.802 43.7133 2.2
    endloop
  endfacet
  facet normal 0.99619 -0.0872108 -3.65499e-16
    outer loop
      vertex 331.802 43.7133 2.05
      vertex 330.52 29.0693 2.2
      vertex 330.52 29.0693 2.05
    endloop
  endfacet
  facet normal 0.0871509 0.996195 -0
    outer loop
      vertex 345.165 27.7881 2.05
      vertex 330.52 29.0693 2.2
      vertex 345.165 27.7881 2.2
    endloop
  endfacet
  facet normal 0.0871509 0.996195 0
    outer loop
      vertex 330.52 29.0693 2.2
      vertex 345.165 27.7881 2.05
      vertex 330.52 29.0693 2.05
    endloop
  endfacet
  facet normal -0.996196 0.0871433 1.50836e-16
    outer loop
      vertex 345.165 27.7881 2.05
      vertex 346.446 42.4321 2.2
      vertex 346.446 42.4321 2.05
    endloop
  endfacet
  facet normal -0.996196 0.0871433 1.50836e-16
    outer loop
      vertex 346.446 42.4321 2.2
      vertex 345.165 27.7881 2.05
      vertex 345.165 27.7881 2.2
    endloop
  endfacet
  facet normal -0.0871568 -0.996195 0
    outer loop
      vertex 331.802 43.7133 2.05
      vertex 346.446 42.4321 2.2
      vertex 331.802 43.7133 2.2
    endloop
  endfacet
  facet normal -0.0871568 -0.996195 -0
    outer loop
      vertex 346.446 42.4321 2.2
      vertex 331.802 43.7133 2.05
      vertex 346.446 42.4321 2.05
    endloop
  endfacet
  facet normal 0.945536 0.325517 8.91277e-17
    outer loop
      vertex 221.949 28.8803 0.95
      vertex 217.164 42.7794 0
      vertex 217.164 42.7794 0.95
    endloop
  endfacet
  facet normal 0.945536 0.325517 8.91277e-17
    outer loop
      vertex 217.164 42.7794 0
      vertex 221.949 28.8803 0.95
      vertex 221.949 28.8803 0
    endloop
  endfacet
  facet normal -0 0 -1
    outer loop
      vertex 235.849 33.6662 0.95
      vertex 222.166 29.3252 0.95
      vertex 235.404 33.8831 0.95
    endloop
  endfacet
  facet normal 0 0 -1
    outer loop
      vertex 221.949 28.8803 0.95
      vertex 222.166 29.3252 0.95
      vertex 235.849 33.6662 0.95
    endloop
  endfacet
  facet normal 0 0 -1
    outer loop
      vertex 221.949 28.8803 0.95
      vertex 217.608 42.5625 0.95
      vertex 222.166 29.3252 0.95
    endloop
  endfacet
  facet normal -0 -0 -1
    outer loop
      vertex 217.608 42.5625 0.95
      vertex 221.949 28.8803 0.95
      vertex 217.164 42.7794 0.95
    endloop
  endfacet
  facet normal 0 0 -1
    outer loop
      vertex 235.404 33.8831 0.95
      vertex 231.063 47.5653 0.95
      vertex 235.849 33.6662 0.95
    endloop
  endfacet
  facet normal 0 0 -1
    outer loop
      vertex 230.846 47.1204 0.95
      vertex 231.063 47.5653 0.95
      vertex 235.404 33.8831 0.95
    endloop
  endfacet
  facet normal 0 0 -1
    outer loop
      vertex 217.608 42.5625 0.95
      vertex 231.063 47.5653 0.95
      vertex 230.846 47.1204 0.95
    endloop
  endfacet
  facet normal 0 0 -1
    outer loop
      vertex 231.063 47.5653 0.95
      vertex 217.608 42.5625 0.95
      vertex 217.164 42.7794 0.95
    endloop
  endfacet
  facet normal -0.325553 0.945524 0
    outer loop
      vertex 235.849 33.6662 0
      vertex 221.949 28.8803 0.95
      vertex 235.849 33.6662 0.95
    endloop
  endfacet
  facet normal -0.325553 0.945524 0
    outer loop
      vertex 221.949 28.8803 0.95
      vertex 235.849 33.6662 0
      vertex 221.949 28.8803 0
    endloop
  endfacet
  facet normal -0.945515 -0.325578 -1.64153e-16
    outer loop
      vertex 235.849 33.6662 0
      vertex 231.063 47.5653 0.95
      vertex 231.063 47.5653 0
    endloop
  endfacet
  facet normal -0.945515 -0.325578 -1.64153e-16
    outer loop
      vertex 231.063 47.5653 0.95
      vertex 235.849 33.6662 0
      vertex 235.849 33.6662 0.95
    endloop
  endfacet
  facet normal 0.325574 -0.945517 0
    outer loop
      vertex 217.164 42.7794 0
      vertex 231.063 47.5653 0.95
      vertex 217.164 42.7794 0.95
    endloop
  endfacet
  facet normal 0.325574 -0.945517 0
    outer loop
      vertex 231.063 47.5653 0.95
      vertex 217.164 42.7794 0
      vertex 231.063 47.5653 0
    endloop
  endfacet
  facet normal 0.945518 0.32557 -1.09813e-16
    outer loop
      vertex 222.166 29.3252 2.05
      vertex 217.608 42.5625 0.95
      vertex 217.608 42.5625 2.05
    endloop
  endfacet
  facet normal 0.945518 0.32557 -1.09813e-16
    outer loop
      vertex 217.608 42.5625 0.95
      vertex 222.166 29.3252 2.05
      vertex 222.166 29.3252 0.95
    endloop
  endfacet
  facet normal 0 0 1
    outer loop
      vertex 231.063 47.5653 2.05
      vertex 235.404 33.8831 2.05
      vertex 235.849 33.6662 2.05
    endloop
  endfacet
  facet normal 0 0 1
    outer loop
      vertex 231.063 47.5653 2.05
      vertex 230.846 47.1204 2.05
      vertex 235.404 33.8831 2.05
    endloop
  endfacet
  facet normal 0 0 1
    outer loop
      vertex 231.063 47.5653 2.05
      vertex 217.608 42.5625 2.05
      vertex 230.846 47.1204 2.05
    endloop
  endfacet
  facet normal 0 -0 1
    outer loop
      vertex 217.608 42.5625 2.05
      vertex 231.063 47.5653 2.05
      vertex 217.164 42.7794 2.05
    endloop
  endfacet
  facet normal 0 0 1
    outer loop
      vertex 222.166 29.3252 2.05
      vertex 235.849 33.6662 2.05
      vertex 235.404 33.8831 2.05
    endloop
  endfacet
  facet normal -0 0 1
    outer loop
      vertex 222.166 29.3252 2.05
      vertex 221.949 28.8803 2.05
      vertex 235.849 33.6662 2.05
    endloop
  endfacet
  facet normal 0 0 1
    outer loop
      vertex 217.608 42.5625 2.05
      vertex 221.949 28.8803 2.05
      vertex 222.166 29.3252 2.05
    endloop
  endfacet
  facet normal 0 0 1
    outer loop
      vertex 221.949 28.8803 2.05
      vertex 217.608 42.5625 2.05
      vertex 217.164 42.7794 2.05
    endloop
  endfacet
  facet normal -0.325548 0.945525 0
    outer loop
      vertex 235.404 33.8831 0.95
      vertex 222.166 29.3252 2.05
      vertex 235.404 33.8831 2.05
    endloop
  endfacet
  facet normal -0.325548 0.945525 0
    outer loop
      vertex 222.166 29.3252 2.05
      vertex 235.404 33.8831 0.95
      vertex 222.166 29.3252 0.95
    endloop
  endfacet
  facet normal -0.945518 -0.32557 1.89148e-17
    outer loop
      vertex 235.404 33.8831 0.95
      vertex 230.846 47.1204 2.05
      vertex 230.846 47.1204 0.95
    endloop
  endfacet
  facet normal -0.945518 -0.32557 1.89148e-17
    outer loop
      vertex 230.846 47.1204 2.05
      vertex 235.404 33.8831 0.95
      vertex 235.404 33.8831 2.05
    endloop
  endfacet
  facet normal 0.325548 -0.945525 0
    outer loop
      vertex 217.608 42.5625 0.95
      vertex 230.846 47.1204 2.05
      vertex 217.608 42.5625 2.05
    endloop
  endfacet
  facet normal 0.325548 -0.945525 0
    outer loop
      vertex 230.846 47.1204 2.05
      vertex 217.608 42.5625 0.95
      vertex 230.846 47.1204 0.95
    endloop
  endfacet
  facet normal 0.945536 0.325517 5.64476e-16
    outer loop
      vertex 221.949 28.8803 2.2
      vertex 217.164 42.7794 2.05
      vertex 217.164 42.7794 2.2
    endloop
  endfacet
  facet normal 0.945536 0.325517 5.64476e-16
    outer loop
      vertex 217.164 42.7794 2.05
      vertex 221.949 28.8803 2.2
      vertex 221.949 28.8803 2.05
    endloop
  endfacet
  facet normal -0.325553 0.945524 0
    outer loop
      vertex 235.849 33.6662 2.05
      vertex 221.949 28.8803 2.2
      vertex 235.849 33.6662 2.2
    endloop
  endfacet
  facet normal -0.325553 0.945524 0
    outer loop
      vertex 221.949 28.8803 2.2
      vertex 235.849 33.6662 2.05
      vertex 221.949 28.8803 2.05
    endloop
  endfacet
  facet normal -0.945515 -0.325578 -1.03964e-15
    outer loop
      vertex 235.849 33.6662 2.05
      vertex 231.063 47.5653 2.2
      vertex 231.063 47.5653 2.05
    endloop
  endfacet
  facet normal -0.945515 -0.325578 -1.03964e-15
    outer loop
      vertex 231.063 47.5653 2.2
      vertex 235.849 33.6662 2.05
      vertex 235.849 33.6662 2.2
    endloop
  endfacet
  facet normal 0.325574 -0.945517 0
    outer loop
      vertex 217.164 42.7794 2.05
      vertex 231.063 47.5653 2.2
      vertex 217.164 42.7794 2.2
    endloop
  endfacet
  facet normal 0.325574 -0.945517 0
    outer loop
      vertex 231.063 47.5653 2.2
      vertex 217.164 42.7794 2.05
      vertex 231.063 47.5653 2.05
    endloop
  endfacet
  facet normal 0.996196 -0.0871433 2.38162e-17
    outer loop
      vertex 312.894 34.1248 0.95
      vertex 314.175 48.7688 0
      vertex 314.175 48.7688 0.95
    endloop
  endfacet
  facet normal 0.996196 -0.0871433 2.38162e-17
    outer loop
      vertex 314.175 48.7688 0
      vertex 312.894 34.1248 0.95
      vertex 312.894 34.1248 0
    endloop
  endfacet
  facet normal 0 0 -1
    outer loop
      vertex 327.538 32.8436 0.95
      vertex 328.44 47.1695 0.95
      vertex 328.819 47.4876 0.95
    endloop
  endfacet
  facet normal 0 0 -1
    outer loop
      vertex 327.538 32.8436 0.95
      vertex 327.22 33.2227 0.95
      vertex 328.44 47.1695 0.95
    endloop
  endfacet
  facet normal 0 0 -1
    outer loop
      vertex 327.538 32.8436 0.95
      vertex 313.273 34.4429 0.95
      vertex 327.22 33.2227 0.95
    endloop
  endfacet
  facet normal 0 -0 -1
    outer loop
      vertex 313.273 34.4429 0.95
      vertex 327.538 32.8436 0.95
      vertex 312.894 34.1248 0.95
    endloop
  endfacet
  facet normal 0 0 -1
    outer loop
      vertex 314.493 48.3897 0.95
      vertex 328.819 47.4876 0.95
      vertex 328.44 47.1695 0.95
    endloop
  endfacet
  facet normal 0 0 -1
    outer loop
      vertex 314.493 48.3897 0.95
      vertex 314.175 48.7688 0.95
      vertex 328.819 47.4876 0.95
    endloop
  endfacet
  facet normal 0 0 -1
    outer loop
      vertex 313.273 34.4429 0.95
      vertex 314.175 48.7688 0.95
      vertex 314.493 48.3897 0.95
    endloop
  endfacet
  facet normal 0 0 -1
    outer loop
      vertex 314.175 48.7688 0.95
      vertex 313.273 34.4429 0.95
      vertex 312.894 34.1248 0.95
    endloop
  endfacet
  facet normal 0.0871568 0.996195 -0
    outer loop
      vertex 327.538 32.8436 0
      vertex 312.894 34.1248 0.95
      vertex 327.538 32.8436 0.95
    endloop
  endfacet
  facet normal 0.0871568 0.996195 0
    outer loop
      vertex 312.894 34.1248 0.95
      vertex 327.538 32.8436 0
      vertex 312.894 34.1248 0
    endloop
  endfacet
  facet normal -0.996196 0.0871433 2.38162e-17
    outer loop
      vertex 327.538 32.8436 0
      vertex 328.819 47.4876 0.95
      vertex 328.819 47.4876 0
    endloop
  endfacet
  facet normal -0.996196 0.0871433 2.38162e-17
    outer loop
      vertex 328.819 47.4876 0.95
      vertex 327.538 32.8436 0
      vertex 327.538 32.8436 0.95
    endloop
  endfacet
  facet normal -0.0871568 -0.996195 0
    outer loop
      vertex 314.175 48.7688 0
      vertex 328.819 47.4876 0.95
      vertex 314.175 48.7688 0.95
    endloop
  endfacet
  facet normal -0.0871568 -0.996195 -0
    outer loop
      vertex 328.819 47.4876 0.95
      vertex 314.175 48.7688 0
      vertex 328.819 47.4876 0
    endloop
  endfacet
  facet normal 0.996196 -0.0871425 -7.3217e-17
    outer loop
      vertex 313.273 34.4429 2.05
      vertex 314.493 48.3897 0.95
      vertex 314.493 48.3897 2.05
    endloop
  endfacet
  facet normal 0.996196 -0.0871425 -7.3217e-17
    outer loop
      vertex 314.493 48.3897 0.95
      vertex 313.273 34.4429 2.05
      vertex 313.273 34.4429 0.95
    endloop
  endfacet
  facet normal 0 0 1
    outer loop
      vertex 328.819 47.4876 2.05
      vertex 314.493 48.3897 2.05
      vertex 328.44 47.1695 2.05
    endloop
  endfacet
  facet normal 0 0 1
    outer loop
      vertex 314.175 48.7688 2.05
      vertex 314.493 48.3897 2.05
      vertex 328.819 47.4876 2.05
    endloop
  endfacet
  facet normal 0 0 1
    outer loop
      vertex 314.175 48.7688 2.05
      vertex 313.273 34.4429 2.05
      vertex 314.493 48.3897 2.05
    endloop
  endfacet
  facet normal 0 -0 1
    outer loop
      vertex 313.273 34.4429 2.05
      vertex 314.175 48.7688 2.05
      vertex 312.894 34.1248 2.05
    endloop
  endfacet
  facet normal -0 0 1
    outer loop
      vertex 328.44 47.1695 2.05
      vertex 327.538 32.8436 2.05
      vertex 328.819 47.4876 2.05
    endloop
  endfacet
  facet normal -0 0 1
    outer loop
      vertex 327.22 33.2227 2.05
      vertex 327.538 32.8436 2.05
      vertex 328.44 47.1695 2.05
    endloop
  endfacet
  facet normal 0 0 1
    outer loop
      vertex 313.273 34.4429 2.05
      vertex 327.538 32.8436 2.05
      vertex 327.22 33.2227 2.05
    endloop
  endfacet
  facet normal 0 0 1
    outer loop
      vertex 327.538 32.8436 2.05
      vertex 313.273 34.4429 2.05
      vertex 312.894 34.1248 2.05
    endloop
  endfacet
  facet normal 0.0871554 0.996195 -0
    outer loop
      vertex 327.22 33.2227 0.95
      vertex 313.273 34.4429 2.05
      vertex 327.22 33.2227 2.05
    endloop
  endfacet
  facet normal 0.0871554 0.996195 0
    outer loop
      vertex 313.273 34.4429 2.05
      vertex 327.22 33.2227 0.95
      vertex 313.273 34.4429 0.95
    endloop
  endfacet
  facet normal -0.996196 0.0871425 -7.3217e-17
    outer loop
      vertex 327.22 33.2227 0.95
      vertex 328.44 47.1695 2.05
      vertex 328.44 47.1695 0.95
    endloop
  endfacet
  facet normal -0.996196 0.0871425 -7.3217e-17
    outer loop
      vertex 328.44 47.1695 2.05
      vertex 327.22 33.2227 0.95
      vertex 327.22 33.2227 2.05
    endloop
  endfacet
  facet normal -0.0871554 -0.996195 0
    outer loop
      vertex 314.493 48.3897 0.95
      vertex 328.44 47.1695 2.05
      vertex 314.493 48.3897 2.05
    endloop
  endfacet
  facet normal -0.0871554 -0.996195 -0
    outer loop
      vertex 328.44 47.1695 2.05
      vertex 314.493 48.3897 0.95
      vertex 328.44 47.1695 0.95
    endloop
  endfacet
  facet normal 0.996196 -0.0871433 1.50836e-16
    outer loop
      vertex 312.894 34.1248 2.2
      vertex 314.175 48.7688 2.05
      vertex 314.175 48.7688 2.2
    endloop
  endfacet
  facet normal 0.996196 -0.0871433 1.50836e-16
    outer loop
      vertex 314.175 48.7688 2.05
      vertex 312.894 34.1248 2.2
      vertex 312.894 34.1248 2.05
    endloop
  endfacet
  facet normal 0.0871568 0.996195 -0
    outer loop
      vertex 327.538 32.8436 2.05
      vertex 312.894 34.1248 2.2
      vertex 327.538 32.8436 2.2
    endloop
  endfacet
  facet normal 0.0871568 0.996195 0
    outer loop
      vertex 312.894 34.1248 2.2
      vertex 327.538 32.8436 2.05
      vertex 312.894 34.1248 2.05
    endloop
  endfacet
  facet normal -0.996196 0.0871433 1.50836e-16
    outer loop
      vertex 327.538 32.8436 2.05
      vertex 328.819 47.4876 2.2
      vertex 328.819 47.4876 2.05
    endloop
  endfacet
  facet normal -0.996196 0.0871433 1.50836e-16
    outer loop
      vertex 328.819 47.4876 2.2
      vertex 327.538 32.8436 2.05
      vertex 327.538 32.8436 2.2
    endloop
  endfacet
  facet normal -0.0871568 -0.996195 0
    outer loop
      vertex 314.175 48.7688 2.05
      vertex 328.819 47.4876 2.2
      vertex 314.175 48.7688 2.2
    endloop
  endfacet
  facet normal -0.0871568 -0.996195 -0
    outer loop
      vertex 328.819 47.4876 2.2
      vertex 314.175 48.7688 2.05
      vertex 328.819 47.4876 2.05
    endloop
  endfacet
  facet normal 0.956302 0.29238 -2.09001e-16
    outer loop
      vertex 240.427 34.805 0.95
      vertex 236.129 48.8627 0
      vertex 236.129 48.8627 0.95
    endloop
  endfacet
  facet normal 0.956302 0.29238 -2.09001e-16
    outer loop
      vertex 236.129 48.8627 0
      vertex 240.427 34.805 0.95
      vertex 240.427 34.805 0
    endloop
  endfacet
  facet normal -0 0 -1
    outer loop
      vertex 254.484 39.1029 0.95
      vertex 240.659 35.2421 0.95
      vertex 254.047 39.3353 0.95
    endloop
  endfacet
  facet normal 0 0 -1
    outer loop
      vertex 240.427 34.805 0.95
      vertex 240.659 35.2421 0.95
      vertex 254.484 39.1029 0.95
    endloop
  endfacet
  facet normal 0 0 -1
    outer loop
      vertex 240.427 34.805 0.95
      vertex 236.566 48.6303 0.95
      vertex 240.659 35.2421 0.95
    endloop
  endfacet
  facet normal -0 -0 -1
    outer loop
      vertex 236.566 48.6303 0.95
      vertex 240.427 34.805 0.95
      vertex 236.129 48.8627 0.95
    endloop
  endfacet
  facet normal 0 0 -1
    outer loop
      vertex 254.047 39.3353 0.95
      vertex 250.187 53.1606 0.95
      vertex 254.484 39.1029 0.95
    endloop
  endfacet
  facet normal 0 0 -1
    outer loop
      vertex 249.954 52.7235 0.95
      vertex 250.187 53.1606 0.95
      vertex 254.047 39.3353 0.95
    endloop
  endfacet
  facet normal 0 0 -1
    outer loop
      vertex 236.566 48.6303 0.95
      vertex 250.187 53.1606 0.95
      vertex 249.954 52.7235 0.95
    endloop
  endfacet
  facet normal 0 0 -1
    outer loop
      vertex 250.187 53.1606 0.95
      vertex 236.566 48.6303 0.95
      vertex 236.129 48.8627 0.95
    endloop
  endfacet
  facet normal -0.292387 0.9563 0
    outer loop
      vertex 254.484 39.1029 0
      vertex 240.427 34.805 0.95
      vertex 254.484 39.1029 0.95
    endloop
  endfacet
  facet normal -0.292387 0.9563 0
    outer loop
      vertex 240.427 34.805 0.95
      vertex 254.484 39.1029 0
      vertex 240.427 34.805 0
    endloop
  endfacet
  facet normal -0.956321 -0.292318 2.20317e-16
    outer loop
      vertex 254.484 39.1029 0
      vertex 250.187 53.1606 0.95
      vertex 250.187 53.1606 0
    endloop
  endfacet
  facet normal -0.956321 -0.292318 2.20317e-16
    outer loop
      vertex 250.187 53.1606 0.95
      vertex 254.484 39.1029 0
      vertex 254.484 39.1029 0.95
    endloop
  endfacet
  facet normal 0.292368 -0.956306 0
    outer loop
      vertex 236.129 48.8627 0
      vertex 250.187 53.1606 0.95
      vertex 236.129 48.8627 0.95
    endloop
  endfacet
  facet normal 0.292368 -0.956306 0
    outer loop
      vertex 250.187 53.1606 0.95
      vertex 236.129 48.8627 0
      vertex 250.187 53.1606 0
    endloop
  endfacet
  facet normal 0.956308 0.29236 -2.07696e-16
    outer loop
      vertex 240.659 35.2421 2.05
      vertex 236.566 48.6303 0.95
      vertex 236.566 48.6303 2.05
    endloop
  endfacet
  facet normal 0.956308 0.29236 -2.07696e-16
    outer loop
      vertex 236.566 48.6303 0.95
      vertex 240.659 35.2421 2.05
      vertex 240.659 35.2421 0.95
    endloop
  endfacet
  facet normal 0 0 1
    outer loop
      vertex 250.187 53.1606 2.05
      vertex 254.047 39.3353 2.05
      vertex 254.484 39.1029 2.05
    endloop
  endfacet
  facet normal 0 0 1
    outer loop
      vertex 250.187 53.1606 2.05
      vertex 249.954 52.7235 2.05
      vertex 254.047 39.3353 2.05
    endloop
  endfacet
  facet normal 0 0 1
    outer loop
      vertex 250.187 53.1606 2.05
      vertex 236.566 48.6303 2.05
      vertex 249.954 52.7235 2.05
    endloop
  endfacet
  facet normal 0 -0 1
    outer loop
      vertex 236.566 48.6303 2.05
      vertex 250.187 53.1606 2.05
      vertex 236.129 48.8627 2.05
    endloop
  endfacet
  facet normal 0 0 1
    outer loop
      vertex 240.659 35.2421 2.05
      vertex 254.484 39.1029 2.05
      vertex 254.047 39.3353 2.05
    endloop
  endfacet
  facet normal -0 0 1
    outer loop
      vertex 240.659 35.2421 2.05
      vertex 240.427 34.805 2.05
      vertex 254.484 39.1029 2.05
    endloop
  endfacet
  facet normal 0 0 1
    outer loop
      vertex 236.566 48.6303 2.05
      vertex 240.427 34.805 2.05
      vertex 240.659 35.2421 2.05
    endloop
  endfacet
  facet normal 0 0 1
    outer loop
      vertex 240.427 34.805 2.05
      vertex 236.566 48.6303 2.05
      vertex 236.129 48.8627 2.05
    endloop
  endfacet
  facet normal -0.292377 0.956303 0
    outer loop
      vertex 254.047 39.3353 0.95
      vertex 240.659 35.2421 2.05
      vertex 254.047 39.3353 2.05
    endloop
  endfacet
  facet normal -0.292377 0.956303 0
    outer loop
      vertex 240.659 35.2421 2.05
      vertex 254.047 39.3353 0.95
      vertex 240.659 35.2421 0.95
    endloop
  endfacet
  facet normal -0.956308 -0.29236 2.1079e-16
    outer loop
      vertex 254.047 39.3353 0.95
      vertex 249.954 52.7235 2.05
      vertex 249.954 52.7235 0.95
    endloop
  endfacet
  facet normal -0.956308 -0.29236 2.1079e-16
    outer loop
      vertex 249.954 52.7235 2.05
      vertex 254.047 39.3353 0.95
      vertex 254.047 39.3353 2.05
    endloop
  endfacet
  facet normal 0.292377 -0.956303 0
    outer loop
      vertex 236.566 48.6303 0.95
      vertex 249.954 52.7235 2.05
      vertex 236.566 48.6303 2.05
    endloop
  endfacet
  facet normal 0.292377 -0.956303 0
    outer loop
      vertex 249.954 52.7235 2.05
      vertex 236.566 48.6303 0.95
      vertex 249.954 52.7235 0.95
    endloop
  endfacet
  facet normal 0.956302 0.29238 -1.32367e-15
    outer loop
      vertex 240.427 34.805 2.2
      vertex 236.129 48.8627 2.05
      vertex 236.129 48.8627 2.2
    endloop
  endfacet
  facet normal 0.956302 0.29238 -1.32367e-15
    outer loop
      vertex 236.129 48.8627 2.05
      vertex 240.427 34.805 2.2
      vertex 240.427 34.805 2.05
    endloop
  endfacet
  facet normal -0.292387 0.9563 0
    outer loop
      vertex 254.484 39.1029 2.05
      vertex 240.427 34.805 2.2
      vertex 254.484 39.1029 2.2
    endloop
  endfacet
  facet normal -0.292387 0.9563 0
    outer loop
      vertex 240.427 34.805 2.2
      vertex 254.484 39.1029 2.05
      vertex 240.427 34.805 2.05
    endloop
  endfacet
  facet normal -0.956321 -0.292318 1.39534e-15
    outer loop
      vertex 254.484 39.1029 2.05
      vertex 250.187 53.1606 2.2
      vertex 250.187 53.1606 2.05
    endloop
  endfacet
  facet normal -0.956321 -0.292318 1.39534e-15
    outer loop
      vertex 250.187 53.1606 2.2
      vertex 254.484 39.1029 2.05
      vertex 254.484 39.1029 2.2
    endloop
  endfacet
  facet normal 0.292368 -0.956306 0
    outer loop
      vertex 236.129 48.8627 2.05
      vertex 250.187 53.1606 2.2
      vertex 236.129 48.8627 2.2
    endloop
  endfacet
  facet normal 0.292368 -0.956306 0
    outer loop
      vertex 250.187 53.1606 2.2
      vertex 236.129 48.8627 2.05
      vertex 250.187 53.1606 2.05
    endloop
  endfacet
  facet normal 0.998631 -0.0523128 -1.2637e-17
    outer loop
      vertex 295.147 38.9378 0.95
      vertex 295.916 53.6177 0
      vertex 295.916 53.6177 0.95
    endloop
  endfacet
  facet normal 0.998631 -0.0523128 -1.2637e-17
    outer loop
      vertex 295.916 53.6177 0
      vertex 295.147 38.9378 0.95
      vertex 295.147 38.9378 0
    endloop
  endfacet
  facet normal 0 0 -1
    outer loop
      vertex 309.827 38.1685 0.95
      vertex 310.228 52.5172 0.95
      vertex 310.596 52.8484 0.95
    endloop
  endfacet
  facet normal 0 0 -1
    outer loop
      vertex 309.827 38.1685 0.95
      vertex 309.496 38.5363 0.95
      vertex 310.228 52.5172 0.95
    endloop
  endfacet
  facet normal 0 0 -1
    outer loop
      vertex 309.827 38.1685 0.95
      vertex 295.515 39.269 0.95
      vertex 309.496 38.5363 0.95
    endloop
  endfacet
  facet normal 0 -0 -1
    outer loop
      vertex 295.515 39.269 0.95
      vertex 309.827 38.1685 0.95
      vertex 295.147 38.9378 0.95
    endloop
  endfacet
  facet normal 0 0 -1
    outer loop
      vertex 296.247 53.2499 0.95
      vertex 310.596 52.8484 0.95
      vertex 310.228 52.5172 0.95
    endloop
  endfacet
  facet normal 0 0 -1
    outer loop
      vertex 296.247 53.2499 0.95
      vertex 295.916 53.6177 0.95
      vertex 310.596 52.8484 0.95
    endloop
  endfacet
  facet normal 0 0 -1
    outer loop
      vertex 295.515 39.269 0.95
      vertex 295.916 53.6177 0.95
      vertex 296.247 53.2499 0.95
    endloop
  endfacet
  facet normal 0 0 -1
    outer loop
      vertex 295.916 53.6177 0.95
      vertex 295.515 39.269 0.95
      vertex 295.147 38.9378 0.95
    endloop
  endfacet
  facet normal 0.0523328 0.99863 -0
    outer loop
      vertex 309.827 38.1685 0
      vertex 295.147 38.9378 0.95
      vertex 309.827 38.1685 0.95
    endloop
  endfacet
  facet normal 0.0523328 0.99863 0
    outer loop
      vertex 295.147 38.9378 0.95
      vertex 309.827 38.1685 0
      vertex 295.147 38.9378 0
    endloop
  endfacet
  facet normal -0.998631 0.0523128 -1.2637e-17
    outer loop
      vertex 309.827 38.1685 0
      vertex 310.596 52.8484 0.95
      vertex 310.596 52.8484 0
    endloop
  endfacet
  facet normal -0.998631 0.0523128 -1.2637e-17
    outer loop
      vertex 310.596 52.8484 0.95
      vertex 309.827 38.1685 0
      vertex 309.827 38.1685 0.95
    endloop
  endfacet
  facet normal -0.0523328 -0.99863 0
    outer loop
      vertex 295.916 53.6177 0
      vertex 310.596 52.8484 0.95
      vertex 295.916 53.6177 0.95
    endloop
  endfacet
  facet normal -0.0523328 -0.99863 -0
    outer loop
      vertex 310.596 52.8484 0.95
      vertex 295.916 53.6177 0
      vertex 310.596 52.8484 0
    endloop
  endfacet
  facet normal 0.998632 -0.0522855 -3.95245e-18
    outer loop
      vertex 295.515 39.269 2.05
      vertex 296.247 53.2499 0.95
      vertex 296.247 53.2499 2.05
    endloop
  endfacet
  facet normal 0.998632 -0.0522855 -3.95245e-18
    outer loop
      vertex 296.247 53.2499 0.95
      vertex 295.515 39.269 2.05
      vertex 295.515 39.269 0.95
    endloop
  endfacet
  facet normal 0 0 1
    outer loop
      vertex 310.596 52.8484 2.05
      vertex 296.247 53.2499 2.05
      vertex 310.228 52.5172 2.05
    endloop
  endfacet
  facet normal 0 0 1
    outer loop
      vertex 295.916 53.6177 2.05
      vertex 296.247 53.2499 2.05
      vertex 310.596 52.8484 2.05
    endloop
  endfacet
  facet normal 0 0 1
    outer loop
      vertex 295.916 53.6177 2.05
      vertex 295.515 39.269 2.05
      vertex 296.247 53.2499 2.05
    endloop
  endfacet
  facet normal 0 -0 1
    outer loop
      vertex 295.515 39.269 2.05
      vertex 295.916 53.6177 2.05
      vertex 295.147 38.9378 2.05
    endloop
  endfacet
  facet normal -0 0 1
    outer loop
      vertex 310.228 52.5172 2.05
      vertex 309.827 38.1685 2.05
      vertex 310.596 52.8484 2.05
    endloop
  endfacet
  facet normal -0 0 1
    outer loop
      vertex 309.496 38.5363 2.05
      vertex 309.827 38.1685 2.05
      vertex 310.228 52.5172 2.05
    endloop
  endfacet
  facet normal 0 0 1
    outer loop
      vertex 295.515 39.269 2.05
      vertex 309.827 38.1685 2.05
      vertex 309.496 38.5363 2.05
    endloop
  endfacet
  facet normal 0 0 1
    outer loop
      vertex 309.827 38.1685 2.05
      vertex 295.515 39.269 2.05
      vertex 295.147 38.9378 2.05
    endloop
  endfacet
  facet normal 0.052335 0.99863 -0
    outer loop
      vertex 309.496 38.5363 0.95
      vertex 295.515 39.269 2.05
      vertex 309.496 38.5363 2.05
    endloop
  endfacet
  facet normal 0.052335 0.99863 0
    outer loop
      vertex 295.515 39.269 2.05
      vertex 309.496 38.5363 0.95
      vertex 295.515 39.269 0.95
    endloop
  endfacet
  facet normal -0.998632 0.0522855 -1.22575e-17
    outer loop
      vertex 309.496 38.5363 0.95
      vertex 310.228 52.5172 2.05
      vertex 310.228 52.5172 0.95
    endloop
  endfacet
  facet normal -0.998632 0.0522855 -1.22575e-17
    outer loop
      vertex 310.228 52.5172 2.05
      vertex 309.496 38.5363 0.95
      vertex 309.496 38.5363 2.05
    endloop
  endfacet
  facet normal -0.052335 -0.99863 0
    outer loop
      vertex 296.247 53.2499 0.95
      vertex 310.228 52.5172 2.05
      vertex 296.247 53.2499 2.05
    endloop
  endfacet
  facet normal -0.052335 -0.99863 -0
    outer loop
      vertex 310.228 52.5172 2.05
      vertex 296.247 53.2499 0.95
      vertex 310.228 52.5172 0.95
    endloop
  endfacet
  facet normal 0.998631 -0.0523128 -8.00343e-17
    outer loop
      vertex 295.147 38.9378 2.2
      vertex 295.916 53.6177 2.05
      vertex 295.916 53.6177 2.2
    endloop
  endfacet
  facet normal 0.998631 -0.0523128 -8.00343e-17
    outer loop
      vertex 295.916 53.6177 2.05
      vertex 295.147 38.9378 2.2
      vertex 295.147 38.9378 2.05
    endloop
  endfacet
  facet normal 0.0523328 0.99863 -0
    outer loop
      vertex 309.827 38.1685 2.05
      vertex 295.147 38.9378 2.2
      vertex 309.827 38.1685 2.2
    endloop
  endfacet
  facet normal 0.0523328 0.99863 0
    outer loop
      vertex 295.147 38.9378 2.2
      vertex 309.827 38.1685 2.05
      vertex 295.147 38.9378 2.05
    endloop
  endfacet
  facet normal -0.998631 0.0523128 -8.00343e-17
    outer loop
      vertex 309.827 38.1685 2.05
      vertex 310.596 52.8484 2.2
      vertex 310.596 52.8484 2.05
    endloop
  endfacet
  facet normal -0.998631 0.0523128 -8.00343e-17
    outer loop
      vertex 310.596 52.8484 2.2
      vertex 309.827 38.1685 2.05
      vertex 309.827 38.1685 2.2
    endloop
  endfacet
  facet normal -0.0523328 -0.99863 0
    outer loop
      vertex 295.916 53.6177 2.05
      vertex 310.596 52.8484 2.2
      vertex 295.916 53.6177 2.2
    endloop
  endfacet
  facet normal -0.0523328 -0.99863 -0
    outer loop
      vertex 310.596 52.8484 2.2
      vertex 295.916 53.6177 2.05
      vertex 310.596 52.8484 2.05
    endloop
  endfacet
  facet normal 0.999391 0.0348981 -1.81012e-17
    outer loop
      vertex 259.065 38.7573 0.95
      vertex 258.552 53.4483 0
      vertex 258.552 53.4483 0.95
    endloop
  endfacet
  facet normal 0.999391 0.0348981 -1.81012e-17
    outer loop
      vertex 258.552 53.4483 0
      vertex 259.065 38.7573 0.95
      vertex 259.065 38.7573 0
    endloop
  endfacet
  facet normal -0 0 -1
    outer loop
      vertex 273.756 39.2703 0.95
      vertex 259.403 39.1193 0.95
      vertex 273.394 39.6079 0.95
    endloop
  endfacet
  facet normal 0 0 -1
    outer loop
      vertex 259.065 38.7573 0.95
      vertex 259.403 39.1193 0.95
      vertex 273.756 39.2703 0.95
    endloop
  endfacet
  facet normal 0 0 -1
    outer loop
      vertex 259.065 38.7573 0.95
      vertex 258.914 53.1107 0.95
      vertex 259.403 39.1193 0.95
    endloop
  endfacet
  facet normal -0 -0 -1
    outer loop
      vertex 258.914 53.1107 0.95
      vertex 259.065 38.7573 0.95
      vertex 258.552 53.4483 0.95
    endloop
  endfacet
  facet normal 0 0 -1
    outer loop
      vertex 273.394 39.6079 0.95
      vertex 273.243 53.9613 0.95
      vertex 273.756 39.2703 0.95
    endloop
  endfacet
  facet normal 0 0 -1
    outer loop
      vertex 272.905 53.5993 0.95
      vertex 273.243 53.9613 0.95
      vertex 273.394 39.6079 0.95
    endloop
  endfacet
  facet normal 0 0 -1
    outer loop
      vertex 258.914 53.1107 0.95
      vertex 273.243 53.9613 0.95
      vertex 272.905 53.5993 0.95
    endloop
  endfacet
  facet normal 0 0 -1
    outer loop
      vertex 273.243 53.9613 0.95
      vertex 258.914 53.1107 0.95
      vertex 258.552 53.4483 0.95
    endloop
  endfacet
  facet normal -0.0348981 0.999391 0
    outer loop
      vertex 273.756 39.2703 0
      vertex 259.065 38.7573 0.95
      vertex 273.756 39.2703 0.95
    endloop
  endfacet
  facet normal -0.0348981 0.999391 0
    outer loop
      vertex 259.065 38.7573 0.95
      vertex 273.756 39.2703 0
      vertex 259.065 38.7573 0
    endloop
  endfacet
  facet normal -0.999391 -0.0348981 -1.81012e-17
    outer loop
      vertex 273.756 39.2703 0
      vertex 273.243 53.9613 0.95
      vertex 273.243 53.9613 0
    endloop
  endfacet
  facet normal -0.999391 -0.0348981 -1.81012e-17
    outer loop
      vertex 273.243 53.9613 0.95
      vertex 273.756 39.2703 0
      vertex 273.756 39.2703 0.95
    endloop
  endfacet
  facet normal 0.0348981 -0.999391 0
    outer loop
      vertex 258.552 53.4483 0
      vertex 273.243 53.9613 0.95
      vertex 258.552 53.4483 0.95
    endloop
  endfacet
  facet normal 0.0348981 -0.999391 0
    outer loop
      vertex 273.243 53.9613 0.95
      vertex 258.552 53.4483 0
      vertex 273.243 53.9613 0
    endloop
  endfacet
  facet normal 0.99939 0.0349287 -6.32662e-19
    outer loop
      vertex 259.403 39.1193 2.05
      vertex 258.914 53.1107 0.95
      vertex 258.914 53.1107 2.05
    endloop
  endfacet
  facet normal 0.99939 0.0349287 -6.32662e-19
    outer loop
      vertex 258.914 53.1107 0.95
      vertex 259.403 39.1193 2.05
      vertex 259.403 39.1193 0.95
    endloop
  endfacet
  facet normal 0 0 1
    outer loop
      vertex 273.243 53.9613 2.05
      vertex 273.394 39.6079 2.05
      vertex 273.756 39.2703 2.05
    endloop
  endfacet
  facet normal 0 0 1
    outer loop
      vertex 273.243 53.9613 2.05
      vertex 272.905 53.5993 2.05
      vertex 273.394 39.6079 2.05
    endloop
  endfacet
  facet normal 0 0 1
    outer loop
      vertex 273.243 53.9613 2.05
      vertex 258.914 53.1107 2.05
      vertex 272.905 53.5993 2.05
    endloop
  endfacet
  facet normal 0 -0 1
    outer loop
      vertex 258.914 53.1107 2.05
      vertex 273.243 53.9613 2.05
      vertex 258.552 53.4483 2.05
    endloop
  endfacet
  facet normal 0 0 1
    outer loop
      vertex 259.403 39.1193 2.05
      vertex 273.756 39.2703 2.05
      vertex 273.394 39.6079 2.05
    endloop
  endfacet
  facet normal -0 0 1
    outer loop
      vertex 259.403 39.1193 2.05
      vertex 259.065 38.7573 2.05
      vertex 273.756 39.2703 2.05
    endloop
  endfacet
  facet normal 0 0 1
    outer loop
      vertex 258.914 53.1107 2.05
      vertex 259.065 38.7573 2.05
      vertex 259.403 39.1193 2.05
    endloop
  endfacet
  facet normal 0 0 1
    outer loop
      vertex 259.065 38.7573 2.05
      vertex 258.914 53.1107 2.05
      vertex 258.552 53.4483 2.05
    endloop
  endfacet
  facet normal -0.0349012 0.999391 0
    outer loop
      vertex 273.394 39.6079 0.95
      vertex 259.403 39.1193 2.05
      vertex 273.394 39.6079 2.05
    endloop
  endfacet
  facet normal -0.0349012 0.999391 0
    outer loop
      vertex 259.403 39.1193 2.05
      vertex 273.394 39.6079 0.95
      vertex 259.403 39.1193 0.95
    endloop
  endfacet
  facet normal -0.99939 -0.0349287 -6.32662e-19
    outer loop
      vertex 273.394 39.6079 0.95
      vertex 272.905 53.5993 2.05
      vertex 272.905 53.5993 0.95
    endloop
  endfacet
  facet normal -0.99939 -0.0349287 -6.32662e-19
    outer loop
      vertex 272.905 53.5993 2.05
      vertex 273.394 39.6079 0.95
      vertex 273.394 39.6079 2.05
    endloop
  endfacet
  facet normal 0.0349012 -0.999391 0
    outer loop
      vertex 258.914 53.1107 0.95
      vertex 272.905 53.5993 2.05
      vertex 258.914 53.1107 2.05
    endloop
  endfacet
  facet normal 0.0349012 -0.999391 0
    outer loop
      vertex 272.905 53.5993 2.05
      vertex 258.914 53.1107 0.95
      vertex 272.905 53.5993 0.95
    endloop
  endfacet
  facet normal 0.999391 0.0348981 -1.14641e-16
    outer loop
      vertex 259.065 38.7573 2.2
      vertex 258.552 53.4483 2.05
      vertex 258.552 53.4483 2.2
    endloop
  endfacet
  facet normal 0.999391 0.0348981 -1.14641e-16
    outer loop
      vertex 258.552 53.4483 2.05
      vertex 259.065 38.7573 2.2
      vertex 259.065 38.7573 2.05
    endloop
  endfacet
  facet normal -0.0348981 0.999391 0
    outer loop
      vertex 273.756 39.2703 2.05
      vertex 259.065 38.7573 2.2
      vertex 273.756 39.2703 2.2
    endloop
  endfacet
  facet normal -0.0348981 0.999391 0
    outer loop
      vertex 259.065 38.7573 2.2
      vertex 273.756 39.2703 2.05
      vertex 259.065 38.7573 2.05
    endloop
  endfacet
  facet normal -0.999391 -0.0348981 -1.14641e-16
    outer loop
      vertex 273.756 39.2703 2.05
      vertex 273.243 53.9613 2.2
      vertex 273.243 53.9613 2.05
    endloop
  endfacet
  facet normal -0.999391 -0.0348981 -1.14641e-16
    outer loop
      vertex 273.243 53.9613 2.2
      vertex 273.756 39.2703 2.05
      vertex 273.756 39.2703 2.2
    endloop
  endfacet
  facet normal 0.0348981 -0.999391 0
    outer loop
      vertex 258.552 53.4483 2.05
      vertex 273.243 53.9613 2.2
      vertex 258.552 53.4483 2.2
    endloop
  endfacet
  facet normal 0.0348981 -0.999391 0
    outer loop
      vertex 273.243 53.9613 2.2
      vertex 258.552 53.4483 2.05
      vertex 273.243 53.9613 2.05
    endloop
  endfacet
  facet normal 1 -0 0
    outer loop
      vertex 277.164 42.5093 0.95
      vertex 277.164 57.2093 0
      vertex 277.164 57.2093 0.95
    endloop
  endfacet
  facet normal 1 0 0
    outer loop
      vertex 277.164 57.2093 0
      vertex 277.164 42.5093 0.95
      vertex 277.164 42.5093 0
    endloop
  endfacet
  facet normal 0 0 -1
    outer loop
      vertex 291.864 42.5093 0.95
      vertex 291.514 42.8593 0.95
      vertex 291.864 57.2093 0.95
    endloop
  endfacet
  facet normal 0 0 -1
    outer loop
      vertex 291.864 42.5093 0.95
      vertex 277.514 42.8593 0.95
      vertex 291.514 42.8593 0.95
    endloop
  endfacet
  facet normal -0 0 -1
    outer loop
      vertex 277.514 42.8593 0.95
      vertex 277.164 42.5093 0.95
      vertex 277.514 56.8593 0.95
    endloop
  endfacet
  facet normal 0 0 -1
    outer loop
      vertex 277.164 42.5093 0.95
      vertex 277.514 42.8593 0.95
      vertex 291.864 42.5093 0.95
    endloop
  endfacet
  facet normal 0 0 -1
    outer loop
      vertex 291.514 56.8593 0.95
      vertex 291.864 57.2093 0.95
      vertex 291.514 42.8593 0.95
    endloop
  endfacet
  facet normal 0 0 -1
    outer loop
      vertex 277.514 56.8593 0.95
      vertex 291.864 57.2093 0.95
      vertex 291.514 56.8593 0.95
    endloop
  endfacet
  facet normal 0 0 -1
    outer loop
      vertex 277.514 56.8593 0.95
      vertex 277.164 57.2093 0.95
      vertex 291.864 57.2093 0.95
    endloop
  endfacet
  facet normal 0 0 -1
    outer loop
      vertex 277.164 57.2093 0.95
      vertex 277.514 56.8593 0.95
      vertex 277.164 42.5093 0.95
    endloop
  endfacet
  facet normal 0 1 -0
    outer loop
      vertex 291.864 42.5093 0
      vertex 277.164 42.5093 0.95
      vertex 291.864 42.5093 0.95
    endloop
  endfacet
  facet normal 0 1 0
    outer loop
      vertex 277.164 42.5093 0.95
      vertex 291.864 42.5093 0
      vertex 277.164 42.5093 0
    endloop
  endfacet
  facet normal -1 0 0
    outer loop
      vertex 291.864 42.5093 0
      vertex 291.864 57.2093 0.95
      vertex 291.864 57.2093 0
    endloop
  endfacet
  facet normal -1 -0 0
    outer loop
      vertex 291.864 57.2093 0.95
      vertex 291.864 42.5093 0
      vertex 291.864 42.5093 0.95
    endloop
  endfacet
  facet normal 0 -1 0
    outer loop
      vertex 277.164 57.2093 0
      vertex 291.864 57.2093 0.95
      vertex 277.164 57.2093 0.95
    endloop
  endfacet
  facet normal 0 -1 -0
    outer loop
      vertex 291.864 57.2093 0.95
      vertex 277.164 57.2093 0
      vertex 291.864 57.2093 0
    endloop
  endfacet
  facet normal 1 -0 0
    outer loop
      vertex 277.514 42.8593 2.05
      vertex 277.514 56.8593 0.95
      vertex 277.514 56.8593 2.05
    endloop
  endfacet
  facet normal 1 0 0
    outer loop
      vertex 277.514 56.8593 0.95
      vertex 277.514 42.8593 2.05
      vertex 277.514 42.8593 0.95
    endloop
  endfacet
  facet normal 0 0 1
    outer loop
      vertex 291.864 57.2093 2.05
      vertex 291.514 56.8593 2.05
      vertex 291.864 42.5093 2.05
    endloop
  endfacet
  facet normal 0 0 1
    outer loop
      vertex 291.864 57.2093 2.05
      vertex 277.514 56.8593 2.05
      vertex 291.514 56.8593 2.05
    endloop
  endfacet
  facet normal 0 0 1
    outer loop
      vertex 277.514 56.8593 2.05
      vertex 277.164 57.2093 2.05
      vertex 277.514 42.8593 2.05
    endloop
  endfacet
  facet normal -0 0 1
    outer loop
      vertex 277.164 57.2093 2.05
      vertex 277.514 56.8593 2.05
      vertex 291.864 57.2093 2.05
    endloop
  endfacet
  facet normal -0 0 1
    outer loop
      vertex 291.514 42.8593 2.05
      vertex 291.864 42.5093 2.05
      vertex 291.514 56.8593 2.05
    endloop
  endfacet
  facet normal -0 0 1
    outer loop
      vertex 277.514 42.8593 2.05
      vertex 291.864 42.5093 2.05
      vertex 291.514 42.8593 2.05
    endloop
  endfacet
  facet normal 0 0 1
    outer loop
      vertex 277.514 42.8593 2.05
      vertex 277.164 42.5093 2.05
      vertex 291.864 42.5093 2.05
    endloop
  endfacet
  facet normal 0 0 1
    outer loop
      vertex 277.164 42.5093 2.05
      vertex 277.514 42.8593 2.05
      vertex 277.164 57.2093 2.05
    endloop
  endfacet
  facet normal 0 1 -0
    outer loop
      vertex 291.514 42.8593 0.95
      vertex 277.514 42.8593 2.05
      vertex 291.514 42.8593 2.05
    endloop
  endfacet
  facet normal 0 1 0
    outer loop
      vertex 277.514 42.8593 2.05
      vertex 291.514 42.8593 0.95
      vertex 277.514 42.8593 0.95
    endloop
  endfacet
  facet normal -1 0 0
    outer loop
      vertex 291.514 42.8593 0.95
      vertex 291.514 56.8593 2.05
      vertex 291.514 56.8593 0.95
    endloop
  endfacet
  facet normal -1 -0 0
    outer loop
      vertex 291.514 56.8593 2.05
      vertex 291.514 42.8593 0.95
      vertex 291.514 42.8593 2.05
    endloop
  endfacet
  facet normal 0 -1 0
    outer loop
      vertex 277.514 56.8593 0.95
      vertex 291.514 56.8593 2.05
      vertex 277.514 56.8593 2.05
    endloop
  endfacet
  facet normal 0 -1 -0
    outer loop
      vertex 291.514 56.8593 2.05
      vertex 277.514 56.8593 0.95
      vertex 291.514 56.8593 0.95
    endloop
  endfacet
  facet normal 1 -0 0
    outer loop
      vertex 277.164 42.5093 2.2
      vertex 277.164 57.2093 2.05
      vertex 277.164 57.2093 2.2
    endloop
  endfacet
  facet normal 1 0 0
    outer loop
      vertex 277.164 57.2093 2.05
      vertex 277.164 42.5093 2.2
      vertex 277.164 42.5093 2.05
    endloop
  endfacet
  facet normal 0 1 -0
    outer loop
      vertex 291.864 42.5093 2.05
      vertex 277.164 42.5093 2.2
      vertex 291.864 42.5093 2.2
    endloop
  endfacet
  facet normal 0 1 0
    outer loop
      vertex 277.164 42.5093 2.2
      vertex 291.864 42.5093 2.05
      vertex 277.164 42.5093 2.05
    endloop
  endfacet
  facet normal -1 0 0
    outer loop
      vertex 291.864 42.5093 2.05
      vertex 291.864 57.2093 2.2
      vertex 291.864 57.2093 2.05
    endloop
  endfacet
  facet normal -1 -0 0
    outer loop
      vertex 291.864 57.2093 2.2
      vertex 291.864 42.5093 2.05
      vertex 291.864 42.5093 2.2
    endloop
  endfacet
  facet normal 0 -1 0
    outer loop
      vertex 277.164 57.2093 2.05
      vertex 291.864 57.2093 2.2
      vertex 277.164 57.2093 2.2
    endloop
  endfacet
  facet normal 0 -1 -0
    outer loop
      vertex 291.864 57.2093 2.2
      vertex 277.164 57.2093 2.05
      vertex 291.864 57.2093 2.05
    endloop
  endfacet
  facet normal 0.996196 -0.0871433 2.38162e-17
    outer loop
      vertex 332.002 46.0046 0.95
      vertex 333.283 60.6486 0
      vertex 333.283 60.6486 0.95
    endloop
  endfacet
  facet normal 0.996196 -0.0871433 2.38162e-17
    outer loop
      vertex 333.283 60.6486 0
      vertex 332.002 46.0046 0.95
      vertex 332.002 46.0046 0
    endloop
  endfacet
  facet normal 0 0 -1
    outer loop
      vertex 346.646 44.7234 0.95
      vertex 347.548 59.0493 0.95
      vertex 347.927 59.3674 0.95
    endloop
  endfacet
  facet normal 0 0 -1
    outer loop
      vertex 346.646 44.7234 0.95
      vertex 346.328 45.1025 0.95
      vertex 347.548 59.0493 0.95
    endloop
  endfacet
  facet normal 0 0 -1
    outer loop
      vertex 346.646 44.7234 0.95
      vertex 332.381 46.3227 0.95
      vertex 346.328 45.1025 0.95
    endloop
  endfacet
  facet normal 0 -0 -1
    outer loop
      vertex 332.381 46.3227 0.95
      vertex 346.646 44.7234 0.95
      vertex 332.002 46.0046 0.95
    endloop
  endfacet
  facet normal 0 0 -1
    outer loop
      vertex 333.601 60.2695 0.95
      vertex 347.927 59.3674 0.95
      vertex 347.548 59.0493 0.95
    endloop
  endfacet
  facet normal 0 0 -1
    outer loop
      vertex 333.601 60.2695 0.95
      vertex 333.283 60.6486 0.95
      vertex 347.927 59.3674 0.95
    endloop
  endfacet
  facet normal 0 0 -1
    outer loop
      vertex 332.381 46.3227 0.95
      vertex 333.283 60.6486 0.95
      vertex 333.601 60.2695 0.95
    endloop
  endfacet
  facet normal 0 0 -1
    outer loop
      vertex 333.283 60.6486 0.95
      vertex 332.381 46.3227 0.95
      vertex 332.002 46.0046 0.95
    endloop
  endfacet
  facet normal 0.0871568 0.996195 -0
    outer loop
      vertex 346.646 44.7234 0
      vertex 332.002 46.0046 0.95
      vertex 346.646 44.7234 0.95
    endloop
  endfacet
  facet normal 0.0871568 0.996195 0
    outer loop
      vertex 332.002 46.0046 0.95
      vertex 346.646 44.7234 0
      vertex 332.002 46.0046 0
    endloop
  endfacet
  facet normal -0.996196 0.0871433 -8.76122e-17
    outer loop
      vertex 346.646 44.7234 0
      vertex 347.927 59.3674 0.95
      vertex 347.927 59.3674 0
    endloop
  endfacet
  facet normal -0.996196 0.0871433 -8.76122e-17
    outer loop
      vertex 347.927 59.3674 0.95
      vertex 346.646 44.7234 0
      vertex 346.646 44.7234 0.95
    endloop
  endfacet
  facet normal -0.0871568 -0.996195 0
    outer loop
      vertex 333.283 60.6486 0
      vertex 347.927 59.3674 0.95
      vertex 333.283 60.6486 0.95
    endloop
  endfacet
  facet normal -0.0871568 -0.996195 -0
    outer loop
      vertex 347.927 59.3674 0.95
      vertex 333.283 60.6486 0
      vertex 347.927 59.3674 0
    endloop
  endfacet
  facet normal 0.996196 -0.0871425 6.26161e-17
    outer loop
      vertex 332.381 46.3227 2.05
      vertex 333.601 60.2695 0.95
      vertex 333.601 60.2695 2.05
    endloop
  endfacet
  facet normal 0.996196 -0.0871425 6.26161e-17
    outer loop
      vertex 333.601 60.2695 0.95
      vertex 332.381 46.3227 2.05
      vertex 332.381 46.3227 0.95
    endloop
  endfacet
  facet normal 0 0 1
    outer loop
      vertex 347.927 59.3674 2.05
      vertex 333.601 60.2695 2.05
      vertex 347.548 59.0493 2.05
    endloop
  endfacet
  facet normal 0 0 1
    outer loop
      vertex 333.283 60.6486 2.05
      vertex 333.601 60.2695 2.05
      vertex 347.927 59.3674 2.05
    endloop
  endfacet
  facet normal 0 0 1
    outer loop
      vertex 333.283 60.6486 2.05
      vertex 332.381 46.3227 2.05
      vertex 333.601 60.2695 2.05
    endloop
  endfacet
  facet normal 0 -0 1
    outer loop
      vertex 332.381 46.3227 2.05
      vertex 333.283 60.6486 2.05
      vertex 332.002 46.0046 2.05
    endloop
  endfacet
  facet normal -0 0 1
    outer loop
      vertex 347.548 59.0493 2.05
      vertex 346.646 44.7234 2.05
      vertex 347.927 59.3674 2.05
    endloop
  endfacet
  facet normal -0 0 1
    outer loop
      vertex 346.328 45.1025 2.05
      vertex 346.646 44.7234 2.05
      vertex 347.548 59.0493 2.05
    endloop
  endfacet
  facet normal 0 0 1
    outer loop
      vertex 332.381 46.3227 2.05
      vertex 346.646 44.7234 2.05
      vertex 346.328 45.1025 2.05
    endloop
  endfacet
  facet normal 0 0 1
    outer loop
      vertex 346.646 44.7234 2.05
      vertex 332.381 46.3227 2.05
      vertex 332.002 46.0046 2.05
    endloop
  endfacet
  facet normal 0.0871554 0.996195 -0
    outer loop
      vertex 346.328 45.1025 0.95
      vertex 332.381 46.3227 2.05
      vertex 346.328 45.1025 2.05
    endloop
  endfacet
  facet normal 0.0871554 0.996195 0
    outer loop
      vertex 332.381 46.3227 2.05
      vertex 346.328 45.1025 0.95
      vertex 332.381 46.3227 0.95
    endloop
  endfacet
  facet normal -0.996196 0.0871425 6.26161e-17
    outer loop
      vertex 346.328 45.1025 0.95
      vertex 347.548 59.0493 2.05
      vertex 347.548 59.0493 0.95
    endloop
  endfacet
  facet normal -0.996196 0.0871425 6.26161e-17
    outer loop
      vertex 347.548 59.0493 2.05
      vertex 346.328 45.1025 0.95
      vertex 346.328 45.1025 2.05
    endloop
  endfacet
  facet normal -0.0871554 -0.996195 0
    outer loop
      vertex 333.601 60.2695 0.95
      vertex 347.548 59.0493 2.05
      vertex 333.601 60.2695 2.05
    endloop
  endfacet
  facet normal -0.0871554 -0.996195 -0
    outer loop
      vertex 347.548 59.0493 2.05
      vertex 333.601 60.2695 0.95
      vertex 347.548 59.0493 0.95
    endloop
  endfacet
  facet normal 0.996196 -0.0871433 1.50836e-16
    outer loop
      vertex 332.002 46.0046 2.2
      vertex 333.283 60.6486 2.05
      vertex 333.283 60.6486 2.2
    endloop
  endfacet
  facet normal 0.996196 -0.0871433 1.50836e-16
    outer loop
      vertex 333.283 60.6486 2.05
      vertex 332.002 46.0046 2.2
      vertex 332.002 46.0046 2.05
    endloop
  endfacet
  facet normal 0.0871568 0.996195 -0
    outer loop
      vertex 346.646 44.7234 2.05
      vertex 332.002 46.0046 2.2
      vertex 346.646 44.7234 2.2
    endloop
  endfacet
  facet normal 0.0871568 0.996195 0
    outer loop
      vertex 332.002 46.0046 2.2
      vertex 346.646 44.7234 2.05
      vertex 332.002 46.0046 2.05
    endloop
  endfacet
  facet normal -0.996196 0.0871433 -5.54877e-16
    outer loop
      vertex 346.646 44.7234 2.05
      vertex 347.927 59.3674 2.2
      vertex 347.927 59.3674 2.05
    endloop
  endfacet
  facet normal -0.996196 0.0871433 -5.54877e-16
    outer loop
      vertex 347.927 59.3674 2.2
      vertex 346.646 44.7234 2.05
      vertex 346.646 44.7234 2.2
    endloop
  endfacet
  facet normal -0.0871568 -0.996195 0
    outer loop
      vertex 333.283 60.6486 2.05
      vertex 347.927 59.3674 2.2
      vertex 333.283 60.6486 2.2
    endloop
  endfacet
  facet normal -0.0871568 -0.996195 -0
    outer loop
      vertex 347.927 59.3674 2.2
      vertex 333.283 60.6486 2.05
      vertex 347.927 59.3674 2.05
    endloop
  endfacet
  facet normal 0.996196 -0.0871433 2.38162e-17
    outer loop
      vertex 314.376 51.0601 0.95
      vertex 315.657 65.7041 0
      vertex 315.657 65.7041 0.95
    endloop
  endfacet
  facet normal 0.996196 -0.0871433 2.38162e-17
    outer loop
      vertex 315.657 65.7041 0
      vertex 314.376 51.0601 0.95
      vertex 314.376 51.0601 0
    endloop
  endfacet
  facet normal 0 0 -1
    outer loop
      vertex 329.02 49.7789 0.95
      vertex 329.922 64.1048 0.95
      vertex 330.301 64.4229 0.95
    endloop
  endfacet
  facet normal 0 0 -1
    outer loop
      vertex 329.02 49.7789 0.95
      vertex 328.702 50.158 0.95
      vertex 329.922 64.1048 0.95
    endloop
  endfacet
  facet normal 0 0 -1
    outer loop
      vertex 329.02 49.7789 0.95
      vertex 314.755 51.3782 0.95
      vertex 328.702 50.158 0.95
    endloop
  endfacet
  facet normal 0 -0 -1
    outer loop
      vertex 314.755 51.3782 0.95
      vertex 329.02 49.7789 0.95
      vertex 314.376 51.0601 0.95
    endloop
  endfacet
  facet normal 0 0 -1
    outer loop
      vertex 315.975 65.325 0.95
      vertex 330.301 64.4229 0.95
      vertex 329.922 64.1048 0.95
    endloop
  endfacet
  facet normal 0 0 -1
    outer loop
      vertex 315.975 65.325 0.95
      vertex 315.657 65.7041 0.95
      vertex 330.301 64.4229 0.95
    endloop
  endfacet
  facet normal 0 0 -1
    outer loop
      vertex 314.755 51.3782 0.95
      vertex 315.657 65.7041 0.95
      vertex 315.975 65.325 0.95
    endloop
  endfacet
  facet normal 0 0 -1
    outer loop
      vertex 315.657 65.7041 0.95
      vertex 314.755 51.3782 0.95
      vertex 314.376 51.0601 0.95
    endloop
  endfacet
  facet normal 0.0871568 0.996195 -0
    outer loop
      vertex 329.02 49.7789 0
      vertex 314.376 51.0601 0.95
      vertex 329.02 49.7789 0.95
    endloop
  endfacet
  facet normal 0.0871568 0.996195 0
    outer loop
      vertex 314.376 51.0601 0.95
      vertex 329.02 49.7789 0
      vertex 314.376 51.0601 0
    endloop
  endfacet
  facet normal -0.996196 0.0871433 2.38162e-17
    outer loop
      vertex 329.02 49.7789 0
      vertex 330.301 64.4229 0.95
      vertex 330.301 64.4229 0
    endloop
  endfacet
  facet normal -0.996196 0.0871433 2.38162e-17
    outer loop
      vertex 330.301 64.4229 0.95
      vertex 329.02 49.7789 0
      vertex 329.02 49.7789 0.95
    endloop
  endfacet
  facet normal -0.0871568 -0.996195 0
    outer loop
      vertex 315.657 65.7041 0
      vertex 330.301 64.4229 0.95
      vertex 315.657 65.7041 0.95
    endloop
  endfacet
  facet normal -0.0871568 -0.996195 -0
    outer loop
      vertex 330.301 64.4229 0.95
      vertex 315.657 65.7041 0
      vertex 330.301 64.4229 0
    endloop
  endfacet
  facet normal 0.996196 -0.0871425 6.26161e-17
    outer loop
      vertex 314.755 51.3782 2.05
      vertex 315.975 65.325 0.95
      vertex 315.975 65.325 2.05
    endloop
  endfacet
  facet normal 0.996196 -0.0871425 6.26161e-17
    outer loop
      vertex 315.975 65.325 0.95
      vertex 314.755 51.3782 2.05
      vertex 314.755 51.3782 0.95
    endloop
  endfacet
  facet normal 0 0 1
    outer loop
      vertex 330.301 64.4229 2.05
      vertex 315.975 65.325 2.05
      vertex 329.922 64.1048 2.05
    endloop
  endfacet
  facet normal 0 0 1
    outer loop
      vertex 315.657 65.7041 2.05
      vertex 315.975 65.325 2.05
      vertex 330.301 64.4229 2.05
    endloop
  endfacet
  facet normal 0 0 1
    outer loop
      vertex 315.657 65.7041 2.05
      vertex 314.755 51.3782 2.05
      vertex 315.975 65.325 2.05
    endloop
  endfacet
  facet normal 0 -0 1
    outer loop
      vertex 314.755 51.3782 2.05
      vertex 315.657 65.7041 2.05
      vertex 314.376 51.0601 2.05
    endloop
  endfacet
  facet normal -0 0 1
    outer loop
      vertex 329.922 64.1048 2.05
      vertex 329.02 49.7789 2.05
      vertex 330.301 64.4229 2.05
    endloop
  endfacet
  facet normal -0 0 1
    outer loop
      vertex 328.702 50.158 2.05
      vertex 329.02 49.7789 2.05
      vertex 329.922 64.1048 2.05
    endloop
  endfacet
  facet normal 0 0 1
    outer loop
      vertex 314.755 51.3782 2.05
      vertex 329.02 49.7789 2.05
      vertex 328.702 50.158 2.05
    endloop
  endfacet
  facet normal 0 0 1
    outer loop
      vertex 329.02 49.7789 2.05
      vertex 314.755 51.3782 2.05
      vertex 314.376 51.0601 2.05
    endloop
  endfacet
  facet normal 0.0871554 0.996195 -0
    outer loop
      vertex 328.702 50.158 0.95
      vertex 314.755 51.3782 2.05
      vertex 328.702 50.158 2.05
    endloop
  endfacet
  facet normal 0.0871554 0.996195 0
    outer loop
      vertex 314.755 51.3782 2.05
      vertex 328.702 50.158 0.95
      vertex 314.755 51.3782 0.95
    endloop
  endfacet
  facet normal -0.996196 0.0871425 -3.88896e-17
    outer loop
      vertex 328.702 50.158 0.95
      vertex 329.922 64.1048 2.05
      vertex 329.922 64.1048 0.95
    endloop
  endfacet
  facet normal -0.996196 0.0871425 -3.88896e-17
    outer loop
      vertex 329.922 64.1048 2.05
      vertex 328.702 50.158 0.95
      vertex 328.702 50.158 2.05
    endloop
  endfacet
  facet normal -0.0871554 -0.996195 0
    outer loop
      vertex 315.975 65.325 0.95
      vertex 329.922 64.1048 2.05
      vertex 315.975 65.325 2.05
    endloop
  endfacet
  facet normal -0.0871554 -0.996195 -0
    outer loop
      vertex 329.922 64.1048 2.05
      vertex 315.975 65.325 0.95
      vertex 329.922 64.1048 0.95
    endloop
  endfacet
  facet normal 0.996196 -0.0871433 1.50836e-16
    outer loop
      vertex 314.376 51.0601 2.2
      vertex 315.657 65.7041 2.05
      vertex 315.657 65.7041 2.2
    endloop
  endfacet
  facet normal 0.996196 -0.0871433 1.50836e-16
    outer loop
      vertex 315.657 65.7041 2.05
      vertex 314.376 51.0601 2.2
      vertex 314.376 51.0601 2.05
    endloop
  endfacet
  facet normal 0.0871568 0.996195 -0
    outer loop
      vertex 329.02 49.7789 2.05
      vertex 314.376 51.0601 2.2
      vertex 329.02 49.7789 2.2
    endloop
  endfacet
  facet normal 0.0871568 0.996195 0
    outer loop
      vertex 314.376 51.0601 2.2
      vertex 329.02 49.7789 2.05
      vertex 314.376 51.0601 2.05
    endloop
  endfacet
  facet normal -0.996196 0.0871433 1.50836e-16
    outer loop
      vertex 329.02 49.7789 2.05
      vertex 330.301 64.4229 2.2
      vertex 330.301 64.4229 2.05
    endloop
  endfacet
  facet normal -0.996196 0.0871433 1.50836e-16
    outer loop
      vertex 330.301 64.4229 2.2
      vertex 329.02 49.7789 2.05
      vertex 329.02 49.7789 2.2
    endloop
  endfacet
  facet normal -0.0871568 -0.996195 0
    outer loop
      vertex 315.657 65.7041 2.05
      vertex 330.301 64.4229 2.2
      vertex 315.657 65.7041 2.2
    endloop
  endfacet
  facet normal -0.0871568 -0.996195 -0
    outer loop
      vertex 330.301 64.4229 2.2
      vertex 315.657 65.7041 2.05
      vertex 330.301 64.4229 2.05
    endloop
  endfacet
  facet normal 0.998631 -0.0523128 -1.2637e-17
    outer loop
      vertex 296.037 55.9145 0.95
      vertex 296.806 70.5944 0
      vertex 296.806 70.5944 0.95
    endloop
  endfacet
  facet normal 0.998631 -0.0523128 -1.2637e-17
    outer loop
      vertex 296.806 70.5944 0
      vertex 296.037 55.9145 0.95
      vertex 296.037 55.9145 0
    endloop
  endfacet
  facet normal 0 0 -1
    outer loop
      vertex 310.717 55.1452 0.95
      vertex 311.118 69.4939 0.95
      vertex 311.486 69.8251 0.95
    endloop
  endfacet
  facet normal 0 0 -1
    outer loop
      vertex 310.717 55.1452 0.95
      vertex 310.385 55.513 0.95
      vertex 311.118 69.4939 0.95
    endloop
  endfacet
  facet normal 0 0 -1
    outer loop
      vertex 310.717 55.1452 0.95
      vertex 296.405 56.2457 0.95
      vertex 310.385 55.513 0.95
    endloop
  endfacet
  facet normal 0 -0 -1
    outer loop
      vertex 296.405 56.2457 0.95
      vertex 310.717 55.1452 0.95
      vertex 296.037 55.9145 0.95
    endloop
  endfacet
  facet normal 0 0 -1
    outer loop
      vertex 297.137 70.2266 0.95
      vertex 311.486 69.8251 0.95
      vertex 311.118 69.4939 0.95
    endloop
  endfacet
  facet normal 0 0 -1
    outer loop
      vertex 297.137 70.2266 0.95
      vertex 296.806 70.5944 0.95
      vertex 311.486 69.8251 0.95
    endloop
  endfacet
  facet normal 0 0 -1
    outer loop
      vertex 296.405 56.2457 0.95
      vertex 296.806 70.5944 0.95
      vertex 297.137 70.2266 0.95
    endloop
  endfacet
  facet normal 0 0 -1
    outer loop
      vertex 296.806 70.5944 0.95
      vertex 296.405 56.2457 0.95
      vertex 296.037 55.9145 0.95
    endloop
  endfacet
  facet normal 0.0523328 0.99863 -0
    outer loop
      vertex 310.717 55.1452 0
      vertex 296.037 55.9145 0.95
      vertex 310.717 55.1452 0.95
    endloop
  endfacet
  facet normal 0.0523328 0.99863 0
    outer loop
      vertex 296.037 55.9145 0.95
      vertex 310.717 55.1452 0
      vertex 296.037 55.9145 0
    endloop
  endfacet
  facet normal -0.998631 0.0523128 -2.96977e-18
    outer loop
      vertex 310.717 55.1452 0
      vertex 311.486 69.8251 0.95
      vertex 311.486 69.8251 0
    endloop
  endfacet
  facet normal -0.998631 0.0523128 -2.96977e-18
    outer loop
      vertex 311.486 69.8251 0.95
      vertex 310.717 55.1452 0
      vertex 310.717 55.1452 0.95
    endloop
  endfacet
  facet normal -0.0523328 -0.99863 0
    outer loop
      vertex 296.806 70.5944 0
      vertex 311.486 69.8251 0.95
      vertex 296.806 70.5944 0.95
    endloop
  endfacet
  facet normal -0.0523328 -0.99863 -0
    outer loop
      vertex 311.486 69.8251 0.95
      vertex 296.806 70.5944 0
      vertex 311.486 69.8251 0
    endloop
  endfacet
  facet normal 0.998632 -0.0522855 -1.22575e-17
    outer loop
      vertex 296.405 56.2457 2.05
      vertex 297.137 70.2266 0.95
      vertex 297.137 70.2266 2.05
    endloop
  endfacet
  facet normal 0.998632 -0.0522855 -1.22575e-17
    outer loop
      vertex 297.137 70.2266 0.95
      vertex 296.405 56.2457 2.05
      vertex 296.405 56.2457 0.95
    endloop
  endfacet
  facet normal 0 0 1
    outer loop
      vertex 311.486 69.8251 2.05
      vertex 297.137 70.2266 2.05
      vertex 311.118 69.4939 2.05
    endloop
  endfacet
  facet normal 0 0 1
    outer loop
      vertex 296.806 70.5944 2.05
      vertex 297.137 70.2266 2.05
      vertex 311.486 69.8251 2.05
    endloop
  endfacet
  facet normal 0 0 1
    outer loop
      vertex 296.806 70.5944 2.05
      vertex 296.405 56.2457 2.05
      vertex 297.137 70.2266 2.05
    endloop
  endfacet
  facet normal 0 -0 1
    outer loop
      vertex 296.405 56.2457 2.05
      vertex 296.806 70.5944 2.05
      vertex 296.037 55.9145 2.05
    endloop
  endfacet
  facet normal -0 0 1
    outer loop
      vertex 311.118 69.4939 2.05
      vertex 310.717 55.1452 2.05
      vertex 311.486 69.8251 2.05
    endloop
  endfacet
  facet normal -0 0 1
    outer loop
      vertex 310.385 55.513 2.05
      vertex 310.717 55.1452 2.05
      vertex 311.118 69.4939 2.05
    endloop
  endfacet
  facet normal 0 0 1
    outer loop
      vertex 296.405 56.2457 2.05
      vertex 310.717 55.1452 2.05
      vertex 310.385 55.513 2.05
    endloop
  endfacet
  facet normal 0 0 1
    outer loop
      vertex 310.717 55.1452 2.05
      vertex 296.405 56.2457 2.05
      vertex 296.037 55.9145 2.05
    endloop
  endfacet
  facet normal 0.0523388 0.998629 -0
    outer loop
      vertex 310.385 55.513 0.95
      vertex 296.405 56.2457 2.05
      vertex 310.385 55.513 2.05
    endloop
  endfacet
  facet normal 0.0523388 0.998629 0
    outer loop
      vertex 296.405 56.2457 2.05
      vertex 310.385 55.513 0.95
      vertex 296.405 56.2457 0.95
    endloop
  endfacet
  facet normal -0.998628 0.0523568 -1.47652e-17
    outer loop
      vertex 310.385 55.513 0.95
      vertex 311.118 69.4939 2.05
      vertex 311.118 69.4939 0.95
    endloop
  endfacet
  facet normal -0.998628 0.0523568 -1.47652e-17
    outer loop
      vertex 311.118 69.4939 2.05
      vertex 310.385 55.513 0.95
      vertex 310.385 55.513 2.05
    endloop
  endfacet
  facet normal -0.052335 -0.99863 0
    outer loop
      vertex 297.137 70.2266 0.95
      vertex 311.118 69.4939 2.05
      vertex 297.137 70.2266 2.05
    endloop
  endfacet
  facet normal -0.052335 -0.99863 -0
    outer loop
      vertex 311.118 69.4939 2.05
      vertex 297.137 70.2266 0.95
      vertex 311.118 69.4939 0.95
    endloop
  endfacet
  facet normal 0.998631 -0.0523128 -8.00343e-17
    outer loop
      vertex 296.037 55.9145 2.2
      vertex 296.806 70.5944 2.05
      vertex 296.806 70.5944 2.2
    endloop
  endfacet
  facet normal 0.998631 -0.0523128 -8.00343e-17
    outer loop
      vertex 296.806 70.5944 2.05
      vertex 296.037 55.9145 2.2
      vertex 296.037 55.9145 2.05
    endloop
  endfacet
  facet normal 0.0523328 0.99863 -0
    outer loop
      vertex 310.717 55.1452 2.05
      vertex 296.037 55.9145 2.2
      vertex 310.717 55.1452 2.2
    endloop
  endfacet
  facet normal 0.0523328 0.99863 0
    outer loop
      vertex 296.037 55.9145 2.2
      vertex 310.717 55.1452 2.05
      vertex 296.037 55.9145 2.05
    endloop
  endfacet
  facet normal -0.998631 0.0523128 -1.88086e-17
    outer loop
      vertex 310.717 55.1452 2.05
      vertex 311.486 69.8251 2.2
      vertex 311.486 69.8251 2.05
    endloop
  endfacet
  facet normal -0.998631 0.0523128 -1.88086e-17
    outer loop
      vertex 311.486 69.8251 2.2
      vertex 310.717 55.1452 2.05
      vertex 310.717 55.1452 2.2
    endloop
  endfacet
  facet normal -0.0523328 -0.99863 0
    outer loop
      vertex 296.806 70.5944 2.05
      vertex 311.486 69.8251 2.2
      vertex 296.806 70.5944 2.2
    endloop
  endfacet
  facet normal -0.0523328 -0.99863 -0
    outer loop
      vertex 311.486 69.8251 2.2
      vertex 296.806 70.5944 2.05
      vertex 311.486 69.8251 2.05
    endloop
  endfacet
  facet normal 0.999391 0.0348981 -1.81012e-17
    outer loop
      vertex 258.472 55.7469 0.95
      vertex 257.959 70.4379 0
      vertex 257.959 70.4379 0.95
    endloop
  endfacet
  facet normal 0.999391 0.0348981 -1.81012e-17
    outer loop
      vertex 257.959 70.4379 0
      vertex 258.472 55.7469 0.95
      vertex 258.472 55.7469 0
    endloop
  endfacet
  facet normal -0 0 -1
    outer loop
      vertex 273.163 56.2599 0.95
      vertex 258.809 56.1089 0.95
      vertex 272.801 56.5975 0.95
    endloop
  endfacet
  facet normal 0 0 -1
    outer loop
      vertex 258.472 55.7469 0.95
      vertex 258.809 56.1089 0.95
      vertex 273.163 56.2599 0.95
    endloop
  endfacet
  facet normal 0 0 -1
    outer loop
      vertex 258.472 55.7469 0.95
      vertex 258.321 70.1003 0.95
      vertex 258.809 56.1089 0.95
    endloop
  endfacet
  facet normal -0 -0 -1
    outer loop
      vertex 258.321 70.1003 0.95
      vertex 258.472 55.7469 0.95
      vertex 257.959 70.4379 0.95
    endloop
  endfacet
  facet normal 0 0 -1
    outer loop
      vertex 272.801 56.5975 0.95
      vertex 272.65 70.9509 0.95
      vertex 273.163 56.2599 0.95
    endloop
  endfacet
  facet normal 0 0 -1
    outer loop
      vertex 272.312 70.5889 0.95
      vertex 272.65 70.9509 0.95
      vertex 272.801 56.5975 0.95
    endloop
  endfacet
  facet normal 0 0 -1
    outer loop
      vertex 258.321 70.1003 0.95
      vertex 272.65 70.9509 0.95
      vertex 272.312 70.5889 0.95
    endloop
  endfacet
  facet normal 0 0 -1
    outer loop
      vertex 272.65 70.9509 0.95
      vertex 258.321 70.1003 0.95
      vertex 257.959 70.4379 0.95
    endloop
  endfacet
  facet normal -0.0348981 0.999391 0
    outer loop
      vertex 273.163 56.2599 0
      vertex 258.472 55.7469 0.95
      vertex 273.163 56.2599 0.95
    endloop
  endfacet
  facet normal -0.0348981 0.999391 0
    outer loop
      vertex 258.472 55.7469 0.95
      vertex 273.163 56.2599 0
      vertex 258.472 55.7469 0
    endloop
  endfacet
  facet normal -0.999391 -0.0348981 3.12528e-17
    outer loop
      vertex 273.163 56.2599 0
      vertex 272.65 70.9509 0.95
      vertex 272.65 70.9509 0
    endloop
  endfacet
  facet normal -0.999391 -0.0348981 3.12528e-17
    outer loop
      vertex 272.65 70.9509 0.95
      vertex 273.163 56.2599 0
      vertex 273.163 56.2599 0.95
    endloop
  endfacet
  facet normal 0.0348981 -0.999391 0
    outer loop
      vertex 257.959 70.4379 0
      vertex 272.65 70.9509 0.95
      vertex 257.959 70.4379 0.95
    endloop
  endfacet
  facet normal 0.0348981 -0.999391 0
    outer loop
      vertex 272.65 70.9509 0.95
      vertex 257.959 70.4379 0
      vertex 272.65 70.9509 0
    endloop
  endfacet
  facet normal 0.999392 0.0348574 -4.8679e-18
    outer loop
      vertex 258.809 56.1089 2.05
      vertex 258.321 70.1003 0.95
      vertex 258.321 70.1003 2.05
    endloop
  endfacet
  facet normal 0.999392 0.0348574 -4.8679e-18
    outer loop
      vertex 258.321 70.1003 0.95
      vertex 258.809 56.1089 2.05
      vertex 258.809 56.1089 0.95
    endloop
  endfacet
  facet normal 0 0 1
    outer loop
      vertex 272.65 70.9509 2.05
      vertex 272.801 56.5975 2.05
      vertex 273.163 56.2599 2.05
    endloop
  endfacet
  facet normal 0 0 1
    outer loop
      vertex 272.65 70.9509 2.05
      vertex 272.312 70.5889 2.05
      vertex 272.801 56.5975 2.05
    endloop
  endfacet
  facet normal 0 0 1
    outer loop
      vertex 272.65 70.9509 2.05
      vertex 258.321 70.1003 2.05
      vertex 272.312 70.5889 2.05
    endloop
  endfacet
  facet normal 0 -0 1
    outer loop
      vertex 258.321 70.1003 2.05
      vertex 272.65 70.9509 2.05
      vertex 257.959 70.4379 2.05
    endloop
  endfacet
  facet normal 0 0 1
    outer loop
      vertex 258.809 56.1089 2.05
      vertex 273.163 56.2599 2.05
      vertex 272.801 56.5975 2.05
    endloop
  endfacet
  facet normal -0 0 1
    outer loop
      vertex 258.809 56.1089 2.05
      vertex 258.472 55.7469 2.05
      vertex 273.163 56.2599 2.05
    endloop
  endfacet
  facet normal 0 0 1
    outer loop
      vertex 258.321 70.1003 2.05
      vertex 258.472 55.7469 2.05
      vertex 258.809 56.1089 2.05
    endloop
  endfacet
  facet normal 0 0 1
    outer loop
      vertex 258.472 55.7469 2.05
      vertex 258.321 70.1003 2.05
      vertex 257.959 70.4379 2.05
    endloop
  endfacet
  facet normal -0.0348987 0.999391 0
    outer loop
      vertex 272.801 56.5975 0.95
      vertex 258.809 56.1089 2.05
      vertex 272.801 56.5975 2.05
    endloop
  endfacet
  facet normal -0.0348987 0.999391 0
    outer loop
      vertex 258.809 56.1089 2.05
      vertex 272.801 56.5975 0.95
      vertex 258.809 56.1089 0.95
    endloop
  endfacet
  facet normal -0.99939 -0.0349287 2.52976e-17
    outer loop
      vertex 272.801 56.5975 0.95
      vertex 272.312 70.5889 2.05
      vertex 272.312 70.5889 0.95
    endloop
  endfacet
  facet normal -0.99939 -0.0349287 2.52976e-17
    outer loop
      vertex 272.312 70.5889 2.05
      vertex 272.801 56.5975 0.95
      vertex 272.801 56.5975 2.05
    endloop
  endfacet
  facet normal 0.0349012 -0.999391 0
    outer loop
      vertex 258.321 70.1003 0.95
      vertex 272.312 70.5889 2.05
      vertex 258.321 70.1003 2.05
    endloop
  endfacet
  facet normal 0.0349012 -0.999391 0
    outer loop
      vertex 272.312 70.5889 2.05
      vertex 258.321 70.1003 0.95
      vertex 272.312 70.5889 0.95
    endloop
  endfacet
  facet normal 0.999391 0.0348981 -1.14641e-16
    outer loop
      vertex 258.472 55.7469 2.2
      vertex 257.959 70.4379 2.05
      vertex 257.959 70.4379 2.2
    endloop
  endfacet
  facet normal 0.999391 0.0348981 -1.14641e-16
    outer loop
      vertex 257.959 70.4379 2.05
      vertex 258.472 55.7469 2.2
      vertex 258.472 55.7469 2.05
    endloop
  endfacet
  facet normal -0.0348981 0.999391 0
    outer loop
      vertex 273.163 56.2599 2.05
      vertex 258.472 55.7469 2.2
      vertex 273.163 56.2599 2.2
    endloop
  endfacet
  facet normal -0.0348981 0.999391 0
    outer loop
      vertex 258.472 55.7469 2.2
      vertex 273.163 56.2599 2.05
      vertex 258.472 55.7469 2.05
    endloop
  endfacet
  facet normal -0.999391 -0.0348981 1.97934e-16
    outer loop
      vertex 273.163 56.2599 2.05
      vertex 272.65 70.9509 2.2
      vertex 272.65 70.9509 2.05
    endloop
  endfacet
  facet normal -0.999391 -0.0348981 1.97934e-16
    outer loop
      vertex 272.65 70.9509 2.2
      vertex 273.163 56.2599 2.05
      vertex 273.163 56.2599 2.2
    endloop
  endfacet
  facet normal 0.0348981 -0.999391 0
    outer loop
      vertex 257.959 70.4379 2.05
      vertex 272.65 70.9509 2.2
      vertex 257.959 70.4379 2.2
    endloop
  endfacet
  facet normal 0.0348981 -0.999391 0
    outer loop
      vertex 272.65 70.9509 2.2
      vertex 257.959 70.4379 2.05
      vertex 272.65 70.9509 2.05
    endloop
  endfacet
  facet normal 1 -0 0
    outer loop
      vertex 277.164 59.5093 0.95
      vertex 277.164 74.2093 0
      vertex 277.164 74.2093 0.95
    endloop
  endfacet
  facet normal 1 0 0
    outer loop
      vertex 277.164 74.2093 0
      vertex 277.164 59.5093 0.95
      vertex 277.164 59.5093 0
    endloop
  endfacet
  facet normal 0 0 -1
    outer loop
      vertex 291.864 59.5093 0.95
      vertex 291.514 59.8593 0.95
      vertex 291.864 74.2093 0.95
    endloop
  endfacet
  facet normal 0 0 -1
    outer loop
      vertex 291.864 59.5093 0.95
      vertex 277.514 59.8593 0.95
      vertex 291.514 59.8593 0.95
    endloop
  endfacet
  facet normal -0 0 -1
    outer loop
      vertex 277.514 59.8593 0.95
      vertex 277.164 59.5093 0.95
      vertex 277.514 73.8593 0.95
    endloop
  endfacet
  facet normal 0 0 -1
    outer loop
      vertex 277.164 59.5093 0.95
      vertex 277.514 59.8593 0.95
      vertex 291.864 59.5093 0.95
    endloop
  endfacet
  facet normal 0 0 -1
    outer loop
      vertex 291.514 73.8593 0.95
      vertex 291.864 74.2093 0.95
      vertex 291.514 59.8593 0.95
    endloop
  endfacet
  facet normal 0 0 -1
    outer loop
      vertex 277.514 73.8593 0.95
      vertex 291.864 74.2093 0.95
      vertex 291.514 73.8593 0.95
    endloop
  endfacet
  facet normal 0 0 -1
    outer loop
      vertex 277.514 73.8593 0.95
      vertex 277.164 74.2093 0.95
      vertex 291.864 74.2093 0.95
    endloop
  endfacet
  facet normal 0 0 -1
    outer loop
      vertex 277.164 74.2093 0.95
      vertex 277.514 73.8593 0.95
      vertex 277.164 59.5093 0.95
    endloop
  endfacet
  facet normal 0 1 -0
    outer loop
      vertex 291.864 59.5093 0
      vertex 277.164 59.5093 0.95
      vertex 291.864 59.5093 0.95
    endloop
  endfacet
  facet normal 0 1 0
    outer loop
      vertex 277.164 59.5093 0.95
      vertex 291.864 59.5093 0
      vertex 277.164 59.5093 0
    endloop
  endfacet
  facet normal -1 0 0
    outer loop
      vertex 291.864 59.5093 0
      vertex 291.864 74.2093 0.95
      vertex 291.864 74.2093 0
    endloop
  endfacet
  facet normal -1 -0 0
    outer loop
      vertex 291.864 74.2093 0.95
      vertex 291.864 59.5093 0
      vertex 291.864 59.5093 0.95
    endloop
  endfacet
  facet normal 0 -1 0
    outer loop
      vertex 277.164 74.2093 0
      vertex 291.864 74.2093 0.95
      vertex 277.164 74.2093 0.95
    endloop
  endfacet
  facet normal 0 -1 -0
    outer loop
      vertex 291.864 74.2093 0.95
      vertex 277.164 74.2093 0
      vertex 291.864 74.2093 0
    endloop
  endfacet
  facet normal 1 -0 0
    outer loop
      vertex 277.514 59.8593 2.05
      vertex 277.514 73.8593 0.95
      vertex 277.514 73.8593 2.05
    endloop
  endfacet
  facet normal 1 0 0
    outer loop
      vertex 277.514 73.8593 0.95
      vertex 277.514 59.8593 2.05
      vertex 277.514 59.8593 0.95
    endloop
  endfacet
  facet normal 0 0 1
    outer loop
      vertex 291.864 74.2093 2.05
      vertex 291.514 73.8593 2.05
      vertex 291.864 59.5093 2.05
    endloop
  endfacet
  facet normal 0 0 1
    outer loop
      vertex 291.864 74.2093 2.05
      vertex 277.514 73.8593 2.05
      vertex 291.514 73.8593 2.05
    endloop
  endfacet
  facet normal 0 0 1
    outer loop
      vertex 277.514 73.8593 2.05
      vertex 277.164 74.2093 2.05
      vertex 277.514 59.8593 2.05
    endloop
  endfacet
  facet normal -0 0 1
    outer loop
      vertex 277.164 74.2093 2.05
      vertex 277.514 73.8593 2.05
      vertex 291.864 74.2093 2.05
    endloop
  endfacet
  facet normal -0 0 1
    outer loop
      vertex 291.514 59.8593 2.05
      vertex 291.864 59.5093 2.05
      vertex 291.514 73.8593 2.05
    endloop
  endfacet
  facet normal -0 0 1
    outer loop
      vertex 277.514 59.8593 2.05
      vertex 291.864 59.5093 2.05
      vertex 291.514 59.8593 2.05
    endloop
  endfacet
  facet normal 0 0 1
    outer loop
      vertex 277.514 59.8593 2.05
      vertex 277.164 59.5093 2.05
      vertex 291.864 59.5093 2.05
    endloop
  endfacet
  facet normal 0 0 1
    outer loop
      vertex 277.164 59.5093 2.05
      vertex 277.514 59.8593 2.05
      vertex 277.164 74.2093 2.05
    endloop
  endfacet
  facet normal 0 1 -0
    outer loop
      vertex 291.514 59.8593 0.95
      vertex 277.514 59.8593 2.05
      vertex 291.514 59.8593 2.05
    endloop
  endfacet
  facet normal 0 1 0
    outer loop
      vertex 277.514 59.8593 2.05
      vertex 291.514 59.8593 0.95
      vertex 277.514 59.8593 0.95
    endloop
  endfacet
  facet normal -1 0 0
    outer loop
      vertex 291.514 59.8593 0.95
      vertex 291.514 73.8593 2.05
      vertex 291.514 73.8593 0.95
    endloop
  endfacet
  facet normal -1 -0 0
    outer loop
      vertex 291.514 73.8593 2.05
      vertex 291.514 59.8593 0.95
      vertex 291.514 59.8593 2.05
    endloop
  endfacet
  facet normal 0 -1 0
    outer loop
      vertex 277.514 73.8593 0.95
      vertex 291.514 73.8593 2.05
      vertex 277.514 73.8593 2.05
    endloop
  endfacet
  facet normal 0 -1 -0
    outer loop
      vertex 291.514 73.8593 2.05
      vertex 277.514 73.8593 0.95
      vertex 291.514 73.8593 0.95
    endloop
  endfacet
  facet normal 1 -0 0
    outer loop
      vertex 277.164 59.5093 2.2
      vertex 277.164 74.2093 2.05
      vertex 277.164 74.2093 2.2
    endloop
  endfacet
  facet normal 1 0 0
    outer loop
      vertex 277.164 74.2093 2.05
      vertex 277.164 59.5093 2.2
      vertex 277.164 59.5093 2.05
    endloop
  endfacet
  facet normal 0 1 -0
    outer loop
      vertex 291.864 59.5093 2.05
      vertex 277.164 59.5093 2.2
      vertex 291.864 59.5093 2.2
    endloop
  endfacet
  facet normal 0 1 0
    outer loop
      vertex 277.164 59.5093 2.2
      vertex 291.864 59.5093 2.05
      vertex 277.164 59.5093 2.05
    endloop
  endfacet
  facet normal -1 0 0
    outer loop
      vertex 291.864 59.5093 2.05
      vertex 291.864 74.2093 2.2
      vertex 291.864 74.2093 2.05
    endloop
  endfacet
  facet normal -1 -0 0
    outer loop
      vertex 291.864 74.2093 2.2
      vertex 291.864 59.5093 2.05
      vertex 291.864 59.5093 2.2
    endloop
  endfacet
  facet normal 0 -1 0
    outer loop
      vertex 277.164 74.2093 2.05
      vertex 291.864 74.2093 2.2
      vertex 277.164 74.2093 2.2
    endloop
  endfacet
  facet normal 0 -1 -0
    outer loop
      vertex 291.864 74.2093 2.2
      vertex 277.164 74.2093 2.05
      vertex 291.864 74.2093 2.05
    endloop
  endfacet
  facet normal 0.998631 0.0523128 1.2637e-17
    outer loop
      vertex 240.145 59.9801 0.95
      vertex 239.376 74.66 0
      vertex 239.376 74.66 0.95
    endloop
  endfacet
  facet normal 0.998631 0.0523128 1.2637e-17
    outer loop
      vertex 239.376 74.66 0
      vertex 240.145 59.9801 0.95
      vertex 240.145 59.9801 0
    endloop
  endfacet
  facet normal -0 0 -1
    outer loop
      vertex 254.825 60.7494 0.95
      vertex 240.477 60.3479 0.95
      vertex 254.457 61.0806 0.95
    endloop
  endfacet
  facet normal 0 0 -1
    outer loop
      vertex 240.145 59.9801 0.95
      vertex 240.477 60.3479 0.95
      vertex 254.825 60.7494 0.95
    endloop
  endfacet
  facet normal 0 0 -1
    outer loop
      vertex 240.145 59.9801 0.95
      vertex 239.744 74.3288 0.95
      vertex 240.477 60.3479 0.95
    endloop
  endfacet
  facet normal -0 -0 -1
    outer loop
      vertex 239.744 74.3288 0.95
      vertex 240.145 59.9801 0.95
      vertex 239.376 74.66 0.95
    endloop
  endfacet
  facet normal 0 0 -1
    outer loop
      vertex 254.457 61.0806 0.95
      vertex 254.056 75.4293 0.95
      vertex 254.825 60.7494 0.95
    endloop
  endfacet
  facet normal 0 0 -1
    outer loop
      vertex 253.725 75.0615 0.95
      vertex 254.056 75.4293 0.95
      vertex 254.457 61.0806 0.95
    endloop
  endfacet
  facet normal 0 0 -1
    outer loop
      vertex 239.744 74.3288 0.95
      vertex 254.056 75.4293 0.95
      vertex 253.725 75.0615 0.95
    endloop
  endfacet
  facet normal 0 0 -1
    outer loop
      vertex 254.056 75.4293 0.95
      vertex 239.744 74.3288 0.95
      vertex 239.376 74.66 0.95
    endloop
  endfacet
  facet normal -0.0523328 0.99863 0
    outer loop
      vertex 254.825 60.7494 0
      vertex 240.145 59.9801 0.95
      vertex 254.825 60.7494 0.95
    endloop
  endfacet
  facet normal -0.0523328 0.99863 0
    outer loop
      vertex 240.145 59.9801 0.95
      vertex 254.825 60.7494 0
      vertex 240.145 59.9801 0
    endloop
  endfacet
  facet normal -0.998631 -0.0523128 -2.83056e-18
    outer loop
      vertex 254.825 60.7494 0
      vertex 254.056 75.4293 0.95
      vertex 254.056 75.4293 0
    endloop
  endfacet
  facet normal -0.998631 -0.0523128 -2.83056e-18
    outer loop
      vertex 254.056 75.4293 0.95
      vertex 254.825 60.7494 0
      vertex 254.825 60.7494 0.95
    endloop
  endfacet
  facet normal 0.0523328 -0.99863 0
    outer loop
      vertex 239.376 74.66 0
      vertex 254.056 75.4293 0.95
      vertex 239.376 74.66 0.95
    endloop
  endfacet
  facet normal 0.0523328 -0.99863 0
    outer loop
      vertex 254.056 75.4293 0.95
      vertex 239.376 74.66 0
      vertex 254.056 75.4293 0
    endloop
  endfacet
  facet normal 0.998628 0.0523568 1.47652e-17
    outer loop
      vertex 240.477 60.3479 2.05
      vertex 239.744 74.3288 0.95
      vertex 239.744 74.3288 2.05
    endloop
  endfacet
  facet normal 0.998628 0.0523568 1.47652e-17
    outer loop
      vertex 239.744 74.3288 0.95
      vertex 240.477 60.3479 2.05
      vertex 240.477 60.3479 0.95
    endloop
  endfacet
  facet normal 0 0 1
    outer loop
      vertex 254.056 75.4293 2.05
      vertex 254.457 61.0806 2.05
      vertex 254.825 60.7494 2.05
    endloop
  endfacet
  facet normal 0 0 1
    outer loop
      vertex 254.056 75.4293 2.05
      vertex 253.725 75.0615 2.05
      vertex 254.457 61.0806 2.05
    endloop
  endfacet
  facet normal 0 0 1
    outer loop
      vertex 254.056 75.4293 2.05
      vertex 239.744 74.3288 2.05
      vertex 253.725 75.0615 2.05
    endloop
  endfacet
  facet normal 0 -0 1
    outer loop
      vertex 239.744 74.3288 2.05
      vertex 254.056 75.4293 2.05
      vertex 239.376 74.66 2.05
    endloop
  endfacet
  facet normal 0 0 1
    outer loop
      vertex 240.477 60.3479 2.05
      vertex 254.825 60.7494 2.05
      vertex 254.457 61.0806 2.05
    endloop
  endfacet
  facet normal -0 0 1
    outer loop
      vertex 240.477 60.3479 2.05
      vertex 240.145 59.9801 2.05
      vertex 254.825 60.7494 2.05
    endloop
  endfacet
  facet normal 0 0 1
    outer loop
      vertex 239.744 74.3288 2.05
      vertex 240.145 59.9801 2.05
      vertex 240.477 60.3479 2.05
    endloop
  endfacet
  facet normal 0 0 1
    outer loop
      vertex 240.145 59.9801 2.05
      vertex 239.744 74.3288 2.05
      vertex 239.376 74.66 2.05
    endloop
  endfacet
  facet normal -0.0523388 0.998629 0
    outer loop
      vertex 254.457 61.0806 0.95
      vertex 240.477 60.3479 2.05
      vertex 254.457 61.0806 2.05
    endloop
  endfacet
  facet normal -0.0523388 0.998629 0
    outer loop
      vertex 240.477 60.3479 2.05
      vertex 254.457 61.0806 0.95
      vertex 240.477 60.3479 0.95
    endloop
  endfacet
  facet normal -0.998632 -0.0522855 -3.12977e-17
    outer loop
      vertex 254.457 61.0806 0.95
      vertex 253.725 75.0615 2.05
      vertex 253.725 75.0615 0.95
    endloop
  endfacet
  facet normal -0.998632 -0.0522855 -3.12977e-17
    outer loop
      vertex 253.725 75.0615 2.05
      vertex 254.457 61.0806 0.95
      vertex 254.457 61.0806 2.05
    endloop
  endfacet
  facet normal 0.052335 -0.99863 0
    outer loop
      vertex 239.744 74.3288 0.95
      vertex 253.725 75.0615 2.05
      vertex 239.744 74.3288 2.05
    endloop
  endfacet
  facet normal 0.052335 -0.99863 0
    outer loop
      vertex 253.725 75.0615 2.05
      vertex 239.744 74.3288 0.95
      vertex 253.725 75.0615 0.95
    endloop
  endfacet
  facet normal 0.998631 0.0523128 8.00343e-17
    outer loop
      vertex 240.145 59.9801 2.2
      vertex 239.376 74.66 2.05
      vertex 239.376 74.66 2.2
    endloop
  endfacet
  facet normal 0.998631 0.0523128 8.00343e-17
    outer loop
      vertex 239.376 74.66 2.05
      vertex 240.145 59.9801 2.2
      vertex 240.145 59.9801 2.05
    endloop
  endfacet
  facet normal -0.0523328 0.99863 0
    outer loop
      vertex 254.825 60.7494 2.05
      vertex 240.145 59.9801 2.2
      vertex 254.825 60.7494 2.2
    endloop
  endfacet
  facet normal -0.0523328 0.99863 0
    outer loop
      vertex 240.145 59.9801 2.2
      vertex 254.825 60.7494 2.05
      vertex 240.145 59.9801 2.05
    endloop
  endfacet
  facet normal -0.998631 -0.0523128 -1.79269e-17
    outer loop
      vertex 254.825 60.7494 2.05
      vertex 254.056 75.4293 2.2
      vertex 254.056 75.4293 2.05
    endloop
  endfacet
  facet normal -0.998631 -0.0523128 -1.79269e-17
    outer loop
      vertex 254.056 75.4293 2.2
      vertex 254.825 60.7494 2.05
      vertex 254.825 60.7494 2.2
    endloop
  endfacet
  facet normal 0.0523328 -0.99863 0
    outer loop
      vertex 239.376 74.66 2.05
      vertex 254.056 75.4293 2.2
      vertex 239.376 74.66 2.2
    endloop
  endfacet
  facet normal 0.0523328 -0.99863 0
    outer loop
      vertex 254.056 75.4293 2.2
      vertex 239.376 74.66 2.05
      vertex 254.056 75.4293 2.05
    endloop
  endfacet
  facet normal 0.996196 -0.0871433 2.38162e-17
    outer loop
      vertex 333.484 62.9399 0.95
      vertex 334.765 77.5839 0
      vertex 334.765 77.5839 0.95
    endloop
  endfacet
  facet normal 0.996196 -0.0871433 2.38162e-17
    outer loop
      vertex 334.765 77.5839 0
      vertex 333.484 62.9399 0.95
      vertex 333.484 62.9399 0
    endloop
  endfacet
  facet normal 0 0 -1
    outer loop
      vertex 348.128 61.6587 0.95
      vertex 349.03 75.9846 0.95
      vertex 349.409 76.3027 0.95
    endloop
  endfacet
  facet normal 0 0 -1
    outer loop
      vertex 348.128 61.6587 0.95
      vertex 347.81 62.0378 0.95
      vertex 349.03 75.9846 0.95
    endloop
  endfacet
  facet normal 0 0 -1
    outer loop
      vertex 348.128 61.6587 0.95
      vertex 333.863 63.258 0.95
      vertex 347.81 62.0378 0.95
    endloop
  endfacet
  facet normal 0 -0 -1
    outer loop
      vertex 333.863 63.258 0.95
      vertex 348.128 61.6587 0.95
      vertex 333.484 62.9399 0.95
    endloop
  endfacet
  facet normal 0 0 -1
    outer loop
      vertex 335.083 77.2048 0.95
      vertex 349.409 76.3027 0.95
      vertex 349.03 75.9846 0.95
    endloop
  endfacet
  facet normal 0 0 -1
    outer loop
      vertex 335.083 77.2048 0.95
      vertex 334.765 77.5839 0.95
      vertex 349.409 76.3027 0.95
    endloop
  endfacet
  facet normal 0 0 -1
    outer loop
      vertex 333.863 63.258 0.95
      vertex 334.765 77.5839 0.95
      vertex 335.083 77.2048 0.95
    endloop
  endfacet
  facet normal 0 0 -1
    outer loop
      vertex 334.765 77.5839 0.95
      vertex 333.863 63.258 0.95
      vertex 333.484 62.9399 0.95
    endloop
  endfacet
  facet normal 0.0871568 0.996195 -0
    outer loop
      vertex 348.128 61.6587 0
      vertex 333.484 62.9399 0.95
      vertex 348.128 61.6587 0.95
    endloop
  endfacet
  facet normal 0.0871568 0.996195 0
    outer loop
      vertex 333.484 62.9399 0.95
      vertex 348.128 61.6587 0
      vertex 333.484 62.9399 0
    endloop
  endfacet
  facet normal -0.996196 0.0871433 2.38162e-17
    outer loop
      vertex 348.128 61.6587 0
      vertex 349.409 76.3027 0.95
      vertex 349.409 76.3027 0
    endloop
  endfacet
  facet normal -0.996196 0.0871433 2.38162e-17
    outer loop
      vertex 349.409 76.3027 0.95
      vertex 348.128 61.6587 0
      vertex 348.128 61.6587 0.95
    endloop
  endfacet
  facet normal -0.0871568 -0.996195 0
    outer loop
      vertex 334.765 77.5839 0
      vertex 349.409 76.3027 0.95
      vertex 334.765 77.5839 0.95
    endloop
  endfacet
  facet normal -0.0871568 -0.996195 -0
    outer loop
      vertex 349.409 76.3027 0.95
      vertex 334.765 77.5839 0
      vertex 349.409 76.3027 0
    endloop
  endfacet
  facet normal 0.996196 -0.0871425 6.26161e-17
    outer loop
      vertex 333.863 63.258 2.05
      vertex 335.083 77.2048 0.95
      vertex 335.083 77.2048 2.05
    endloop
  endfacet
  facet normal 0.996196 -0.0871425 6.26161e-17
    outer loop
      vertex 335.083 77.2048 0.95
      vertex 333.863 63.258 2.05
      vertex 333.863 63.258 0.95
    endloop
  endfacet
  facet normal 0 0 1
    outer loop
      vertex 349.409 76.3027 2.05
      vertex 335.083 77.2048 2.05
      vertex 349.03 75.9846 2.05
    endloop
  endfacet
  facet normal 0 0 1
    outer loop
      vertex 334.765 77.5839 2.05
      vertex 335.083 77.2048 2.05
      vertex 349.409 76.3027 2.05
    endloop
  endfacet
  facet normal 0 0 1
    outer loop
      vertex 334.765 77.5839 2.05
      vertex 333.863 63.258 2.05
      vertex 335.083 77.2048 2.05
    endloop
  endfacet
  facet normal 0 -0 1
    outer loop
      vertex 333.863 63.258 2.05
      vertex 334.765 77.5839 2.05
      vertex 333.484 62.9399 2.05
    endloop
  endfacet
  facet normal -0 0 1
    outer loop
      vertex 349.03 75.9846 2.05
      vertex 348.128 61.6587 2.05
      vertex 349.409 76.3027 2.05
    endloop
  endfacet
  facet normal -0 0 1
    outer loop
      vertex 347.81 62.0378 2.05
      vertex 348.128 61.6587 2.05
      vertex 349.03 75.9846 2.05
    endloop
  endfacet
  facet normal 0 0 1
    outer loop
      vertex 333.863 63.258 2.05
      vertex 348.128 61.6587 2.05
      vertex 347.81 62.0378 2.05
    endloop
  endfacet
  facet normal 0 0 1
    outer loop
      vertex 348.128 61.6587 2.05
      vertex 333.863 63.258 2.05
      vertex 333.484 62.9399 2.05
    endloop
  endfacet
  facet normal 0.0871554 0.996195 -0
    outer loop
      vertex 347.81 62.0378 0.95
      vertex 333.863 63.258 2.05
      vertex 347.81 62.0378 2.05
    endloop
  endfacet
  facet normal 0.0871554 0.996195 0
    outer loop
      vertex 333.863 63.258 2.05
      vertex 347.81 62.0378 0.95
      vertex 333.863 63.258 0.95
    endloop
  endfacet
  facet normal -0.996196 0.0871425 2.82887e-17
    outer loop
      vertex 347.81 62.0378 0.95
      vertex 349.03 75.9846 2.05
      vertex 349.03 75.9846 0.95
    endloop
  endfacet
  facet normal -0.996196 0.0871425 2.82887e-17
    outer loop
      vertex 349.03 75.9846 2.05
      vertex 347.81 62.0378 0.95
      vertex 347.81 62.0378 2.05
    endloop
  endfacet
  facet normal -0.0871554 -0.996195 0
    outer loop
      vertex 335.083 77.2048 0.95
      vertex 349.03 75.9846 2.05
      vertex 335.083 77.2048 2.05
    endloop
  endfacet
  facet normal -0.0871554 -0.996195 -0
    outer loop
      vertex 349.03 75.9846 2.05
      vertex 335.083 77.2048 0.95
      vertex 349.03 75.9846 0.95
    endloop
  endfacet
  facet normal 0.996196 -0.0871433 1.50836e-16
    outer loop
      vertex 333.484 62.9399 2.2
      vertex 334.765 77.5839 2.05
      vertex 334.765 77.5839 2.2
    endloop
  endfacet
  facet normal 0.996196 -0.0871433 1.50836e-16
    outer loop
      vertex 334.765 77.5839 2.05
      vertex 333.484 62.9399 2.2
      vertex 333.484 62.9399 2.05
    endloop
  endfacet
  facet normal 0.0871568 0.996195 -0
    outer loop
      vertex 348.128 61.6587 2.05
      vertex 333.484 62.9399 2.2
      vertex 348.128 61.6587 2.2
    endloop
  endfacet
  facet normal 0.0871568 0.996195 0
    outer loop
      vertex 333.484 62.9399 2.2
      vertex 348.128 61.6587 2.05
      vertex 333.484 62.9399 2.05
    endloop
  endfacet
  facet normal -0.996196 0.0871433 1.50836e-16
    outer loop
      vertex 348.128 61.6587 2.05
      vertex 349.409 76.3027 2.2
      vertex 349.409 76.3027 2.05
    endloop
  endfacet
  facet normal -0.996196 0.0871433 1.50836e-16
    outer loop
      vertex 349.409 76.3027 2.2
      vertex 348.128 61.6587 2.05
      vertex 348.128 61.6587 2.2
    endloop
  endfacet
  facet normal -0.0871568 -0.996195 0
    outer loop
      vertex 334.765 77.5839 2.05
      vertex 349.409 76.3027 2.2
      vertex 334.765 77.5839 2.2
    endloop
  endfacet
  facet normal -0.0871568 -0.996195 -0
    outer loop
      vertex 349.409 76.3027 2.2
      vertex 334.765 77.5839 2.05
      vertex 349.409 76.3027 2.05
    endloop
  endfacet
  facet normal 0.996196 -0.0871433 5.79061e-17
    outer loop
      vertex 315.857 67.9954 0.95
      vertex 317.138 82.6394 0
      vertex 317.138 82.6394 0.95
    endloop
  endfacet
  facet normal 0.996196 -0.0871433 5.79061e-17
    outer loop
      vertex 317.138 82.6394 0
      vertex 315.857 67.9954 0.95
      vertex 315.857 67.9954 0
    endloop
  endfacet
  facet normal 0 0 -1
    outer loop
      vertex 330.501 66.7142 0.95
      vertex 331.403 81.0401 0.95
      vertex 331.783 81.3582 0.95
    endloop
  endfacet
  facet normal 0 0 -1
    outer loop
      vertex 330.501 66.7142 0.95
      vertex 330.183 67.0933 0.95
      vertex 331.403 81.0401 0.95
    endloop
  endfacet
  facet normal 0 0 -1
    outer loop
      vertex 330.501 66.7142 0.95
      vertex 316.236 68.3135 0.95
      vertex 330.183 67.0933 0.95
    endloop
  endfacet
  facet normal 0 -0 -1
    outer loop
      vertex 316.236 68.3135 0.95
      vertex 330.501 66.7142 0.95
      vertex 315.857 67.9954 0.95
    endloop
  endfacet
  facet normal 0 0 -1
    outer loop
      vertex 317.457 82.2603 0.95
      vertex 331.783 81.3582 0.95
      vertex 331.403 81.0401 0.95
    endloop
  endfacet
  facet normal 0 0 -1
    outer loop
      vertex 317.457 82.2603 0.95
      vertex 317.138 82.6394 0.95
      vertex 331.783 81.3582 0.95
    endloop
  endfacet
  facet normal 0 0 -1
    outer loop
      vertex 316.236 68.3135 0.95
      vertex 317.138 82.6394 0.95
      vertex 317.457 82.2603 0.95
    endloop
  endfacet
  facet normal 0 0 -1
    outer loop
      vertex 317.138 82.6394 0.95
      vertex 316.236 68.3135 0.95
      vertex 315.857 67.9954 0.95
    endloop
  endfacet
  facet normal 0.0871568 0.996195 -0
    outer loop
      vertex 330.501 66.7142 0
      vertex 315.857 67.9954 0.95
      vertex 330.501 66.7142 0.95
    endloop
  endfacet
  facet normal 0.0871568 0.996195 0
    outer loop
      vertex 315.857 67.9954 0.95
      vertex 330.501 66.7142 0
      vertex 315.857 67.9954 0
    endloop
  endfacet
  facet normal -0.99619 0.0872108 5.32085e-17
    outer loop
      vertex 330.501 66.7142 0
      vertex 331.783 81.3582 0.95
      vertex 331.783 81.3582 0
    endloop
  endfacet
  facet normal -0.99619 0.0872108 5.32085e-17
    outer loop
      vertex 331.783 81.3582 0.95
      vertex 330.501 66.7142 0
      vertex 330.501 66.7142 0.95
    endloop
  endfacet
  facet normal -0.0871509 -0.996195 0
    outer loop
      vertex 317.138 82.6394 0
      vertex 331.783 81.3582 0.95
      vertex 317.138 82.6394 0.95
    endloop
  endfacet
  facet normal -0.0871509 -0.996195 -0
    outer loop
      vertex 331.783 81.3582 0.95
      vertex 317.138 82.6394 0
      vertex 331.783 81.3582 0
    endloop
  endfacet
  facet normal 0.99619 -0.0872134 4.09534e-17
    outer loop
      vertex 316.236 68.3135 2.05
      vertex 317.457 82.2603 0.95
      vertex 317.457 82.2603 2.05
    endloop
  endfacet
  facet normal 0.99619 -0.0872134 4.09534e-17
    outer loop
      vertex 317.457 82.2603 0.95
      vertex 316.236 68.3135 2.05
      vertex 316.236 68.3135 0.95
    endloop
  endfacet
  facet normal 0 0 1
    outer loop
      vertex 331.783 81.3582 2.05
      vertex 317.457 82.2603 2.05
      vertex 331.403 81.0401 2.05
    endloop
  endfacet
  facet normal 0 0 1
    outer loop
      vertex 317.138 82.6394 2.05
      vertex 317.457 82.2603 2.05
      vertex 331.783 81.3582 2.05
    endloop
  endfacet
  facet normal 0 0 1
    outer loop
      vertex 317.138 82.6394 2.05
      vertex 316.236 68.3135 2.05
      vertex 317.457 82.2603 2.05
    endloop
  endfacet
  facet normal 0 -0 1
    outer loop
      vertex 316.236 68.3135 2.05
      vertex 317.138 82.6394 2.05
      vertex 315.857 67.9954 2.05
    endloop
  endfacet
  facet normal -0 0 1
    outer loop
      vertex 331.403 81.0401 2.05
      vertex 330.501 66.7142 2.05
      vertex 331.783 81.3582 2.05
    endloop
  endfacet
  facet normal -0 0 1
    outer loop
      vertex 330.183 67.0933 2.05
      vertex 330.501 66.7142 2.05
      vertex 331.403 81.0401 2.05
    endloop
  endfacet
  facet normal 0 0 1
    outer loop
      vertex 316.236 68.3135 2.05
      vertex 330.501 66.7142 2.05
      vertex 330.183 67.0933 2.05
    endloop
  endfacet
  facet normal 0 0 1
    outer loop
      vertex 330.501 66.7142 2.05
      vertex 316.236 68.3135 2.05
      vertex 315.857 67.9954 2.05
    endloop
  endfacet
  facet normal 0.0871554 0.996195 -0
    outer loop
      vertex 330.183 67.0933 0.95
      vertex 316.236 68.3135 2.05
      vertex 330.183 67.0933 2.05
    endloop
  endfacet
  facet normal 0.0871554 0.996195 0
    outer loop
      vertex 316.236 68.3135 2.05
      vertex 330.183 67.0933 0.95
      vertex 316.236 68.3135 0.95
    endloop
  endfacet
  facet normal -0.996196 0.0871425 -3.88896e-17
    outer loop
      vertex 330.183 67.0933 0.95
      vertex 331.403 81.0401 2.05
      vertex 331.403 81.0401 0.95
    endloop
  endfacet
  facet normal -0.996196 0.0871425 -3.88896e-17
    outer loop
      vertex 331.403 81.0401 2.05
      vertex 330.183 67.0933 0.95
      vertex 330.183 67.0933 2.05
    endloop
  endfacet
  facet normal -0.0871616 -0.996194 0
    outer loop
      vertex 317.457 82.2603 0.95
      vertex 331.403 81.0401 2.05
      vertex 317.457 82.2603 2.05
    endloop
  endfacet
  facet normal -0.0871616 -0.996194 -0
    outer loop
      vertex 331.403 81.0401 2.05
      vertex 317.457 82.2603 0.95
      vertex 331.403 81.0401 0.95
    endloop
  endfacet
  facet normal 0.996196 -0.0871433 3.66739e-16
    outer loop
      vertex 315.857 67.9954 2.2
      vertex 317.138 82.6394 2.05
      vertex 317.138 82.6394 2.2
    endloop
  endfacet
  facet normal 0.996196 -0.0871433 3.66739e-16
    outer loop
      vertex 317.138 82.6394 2.05
      vertex 315.857 67.9954 2.2
      vertex 315.857 67.9954 2.05
    endloop
  endfacet
  facet normal 0.0871568 0.996195 -0
    outer loop
      vertex 330.501 66.7142 2.05
      vertex 315.857 67.9954 2.2
      vertex 330.501 66.7142 2.2
    endloop
  endfacet
  facet normal 0.0871568 0.996195 0
    outer loop
      vertex 315.857 67.9954 2.2
      vertex 330.501 66.7142 2.05
      vertex 315.857 67.9954 2.05
    endloop
  endfacet
  facet normal -0.99619 0.0872108 3.36987e-16
    outer loop
      vertex 330.501 66.7142 2.05
      vertex 331.783 81.3582 2.2
      vertex 331.783 81.3582 2.05
    endloop
  endfacet
  facet normal -0.99619 0.0872108 3.36987e-16
    outer loop
      vertex 331.783 81.3582 2.2
      vertex 330.501 66.7142 2.05
      vertex 330.501 66.7142 2.2
    endloop
  endfacet
  facet normal -0.0871509 -0.996195 0
    outer loop
      vertex 317.138 82.6394 2.05
      vertex 331.783 81.3582 2.2
      vertex 317.138 82.6394 2.2
    endloop
  endfacet
  facet normal -0.0871509 -0.996195 -0
    outer loop
      vertex 331.783 81.3582 2.2
      vertex 317.138 82.6394 2.05
      vertex 331.783 81.3582 2.05
    endloop
  endfacet
  facet normal 0.998627 -0.0523807 -2.10358e-17
    outer loop
      vertex 296.926 72.8912 0.95
      vertex 297.696 87.5711 0
      vertex 297.696 87.5711 0.95
    endloop
  endfacet
  facet normal 0.998627 -0.0523807 -2.10358e-17
    outer loop
      vertex 297.696 87.5711 0
      vertex 296.926 72.8912 0.95
      vertex 296.926 72.8912 0
    endloop
  endfacet
  facet normal 0 0 -1
    outer loop
      vertex 311.606 72.1219 0.95
      vertex 312.008 86.4706 0.95
      vertex 312.376 86.8018 0.95
    endloop
  endfacet
  facet normal 0 0 -1
    outer loop
      vertex 311.606 72.1219 0.95
      vertex 311.275 72.4897 0.95
      vertex 312.008 86.4706 0.95
    endloop
  endfacet
  facet normal 0 0 -1
    outer loop
      vertex 311.606 72.1219 0.95
      vertex 297.294 73.2224 0.95
      vertex 311.275 72.4897 0.95
    endloop
  endfacet
  facet normal 0 -0 -1
    outer loop
      vertex 297.294 73.2224 0.95
      vertex 311.606 72.1219 0.95
      vertex 296.926 72.8912 0.95
    endloop
  endfacet
  facet normal 0 0 -1
    outer loop
      vertex 298.027 87.2033 0.95
      vertex 312.376 86.8018 0.95
      vertex 312.008 86.4706 0.95
    endloop
  endfacet
  facet normal 0 0 -1
    outer loop
      vertex 298.027 87.2033 0.95
      vertex 297.696 87.5711 0.95
      vertex 312.376 86.8018 0.95
    endloop
  endfacet
  facet normal 0 0 -1
    outer loop
      vertex 297.294 73.2224 0.95
      vertex 297.696 87.5711 0.95
      vertex 298.027 87.2033 0.95
    endloop
  endfacet
  facet normal 0 0 -1
    outer loop
      vertex 297.696 87.5711 0.95
      vertex 297.294 73.2224 0.95
      vertex 296.926 72.8912 0.95
    endloop
  endfacet
  facet normal 0.0523328 0.99863 -0
    outer loop
      vertex 311.606 72.1219 0
      vertex 296.926 72.8912 0.95
      vertex 311.606 72.1219 0.95
    endloop
  endfacet
  facet normal 0.0523328 0.99863 0
    outer loop
      vertex 296.926 72.8912 0.95
      vertex 311.606 72.1219 0
      vertex 296.926 72.8912 0
    endloop
  endfacet
  facet normal -0.998627 0.0523807 9.89921e-18
    outer loop
      vertex 311.606 72.1219 0
      vertex 312.376 86.8018 0.95
      vertex 312.376 86.8018 0
    endloop
  endfacet
  facet normal -0.998627 0.0523807 9.89921e-18
    outer loop
      vertex 312.376 86.8018 0.95
      vertex 311.606 72.1219 0
      vertex 311.606 72.1219 0.95
    endloop
  endfacet
  facet normal -0.0523328 -0.99863 0
    outer loop
      vertex 297.696 87.5711 0
      vertex 312.376 86.8018 0.95
      vertex 297.696 87.5711 0.95
    endloop
  endfacet
  facet normal -0.0523328 -0.99863 -0
    outer loop
      vertex 312.376 86.8018 0.95
      vertex 297.696 87.5711 0
      vertex 312.376 86.8018 0
    endloop
  endfacet
  facet normal 0.998628 -0.0523568 -2.26088e-17
    outer loop
      vertex 297.294 73.2224 2.05
      vertex 298.027 87.2033 0.95
      vertex 298.027 87.2033 2.05
    endloop
  endfacet
  facet normal 0.998628 -0.0523568 -2.26088e-17
    outer loop
      vertex 298.027 87.2033 0.95
      vertex 297.294 73.2224 2.05
      vertex 297.294 73.2224 0.95
    endloop
  endfacet
  facet normal 0 0 1
    outer loop
      vertex 312.376 86.8018 2.05
      vertex 298.027 87.2033 2.05
      vertex 312.008 86.4706 2.05
    endloop
  endfacet
  facet normal 0 0 1
    outer loop
      vertex 297.696 87.5711 2.05
      vertex 298.027 87.2033 2.05
      vertex 312.376 86.8018 2.05
    endloop
  endfacet
  facet normal 0 0 1
    outer loop
      vertex 297.696 87.5711 2.05
      vertex 297.294 73.2224 2.05
      vertex 298.027 87.2033 2.05
    endloop
  endfacet
  facet normal 0 -0 1
    outer loop
      vertex 297.294 73.2224 2.05
      vertex 297.696 87.5711 2.05
      vertex 296.926 72.8912 2.05
    endloop
  endfacet
  facet normal -0 0 1
    outer loop
      vertex 312.008 86.4706 2.05
      vertex 311.606 72.1219 2.05
      vertex 312.376 86.8018 2.05
    endloop
  endfacet
  facet normal -0 0 1
    outer loop
      vertex 311.275 72.4897 2.05
      vertex 311.606 72.1219 2.05
      vertex 312.008 86.4706 2.05
    endloop
  endfacet
  facet normal 0 0 1
    outer loop
      vertex 297.294 73.2224 2.05
      vertex 311.606 72.1219 2.05
      vertex 311.275 72.4897 2.05
    endloop
  endfacet
  facet normal 0 0 1
    outer loop
      vertex 311.606 72.1219 2.05
      vertex 297.294 73.2224 2.05
      vertex 296.926 72.8912 2.05
    endloop
  endfacet
  facet normal 0.052335 0.99863 -0
    outer loop
      vertex 311.275 72.4897 0.95
      vertex 297.294 73.2224 2.05
      vertex 311.275 72.4897 2.05
    endloop
  endfacet
  facet normal 0.052335 0.99863 0
    outer loop
      vertex 297.294 73.2224 2.05
      vertex 311.275 72.4897 0.95
      vertex 297.294 73.2224 0.95
    endloop
  endfacet
  facet normal -0.998628 0.0523568 -2.26088e-17
    outer loop
      vertex 311.275 72.4897 0.95
      vertex 312.008 86.4706 2.05
      vertex 312.008 86.4706 0.95
    endloop
  endfacet
  facet normal -0.998628 0.0523568 -2.26088e-17
    outer loop
      vertex 312.008 86.4706 2.05
      vertex 311.275 72.4897 0.95
      vertex 311.275 72.4897 2.05
    endloop
  endfacet
  facet normal -0.052335 -0.99863 0
    outer loop
      vertex 298.027 87.2033 0.95
      vertex 312.008 86.4706 2.05
      vertex 298.027 87.2033 2.05
    endloop
  endfacet
  facet normal -0.052335 -0.99863 -0
    outer loop
      vertex 312.008 86.4706 2.05
      vertex 298.027 87.2033 0.95
      vertex 312.008 86.4706 0.95
    endloop
  endfacet
  facet normal 0.998627 -0.0523807 -1.33227e-16
    outer loop
      vertex 296.926 72.8912 2.2
      vertex 297.696 87.5711 2.05
      vertex 297.696 87.5711 2.2
    endloop
  endfacet
  facet normal 0.998627 -0.0523807 -1.33227e-16
    outer loop
      vertex 297.696 87.5711 2.05
      vertex 296.926 72.8912 2.2
      vertex 296.926 72.8912 2.05
    endloop
  endfacet
  facet normal 0.0523328 0.99863 -0
    outer loop
      vertex 311.606 72.1219 2.05
      vertex 296.926 72.8912 2.2
      vertex 311.606 72.1219 2.2
    endloop
  endfacet
  facet normal 0.0523328 0.99863 0
    outer loop
      vertex 296.926 72.8912 2.2
      vertex 311.606 72.1219 2.05
      vertex 296.926 72.8912 2.05
    endloop
  endfacet
  facet normal -0.998627 0.0523807 6.2695e-17
    outer loop
      vertex 311.606 72.1219 2.05
      vertex 312.376 86.8018 2.2
      vertex 312.376 86.8018 2.05
    endloop
  endfacet
  facet normal -0.998627 0.0523807 6.2695e-17
    outer loop
      vertex 312.376 86.8018 2.2
      vertex 311.606 72.1219 2.05
      vertex 311.606 72.1219 2.2
    endloop
  endfacet
  facet normal -0.0523328 -0.99863 0
    outer loop
      vertex 297.696 87.5711 2.05
      vertex 312.376 86.8018 2.2
      vertex 297.696 87.5711 2.2
    endloop
  endfacet
  facet normal -0.0523328 -0.99863 -0
    outer loop
      vertex 312.376 86.8018 2.2
      vertex 297.696 87.5711 2.05
      vertex 312.376 86.8018 2.05
    endloop
  endfacet
  facet normal 0.999391 0.0348981 -4.87231e-18
    outer loop
      vertex 257.878 72.7365 0.95
      vertex 257.365 87.4275 0
      vertex 257.365 87.4275 0.95
    endloop
  endfacet
  facet normal 0.999391 0.0348981 -4.87231e-18
    outer loop
      vertex 257.365 87.4275 0
      vertex 257.878 72.7365 0.95
      vertex 257.878 72.7365 0
    endloop
  endfacet
  facet normal -0 0 -1
    outer loop
      vertex 272.569 73.2495 0.95
      vertex 258.216 73.0985 0.95
      vertex 272.207 73.5871 0.95
    endloop
  endfacet
  facet normal 0 0 -1
    outer loop
      vertex 257.878 72.7365 0.95
      vertex 258.216 73.0985 0.95
      vertex 272.569 73.2495 0.95
    endloop
  endfacet
  facet normal 0 0 -1
    outer loop
      vertex 257.878 72.7365 0.95
      vertex 257.727 87.0899 0.95
      vertex 258.216 73.0985 0.95
    endloop
  endfacet
  facet normal -0 -0 -1
    outer loop
      vertex 257.727 87.0899 0.95
      vertex 257.878 72.7365 0.95
      vertex 257.365 87.4275 0.95
    endloop
  endfacet
  facet normal 0 0 -1
    outer loop
      vertex 272.207 73.5871 0.95
      vertex 272.056 87.9405 0.95
      vertex 272.569 73.2495 0.95
    endloop
  endfacet
  facet normal 0 0 -1
    outer loop
      vertex 271.719 87.5785 0.95
      vertex 272.056 87.9405 0.95
      vertex 272.207 73.5871 0.95
    endloop
  endfacet
  facet normal 0 0 -1
    outer loop
      vertex 257.727 87.0899 0.95
      vertex 272.056 87.9405 0.95
      vertex 271.719 87.5785 0.95
    endloop
  endfacet
  facet normal 0 0 -1
    outer loop
      vertex 272.056 87.9405 0.95
      vertex 257.727 87.0899 0.95
      vertex 257.365 87.4275 0.95
    endloop
  endfacet
  facet normal -0.0348981 0.999391 0
    outer loop
      vertex 272.569 73.2495 0
      vertex 257.878 72.7365 0.95
      vertex 272.569 73.2495 0.95
    endloop
  endfacet
  facet normal -0.0348981 0.999391 0
    outer loop
      vertex 257.878 72.7365 0.95
      vertex 272.569 73.2495 0
      vertex 257.878 72.7365 0
    endloop
  endfacet
  facet normal -0.999391 -0.0348981 3.12528e-17
    outer loop
      vertex 272.569 73.2495 0
      vertex 272.056 87.9405 0.95
      vertex 272.056 87.9405 0
    endloop
  endfacet
  facet normal -0.999391 -0.0348981 3.12528e-17
    outer loop
      vertex 272.056 87.9405 0.95
      vertex 272.569 73.2495 0
      vertex 272.569 73.2495 0.95
    endloop
  endfacet
  facet normal 0.0348981 -0.999391 0
    outer loop
      vertex 257.365 87.4275 0
      vertex 272.056 87.9405 0.95
      vertex 257.365 87.4275 0.95
    endloop
  endfacet
  facet normal 0.0348981 -0.999391 0
    outer loop
      vertex 272.056 87.9405 0.95
      vertex 257.365 87.4275 0
      vertex 272.056 87.9405 0
    endloop
  endfacet
  facet normal 0.99939 0.0349287 -6.32662e-19
    outer loop
      vertex 258.216 73.0985 2.05
      vertex 257.727 87.0899 0.95
      vertex 257.727 87.0899 2.05
    endloop
  endfacet
  facet normal 0.99939 0.0349287 -6.32662e-19
    outer loop
      vertex 257.727 87.0899 0.95
      vertex 258.216 73.0985 2.05
      vertex 258.216 73.0985 0.95
    endloop
  endfacet
  facet normal 0 0 1
    outer loop
      vertex 272.056 87.9405 2.05
      vertex 272.207 73.5871 2.05
      vertex 272.569 73.2495 2.05
    endloop
  endfacet
  facet normal 0 0 1
    outer loop
      vertex 272.056 87.9405 2.05
      vertex 271.719 87.5785 2.05
      vertex 272.207 73.5871 2.05
    endloop
  endfacet
  facet normal 0 0 1
    outer loop
      vertex 272.056 87.9405 2.05
      vertex 257.727 87.0899 2.05
      vertex 271.719 87.5785 2.05
    endloop
  endfacet
  facet normal 0 -0 1
    outer loop
      vertex 257.727 87.0899 2.05
      vertex 272.056 87.9405 2.05
      vertex 257.365 87.4275 2.05
    endloop
  endfacet
  facet normal 0 0 1
    outer loop
      vertex 258.216 73.0985 2.05
      vertex 272.569 73.2495 2.05
      vertex 272.207 73.5871 2.05
    endloop
  endfacet
  facet normal -0 0 1
    outer loop
      vertex 258.216 73.0985 2.05
      vertex 257.878 72.7365 2.05
      vertex 272.569 73.2495 2.05
    endloop
  endfacet
  facet normal 0 0 1
    outer loop
      vertex 257.727 87.0899 2.05
      vertex 257.878 72.7365 2.05
      vertex 258.216 73.0985 2.05
    endloop
  endfacet
  facet normal 0 0 1
    outer loop
      vertex 257.878 72.7365 2.05
      vertex 257.727 87.0899 2.05
      vertex 257.365 87.4275 2.05
    endloop
  endfacet
  facet normal -0.0349012 0.999391 0
    outer loop
      vertex 272.207 73.5871 0.95
      vertex 258.216 73.0985 2.05
      vertex 272.207 73.5871 2.05
    endloop
  endfacet
  facet normal -0.0349012 0.999391 0
    outer loop
      vertex 258.216 73.0985 2.05
      vertex 272.207 73.5871 0.95
      vertex 258.216 73.0985 0.95
    endloop
  endfacet
  facet normal -0.999392 -0.0348574 -1.04046e-17
    outer loop
      vertex 272.207 73.5871 0.95
      vertex 271.719 87.5785 2.05
      vertex 271.719 87.5785 0.95
    endloop
  endfacet
  facet normal -0.999392 -0.0348574 -1.04046e-17
    outer loop
      vertex 271.719 87.5785 2.05
      vertex 272.207 73.5871 0.95
      vertex 272.207 73.5871 2.05
    endloop
  endfacet
  facet normal 0.0348987 -0.999391 0
    outer loop
      vertex 257.727 87.0899 0.95
      vertex 271.719 87.5785 2.05
      vertex 257.727 87.0899 2.05
    endloop
  endfacet
  facet normal 0.0348987 -0.999391 0
    outer loop
      vertex 271.719 87.5785 2.05
      vertex 257.727 87.0899 0.95
      vertex 271.719 87.5785 0.95
    endloop
  endfacet
  facet normal 0.999391 0.0348981 -3.0858e-17
    outer loop
      vertex 257.878 72.7365 2.2
      vertex 257.365 87.4275 2.05
      vertex 257.365 87.4275 2.2
    endloop
  endfacet
  facet normal 0.999391 0.0348981 -3.0858e-17
    outer loop
      vertex 257.365 87.4275 2.05
      vertex 257.878 72.7365 2.2
      vertex 257.878 72.7365 2.05
    endloop
  endfacet
  facet normal -0.0348981 0.999391 0
    outer loop
      vertex 272.569 73.2495 2.05
      vertex 257.878 72.7365 2.2
      vertex 272.569 73.2495 2.2
    endloop
  endfacet
  facet normal -0.0348981 0.999391 0
    outer loop
      vertex 257.878 72.7365 2.2
      vertex 272.569 73.2495 2.05
      vertex 257.878 72.7365 2.05
    endloop
  endfacet
  facet normal -0.999391 -0.0348981 1.97934e-16
    outer loop
      vertex 272.569 73.2495 2.05
      vertex 272.056 87.9405 2.2
      vertex 272.056 87.9405 2.05
    endloop
  endfacet
  facet normal -0.999391 -0.0348981 1.97934e-16
    outer loop
      vertex 272.056 87.9405 2.2
      vertex 272.569 73.2495 2.05
      vertex 272.569 73.2495 2.2
    endloop
  endfacet
  facet normal 0.0348981 -0.999391 0
    outer loop
      vertex 257.365 87.4275 2.05
      vertex 272.056 87.9405 2.2
      vertex 257.365 87.4275 2.2
    endloop
  endfacet
  facet normal 0.0348981 -0.999391 0
    outer loop
      vertex 272.056 87.9405 2.2
      vertex 257.365 87.4275 2.05
      vertex 272.056 87.9405 2.05
    endloop
  endfacet
  facet normal 1 -0 0
    outer loop
      vertex 277.164 76.5093 0.95
      vertex 277.164 91.2093 0
      vertex 277.164 91.2093 0.95
    endloop
  endfacet
  facet normal 1 0 0
    outer loop
      vertex 277.164 91.2093 0
      vertex 277.164 76.5093 0.95
      vertex 277.164 76.5093 0
    endloop
  endfacet
  facet normal 0 0 -1
    outer loop
      vertex 291.864 76.5093 0.95
      vertex 291.514 76.8593 0.95
      vertex 291.864 91.2093 0.95
    endloop
  endfacet
  facet normal 0 0 -1
    outer loop
      vertex 291.864 76.5093 0.95
      vertex 277.514 76.8593 0.95
      vertex 291.514 76.8593 0.95
    endloop
  endfacet
  facet normal -0 0 -1
    outer loop
      vertex 277.514 76.8593 0.95
      vertex 277.164 76.5093 0.95
      vertex 277.514 90.8593 0.95
    endloop
  endfacet
  facet normal 0 0 -1
    outer loop
      vertex 277.164 76.5093 0.95
      vertex 277.514 76.8593 0.95
      vertex 291.864 76.5093 0.95
    endloop
  endfacet
  facet normal 0 0 -1
    outer loop
      vertex 291.514 90.8593 0.95
      vertex 291.864 91.2093 0.95
      vertex 291.514 76.8593 0.95
    endloop
  endfacet
  facet normal 0 0 -1
    outer loop
      vertex 277.514 90.8593 0.95
      vertex 291.864 91.2093 0.95
      vertex 291.514 90.8593 0.95
    endloop
  endfacet
  facet normal 0 0 -1
    outer loop
      vertex 277.514 90.8593 0.95
      vertex 277.164 91.2093 0.95
      vertex 291.864 91.2093 0.95
    endloop
  endfacet
  facet normal 0 0 -1
    outer loop
      vertex 277.164 91.2093 0.95
      vertex 277.514 90.8593 0.95
      vertex 277.164 76.5093 0.95
    endloop
  endfacet
  facet normal 0 1 -0
    outer loop
      vertex 291.864 76.5093 0
      vertex 277.164 76.5093 0.95
      vertex 291.864 76.5093 0.95
    endloop
  endfacet
  facet normal 0 1 0
    outer loop
      vertex 277.164 76.5093 0.95
      vertex 291.864 76.5093 0
      vertex 277.164 76.5093 0
    endloop
  endfacet
  facet normal -1 0 0
    outer loop
      vertex 291.864 76.5093 0
      vertex 291.864 91.2093 0.95
      vertex 291.864 91.2093 0
    endloop
  endfacet
  facet normal -1 -0 0
    outer loop
      vertex 291.864 91.2093 0.95
      vertex 291.864 76.5093 0
      vertex 291.864 76.5093 0.95
    endloop
  endfacet
  facet normal 0 -1 0
    outer loop
      vertex 277.164 91.2093 0
      vertex 291.864 91.2093 0.95
      vertex 277.164 91.2093 0.95
    endloop
  endfacet
  facet normal 0 -1 -0
    outer loop
      vertex 291.864 91.2093 0.95
      vertex 277.164 91.2093 0
      vertex 291.864 91.2093 0
    endloop
  endfacet
  facet normal 1 -0 0
    outer loop
      vertex 277.514 76.8593 2.05
      vertex 277.514 90.8593 0.95
      vertex 277.514 90.8593 2.05
    endloop
  endfacet
  facet normal 1 0 0
    outer loop
      vertex 277.514 90.8593 0.95
      vertex 277.514 76.8593 2.05
      vertex 277.514 76.8593 0.95
    endloop
  endfacet
  facet normal 0 0 1
    outer loop
      vertex 291.864 91.2093 2.05
      vertex 291.514 90.8593 2.05
      vertex 291.864 76.5093 2.05
    endloop
  endfacet
  facet normal 0 0 1
    outer loop
      vertex 291.864 91.2093 2.05
      vertex 277.514 90.8593 2.05
      vertex 291.514 90.8593 2.05
    endloop
  endfacet
  facet normal 0 0 1
    outer loop
      vertex 277.514 90.8593 2.05
      vertex 277.164 91.2093 2.05
      vertex 277.514 76.8593 2.05
    endloop
  endfacet
  facet normal -0 0 1
    outer loop
      vertex 277.164 91.2093 2.05
      vertex 277.514 90.8593 2.05
      vertex 291.864 91.2093 2.05
    endloop
  endfacet
  facet normal -0 0 1
    outer loop
      vertex 291.514 76.8593 2.05
      vertex 291.864 76.5093 2.05
      vertex 291.514 90.8593 2.05
    endloop
  endfacet
  facet normal -0 0 1
    outer loop
      vertex 277.514 76.8593 2.05
      vertex 291.864 76.5093 2.05
      vertex 291.514 76.8593 2.05
    endloop
  endfacet
  facet normal 0 0 1
    outer loop
      vertex 277.514 76.8593 2.05
      vertex 277.164 76.5093 2.05
      vertex 291.864 76.5093 2.05
    endloop
  endfacet
  facet normal 0 0 1
    outer loop
      vertex 277.164 76.5093 2.05
      vertex 277.514 76.8593 2.05
      vertex 277.164 91.2093 2.05
    endloop
  endfacet
  facet normal 0 1 -0
    outer loop
      vertex 291.514 76.8593 0.95
      vertex 277.514 76.8593 2.05
      vertex 291.514 76.8593 2.05
    endloop
  endfacet
  facet normal 0 1 0
    outer loop
      vertex 277.514 76.8593 2.05
      vertex 291.514 76.8593 0.95
      vertex 277.514 76.8593 0.95
    endloop
  endfacet
  facet normal -1 0 0
    outer loop
      vertex 291.514 76.8593 0.95
      vertex 291.514 90.8593 2.05
      vertex 291.514 90.8593 0.95
    endloop
  endfacet
  facet normal -1 -0 0
    outer loop
      vertex 291.514 90.8593 2.05
      vertex 291.514 76.8593 0.95
      vertex 291.514 76.8593 2.05
    endloop
  endfacet
  facet normal 0 -1 0
    outer loop
      vertex 277.514 90.8593 0.95
      vertex 291.514 90.8593 2.05
      vertex 277.514 90.8593 2.05
    endloop
  endfacet
  facet normal 0 -1 -0
    outer loop
      vertex 291.514 90.8593 2.05
      vertex 277.514 90.8593 0.95
      vertex 291.514 90.8593 0.95
    endloop
  endfacet
  facet normal 1 -0 0
    outer loop
      vertex 277.164 76.5093 2.2
      vertex 277.164 91.2093 2.05
      vertex 277.164 91.2093 2.2
    endloop
  endfacet
  facet normal 1 0 0
    outer loop
      vertex 277.164 91.2093 2.05
      vertex 277.164 76.5093 2.2
      vertex 277.164 76.5093 2.05
    endloop
  endfacet
  facet normal 0 1 -0
    outer loop
      vertex 291.864 76.5093 2.05
      vertex 277.164 76.5093 2.2
      vertex 291.864 76.5093 2.2
    endloop
  endfacet
  facet normal 0 1 0
    outer loop
      vertex 277.164 76.5093 2.2
      vertex 291.864 76.5093 2.05
      vertex 277.164 76.5093 2.05
    endloop
  endfacet
  facet normal -1 0 0
    outer loop
      vertex 291.864 76.5093 2.05
      vertex 291.864 91.2093 2.2
      vertex 291.864 91.2093 2.05
    endloop
  endfacet
  facet normal -1 -0 0
    outer loop
      vertex 291.864 91.2093 2.2
      vertex 291.864 76.5093 2.05
      vertex 291.864 76.5093 2.2
    endloop
  endfacet
  facet normal 0 -1 0
    outer loop
      vertex 277.164 91.2093 2.05
      vertex 291.864 91.2093 2.2
      vertex 277.164 91.2093 2.2
    endloop
  endfacet
  facet normal 0 -1 -0
    outer loop
      vertex 291.864 91.2093 2.2
      vertex 277.164 91.2093 2.05
      vertex 291.864 91.2093 2.05
    endloop
  endfacet
  facet normal 0.998627 0.0523807 5.5683e-18
    outer loop
      vertex 239.256 76.9568 0.95
      vertex 238.486 91.6367 0
      vertex 238.486 91.6367 0.95
    endloop
  endfacet
  facet normal 0.998627 0.0523807 5.5683e-18
    outer loop
      vertex 238.486 91.6367 0
      vertex 239.256 76.9568 0.95
      vertex 239.256 76.9568 0
    endloop
  endfacet
  facet normal -0 0 -1
    outer loop
      vertex 253.936 77.7261 0.95
      vertex 239.587 77.3246 0.95
      vertex 253.568 78.0573 0.95
    endloop
  endfacet
  facet normal 0 0 -1
    outer loop
      vertex 239.256 76.9568 0.95
      vertex 239.587 77.3246 0.95
      vertex 253.936 77.7261 0.95
    endloop
  endfacet
  facet normal 0 0 -1
    outer loop
      vertex 239.256 76.9568 0.95
      vertex 238.854 91.3055 0.95
      vertex 239.587 77.3246 0.95
    endloop
  endfacet
  facet normal -0 -0 -1
    outer loop
      vertex 238.854 91.3055 0.95
      vertex 239.256 76.9568 0.95
      vertex 238.486 91.6367 0.95
    endloop
  endfacet
  facet normal 0 0 -1
    outer loop
      vertex 253.568 78.0573 0.95
      vertex 253.166 92.406 0.95
      vertex 253.936 77.7261 0.95
    endloop
  endfacet
  facet normal 0 0 -1
    outer loop
      vertex 252.835 92.0382 0.95
      vertex 253.166 92.406 0.95
      vertex 253.568 78.0573 0.95
    endloop
  endfacet
  facet normal 0 0 -1
    outer loop
      vertex 238.854 91.3055 0.95
      vertex 253.166 92.406 0.95
      vertex 252.835 92.0382 0.95
    endloop
  endfacet
  facet normal 0 0 -1
    outer loop
      vertex 253.166 92.406 0.95
      vertex 238.854 91.3055 0.95
      vertex 238.486 91.6367 0.95
    endloop
  endfacet
  facet normal -0.0523328 0.99863 0
    outer loop
      vertex 253.936 77.7261 0
      vertex 239.256 76.9568 0.95
      vertex 253.936 77.7261 0.95
    endloop
  endfacet
  facet normal -0.0523328 0.99863 0
    outer loop
      vertex 239.256 76.9568 0.95
      vertex 253.936 77.7261 0
      vertex 239.256 76.9568 0
    endloop
  endfacet
  facet normal -0.998627 -0.0523807 5.5683e-18
    outer loop
      vertex 253.936 77.7261 0
      vertex 253.166 92.406 0.95
      vertex 253.166 92.406 0
    endloop
  endfacet
  facet normal -0.998627 -0.0523807 5.5683e-18
    outer loop
      vertex 253.166 92.406 0.95
      vertex 253.936 77.7261 0
      vertex 253.936 77.7261 0.95
    endloop
  endfacet
  facet normal 0.0523328 -0.99863 0
    outer loop
      vertex 238.486 91.6367 0
      vertex 253.166 92.406 0.95
      vertex 238.486 91.6367 0.95
    endloop
  endfacet
  facet normal 0.0523328 -0.99863 0
    outer loop
      vertex 253.166 92.406 0.95
      vertex 238.486 91.6367 0
      vertex 253.166 92.406 0
    endloop
  endfacet
  facet normal 0.998628 0.0523568 -2.83285e-17
    outer loop
      vertex 239.587 77.3246 2.05
      vertex 238.854 91.3055 0.95
      vertex 238.854 91.3055 2.05
    endloop
  endfacet
  facet normal 0.998628 0.0523568 -2.83285e-17
    outer loop
      vertex 238.854 91.3055 0.95
      vertex 239.587 77.3246 2.05
      vertex 239.587 77.3246 0.95
    endloop
  endfacet
  facet normal 0 0 1
    outer loop
      vertex 253.166 92.406 2.05
      vertex 253.568 78.0573 2.05
      vertex 253.936 77.7261 2.05
    endloop
  endfacet
  facet normal 0 0 1
    outer loop
      vertex 253.166 92.406 2.05
      vertex 252.835 92.0382 2.05
      vertex 253.568 78.0573 2.05
    endloop
  endfacet
  facet normal 0 0 1
    outer loop
      vertex 253.166 92.406 2.05
      vertex 238.854 91.3055 2.05
      vertex 252.835 92.0382 2.05
    endloop
  endfacet
  facet normal 0 -0 1
    outer loop
      vertex 238.854 91.3055 2.05
      vertex 253.166 92.406 2.05
      vertex 238.486 91.6367 2.05
    endloop
  endfacet
  facet normal 0 0 1
    outer loop
      vertex 239.587 77.3246 2.05
      vertex 253.936 77.7261 2.05
      vertex 253.568 78.0573 2.05
    endloop
  endfacet
  facet normal -0 0 1
    outer loop
      vertex 239.587 77.3246 2.05
      vertex 239.256 76.9568 2.05
      vertex 253.936 77.7261 2.05
    endloop
  endfacet
  facet normal 0 0 1
    outer loop
      vertex 238.854 91.3055 2.05
      vertex 239.256 76.9568 2.05
      vertex 239.587 77.3246 2.05
    endloop
  endfacet
  facet normal 0 0 1
    outer loop
      vertex 239.256 76.9568 2.05
      vertex 238.854 91.3055 2.05
      vertex 238.486 91.6367 2.05
    endloop
  endfacet
  facet normal -0.052335 0.99863 0
    outer loop
      vertex 253.568 78.0573 0.95
      vertex 239.587 77.3246 2.05
      vertex 253.568 78.0573 2.05
    endloop
  endfacet
  facet normal -0.052335 0.99863 0
    outer loop
      vertex 239.587 77.3246 2.05
      vertex 253.568 78.0573 0.95
      vertex 239.587 77.3246 0.95
    endloop
  endfacet
  facet normal -0.998628 -0.0523568 2.26088e-17
    outer loop
      vertex 253.568 78.0573 0.95
      vertex 252.835 92.0382 2.05
      vertex 252.835 92.0382 0.95
    endloop
  endfacet
  facet normal -0.998628 -0.0523568 2.26088e-17
    outer loop
      vertex 252.835 92.0382 2.05
      vertex 253.568 78.0573 0.95
      vertex 253.568 78.0573 2.05
    endloop
  endfacet
  facet normal 0.052335 -0.99863 0
    outer loop
      vertex 238.854 91.3055 0.95
      vertex 252.835 92.0382 2.05
      vertex 238.854 91.3055 2.05
    endloop
  endfacet
  facet normal 0.052335 -0.99863 0
    outer loop
      vertex 252.835 92.0382 2.05
      vertex 238.854 91.3055 0.95
      vertex 252.835 92.0382 0.95
    endloop
  endfacet
  facet normal 0.998627 0.0523807 3.52659e-17
    outer loop
      vertex 239.256 76.9568 2.2
      vertex 238.486 91.6367 2.05
      vertex 238.486 91.6367 2.2
    endloop
  endfacet
  facet normal 0.998627 0.0523807 3.52659e-17
    outer loop
      vertex 238.486 91.6367 2.05
      vertex 239.256 76.9568 2.2
      vertex 239.256 76.9568 2.05
    endloop
  endfacet
  facet normal -0.0523328 0.99863 0
    outer loop
      vertex 253.936 77.7261 2.05
      vertex 239.256 76.9568 2.2
      vertex 253.936 77.7261 2.2
    endloop
  endfacet
  facet normal -0.0523328 0.99863 0
    outer loop
      vertex 239.256 76.9568 2.2
      vertex 253.936 77.7261 2.05
      vertex 239.256 76.9568 2.05
    endloop
  endfacet
  facet normal -0.998627 -0.0523807 3.52659e-17
    outer loop
      vertex 253.936 77.7261 2.05
      vertex 253.166 92.406 2.2
      vertex 253.166 92.406 2.05
    endloop
  endfacet
  facet normal -0.998627 -0.0523807 3.52659e-17
    outer loop
      vertex 253.166 92.406 2.2
      vertex 253.936 77.7261 2.05
      vertex 253.936 77.7261 2.2
    endloop
  endfacet
  facet normal 0.0523328 -0.99863 0
    outer loop
      vertex 238.486 91.6367 2.05
      vertex 253.166 92.406 2.2
      vertex 238.486 91.6367 2.2
    endloop
  endfacet
  facet normal 0.0523328 -0.99863 0
    outer loop
      vertex 253.166 92.406 2.2
      vertex 238.486 91.6367 2.05
      vertex 253.166 92.406 2.05
    endloop
  endfacet
  facet normal 0.99619 -0.0872108 5.32085e-17
    outer loop
      vertex 334.965 79.8752 0.95
      vertex 336.247 94.5192 0
      vertex 336.247 94.5192 0.95
    endloop
  endfacet
  facet normal 0.99619 -0.0872108 5.32085e-17
    outer loop
      vertex 336.247 94.5192 0
      vertex 334.965 79.8752 0.95
      vertex 334.965 79.8752 0
    endloop
  endfacet
  facet normal 0 0 -1
    outer loop
      vertex 349.609 78.594 0.95
      vertex 350.511 92.9199 0.95
      vertex 350.891 93.238 0.95
    endloop
  endfacet
  facet normal 0 0 -1
    outer loop
      vertex 349.609 78.594 0.95
      vertex 349.291 78.9731 0.95
      vertex 350.511 92.9199 0.95
    endloop
  endfacet
  facet normal 0 0 -1
    outer loop
      vertex 349.609 78.594 0.95
      vertex 335.345 80.1933 0.95
      vertex 349.291 78.9731 0.95
    endloop
  endfacet
  facet normal 0 -0 -1
    outer loop
      vertex 335.345 80.1933 0.95
      vertex 349.609 78.594 0.95
      vertex 334.965 79.8752 0.95
    endloop
  endfacet
  facet normal 0 0 -1
    outer loop
      vertex 336.565 94.1401 0.95
      vertex 350.891 93.238 0.95
      vertex 350.511 92.9199 0.95
    endloop
  endfacet
  facet normal 0 0 -1
    outer loop
      vertex 336.565 94.1401 0.95
      vertex 336.247 94.5192 0.95
      vertex 350.891 93.238 0.95
    endloop
  endfacet
  facet normal 0 0 -1
    outer loop
      vertex 335.345 80.1933 0.95
      vertex 336.247 94.5192 0.95
      vertex 336.565 94.1401 0.95
    endloop
  endfacet
  facet normal 0 0 -1
    outer loop
      vertex 336.247 94.5192 0.95
      vertex 335.345 80.1933 0.95
      vertex 334.965 79.8752 0.95
    endloop
  endfacet
  facet normal 0.0871568 0.996195 -0
    outer loop
      vertex 349.609 78.594 0
      vertex 334.965 79.8752 0.95
      vertex 349.609 78.594 0.95
    endloop
  endfacet
  facet normal 0.0871568 0.996195 0
    outer loop
      vertex 334.965 79.8752 0.95
      vertex 349.609 78.594 0
      vertex 334.965 79.8752 0
    endloop
  endfacet
  facet normal -0.99619 0.0872108 8.57718e-17
    outer loop
      vertex 349.609 78.594 0
      vertex 350.891 93.238 0.95
      vertex 350.891 93.238 0
    endloop
  endfacet
  facet normal -0.99619 0.0872108 8.57718e-17
    outer loop
      vertex 350.891 93.238 0.95
      vertex 349.609 78.594 0
      vertex 349.609 78.594 0.95
    endloop
  endfacet
  facet normal -0.0871568 -0.996195 0
    outer loop
      vertex 336.247 94.5192 0
      vertex 350.891 93.238 0.95
      vertex 336.247 94.5192 0.95
    endloop
  endfacet
  facet normal -0.0871568 -0.996195 -0
    outer loop
      vertex 350.891 93.238 0.95
      vertex 336.247 94.5192 0
      vertex 350.891 93.238 0
    endloop
  endfacet
  facet normal 0.996196 -0.0871425 -1.009e-16
    outer loop
      vertex 335.345 80.1933 2.05
      vertex 336.565 94.1401 0.95
      vertex 336.565 94.1401 2.05
    endloop
  endfacet
  facet normal 0.996196 -0.0871425 -1.009e-16
    outer loop
      vertex 336.565 94.1401 0.95
      vertex 335.345 80.1933 2.05
      vertex 335.345 80.1933 0.95
    endloop
  endfacet
  facet normal 0 0 1
    outer loop
      vertex 350.891 93.238 2.05
      vertex 336.565 94.1401 2.05
      vertex 350.511 92.9199 2.05
    endloop
  endfacet
  facet normal 0 0 1
    outer loop
      vertex 336.247 94.5192 2.05
      vertex 336.565 94.1401 2.05
      vertex 350.891 93.238 2.05
    endloop
  endfacet
  facet normal 0 0 1
    outer loop
      vertex 336.247 94.5192 2.05
      vertex 335.345 80.1933 2.05
      vertex 336.565 94.1401 2.05
    endloop
  endfacet
  facet normal 0 -0 1
    outer loop
      vertex 335.345 80.1933 2.05
      vertex 336.247 94.5192 2.05
      vertex 334.965 79.8752 2.05
    endloop
  endfacet
  facet normal -0 0 1
    outer loop
      vertex 350.511 92.9199 2.05
      vertex 349.609 78.594 2.05
      vertex 350.891 93.238 2.05
    endloop
  endfacet
  facet normal -0 0 1
    outer loop
      vertex 349.291 78.9731 2.05
      vertex 349.609 78.594 2.05
      vertex 350.511 92.9199 2.05
    endloop
  endfacet
  facet normal 0 0 1
    outer loop
      vertex 335.345 80.1933 2.05
      vertex 349.609 78.594 2.05
      vertex 349.291 78.9731 2.05
    endloop
  endfacet
  facet normal 0 0 1
    outer loop
      vertex 349.609 78.594 2.05
      vertex 335.345 80.1933 2.05
      vertex 334.965 79.8752 2.05
    endloop
  endfacet
  facet normal 0.0871616 0.996194 -0
    outer loop
      vertex 349.291 78.9731 0.95
      vertex 335.345 80.1933 2.05
      vertex 349.291 78.9731 2.05
    endloop
  endfacet
  facet normal 0.0871616 0.996194 0
    outer loop
      vertex 335.345 80.1933 2.05
      vertex 349.291 78.9731 0.95
      vertex 335.345 80.1933 0.95
    endloop
  endfacet
  facet normal -0.996196 0.0871425 -3.88896e-17
    outer loop
      vertex 349.291 78.9731 0.95
      vertex 350.511 92.9199 2.05
      vertex 350.511 92.9199 0.95
    endloop
  endfacet
  facet normal -0.996196 0.0871425 -3.88896e-17
    outer loop
      vertex 350.511 92.9199 2.05
      vertex 349.291 78.9731 0.95
      vertex 349.291 78.9731 2.05
    endloop
  endfacet
  facet normal -0.0871616 -0.996194 0
    outer loop
      vertex 336.565 94.1401 0.95
      vertex 350.511 92.9199 2.05
      vertex 336.565 94.1401 2.05
    endloop
  endfacet
  facet normal -0.0871616 -0.996194 -0
    outer loop
      vertex 350.511 92.9199 2.05
      vertex 336.565 94.1401 0.95
      vertex 350.511 92.9199 0.95
    endloop
  endfacet
  facet normal 0.99619 -0.0872108 3.36987e-16
    outer loop
      vertex 334.965 79.8752 2.2
      vertex 336.247 94.5192 2.05
      vertex 336.247 94.5192 2.2
    endloop
  endfacet
  facet normal 0.99619 -0.0872108 3.36987e-16
    outer loop
      vertex 336.247 94.5192 2.05
      vertex 334.965 79.8752 2.2
      vertex 334.965 79.8752 2.05
    endloop
  endfacet
  facet normal 0.0871568 0.996195 -0
    outer loop
      vertex 349.609 78.594 2.05
      vertex 334.965 79.8752 2.2
      vertex 349.609 78.594 2.2
    endloop
  endfacet
  facet normal 0.0871568 0.996195 0
    outer loop
      vertex 334.965 79.8752 2.2
      vertex 349.609 78.594 2.05
      vertex 334.965 79.8752 2.05
    endloop
  endfacet
  facet normal -0.99619 0.0872108 5.43222e-16
    outer loop
      vertex 349.609 78.594 2.05
      vertex 350.891 93.238 2.2
      vertex 350.891 93.238 2.05
    endloop
  endfacet
  facet normal -0.99619 0.0872108 5.43222e-16
    outer loop
      vertex 350.891 93.238 2.2
      vertex 349.609 78.594 2.05
      vertex 349.609 78.594 2.2
    endloop
  endfacet
  facet normal -0.0871568 -0.996195 0
    outer loop
      vertex 336.247 94.5192 2.05
      vertex 350.891 93.238 2.2
      vertex 336.247 94.5192 2.2
    endloop
  endfacet
  facet normal -0.0871568 -0.996195 -0
    outer loop
      vertex 350.891 93.238 2.2
      vertex 336.247 94.5192 2.05
      vertex 350.891 93.238 2.05
    endloop
  endfacet
  facet normal 0.996196 -0.0871433 -8.76122e-17
    outer loop
      vertex 317.339 84.9307 0.95
      vertex 318.62 99.5747 0
      vertex 318.62 99.5747 0.95
    endloop
  endfacet
  facet normal 0.996196 -0.0871433 -8.76122e-17
    outer loop
      vertex 318.62 99.5747 0
      vertex 317.339 84.9307 0.95
      vertex 317.339 84.9307 0
    endloop
  endfacet
  facet normal 0 0 -1
    outer loop
      vertex 331.983 83.6495 0.95
      vertex 332.885 97.9754 0.95
      vertex 333.264 98.2935 0.95
    endloop
  endfacet
  facet normal 0 0 -1
    outer loop
      vertex 331.983 83.6495 0.95
      vertex 331.665 84.0286 0.95
      vertex 332.885 97.9754 0.95
    endloop
  endfacet
  facet normal 0 0 -1
    outer loop
      vertex 331.983 83.6495 0.95
      vertex 317.718 85.2488 0.95
      vertex 331.665 84.0286 0.95
    endloop
  endfacet
  facet normal 0 -0 -1
    outer loop
      vertex 317.718 85.2488 0.95
      vertex 331.983 83.6495 0.95
      vertex 317.339 84.9307 0.95
    endloop
  endfacet
  facet normal 0 0 -1
    outer loop
      vertex 318.938 99.1956 0.95
      vertex 333.264 98.2935 0.95
      vertex 332.885 97.9754 0.95
    endloop
  endfacet
  facet normal 0 0 -1
    outer loop
      vertex 318.938 99.1956 0.95
      vertex 318.62 99.5747 0.95
      vertex 333.264 98.2935 0.95
    endloop
  endfacet
  facet normal 0 0 -1
    outer loop
      vertex 317.718 85.2488 0.95
      vertex 318.62 99.5747 0.95
      vertex 318.938 99.1956 0.95
    endloop
  endfacet
  facet normal 0 0 -1
    outer loop
      vertex 318.62 99.5747 0.95
      vertex 317.718 85.2488 0.95
      vertex 317.339 84.9307 0.95
    endloop
  endfacet
  facet normal 0.0871568 0.996195 -0
    outer loop
      vertex 331.983 83.6495 0
      vertex 317.339 84.9307 0.95
      vertex 331.983 83.6495 0.95
    endloop
  endfacet
  facet normal 0.0871568 0.996195 0
    outer loop
      vertex 317.339 84.9307 0.95
      vertex 331.983 83.6495 0
      vertex 317.339 84.9307 0
    endloop
  endfacet
  facet normal -0.996196 0.0871433 -1.19158e-16
    outer loop
      vertex 331.983 83.6495 0
      vertex 333.264 98.2935 0.95
      vertex 333.264 98.2935 0
    endloop
  endfacet
  facet normal -0.996196 0.0871433 -1.19158e-16
    outer loop
      vertex 333.264 98.2935 0.95
      vertex 331.983 83.6495 0
      vertex 331.983 83.6495 0.95
    endloop
  endfacet
  facet normal -0.0871568 -0.996195 0
    outer loop
      vertex 318.62 99.5747 0
      vertex 333.264 98.2935 0.95
      vertex 318.62 99.5747 0.95
    endloop
  endfacet
  facet normal -0.0871568 -0.996195 -0
    outer loop
      vertex 333.264 98.2935 0.95
      vertex 318.62 99.5747 0
      vertex 333.264 98.2935 0
    endloop
  endfacet
  facet normal 0.996196 -0.0871425 -7.3217e-17
    outer loop
      vertex 317.718 85.2488 2.05
      vertex 318.938 99.1956 0.95
      vertex 318.938 99.1956 2.05
    endloop
  endfacet
  facet normal 0.996196 -0.0871425 -7.3217e-17
    outer loop
      vertex 318.938 99.1956 0.95
      vertex 317.718 85.2488 2.05
      vertex 317.718 85.2488 0.95
    endloop
  endfacet
  facet normal 0 0 1
    outer loop
      vertex 333.264 98.2935 2.05
      vertex 318.938 99.1956 2.05
      vertex 332.885 97.9754 2.05
    endloop
  endfacet
  facet normal 0 0 1
    outer loop
      vertex 318.62 99.5747 2.05
      vertex 318.938 99.1956 2.05
      vertex 333.264 98.2935 2.05
    endloop
  endfacet
  facet normal 0 0 1
    outer loop
      vertex 318.62 99.5747 2.05
      vertex 317.718 85.2488 2.05
      vertex 318.938 99.1956 2.05
    endloop
  endfacet
  facet normal 0 -0 1
    outer loop
      vertex 317.718 85.2488 2.05
      vertex 318.62 99.5747 2.05
      vertex 317.339 84.9307 2.05
    endloop
  endfacet
  facet normal -0 0 1
    outer loop
      vertex 332.885 97.9754 2.05
      vertex 331.983 83.6495 2.05
      vertex 333.264 98.2935 2.05
    endloop
  endfacet
  facet normal -0 0 1
    outer loop
      vertex 331.665 84.0286 2.05
      vertex 331.983 83.6495 2.05
      vertex 332.885 97.9754 2.05
    endloop
  endfacet
  facet normal 0 0 1
    outer loop
      vertex 317.718 85.2488 2.05
      vertex 331.983 83.6495 2.05
      vertex 331.665 84.0286 2.05
    endloop
  endfacet
  facet normal 0 0 1
    outer loop
      vertex 331.983 83.6495 2.05
      vertex 317.718 85.2488 2.05
      vertex 317.339 84.9307 2.05
    endloop
  endfacet
  facet normal 0.0871554 0.996195 -0
    outer loop
      vertex 331.665 84.0286 0.95
      vertex 317.718 85.2488 2.05
      vertex 331.665 84.0286 2.05
    endloop
  endfacet
  facet normal 0.0871554 0.996195 0
    outer loop
      vertex 317.718 85.2488 2.05
      vertex 331.665 84.0286 0.95
      vertex 317.718 85.2488 0.95
    endloop
  endfacet
  facet normal -0.996196 0.0871425 -7.3217e-17
    outer loop
      vertex 331.665 84.0286 0.95
      vertex 332.885 97.9754 2.05
      vertex 332.885 97.9754 0.95
    endloop
  endfacet
  facet normal -0.996196 0.0871425 -7.3217e-17
    outer loop
      vertex 332.885 97.9754 2.05
      vertex 331.665 84.0286 0.95
      vertex 331.665 84.0286 2.05
    endloop
  endfacet
  facet normal -0.0871554 -0.996195 0
    outer loop
      vertex 318.938 99.1956 0.95
      vertex 332.885 97.9754 2.05
      vertex 318.938 99.1956 2.05
    endloop
  endfacet
  facet normal -0.0871554 -0.996195 -0
    outer loop
      vertex 332.885 97.9754 2.05
      vertex 318.938 99.1956 0.95
      vertex 332.885 97.9754 0.95
    endloop
  endfacet
  facet normal 0.996196 -0.0871433 -5.54877e-16
    outer loop
      vertex 317.339 84.9307 2.2
      vertex 318.62 99.5747 2.05
      vertex 318.62 99.5747 2.2
    endloop
  endfacet
  facet normal 0.996196 -0.0871433 -5.54877e-16
    outer loop
      vertex 318.62 99.5747 2.05
      vertex 317.339 84.9307 2.2
      vertex 317.339 84.9307 2.05
    endloop
  endfacet
  facet normal 0.0871568 0.996195 -0
    outer loop
      vertex 331.983 83.6495 2.05
      vertex 317.339 84.9307 2.2
      vertex 331.983 83.6495 2.2
    endloop
  endfacet
  facet normal 0.0871568 0.996195 0
    outer loop
      vertex 317.339 84.9307 2.2
      vertex 331.983 83.6495 2.05
      vertex 317.339 84.9307 2.05
    endloop
  endfacet
  facet normal -0.996196 0.0871433 -7.54668e-16
    outer loop
      vertex 331.983 83.6495 2.05
      vertex 333.264 98.2935 2.2
      vertex 333.264 98.2935 2.05
    endloop
  endfacet
  facet normal -0.996196 0.0871433 -7.54668e-16
    outer loop
      vertex 333.264 98.2935 2.2
      vertex 331.983 83.6495 2.05
      vertex 331.983 83.6495 2.2
    endloop
  endfacet
  facet normal -0.0871568 -0.996195 0
    outer loop
      vertex 318.62 99.5747 2.05
      vertex 333.264 98.2935 2.2
      vertex 318.62 99.5747 2.2
    endloop
  endfacet
  facet normal -0.0871568 -0.996195 -0
    outer loop
      vertex 333.264 98.2935 2.2
      vertex 318.62 99.5747 2.05
      vertex 333.264 98.2935 2.05
    endloop
  endfacet
  facet normal 0.998631 -0.0523121 -1.30675e-17
    outer loop
      vertex 297.816 89.8679 0.95
      vertex 298.585 104.548 0
      vertex 298.585 104.548 0.95
    endloop
  endfacet
  facet normal 0.998631 -0.0523121 -1.30675e-17
    outer loop
      vertex 298.585 104.548 0
      vertex 297.816 89.8679 0.95
      vertex 297.816 89.8679 0
    endloop
  endfacet
  facet normal 0 0 -1
    outer loop
      vertex 312.496 89.0986 0.95
      vertex 312.897 103.447 0.95
      vertex 313.265 103.778 0.95
    endloop
  endfacet
  facet normal 0 0 -1
    outer loop
      vertex 312.496 89.0986 0.95
      vertex 312.165 89.4664 0.95
      vertex 312.897 103.447 0.95
    endloop
  endfacet
  facet normal 0 0 -1
    outer loop
      vertex 312.496 89.0986 0.95
      vertex 298.184 90.1991 0.95
      vertex 312.165 89.4664 0.95
    endloop
  endfacet
  facet normal 0 -0 -1
    outer loop
      vertex 298.184 90.1991 0.95
      vertex 312.496 89.0986 0.95
      vertex 297.816 89.8679 0.95
    endloop
  endfacet
  facet normal 0 0 -1
    outer loop
      vertex 298.917 104.18 0.95
      vertex 313.265 103.778 0.95
      vertex 312.897 103.447 0.95
    endloop
  endfacet
  facet normal 0 0 -1
    outer loop
      vertex 298.917 104.18 0.95
      vertex 298.585 104.548 0.95
      vertex 313.265 103.778 0.95
    endloop
  endfacet
  facet normal 0 0 -1
    outer loop
      vertex 298.184 90.1991 0.95
      vertex 298.585 104.548 0.95
      vertex 298.917 104.18 0.95
    endloop
  endfacet
  facet normal 0 0 -1
    outer loop
      vertex 298.585 104.548 0.95
      vertex 298.184 90.1991 0.95
      vertex 297.816 89.8679 0.95
    endloop
  endfacet
  facet normal 0.0523328 0.99863 -0
    outer loop
      vertex 312.496 89.0986 0
      vertex 297.816 89.8679 0.95
      vertex 312.496 89.0986 0.95
    endloop
  endfacet
  facet normal 0.0523328 0.99863 0
    outer loop
      vertex 297.816 89.8679 0.95
      vertex 312.496 89.0986 0
      vertex 297.816 89.8679 0
    endloop
  endfacet
  facet normal -0.998631 0.0523146 5.68754e-17
    outer loop
      vertex 312.496 89.0986 0
      vertex 313.265 103.778 0.95
      vertex 313.265 103.778 0
    endloop
  endfacet
  facet normal -0.998631 0.0523146 5.68754e-17
    outer loop
      vertex 313.265 103.778 0.95
      vertex 312.496 89.0986 0
      vertex 312.496 89.0986 0.95
    endloop
  endfacet
  facet normal -0.0523803 -0.998627 0
    outer loop
      vertex 298.585 104.548 0
      vertex 313.265 103.778 0.95
      vertex 298.585 104.548 0.95
    endloop
  endfacet
  facet normal -0.0523803 -0.998627 -0
    outer loop
      vertex 313.265 103.778 0.95
      vertex 298.585 104.548 0
      vertex 313.265 103.778 0
    endloop
  endfacet
  facet normal 0.998628 -0.0523568 4.78913e-17
    outer loop
      vertex 298.184 90.1991 2.05
      vertex 298.917 104.18 0.95
      vertex 298.917 104.18 2.05
    endloop
  endfacet
  facet normal 0.998628 -0.0523568 4.78913e-17
    outer loop
      vertex 298.917 104.18 0.95
      vertex 298.184 90.1991 2.05
      vertex 298.184 90.1991 0.95
    endloop
  endfacet
  facet normal 0 0 1
    outer loop
      vertex 313.265 103.778 2.05
      vertex 298.917 104.18 2.05
      vertex 312.897 103.447 2.05
    endloop
  endfacet
  facet normal 0 0 1
    outer loop
      vertex 298.585 104.548 2.05
      vertex 298.917 104.18 2.05
      vertex 313.265 103.778 2.05
    endloop
  endfacet
  facet normal 0 0 1
    outer loop
      vertex 298.585 104.548 2.05
      vertex 298.184 90.1991 2.05
      vertex 298.917 104.18 2.05
    endloop
  endfacet
  facet normal 0 -0 1
    outer loop
      vertex 298.184 90.1991 2.05
      vertex 298.585 104.548 2.05
      vertex 297.816 89.8679 2.05
    endloop
  endfacet
  facet normal -0 0 1
    outer loop
      vertex 312.897 103.447 2.05
      vertex 312.496 89.0986 2.05
      vertex 313.265 103.778 2.05
    endloop
  endfacet
  facet normal -0 0 1
    outer loop
      vertex 312.165 89.4664 2.05
      vertex 312.496 89.0986 2.05
      vertex 312.897 103.447 2.05
    endloop
  endfacet
  facet normal 0 0 1
    outer loop
      vertex 298.184 90.1991 2.05
      vertex 312.496 89.0986 2.05
      vertex 312.165 89.4664 2.05
    endloop
  endfacet
  facet normal 0 0 1
    outer loop
      vertex 312.496 89.0986 2.05
      vertex 298.184 90.1991 2.05
      vertex 297.816 89.8679 2.05
    endloop
  endfacet
  facet normal 0.052335 0.99863 -0
    outer loop
      vertex 312.165 89.4664 0.95
      vertex 298.184 90.1991 2.05
      vertex 312.165 89.4664 2.05
    endloop
  endfacet
  facet normal 0.052335 0.99863 0
    outer loop
      vertex 298.184 90.1991 2.05
      vertex 312.165 89.4664 0.95
      vertex 298.184 90.1991 0.95
    endloop
  endfacet
  facet normal -0.998632 0.0522866 -6.70764e-18
    outer loop
      vertex 312.165 89.4664 0.95
      vertex 312.897 103.447 2.05
      vertex 312.897 103.447 0.95
    endloop
  endfacet
  facet normal -0.998632 0.0522866 -6.70764e-18
    outer loop
      vertex 312.897 103.447 2.05
      vertex 312.165 89.4664 0.95
      vertex 312.165 89.4664 2.05
    endloop
  endfacet
  facet normal -0.0523601 -0.998628 0
    outer loop
      vertex 298.917 104.18 0.95
      vertex 312.897 103.447 2.05
      vertex 298.917 104.18 2.05
    endloop
  endfacet
  facet normal -0.0523601 -0.998628 -0
    outer loop
      vertex 312.897 103.447 2.05
      vertex 298.917 104.18 0.95
      vertex 312.897 103.447 0.95
    endloop
  endfacet
  facet normal 0.998631 -0.0523121 -8.27607e-17
    outer loop
      vertex 297.816 89.8679 2.2
      vertex 298.585 104.548 2.05
      vertex 298.585 104.548 2.2
    endloop
  endfacet
  facet normal 0.998631 -0.0523121 -8.27607e-17
    outer loop
      vertex 298.585 104.548 2.05
      vertex 297.816 89.8679 2.2
      vertex 297.816 89.8679 2.05
    endloop
  endfacet
  facet normal 0.0523328 0.99863 -0
    outer loop
      vertex 312.496 89.0986 2.05
      vertex 297.816 89.8679 2.2
      vertex 312.496 89.0986 2.2
    endloop
  endfacet
  facet normal 0.0523328 0.99863 0
    outer loop
      vertex 297.816 89.8679 2.2
      vertex 312.496 89.0986 2.05
      vertex 297.816 89.8679 2.05
    endloop
  endfacet
  facet normal -0.998631 0.0523146 3.60211e-16
    outer loop
      vertex 312.496 89.0986 2.05
      vertex 313.265 103.778 2.2
      vertex 313.265 103.778 2.05
    endloop
  endfacet
  facet normal -0.998631 0.0523146 3.60211e-16
    outer loop
      vertex 313.265 103.778 2.2
      vertex 312.496 89.0986 2.05
      vertex 312.496 89.0986 2.2
    endloop
  endfacet
  facet normal -0.0523803 -0.998627 0
    outer loop
      vertex 298.585 104.548 2.05
      vertex 313.265 103.778 2.2
      vertex 298.585 104.548 2.2
    endloop
  endfacet
  facet normal -0.0523803 -0.998627 -0
    outer loop
      vertex 313.265 103.778 2.2
      vertex 298.585 104.548 2.05
      vertex 313.265 103.778 2.05
    endloop
  endfacet
  facet normal 0.999391 0.0348985 2.46118e-17
    outer loop
      vertex 257.285 89.7262 0.95
      vertex 256.772 104.417 0
      vertex 256.772 104.417 0.95
    endloop
  endfacet
  facet normal 0.999391 0.0348985 2.46118e-17
    outer loop
      vertex 256.772 104.417 0
      vertex 257.285 89.7262 0.95
      vertex 257.285 89.7262 0
    endloop
  endfacet
  facet normal -0 0 -1
    outer loop
      vertex 271.976 90.2392 0.95
      vertex 257.623 90.0882 0.95
      vertex 271.614 90.5768 0.95
    endloop
  endfacet
  facet normal 0 0 -1
    outer loop
      vertex 257.285 89.7262 0.95
      vertex 257.623 90.0882 0.95
      vertex 271.976 90.2392 0.95
    endloop
  endfacet
  facet normal 0 0 -1
    outer loop
      vertex 257.285 89.7262 0.95
      vertex 257.134 104.08 0.95
      vertex 257.623 90.0882 0.95
    endloop
  endfacet
  facet normal -0 -0 -1
    outer loop
      vertex 257.134 104.08 0.95
      vertex 257.285 89.7262 0.95
      vertex 256.772 104.417 0.95
    endloop
  endfacet
  facet normal 0 0 -1
    outer loop
      vertex 271.614 90.5768 0.95
      vertex 271.463 104.93 0.95
      vertex 271.976 90.2392 0.95
    endloop
  endfacet
  facet normal 0 0 -1
    outer loop
      vertex 271.126 104.568 0.95
      vertex 271.463 104.93 0.95
      vertex 271.614 90.5768 0.95
    endloop
  endfacet
  facet normal 0 0 -1
    outer loop
      vertex 257.134 104.08 0.95
      vertex 271.463 104.93 0.95
      vertex 271.126 104.568 0.95
    endloop
  endfacet
  facet normal 0 0 -1
    outer loop
      vertex 271.463 104.93 0.95
      vertex 257.134 104.08 0.95
      vertex 256.772 104.417 0.95
    endloop
  endfacet
  facet normal -0.0348981 0.999391 0
    outer loop
      vertex 271.976 90.2392 0
      vertex 257.285 89.7262 0.95
      vertex 271.976 90.2392 0.95
    endloop
  endfacet
  facet normal -0.0348981 0.999391 0
    outer loop
      vertex 257.285 89.7262 0.95
      vertex 271.976 90.2392 0
      vertex 257.285 89.7262 0
    endloop
  endfacet
  facet normal -0.999391 -0.0348985 2.48153e-17
    outer loop
      vertex 271.976 90.2392 0
      vertex 271.463 104.93 0.95
      vertex 271.463 104.93 0
    endloop
  endfacet
  facet normal -0.999391 -0.0348985 2.48153e-17
    outer loop
      vertex 271.463 104.93 0.95
      vertex 271.976 90.2392 0
      vertex 271.976 90.2392 0.95
    endloop
  endfacet
  facet normal 0.0348981 -0.999391 0
    outer loop
      vertex 256.772 104.417 0
      vertex 271.463 104.93 0.95
      vertex 256.772 104.417 0.95
    endloop
  endfacet
  facet normal 0.0348981 -0.999391 0
    outer loop
      vertex 271.463 104.93 0.95
      vertex 256.772 104.417 0
      vertex 271.463 104.93 0
    endloop
  endfacet
  facet normal 0.99939 0.0349277 -2.6213e-17
    outer loop
      vertex 257.623 90.0882 2.05
      vertex 257.134 104.08 0.95
      vertex 257.134 104.08 2.05
    endloop
  endfacet
  facet normal 0.99939 0.0349277 -2.6213e-17
    outer loop
      vertex 257.134 104.08 0.95
      vertex 257.623 90.0882 2.05
      vertex 257.623 90.0882 0.95
    endloop
  endfacet
  facet normal 0 0 1
    outer loop
      vertex 271.463 104.93 2.05
      vertex 271.614 90.5768 2.05
      vertex 271.976 90.2392 2.05
    endloop
  endfacet
  facet normal 0 0 1
    outer loop
      vertex 271.463 104.93 2.05
      vertex 271.126 104.568 2.05
      vertex 271.614 90.5768 2.05
    endloop
  endfacet
  facet normal 0 0 1
    outer loop
      vertex 271.463 104.93 2.05
      vertex 257.134 104.08 2.05
      vertex 271.126 104.568 2.05
    endloop
  endfacet
  facet normal 0 -0 1
    outer loop
      vertex 257.134 104.08 2.05
      vertex 271.463 104.93 2.05
      vertex 256.772 104.417 2.05
    endloop
  endfacet
  facet normal 0 0 1
    outer loop
      vertex 257.623 90.0882 2.05
      vertex 271.976 90.2392 2.05
      vertex 271.614 90.5768 2.05
    endloop
  endfacet
  facet normal -0 0 1
    outer loop
      vertex 257.623 90.0882 2.05
      vertex 257.285 89.7262 2.05
      vertex 271.976 90.2392 2.05
    endloop
  endfacet
  facet normal 0 0 1
    outer loop
      vertex 257.134 104.08 2.05
      vertex 257.285 89.7262 2.05
      vertex 257.623 90.0882 2.05
    endloop
  endfacet
  facet normal 0 0 1
    outer loop
      vertex 257.285 89.7262 2.05
      vertex 257.134 104.08 2.05
      vertex 256.772 104.417 2.05
    endloop
  endfacet
  facet normal -0.0349012 0.999391 0
    outer loop
      vertex 271.614 90.5768 0.95
      vertex 257.623 90.0882 2.05
      vertex 271.614 90.5768 2.05
    endloop
  endfacet
  facet normal -0.0349012 0.999391 0
    outer loop
      vertex 257.623 90.0882 2.05
      vertex 271.614 90.5768 0.95
      vertex 257.623 90.0882 0.95
    endloop
  endfacet
  facet normal -0.999392 -0.0348579 1.77348e-17
    outer loop
      vertex 271.614 90.5768 0.95
      vertex 271.126 104.568 2.05
      vertex 271.126 104.568 0.95
    endloop
  endfacet
  facet normal -0.999392 -0.0348579 1.77348e-17
    outer loop
      vertex 271.126 104.568 2.05
      vertex 271.614 90.5768 0.95
      vertex 271.614 90.5768 2.05
    endloop
  endfacet
  facet normal 0.0348559 -0.999392 0
    outer loop
      vertex 257.134 104.08 0.95
      vertex 271.126 104.568 2.05
      vertex 257.134 104.08 2.05
    endloop
  endfacet
  facet normal 0.0348559 -0.999392 0
    outer loop
      vertex 271.126 104.568 2.05
      vertex 257.134 104.08 0.95
      vertex 271.126 104.568 0.95
    endloop
  endfacet
  facet normal 0.999391 0.0348985 1.55875e-16
    outer loop
      vertex 257.285 89.7262 2.2
      vertex 256.772 104.417 2.05
      vertex 256.772 104.417 2.2
    endloop
  endfacet
  facet normal 0.999391 0.0348985 1.55875e-16
    outer loop
      vertex 256.772 104.417 2.05
      vertex 257.285 89.7262 2.2
      vertex 257.285 89.7262 2.05
    endloop
  endfacet
  facet normal -0.0348981 0.999391 0
    outer loop
      vertex 271.976 90.2392 2.05
      vertex 257.285 89.7262 2.2
      vertex 271.976 90.2392 2.2
    endloop
  endfacet
  facet normal -0.0348981 0.999391 0
    outer loop
      vertex 257.285 89.7262 2.2
      vertex 271.976 90.2392 2.05
      vertex 257.285 89.7262 2.05
    endloop
  endfacet
  facet normal -0.999391 -0.0348985 1.57164e-16
    outer loop
      vertex 271.976 90.2392 2.05
      vertex 271.463 104.93 2.2
      vertex 271.463 104.93 2.05
    endloop
  endfacet
  facet normal -0.999391 -0.0348985 1.57164e-16
    outer loop
      vertex 271.463 104.93 2.2
      vertex 271.976 90.2392 2.05
      vertex 271.976 90.2392 2.2
    endloop
  endfacet
  facet normal 0.0348981 -0.999391 0
    outer loop
      vertex 256.772 104.417 2.05
      vertex 271.463 104.93 2.2
      vertex 256.772 104.417 2.2
    endloop
  endfacet
  facet normal 0.0348981 -0.999391 0
    outer loop
      vertex 271.463 104.93 2.2
      vertex 256.772 104.417 2.05
      vertex 271.463 104.93 2.05
    endloop
  endfacet
  facet normal 1 -0 0
    outer loop
      vertex 277.164 93.5093 0.95
      vertex 277.164 108.209 0
      vertex 277.164 108.209 0.95
    endloop
  endfacet
  facet normal 1 0 0
    outer loop
      vertex 277.164 108.209 0
      vertex 277.164 93.5093 0.95
      vertex 277.164 93.5093 0
    endloop
  endfacet
  facet normal 0 0 -1
    outer loop
      vertex 291.864 93.5093 0.95
      vertex 291.514 93.8593 0.95
      vertex 291.864 108.209 0.95
    endloop
  endfacet
  facet normal 0 0 -1
    outer loop
      vertex 291.864 93.5093 0.95
      vertex 277.514 93.8593 0.95
      vertex 291.514 93.8593 0.95
    endloop
  endfacet
  facet normal -0 0 -1
    outer loop
      vertex 277.514 93.8593 0.95
      vertex 277.164 93.5093 0.95
      vertex 277.514 107.859 0.95
    endloop
  endfacet
  facet normal 0 0 -1
    outer loop
      vertex 277.164 93.5093 0.95
      vertex 277.514 93.8593 0.95
      vertex 291.864 93.5093 0.95
    endloop
  endfacet
  facet normal 0 0 -1
    outer loop
      vertex 291.514 107.859 0.95
      vertex 291.864 108.209 0.95
      vertex 291.514 93.8593 0.95
    endloop
  endfacet
  facet normal 0 0 -1
    outer loop
      vertex 277.514 107.859 0.95
      vertex 291.864 108.209 0.95
      vertex 291.514 107.859 0.95
    endloop
  endfacet
  facet normal 0 0 -1
    outer loop
      vertex 277.514 107.859 0.95
      vertex 277.164 108.209 0.95
      vertex 291.864 108.209 0.95
    endloop
  endfacet
  facet normal 0 0 -1
    outer loop
      vertex 277.164 108.209 0.95
      vertex 277.514 107.859 0.95
      vertex 277.164 93.5093 0.95
    endloop
  endfacet
  facet normal 0 1 -0
    outer loop
      vertex 291.864 93.5093 0
      vertex 277.164 93.5093 0.95
      vertex 291.864 93.5093 0.95
    endloop
  endfacet
  facet normal 0 1 0
    outer loop
      vertex 277.164 93.5093 0.95
      vertex 291.864 93.5093 0
      vertex 277.164 93.5093 0
    endloop
  endfacet
  facet normal -1 0 0
    outer loop
      vertex 291.864 93.5093 0
      vertex 291.864 108.209 0.95
      vertex 291.864 108.209 0
    endloop
  endfacet
  facet normal -1 -0 0
    outer loop
      vertex 291.864 108.209 0.95
      vertex 291.864 93.5093 0
      vertex 291.864 93.5093 0.95
    endloop
  endfacet
  facet normal 0 -1 0
    outer loop
      vertex 277.164 108.209 0
      vertex 291.864 108.209 0.95
      vertex 277.164 108.209 0.95
    endloop
  endfacet
  facet normal 0 -1 -0
    outer loop
      vertex 291.864 108.209 0.95
      vertex 277.164 108.209 0
      vertex 291.864 108.209 0
    endloop
  endfacet
  facet normal 1 -0 0
    outer loop
      vertex 277.514 93.8593 2.05
      vertex 277.514 107.859 0.95
      vertex 277.514 107.859 2.05
    endloop
  endfacet
  facet normal 1 0 0
    outer loop
      vertex 277.514 107.859 0.95
      vertex 277.514 93.8593 2.05
      vertex 277.514 93.8593 0.95
    endloop
  endfacet
  facet normal 0 0 1
    outer loop
      vertex 291.864 108.209 2.05
      vertex 291.514 107.859 2.05
      vertex 291.864 93.5093 2.05
    endloop
  endfacet
  facet normal 0 0 1
    outer loop
      vertex 291.864 108.209 2.05
      vertex 277.514 107.859 2.05
      vertex 291.514 107.859 2.05
    endloop
  endfacet
  facet normal 0 0 1
    outer loop
      vertex 277.514 107.859 2.05
      vertex 277.164 108.209 2.05
      vertex 277.514 93.8593 2.05
    endloop
  endfacet
  facet normal -0 0 1
    outer loop
      vertex 277.164 108.209 2.05
      vertex 277.514 107.859 2.05
      vertex 291.864 108.209 2.05
    endloop
  endfacet
  facet normal -0 0 1
    outer loop
      vertex 291.514 93.8593 2.05
      vertex 291.864 93.5093 2.05
      vertex 291.514 107.859 2.05
    endloop
  endfacet
  facet normal -0 0 1
    outer loop
      vertex 277.514 93.8593 2.05
      vertex 291.864 93.5093 2.05
      vertex 291.514 93.8593 2.05
    endloop
  endfacet
  facet normal 0 0 1
    outer loop
      vertex 277.514 93.8593 2.05
      vertex 277.164 93.5093 2.05
      vertex 291.864 93.5093 2.05
    endloop
  endfacet
  facet normal 0 0 1
    outer loop
      vertex 277.164 93.5093 2.05
      vertex 277.514 93.8593 2.05
      vertex 277.164 108.209 2.05
    endloop
  endfacet
  facet normal 0 1 -0
    outer loop
      vertex 291.514 93.8593 0.95
      vertex 277.514 93.8593 2.05
      vertex 291.514 93.8593 2.05
    endloop
  endfacet
  facet normal 0 1 0
    outer loop
      vertex 277.514 93.8593 2.05
      vertex 291.514 93.8593 0.95
      vertex 277.514 93.8593 0.95
    endloop
  endfacet
  facet normal -1 0 0
    outer loop
      vertex 291.514 93.8593 0.95
      vertex 291.514 107.859 2.05
      vertex 291.514 107.859 0.95
    endloop
  endfacet
  facet normal -1 -0 0
    outer loop
      vertex 291.514 107.859 2.05
      vertex 291.514 93.8593 0.95
      vertex 291.514 93.8593 2.05
    endloop
  endfacet
  facet normal 0 -1 0
    outer loop
      vertex 277.514 107.859 0.95
      vertex 291.514 107.859 2.05
      vertex 277.514 107.859 2.05
    endloop
  endfacet
  facet normal 0 -1 -0
    outer loop
      vertex 291.514 107.859 2.05
      vertex 277.514 107.859 0.95
      vertex 291.514 107.859 0.95
    endloop
  endfacet
  facet normal 1 -0 0
    outer loop
      vertex 277.164 93.5093 2.2
      vertex 277.164 108.209 2.05
      vertex 277.164 108.209 2.2
    endloop
  endfacet
  facet normal 1 0 0
    outer loop
      vertex 277.164 108.209 2.05
      vertex 277.164 93.5093 2.2
      vertex 277.164 93.5093 2.05
    endloop
  endfacet
  facet normal 0 1 -0
    outer loop
      vertex 291.864 93.5093 2.05
      vertex 277.164 93.5093 2.2
      vertex 291.864 93.5093 2.2
    endloop
  endfacet
  facet normal 0 1 0
    outer loop
      vertex 277.164 93.5093 2.2
      vertex 291.864 93.5093 2.05
      vertex 277.164 93.5093 2.05
    endloop
  endfacet
  facet normal -1 0 0
    outer loop
      vertex 291.864 93.5093 2.05
      vertex 291.864 108.209 2.2
      vertex 291.864 108.209 2.05
    endloop
  endfacet
  facet normal -1 -0 0
    outer loop
      vertex 291.864 108.209 2.2
      vertex 291.864 93.5093 2.05
      vertex 291.864 93.5093 2.2
    endloop
  endfacet
  facet normal 0 -1 0
    outer loop
      vertex 277.164 108.209 2.05
      vertex 291.864 108.209 2.2
      vertex 277.164 108.209 2.2
    endloop
  endfacet
  facet normal 0 -1 -0
    outer loop
      vertex 291.864 108.209 2.2
      vertex 277.164 108.209 2.05
      vertex 291.864 108.209 2.05
    endloop
  endfacet
  facet normal -0.720227 -0.693739 2.48773e-19
    outer loop
      vertex 205.132 -2.2508 0
      vertex 205.121 -2.23938 2.2
      vertex 205.121 -2.23938 0
    endloop
  endfacet
  facet normal -0.720227 -0.693739 2.48773e-19
    outer loop
      vertex 205.121 -2.23938 2.2
      vertex 205.132 -2.2508 0
      vertex 205.132 -2.2508 2.2
    endloop
  endfacet
  facet normal -0.734229 -0.678902 -2.05346e-19
    outer loop
      vertex 205.121 -2.23938 0
      vertex 205.014 -2.12366 2.2
      vertex 205.014 -2.12366 0
    endloop
  endfacet
  facet normal -0.734229 -0.678902 -2.05346e-19
    outer loop
      vertex 205.014 -2.12366 2.2
      vertex 205.121 -2.23938 0
      vertex 205.121 -2.23938 2.2
    endloop
  endfacet
  facet normal -0.758444 -0.651738 1.72213e-18
    outer loop
      vertex 205.014 -2.12366 0
      vertex 204.912 -2.00496 2.2
      vertex 204.912 -2.00496 0
    endloop
  endfacet
  facet normal -0.758444 -0.651738 1.72213e-18
    outer loop
      vertex 204.912 -2.00496 2.2
      vertex 205.014 -2.12366 0
      vertex 205.014 -2.12366 2.2
    endloop
  endfacet
  facet normal -0.781509 -0.623894 -1.30578e-18
    outer loop
      vertex 204.912 -2.00496 0
      vertex 204.817 -1.88596 2.2
      vertex 204.817 -1.88596 0
    endloop
  endfacet
  facet normal -0.781509 -0.623894 -1.30578e-18
    outer loop
      vertex 204.817 -1.88596 2.2
      vertex 204.912 -2.00496 0
      vertex 204.912 -2.00496 2.2
    endloop
  endfacet
  facet normal -0.799068 -0.601241 -1.09568e-18
    outer loop
      vertex 204.817 -1.88596 0
      vertex 204.724 -1.76236 2.2
      vertex 204.724 -1.76236 0
    endloop
  endfacet
  facet normal -0.799068 -0.601241 -1.09568e-18
    outer loop
      vertex 204.724 -1.76236 2.2
      vertex 204.817 -1.88596 0
      vertex 204.817 -1.88596 2.2
    endloop
  endfacet
  facet normal -0.818055 -0.57514 -1.00674e-18
    outer loop
      vertex 204.724 -1.76236 0
      vertex 204.635 -1.63577 2.2
      vertex 204.635 -1.63577 0
    endloop
  endfacet
  facet normal -0.818055 -0.57514 -1.00674e-18
    outer loop
      vertex 204.635 -1.63577 2.2
      vertex 204.724 -1.76236 0
      vertex 204.724 -1.76236 2.2
    endloop
  endfacet
  facet normal -0.837499 -0.546438 -5.62295e-19
    outer loop
      vertex 204.635 -1.63577 0
      vertex 204.552 -1.50856 2.2
      vertex 204.552 -1.50856 0
    endloop
  endfacet
  facet normal -0.837499 -0.546438 -5.62295e-19
    outer loop
      vertex 204.552 -1.50856 2.2
      vertex 204.635 -1.63577 0
      vertex 204.635 -1.63577 2.2
    endloop
  endfacet
  facet normal -0.854703 -0.519117 2.36628e-18
    outer loop
      vertex 204.552 -1.50856 0
      vertex 204.473 -1.37849 2.2
      vertex 204.473 -1.37849 0
    endloop
  endfacet
  facet normal -0.854703 -0.519117 2.36628e-18
    outer loop
      vertex 204.473 -1.37849 2.2
      vertex 204.552 -1.50856 0
      vertex 204.552 -1.50856 2.2
    endloop
  endfacet
  facet normal -0.871009 -0.491267 -1.57002e-18
    outer loop
      vertex 204.473 -1.37849 0
      vertex 204.396 -1.24197 2.2
      vertex 204.396 -1.24197 0
    endloop
  endfacet
  facet normal -0.871009 -0.491267 -1.57002e-18
    outer loop
      vertex 204.396 -1.24197 2.2
      vertex 204.473 -1.37849 0
      vertex 204.473 -1.37849 2.2
    endloop
  endfacet
  facet normal -0.884581 -0.466387 8.61826e-19
    outer loop
      vertex 204.396 -1.24197 0
      vertex 204.324 -1.10541 2.2
      vertex 204.324 -1.10541 0
    endloop
  endfacet
  facet normal -0.884581 -0.466387 8.61826e-19
    outer loop
      vertex 204.324 -1.10541 2.2
      vertex 204.396 -1.24197 0
      vertex 204.396 -1.24197 2.2
    endloop
  endfacet
  facet normal -0.903223 -0.429172 1.98106e-18
    outer loop
      vertex 204.324 -1.10541 0
      vertex 204.259 -0.968613 2.2
      vertex 204.259 -0.968613 0
    endloop
  endfacet
  facet normal -0.903223 -0.429172 1.98106e-18
    outer loop
      vertex 204.259 -0.968613 2.2
      vertex 204.324 -1.10541 0
      vertex 204.324 -1.10541 2.2
    endloop
  endfacet
  facet normal -0.914846 -0.403804 -6.77457e-19
    outer loop
      vertex 204.259 -0.968613 0
      vertex 204.196 -0.825882 2.2
      vertex 204.196 -0.825882 0
    endloop
  endfacet
  facet normal -0.914846 -0.403804 -6.77457e-19
    outer loop
      vertex 204.196 -0.825882 2.2
      vertex 204.259 -0.968613 0
      vertex 204.259 -0.968613 2.2
    endloop
  endfacet
  facet normal -0.925717 -0.378218 -4.18906e-19
    outer loop
      vertex 204.196 -0.825882 0
      vertex 204.149 -0.710846 2.2
      vertex 204.149 -0.710846 0
    endloop
  endfacet
  facet normal -0.925717 -0.378218 -4.18906e-19
    outer loop
      vertex 204.149 -0.710846 2.2
      vertex 204.196 -0.825882 0
      vertex 204.196 -0.825882 2.2
    endloop
  endfacet
  facet normal -0.933587 -0.35835 -2.63576e-16
    outer loop
      vertex 204.149 -0.710846 0
      vertex 190.959 33.6522 2.2
      vertex 190.959 33.6522 0
    endloop
  endfacet
  facet normal -0.933587 -0.35835 -2.63576e-16
    outer loop
      vertex 190.959 33.6522 2.2
      vertex 204.149 -0.710846 0
      vertex 204.149 -0.710846 2.2
    endloop
  endfacet
  facet normal -0.713264 0.700895 0
    outer loop
      vertex 191.314 40.8185 0
      vertex 191.297 40.8012 2.2
      vertex 191.314 40.8185 2.2
    endloop
  endfacet
  facet normal -0.713264 0.700895 0
    outer loop
      vertex 191.297 40.8012 2.2
      vertex 191.314 40.8185 0
      vertex 191.297 40.8012 0
    endloop
  endfacet
  facet normal -0.675784 0.7371 0
    outer loop
      vertex 191.427 40.9221 0
      vertex 191.314 40.8185 2.2
      vertex 191.427 40.9221 2.2
    endloop
  endfacet
  facet normal -0.675784 0.7371 0
    outer loop
      vertex 191.314 40.8185 2.2
      vertex 191.427 40.9221 0
      vertex 191.314 40.8185 0
    endloop
  endfacet
  facet normal -0.652565 0.757733 0
    outer loop
      vertex 191.543 41.022 0
      vertex 191.427 40.9221 2.2
      vertex 191.543 41.022 2.2
    endloop
  endfacet
  facet normal -0.652565 0.757733 0
    outer loop
      vertex 191.427 40.9221 2.2
      vertex 191.543 41.022 0
      vertex 191.427 40.9221 0
    endloop
  endfacet
  facet normal -0.627728 0.778433 0
    outer loop
      vertex 191.668 41.1228 0
      vertex 191.543 41.022 2.2
      vertex 191.668 41.1228 2.2
    endloop
  endfacet
  facet normal -0.627728 0.778433 0
    outer loop
      vertex 191.543 41.022 2.2
      vertex 191.668 41.1228 0
      vertex 191.543 41.022 0
    endloop
  endfacet
  facet normal -0.598958 0.800781 0
    outer loop
      vertex 191.791 41.2148 0
      vertex 191.668 41.1228 2.2
      vertex 191.791 41.2148 2.2
    endloop
  endfacet
  facet normal -0.598958 0.800781 0
    outer loop
      vertex 191.668 41.1228 2.2
      vertex 191.791 41.2148 0
      vertex 191.668 41.1228 0
    endloop
  endfacet
  facet normal -0.573462 0.819232 0
    outer loop
      vertex 191.915 41.3016 0
      vertex 191.791 41.2148 2.2
      vertex 191.915 41.3016 2.2
    endloop
  endfacet
  facet normal -0.573462 0.819232 0
    outer loop
      vertex 191.791 41.2148 2.2
      vertex 191.915 41.3016 0
      vertex 191.791 41.2148 0
    endloop
  endfacet
  facet normal -0.547994 0.836482 0
    outer loop
      vertex 192.042 41.3848 0
      vertex 191.915 41.3016 2.2
      vertex 192.042 41.3848 2.2
    endloop
  endfacet
  facet normal -0.547994 0.836482 0
    outer loop
      vertex 191.915 41.3016 2.2
      vertex 192.042 41.3848 0
      vertex 191.915 41.3016 0
    endloop
  endfacet
  facet normal -0.519801 0.854287 0
    outer loop
      vertex 192.172 41.4639 0
      vertex 192.042 41.3848 2.2
      vertex 192.172 41.4639 2.2
    endloop
  endfacet
  facet normal -0.519801 0.854287 0
    outer loop
      vertex 192.042 41.3848 2.2
      vertex 192.172 41.4639 0
      vertex 192.042 41.3848 0
    endloop
  endfacet
  facet normal -0.490199 0.871611 0
    outer loop
      vertex 192.305 41.5387 0
      vertex 192.172 41.4639 2.2
      vertex 192.305 41.5387 2.2
    endloop
  endfacet
  facet normal -0.490199 0.871611 0
    outer loop
      vertex 192.172 41.4639 2.2
      vertex 192.305 41.5387 0
      vertex 192.172 41.4639 0
    endloop
  endfacet
  facet normal -0.465825 0.884877 0
    outer loop
      vertex 192.445 41.6124 0
      vertex 192.305 41.5387 2.2
      vertex 192.445 41.6124 2.2
    endloop
  endfacet
  facet normal -0.465825 0.884877 0
    outer loop
      vertex 192.305 41.5387 2.2
      vertex 192.445 41.6124 0
      vertex 192.305 41.5387 0
    endloop
  endfacet
  facet normal -0.431042 0.902332 0
    outer loop
      vertex 192.584 41.6788 0
      vertex 192.445 41.6124 2.2
      vertex 192.584 41.6788 2.2
    endloop
  endfacet
  facet normal -0.431042 0.902332 0
    outer loop
      vertex 192.445 41.6124 2.2
      vertex 192.584 41.6788 0
      vertex 192.445 41.6124 0
    endloop
  endfacet
  facet normal -0.405643 0.914032 0
    outer loop
      vertex 192.721 41.7396 0
      vertex 192.584 41.6788 2.2
      vertex 192.721 41.7396 2.2
    endloop
  endfacet
  facet normal -0.405643 0.914032 0
    outer loop
      vertex 192.584 41.6788 2.2
      vertex 192.721 41.7396 0
      vertex 192.584 41.6788 0
    endloop
  endfacet
  facet normal -0.371816 0.928306 0
    outer loop
      vertex 192.909 41.8149 0
      vertex 192.721 41.7396 2.2
      vertex 192.909 41.8149 2.2
    endloop
  endfacet
  facet normal -0.371816 0.928306 0
    outer loop
      vertex 192.721 41.7396 2.2
      vertex 192.909 41.8149 0
      vertex 192.721 41.7396 0
    endloop
  endfacet
  facet normal -0.320178 0.947358 0
    outer loop
      vertex 232.333 55.139 0
      vertex 192.909 41.8149 2.2
      vertex 232.333 55.139 2.2
    endloop
  endfacet
  facet normal -0.320178 0.947358 0
    outer loop
      vertex 192.909 41.8149 2.2
      vertex 232.333 55.139 0
      vertex 192.909 41.8149 0
    endloop
  endfacet
  facet normal -0.998916 -0.046549 -1.581e-17
    outer loop
      vertex 232.333 55.139 0
      vertex 230.525 93.9377 2.2
      vertex 230.525 93.9377 0
    endloop
  endfacet
  facet normal -0.998916 -0.046549 -1.581e-17
    outer loop
      vertex 230.525 93.9377 2.2
      vertex 232.333 55.139 0
      vertex 232.333 55.139 2.2
    endloop
  endfacet
  facet normal -0.999383 -0.0351277 8.91617e-21
    outer loop
      vertex 230.525 93.9377 0
      vertex 230.521 94.0515 2.2
      vertex 230.521 94.0515 0
    endloop
  endfacet
  facet normal -0.999383 -0.0351277 8.91617e-21
    outer loop
      vertex 230.521 94.0515 2.2
      vertex 230.525 93.9377 0
      vertex 230.525 93.9377 2.2
    endloop
  endfacet
  facet normal -1 0 0
    outer loop
      vertex 230.521 94.0515 0
      vertex 230.521 94.209 2.2
      vertex 230.521 94.209 0
    endloop
  endfacet
  facet normal -1 -0 0
    outer loop
      vertex 230.521 94.209 2.2
      vertex 230.521 94.0515 0
      vertex 230.521 94.0515 2.2
    endloop
  endfacet
  facet normal -0.999648 0.0265159 -8.49996e-20
    outer loop
      vertex 230.521 94.209 0
      vertex 230.525 94.3598 2.2
      vertex 230.525 94.3598 0
    endloop
  endfacet
  facet normal -0.999648 0.0265159 -8.49996e-20
    outer loop
      vertex 230.525 94.3598 2.2
      vertex 230.521 94.209 0
      vertex 230.521 94.209 2.2
    endloop
  endfacet
  facet normal -0.997823 0.06595 -1.18274e-19
    outer loop
      vertex 230.525 94.3598 0
      vertex 230.535 94.5111 2.2
      vertex 230.535 94.5111 0
    endloop
  endfacet
  facet normal -0.997823 0.06595 -1.18274e-19
    outer loop
      vertex 230.535 94.5111 2.2
      vertex 230.525 94.3598 0
      vertex 230.525 94.3598 2.2
    endloop
  endfacet
  facet normal -0.995501 0.0947495 -2.41227e-19
    outer loop
      vertex 230.535 94.5111 0
      vertex 230.55 94.6687 2.2
      vertex 230.55 94.6687 0
    endloop
  endfacet
  facet normal -0.995501 0.0947495 -2.41227e-19
    outer loop
      vertex 230.55 94.6687 2.2
      vertex 230.535 94.5111 0
      vertex 230.535 94.5111 2.2
    endloop
  endfacet
  facet normal -0.992207 0.1246 -5.71668e-19
    outer loop
      vertex 230.55 94.6687 0
      vertex 230.569 94.82 2.2
      vertex 230.569 94.82 0
    endloop
  endfacet
  facet normal -0.992207 0.1246 -5.71668e-19
    outer loop
      vertex 230.569 94.82 2.2
      vertex 230.55 94.6687 0
      vertex 230.55 94.6687 2.2
    endloop
  endfacet
  facet normal -0.987408 0.158196 3.03233e-19
    outer loop
      vertex 230.569 94.82 0
      vertex 230.593 94.9698 2.2
      vertex 230.593 94.9698 0
    endloop
  endfacet
  facet normal -0.987408 0.158196 3.03233e-19
    outer loop
      vertex 230.593 94.9698 2.2
      vertex 230.569 94.82 0
      vertex 230.569 94.82 2.2
    endloop
  endfacet
  facet normal -0.981218 0.1929 -6.69581e-19
    outer loop
      vertex 230.593 94.9698 0
      vertex 230.623 95.1224 2.2
      vertex 230.623 95.1224 0
    endloop
  endfacet
  facet normal -0.981218 0.1929 -6.69581e-19
    outer loop
      vertex 230.623 95.1224 2.2
      vertex 230.593 94.9698 0
      vertex 230.593 94.9698 2.2
    endloop
  endfacet
  facet normal -0.973875 0.227086 6.72201e-19
    outer loop
      vertex 230.623 95.1224 0
      vertex 230.658 95.2725 2.2
      vertex 230.658 95.2725 0
    endloop
  endfacet
  facet normal -0.973875 0.227086 6.72201e-19
    outer loop
      vertex 230.658 95.2725 2.2
      vertex 230.623 95.1224 0
      vertex 230.623 95.1224 2.2
    endloop
  endfacet
  facet normal -0.967658 0.252264 1.1711e-18
    outer loop
      vertex 230.658 95.2725 0
      vertex 230.697 95.4221 2.2
      vertex 230.697 95.4221 0
    endloop
  endfacet
  facet normal -0.967658 0.252264 1.1711e-18
    outer loop
      vertex 230.697 95.4221 2.2
      vertex 230.658 95.2725 0
      vertex 230.658 95.2725 2.2
    endloop
  endfacet
  facet normal -0.957628 0.288008 6.805e-19
    outer loop
      vertex 230.697 95.4221 0
      vertex 230.741 95.5684 2.2
      vertex 230.741 95.5684 0
    endloop
  endfacet
  facet normal -0.957628 0.288008 6.805e-19
    outer loop
      vertex 230.741 95.5684 2.2
      vertex 230.697 95.4221 0
      vertex 230.697 95.4221 2.2
    endloop
  endfacet
  facet normal -0.948018 0.318216 1.20423e-18
    outer loop
      vertex 230.741 95.5684 0
      vertex 230.789 95.7114 2.2
      vertex 230.789 95.7114 0
    endloop
  endfacet
  facet normal -0.948018 0.318216 1.20423e-18
    outer loop
      vertex 230.789 95.7114 2.2
      vertex 230.741 95.5684 0
      vertex 230.741 95.5684 2.2
    endloop
  endfacet
  facet normal -0.937352 0.348385 -3.73217e-19
    outer loop
      vertex 230.789 95.7114 0
      vertex 230.842 95.854 2.2
      vertex 230.842 95.854 0
    endloop
  endfacet
  facet normal -0.937352 0.348385 -3.73217e-19
    outer loop
      vertex 230.842 95.854 2.2
      vertex 230.789 95.7114 0
      vertex 230.789 95.7114 2.2
    endloop
  endfacet
  facet normal -0.924296 0.381677 -1.74346e-18
    outer loop
      vertex 230.842 95.854 0
      vertex 230.902 95.9993 2.2
      vertex 230.902 95.9993 0
    endloop
  endfacet
  facet normal -0.924296 0.381677 -1.74346e-18
    outer loop
      vertex 230.902 95.9993 2.2
      vertex 230.842 95.854 0
      vertex 230.842 95.854 2.2
    endloop
  endfacet
  facet normal -0.912113 0.409939 1.96653e-18
    outer loop
      vertex 230.902 95.9993 0
      vertex 230.966 96.1417 2.2
      vertex 230.966 96.1417 0
    endloop
  endfacet
  facet normal -0.912113 0.409939 1.96653e-18
    outer loop
      vertex 230.966 96.1417 2.2
      vertex 230.902 95.9993 0
      vertex 230.902 95.9993 2.2
    endloop
  endfacet
  facet normal -0.899908 0.436079 1.46244e-19
    outer loop
      vertex 230.966 96.1417 0
      vertex 231.032 96.2779 2.2
      vertex 231.032 96.2779 0
    endloop
  endfacet
  facet normal -0.899908 0.436079 1.46244e-19
    outer loop
      vertex 231.032 96.2779 2.2
      vertex 230.966 96.1417 0
      vertex 230.966 96.1417 2.2
    endloop
  endfacet
  facet normal -0.881816 0.471594 7.04185e-20
    outer loop
      vertex 231.032 96.2779 0
      vertex 231.105 96.4144 2.2
      vertex 231.105 96.4144 0
    endloop
  endfacet
  facet normal -0.881816 0.471594 7.04185e-20
    outer loop
      vertex 231.105 96.4144 2.2
      vertex 231.032 96.2779 0
      vertex 231.032 96.2779 2.2
    endloop
  endfacet
  facet normal -0.867527 0.497391 1.10143e-18
    outer loop
      vertex 231.105 96.4144 0
      vertex 231.182 96.5487 2.2
      vertex 231.182 96.5487 0
    endloop
  endfacet
  facet normal -0.867527 0.497391 1.10143e-18
    outer loop
      vertex 231.182 96.5487 2.2
      vertex 231.105 96.4144 0
      vertex 231.105 96.4144 2.2
    endloop
  endfacet
  facet normal -0.850755 0.525563 2.28092e-18
    outer loop
      vertex 231.182 96.5487 0
      vertex 231.262 96.6782 2.2
      vertex 231.262 96.6782 0
    endloop
  endfacet
  facet normal -0.850755 0.525563 2.28092e-18
    outer loop
      vertex 231.262 96.6782 2.2
      vertex 231.182 96.5487 0
      vertex 231.182 96.5487 2.2
    endloop
  endfacet
  facet normal -0.835764 0.549089 4.13775e-19
    outer loop
      vertex 231.262 96.6782 0
      vertex 231.348 96.8091 2.2
      vertex 231.348 96.8091 0
    endloop
  endfacet
  facet normal -0.835764 0.549089 4.13775e-19
    outer loop
      vertex 231.348 96.8091 2.2
      vertex 231.262 96.6782 0
      vertex 231.262 96.6782 2.2
    endloop
  endfacet
  facet normal -0.811756 0.583997 -2.05578e-18
    outer loop
      vertex 231.348 96.8091 0
      vertex 231.438 96.9342 2.2
      vertex 231.438 96.9342 0
    endloop
  endfacet
  facet normal -0.811756 0.583997 -2.05578e-18
    outer loop
      vertex 231.438 96.9342 2.2
      vertex 231.348 96.8091 0
      vertex 231.348 96.8091 2.2
    endloop
  endfacet
  facet normal -0.79534 0.606164 7.13718e-19
    outer loop
      vertex 231.438 96.9342 0
      vertex 231.529 97.0536 2.2
      vertex 231.529 97.0536 0
    endloop
  endfacet
  facet normal -0.79534 0.606164 7.13718e-19
    outer loop
      vertex 231.529 97.0536 2.2
      vertex 231.438 96.9342 0
      vertex 231.438 96.9342 2.2
    endloop
  endfacet
  facet normal -0.775636 0.63118 -1.39585e-18
    outer loop
      vertex 231.529 97.0536 0
      vertex 231.626 97.1728 2.2
      vertex 231.626 97.1728 0
    endloop
  endfacet
  facet normal -0.775636 0.63118 -1.39585e-18
    outer loop
      vertex 231.626 97.1728 2.2
      vertex 231.529 97.0536 0
      vertex 231.529 97.0536 2.2
    endloop
  endfacet
  facet normal -0.755563 0.655076 -2.83659e-19
    outer loop
      vertex 231.626 97.1728 0
      vertex 231.729 97.2916 2.2
      vertex 231.729 97.2916 0
    endloop
  endfacet
  facet normal -0.755563 0.655076 -2.83659e-19
    outer loop
      vertex 231.729 97.2916 2.2
      vertex 231.626 97.1728 0
      vertex 231.626 97.1728 2.2
    endloop
  endfacet
  facet normal -0.728594 0.684946 1.49479e-18
    outer loop
      vertex 231.729 97.2916 0
      vertex 231.831 97.4001 2.2
      vertex 231.831 97.4001 0
    endloop
  endfacet
  facet normal -0.728594 0.684946 1.49479e-18
    outer loop
      vertex 231.831 97.4001 2.2
      vertex 231.729 97.2916 0
      vertex 231.729 97.2916 2.2
    endloop
  endfacet
  facet normal -0.714977 0.699148 2.06308e-18
    outer loop
      vertex 231.831 97.4001 0
      vertex 231.937 97.5085 2.2
      vertex 231.937 97.5085 0
    endloop
  endfacet
  facet normal -0.714977 0.699148 2.06308e-18
    outer loop
      vertex 231.937 97.5085 2.2
      vertex 231.831 97.4001 0
      vertex 231.831 97.4001 2.2
    endloop
  endfacet
  facet normal -0.682539 0.730849 0
    outer loop
      vertex 232.055 97.6187 0
      vertex 231.937 97.5085 2.2
      vertex 232.055 97.6187 2.2
    endloop
  endfacet
  facet normal -0.682539 0.730849 0
    outer loop
      vertex 231.937 97.5085 2.2
      vertex 232.055 97.6187 0
      vertex 231.937 97.5085 0
    endloop
  endfacet
  facet normal -0.663508 0.748169 0
    outer loop
      vertex 232.169 97.7198 0
      vertex 232.055 97.6187 2.2
      vertex 232.169 97.7198 2.2
    endloop
  endfacet
  facet normal -0.663508 0.748169 0
    outer loop
      vertex 232.055 97.6187 2.2
      vertex 232.169 97.7198 0
      vertex 232.055 97.6187 0
    endloop
  endfacet
  facet normal -0.637741 0.770251 0
    outer loop
      vertex 232.287 97.8175 0
      vertex 232.169 97.7198 2.2
      vertex 232.287 97.8175 2.2
    endloop
  endfacet
  facet normal -0.637741 0.770251 0
    outer loop
      vertex 232.169 97.7198 2.2
      vertex 232.287 97.8175 0
      vertex 232.169 97.7198 0
    endloop
  endfacet
  facet normal -0.608848 0.793287 0
    outer loop
      vertex 232.407 97.9096 0
      vertex 232.287 97.8175 2.2
      vertex 232.407 97.9096 2.2
    endloop
  endfacet
  facet normal -0.608848 0.793287 0
    outer loop
      vertex 232.287 97.8175 2.2
      vertex 232.407 97.9096 0
      vertex 232.287 97.8175 0
    endloop
  endfacet
  facet normal -0.58749 0.809232 0
    outer loop
      vertex 232.534 98.0018 0
      vertex 232.407 97.9096 2.2
      vertex 232.534 98.0018 2.2
    endloop
  endfacet
  facet normal -0.58749 0.809232 0
    outer loop
      vertex 232.407 97.9096 2.2
      vertex 232.534 98.0018 0
      vertex 232.407 97.9096 0
    endloop
  endfacet
  facet normal -0.556347 0.83095 0
    outer loop
      vertex 232.662 98.0875 0
      vertex 232.534 98.0018 2.2
      vertex 232.662 98.0875 2.2
    endloop
  endfacet
  facet normal -0.556347 0.83095 0
    outer loop
      vertex 232.534 98.0018 2.2
      vertex 232.662 98.0875 0
      vertex 232.534 98.0018 0
    endloop
  endfacet
  facet normal -0.53117 0.847265 0
    outer loop
      vertex 232.792 98.169 0
      vertex 232.662 98.0875 2.2
      vertex 232.792 98.169 2.2
    endloop
  endfacet
  facet normal -0.53117 0.847265 0
    outer loop
      vertex 232.662 98.0875 2.2
      vertex 232.792 98.169 0
      vertex 232.662 98.0875 0
    endloop
  endfacet
  facet normal -0.502311 0.864687 0
    outer loop
      vertex 232.923 98.2451 0
      vertex 232.792 98.169 2.2
      vertex 232.923 98.2451 2.2
    endloop
  endfacet
  facet normal -0.502311 0.864687 0
    outer loop
      vertex 232.792 98.169 2.2
      vertex 232.923 98.2451 0
      vertex 232.792 98.169 0
    endloop
  endfacet
  facet normal -0.475297 0.879825 0
    outer loop
      vertex 233.015 98.2948 0
      vertex 232.923 98.2451 2.2
      vertex 233.015 98.2948 2.2
    endloop
  endfacet
  facet normal -0.475297 0.879825 0
    outer loop
      vertex 232.923 98.2451 2.2
      vertex 233.015 98.2948 0
      vertex 232.923 98.2451 0
    endloop
  endfacet
  facet normal -0.0523263 0.99863 0
    outer loop
      vertex 249.162 99.5817 0
      vertex 240.822 99.1447 2.2
      vertex 249.162 99.5817 2.2
    endloop
  endfacet
  facet normal -0.0523263 0.99863 0
    outer loop
      vertex 240.822 99.1447 2.2
      vertex 249.162 99.5817 0
      vertex 240.822 99.1447 0
    endloop
  endfacet
  facet normal -1 0 0
    outer loop
      vertex 249.162 99.5817 0
      vertex 249.162 107.932 2.2
      vertex 249.162 107.932 0
    endloop
  endfacet
  facet normal -1 -0 0
    outer loop
      vertex 249.162 107.932 2.2
      vertex 249.162 99.5817 0
      vertex 249.162 99.5817 2.2
    endloop
  endfacet
  facet normal -1 0 0
    outer loop
      vertex 249.162 115.232 0
      vertex 249.162 119.575 2.2
      vertex 249.162 119.575 0
    endloop
  endfacet
  facet normal -1 -0 0
    outer loop
      vertex 249.162 119.575 2.2
      vertex 249.162 115.232 0
      vertex 249.162 115.232 2.2
    endloop
  endfacet
  facet normal 0 1 -0
    outer loop
      vertex 306.491 119.726 0
      vertex 257.068 119.726 2.2
      vertex 306.491 119.726 2.2
    endloop
  endfacet
  facet normal 0 1 0
    outer loop
      vertex 257.068 119.726 2.2
      vertex 306.491 119.726 0
      vertex 257.068 119.726 0
    endloop
  endfacet
  facet normal -0.973349 0.229329 0
    outer loop
      vertex 306.491 119.726 0
      vertex 309.491 132.459 2.2
      vertex 309.491 132.459 0
    endloop
  endfacet
  facet normal -0.973349 0.229329 0
    outer loop
      vertex 309.491 132.459 2.2
      vertex 306.491 119.726 0
      vertex 306.491 119.726 2.2
    endloop
  endfacet
  facet normal 0 1 -0
    outer loop
      vertex 311.634 132.459 0
      vertex 309.491 132.459 2.2
      vertex 311.634 132.459 2.2
    endloop
  endfacet
  facet normal 0 1 0
    outer loop
      vertex 309.491 132.459 2.2
      vertex 311.634 132.459 0
      vertex 309.491 132.459 0
    endloop
  endfacet
  facet normal 0 1 -0
    outer loop
      vertex 322.062 132.459 0
      vertex 319.569 132.459 2.2
      vertex 322.062 132.459 2.2
    endloop
  endfacet
  facet normal 0 1 0
    outer loop
      vertex 319.569 132.459 2.2
      vertex 322.062 132.459 0
      vertex 319.569 132.459 0
    endloop
  endfacet
  facet normal 0 1 -0
    outer loop
      vertex 334.76 131.326 0
      vertex 329.09 131.326 2.2
      vertex 334.76 131.326 2.2
    endloop
  endfacet
  facet normal 0 1 0
    outer loop
      vertex 329.09 131.326 2.2
      vertex 334.76 131.326 0
      vertex 329.09 131.326 0
    endloop
  endfacet
  facet normal 0.752577 0.658505 -8.50161e-18
    outer loop
      vertex 341.064 126.387 2.2
      vertex 340.826 126.659 0
      vertex 340.826 126.659 2.2
    endloop
  endfacet
  facet normal 0.752577 0.658505 -8.50161e-18
    outer loop
      vertex 340.826 126.659 0
      vertex 341.064 126.387 2.2
      vertex 341.064 126.387 0
    endloop
  endfacet
  facet normal 0.768409 0.639959 -1.06679e-17
    outer loop
      vertex 341.901 125.382 2.2
      vertex 341.064 126.387 0
      vertex 341.064 126.387 2.2
    endloop
  endfacet
  facet normal 0.768409 0.639959 -1.06679e-17
    outer loop
      vertex 341.064 126.387 0
      vertex 341.901 125.382 2.2
      vertex 341.901 125.382 0
    endloop
  endfacet
  facet normal 0.782224 0.622997 -1.394e-17
    outer loop
      vertex 342.707 124.37 2.2
      vertex 341.901 125.382 0
      vertex 341.901 125.382 2.2
    endloop
  endfacet
  facet normal 0.782224 0.622997 -1.394e-17
    outer loop
      vertex 341.901 125.382 0
      vertex 342.707 124.37 2.2
      vertex 342.707 124.37 0
    endloop
  endfacet
  facet normal 0.795665 0.605737 -5.11181e-18
    outer loop
      vertex 343.482 123.352 2.2
      vertex 342.707 124.37 0
      vertex 342.707 124.37 2.2
    endloop
  endfacet
  facet normal 0.795665 0.605737 -5.11181e-18
    outer loop
      vertex 342.707 124.37 0
      vertex 343.482 123.352 2.2
      vertex 343.482 123.352 0
    endloop
  endfacet
  facet normal 0.80771 0.589581 7.68569e-18
    outer loop
      vertex 344.228 122.33 2.2
      vertex 343.482 123.352 0
      vertex 343.482 123.352 2.2
    endloop
  endfacet
  facet normal 0.80771 0.589581 7.68569e-18
    outer loop
      vertex 343.482 123.352 0
      vertex 344.228 122.33 2.2
      vertex 344.228 122.33 0
    endloop
  endfacet
  facet normal 0.81927 0.573409 -1.71255e-17
    outer loop
      vertex 344.944 121.307 2.2
      vertex 344.228 122.33 0
      vertex 344.228 122.33 2.2
    endloop
  endfacet
  facet normal 0.81927 0.573409 -1.71255e-17
    outer loop
      vertex 344.228 122.33 0
      vertex 344.944 121.307 2.2
      vertex 344.944 121.307 0
    endloop
  endfacet
  facet normal 0.83005 0.55769 -1.39121e-17
    outer loop
      vertex 345.632 120.283 2.2
      vertex 344.944 121.307 0
      vertex 344.944 121.307 2.2
    endloop
  endfacet
  facet normal 0.83005 0.55769 -1.39121e-17
    outer loop
      vertex 344.944 121.307 0
      vertex 345.632 120.283 2.2
      vertex 345.632 120.283 0
    endloop
  endfacet
  facet normal 0.83968 0.543081 2.39087e-18
    outer loop
      vertex 346.293 119.261 2.2
      vertex 345.632 120.283 0
      vertex 345.632 120.283 2.2
    endloop
  endfacet
  facet normal 0.83968 0.543081 2.39087e-18
    outer loop
      vertex 345.632 120.283 0
      vertex 346.293 119.261 2.2
      vertex 346.293 119.261 0
    endloop
  endfacet
  facet normal 0.848699 0.528875 -1.86415e-17
    outer loop
      vertex 346.928 118.242 2.2
      vertex 346.293 119.261 0
      vertex 346.293 119.261 2.2
    endloop
  endfacet
  facet normal 0.848699 0.528875 -1.86415e-17
    outer loop
      vertex 346.293 119.261 0
      vertex 346.928 118.242 2.2
      vertex 346.928 118.242 0
    endloop
  endfacet
  facet normal 0.85712 0.515117 -1.84097e-18
    outer loop
      vertex 347.538 117.227 2.2
      vertex 346.928 118.242 0
      vertex 346.928 118.242 2.2
    endloop
  endfacet
  facet normal 0.85712 0.515117 -1.84097e-18
    outer loop
      vertex 346.928 118.242 0
      vertex 347.538 117.227 2.2
      vertex 347.538 117.227 0
    endloop
  endfacet
  facet normal 0.864897 0.501949 4.96049e-18
    outer loop
      vertex 348.123 116.219 2.2
      vertex 347.538 117.227 0
      vertex 347.538 117.227 2.2
    endloop
  endfacet
  facet normal 0.864897 0.501949 4.96049e-18
    outer loop
      vertex 347.538 117.227 0
      vertex 348.123 116.219 2.2
      vertex 348.123 116.219 0
    endloop
  endfacet
  facet normal 0.872134 0.489267 0
    outer loop
      vertex 348.684 115.219 2.2
      vertex 348.123 116.219 0
      vertex 348.123 116.219 2.2
    endloop
  endfacet
  facet normal 0.872134 0.489267 0
    outer loop
      vertex 348.123 116.219 0
      vertex 348.684 115.219 2.2
      vertex 348.684 115.219 0
    endloop
  endfacet
  facet normal 0.878438 0.477856 -1.93034e-17
    outer loop
      vertex 349.222 114.23 2.2
      vertex 348.684 115.219 0
      vertex 348.684 115.219 2.2
    endloop
  endfacet
  facet normal 0.878438 0.477856 -1.93034e-17
    outer loop
      vertex 348.684 115.219 0
      vertex 349.222 114.23 2.2
      vertex 349.222 114.23 0
    endloop
  endfacet
  facet normal 0.884271 0.466974 -5.3852e-18
    outer loop
      vertex 349.739 113.251 2.2
      vertex 349.222 114.23 0
      vertex 349.222 114.23 2.2
    endloop
  endfacet
  facet normal 0.884271 0.466974 -5.3852e-18
    outer loop
      vertex 349.222 114.23 0
      vertex 349.739 113.251 2.2
      vertex 349.739 113.251 0
    endloop
  endfacet
  facet normal 0.889769 0.45641 -4.02024e-18
    outer loop
      vertex 350.234 112.286 2.2
      vertex 349.739 113.251 0
      vertex 349.739 113.251 2.2
    endloop
  endfacet
  facet normal 0.889769 0.45641 -4.02024e-18
    outer loop
      vertex 349.739 113.251 0
      vertex 350.234 112.286 2.2
      vertex 350.234 112.286 0
    endloop
  endfacet
  facet normal 0.894427 0.447214 6.65177e-18
    outer loop
      vertex 350.709 111.336 2.2
      vertex 350.234 112.286 0
      vertex 350.234 112.286 2.2
    endloop
  endfacet
  facet normal 0.894427 0.447214 6.65177e-18
    outer loop
      vertex 350.234 112.286 0
      vertex 350.709 111.336 2.2
      vertex 350.709 111.336 0
    endloop
  endfacet
  facet normal 0.898435 0.439107 4.87973e-18
    outer loop
      vertex 351.165 110.403 2.2
      vertex 350.709 111.336 0
      vertex 350.709 111.336 2.2
    endloop
  endfacet
  facet normal 0.898435 0.439107 4.87973e-18
    outer loop
      vertex 350.709 111.336 0
      vertex 351.165 110.403 2.2
      vertex 351.165 110.403 0
    endloop
  endfacet
  facet normal 0.902751 0.430163 1.21724e-17
    outer loop
      vertex 351.601 109.488 2.2
      vertex 351.165 110.403 0
      vertex 351.165 110.403 2.2
    endloop
  endfacet
  facet normal 0.902751 0.430163 1.21724e-17
    outer loop
      vertex 351.165 110.403 0
      vertex 351.601 109.488 2.2
      vertex 351.601 109.488 0
    endloop
  endfacet
  facet normal 0.905665 0.423993 5.97269e-18
    outer loop
      vertex 352.02 108.593 2.2
      vertex 351.601 109.488 0
      vertex 351.601 109.488 2.2
    endloop
  endfacet
  facet normal 0.905665 0.423993 5.97269e-18
    outer loop
      vertex 351.601 109.488 0
      vertex 352.02 108.593 2.2
      vertex 352.02 108.593 0
    endloop
  endfacet
  facet normal 0.908538 0.417802 5.60621e-18
    outer loop
      vertex 352.421 107.721 2.2
      vertex 352.02 108.593 0
      vertex 352.02 108.593 2.2
    endloop
  endfacet
  facet normal 0.908538 0.417802 5.60621e-18
    outer loop
      vertex 352.02 108.593 0
      vertex 352.421 107.721 2.2
      vertex 352.421 107.721 0
    endloop
  endfacet
  facet normal 0.910733 0.412995 1.02898e-17
    outer loop
      vertex 352.806 106.872 2.2
      vertex 352.421 107.721 0
      vertex 352.421 107.721 2.2
    endloop
  endfacet
  facet normal 0.910733 0.412995 1.02898e-17
    outer loop
      vertex 352.421 107.721 0
      vertex 352.806 106.872 2.2
      vertex 352.806 106.872 0
    endloop
  endfacet
  facet normal 0.912481 0.40912 8.58877e-18
    outer loop
      vertex 353.175 106.049 2.2
      vertex 352.806 106.872 0
      vertex 352.806 106.872 2.2
    endloop
  endfacet
  facet normal 0.912481 0.40912 8.58877e-18
    outer loop
      vertex 352.806 106.872 0
      vertex 353.175 106.049 2.2
      vertex 353.175 106.049 0
    endloop
  endfacet
  facet normal 0.913527 0.406778 8.26684e-18
    outer loop
      vertex 353.529 105.254 2.2
      vertex 353.175 106.049 0
      vertex 353.175 106.049 2.2
    endloop
  endfacet
  facet normal 0.913527 0.406778 8.26684e-18
    outer loop
      vertex 353.175 106.049 0
      vertex 353.529 105.254 2.2
      vertex 353.529 105.254 0
    endloop
  endfacet
  facet normal 0.914388 0.404839 -2.72319e-18
    outer loop
      vertex 354.194 103.752 2.2
      vertex 353.529 105.254 0
      vertex 353.529 105.254 2.2
    endloop
  endfacet
  facet normal 0.914388 0.404839 -2.72319e-18
    outer loop
      vertex 353.529 105.254 0
      vertex 354.194 103.752 2.2
      vertex 354.194 103.752 0
    endloop
  endfacet
  facet normal 0.913974 0.405773 6.46046e-18
    outer loop
      vertex 354.503 103.056 2.2
      vertex 354.194 103.752 0
      vertex 354.194 103.752 2.2
    endloop
  endfacet
  facet normal 0.913974 0.405773 6.46046e-18
    outer loop
      vertex 354.194 103.752 0
      vertex 354.503 103.056 2.2
      vertex 354.503 103.056 0
    endloop
  endfacet
  facet normal 0.91187 0.410479 -8.21693e-18
    outer loop
      vertex 354.801 102.394 2.2
      vertex 354.503 103.056 0
      vertex 354.503 103.056 2.2
    endloop
  endfacet
  facet normal 0.91187 0.410479 -8.21693e-18
    outer loop
      vertex 354.503 103.056 0
      vertex 354.801 102.394 2.2
      vertex 354.801 102.394 0
    endloop
  endfacet
  facet normal 0.910117 0.414351 6.21579e-18
    outer loop
      vertex 355.086 101.768 2.2
      vertex 354.801 102.394 0
      vertex 354.801 102.394 2.2
    endloop
  endfacet
  facet normal 0.910117 0.414351 6.21579e-18
    outer loop
      vertex 354.801 102.394 0
      vertex 355.086 101.768 2.2
      vertex 355.086 101.768 0
    endloop
  endfacet
  facet normal 0.906263 0.422715 3.41566e-18
    outer loop
      vertex 355.357 101.187 2.2
      vertex 355.086 101.768 0
      vertex 355.086 101.768 2.2
    endloop
  endfacet
  facet normal 0.906263 0.422715 3.41566e-18
    outer loop
      vertex 355.086 101.768 0
      vertex 355.357 101.187 2.2
      vertex 355.357 101.187 0
    endloop
  endfacet
  facet normal 0.901366 0.433058 -3.25e-18
    outer loop
      vertex 355.615 100.65 2.2
      vertex 355.357 101.187 0
      vertex 355.357 101.187 2.2
    endloop
  endfacet
  facet normal 0.901366 0.433058 -3.25e-18
    outer loop
      vertex 355.357 101.187 0
      vertex 355.615 100.65 2.2
      vertex 355.615 100.65 0
    endloop
  endfacet
  facet normal 0.89516 0.445746 5.76968e-18
    outer loop
      vertex 355.858 100.162 2.2
      vertex 355.615 100.65 0
      vertex 355.615 100.65 2.2
    endloop
  endfacet
  facet normal 0.89516 0.445746 5.76968e-18
    outer loop
      vertex 355.615 100.65 0
      vertex 355.858 100.162 2.2
      vertex 355.858 100.162 0
    endloop
  endfacet
  facet normal 0.885756 0.464152 -3.00212e-18
    outer loop
      vertex 356.086 99.7269 2.2
      vertex 355.858 100.162 0
      vertex 355.858 100.162 2.2
    endloop
  endfacet
  facet normal 0.885756 0.464152 -3.00212e-18
    outer loop
      vertex 355.858 100.162 0
      vertex 356.086 99.7269 2.2
      vertex 356.086 99.7269 0
    endloop
  endfacet
  facet normal 0.874375 0.48525 -2.13535e-18
    outer loop
      vertex 356.296 99.3485 2.2
      vertex 356.086 99.7269 0
      vertex 356.086 99.7269 2.2
    endloop
  endfacet
  facet normal 0.874375 0.48525 -2.13535e-18
    outer loop
      vertex 356.086 99.7269 0
      vertex 356.296 99.3485 2.2
      vertex 356.296 99.3485 0
    endloop
  endfacet
  facet normal 0.85792 0.513783 -3.78645e-19
    outer loop
      vertex 356.349 99.26 2.2
      vertex 356.296 99.3485 0
      vertex 356.296 99.3485 2.2
    endloop
  endfacet
  facet normal 0.85792 0.513783 -3.78645e-19
    outer loop
      vertex 356.296 99.3485 0
      vertex 356.349 99.26 2.2
      vertex 356.349 99.26 0
    endloop
  endfacet
  facet normal 0.0441674 0.999024 -0
    outer loop
      vertex 356.539 99.2516 0
      vertex 356.349 99.26 2.2
      vertex 356.539 99.2516 2.2
    endloop
  endfacet
  facet normal 0.0441674 0.999024 0
    outer loop
      vertex 356.349 99.26 2.2
      vertex 356.539 99.2516 0
      vertex 356.349 99.26 0
    endloop
  endfacet
  facet normal 0.10153 0.994832 -0
    outer loop
      vertex 356.782 99.2268 0
      vertex 356.539 99.2516 2.2
      vertex 356.782 99.2268 2.2
    endloop
  endfacet
  facet normal 0.10153 0.994832 0
    outer loop
      vertex 356.539 99.2516 2.2
      vertex 356.782 99.2268 0
      vertex 356.539 99.2516 0
    endloop
  endfacet
  facet normal 0.157438 0.987529 -0
    outer loop
      vertex 357.026 99.1879 0
      vertex 356.782 99.2268 2.2
      vertex 357.026 99.1879 2.2
    endloop
  endfacet
  facet normal 0.157438 0.987529 0
    outer loop
      vertex 356.782 99.2268 2.2
      vertex 357.026 99.1879 0
      vertex 356.782 99.2268 0
    endloop
  endfacet
  facet normal 0.215557 0.976491 -0
    outer loop
      vertex 357.267 99.1347 0
      vertex 357.026 99.1879 2.2
      vertex 357.267 99.1347 2.2
    endloop
  endfacet
  facet normal 0.215557 0.976491 0
    outer loop
      vertex 357.026 99.1879 2.2
      vertex 357.267 99.1347 0
      vertex 357.026 99.1879 0
    endloop
  endfacet
  facet normal 0.270332 0.962767 -0
    outer loop
      vertex 357.496 99.0704 0
      vertex 357.267 99.1347 2.2
      vertex 357.496 99.0704 2.2
    endloop
  endfacet
  facet normal 0.270332 0.962767 0
    outer loop
      vertex 357.267 99.1347 2.2
      vertex 357.496 99.0704 0
      vertex 357.267 99.1347 0
    endloop
  endfacet
  facet normal 0.322879 0.94644 -0
    outer loop
      vertex 357.722 98.9933 0
      vertex 357.496 99.0704 2.2
      vertex 357.722 98.9933 2.2
    endloop
  endfacet
  facet normal 0.322879 0.94644 0
    outer loop
      vertex 357.496 99.0704 2.2
      vertex 357.722 98.9933 0
      vertex 357.496 99.0704 0
    endloop
  endfacet
  facet normal 0.375157 0.926961 -0
    outer loop
      vertex 357.934 98.9075 0
      vertex 357.722 98.9933 2.2
      vertex 357.934 98.9075 2.2
    endloop
  endfacet
  facet normal 0.375157 0.926961 0
    outer loop
      vertex 357.722 98.9933 2.2
      vertex 357.934 98.9075 0
      vertex 357.722 98.9933 0
    endloop
  endfacet
  facet normal 0.420763 0.907171 -0
    outer loop
      vertex 358.133 98.8152 0
      vertex 357.934 98.9075 2.2
      vertex 358.133 98.8152 2.2
    endloop
  endfacet
  facet normal 0.420763 0.907171 0
    outer loop
      vertex 357.934 98.9075 2.2
      vertex 358.133 98.8152 0
      vertex 357.934 98.9075 0
    endloop
  endfacet
  facet normal 0.467567 0.883958 -0
    outer loop
      vertex 358.323 98.7147 0
      vertex 358.133 98.8152 2.2
      vertex 358.323 98.7147 2.2
    endloop
  endfacet
  facet normal 0.467567 0.883958 0
    outer loop
      vertex 358.133 98.8152 2.2
      vertex 358.323 98.7147 0
      vertex 358.133 98.8152 0
    endloop
  endfacet
  facet normal 0.507868 0.861435 -0
    outer loop
      vertex 358.505 98.6074 0
      vertex 358.323 98.7147 2.2
      vertex 358.505 98.6074 2.2
    endloop
  endfacet
  facet normal 0.507868 0.861435 0
    outer loop
      vertex 358.323 98.7147 2.2
      vertex 358.505 98.6074 0
      vertex 358.323 98.7147 0
    endloop
  endfacet
  facet normal 0.548592 0.83609 -0
    outer loop
      vertex 358.676 98.4952 0
      vertex 358.505 98.6074 2.2
      vertex 358.676 98.4952 2.2
    endloop
  endfacet
  facet normal 0.548592 0.83609 0
    outer loop
      vertex 358.505 98.6074 2.2
      vertex 358.676 98.4952 0
      vertex 358.505 98.6074 0
    endloop
  endfacet
  facet normal 0.586476 0.809967 -0
    outer loop
      vertex 358.838 98.3779 0
      vertex 358.676 98.4952 2.2
      vertex 358.838 98.3779 2.2
    endloop
  endfacet
  facet normal 0.586476 0.809967 0
    outer loop
      vertex 358.676 98.4952 2.2
      vertex 358.838 98.3779 0
      vertex 358.676 98.4952 0
    endloop
  endfacet
  facet normal 0.623414 0.781892 -0
    outer loop
      vertex 358.987 98.2591 0
      vertex 358.838 98.3779 2.2
      vertex 358.987 98.2591 2.2
    endloop
  endfacet
  facet normal 0.623414 0.781892 0
    outer loop
      vertex 358.838 98.3779 2.2
      vertex 358.987 98.2591 0
      vertex 358.838 98.3779 0
    endloop
  endfacet
  facet normal 0.651728 0.758453 -0
    outer loop
      vertex 359.127 98.1388 0
      vertex 358.987 98.2591 2.2
      vertex 359.127 98.1388 2.2
    endloop
  endfacet
  facet normal 0.651728 0.758453 0
    outer loop
      vertex 358.987 98.2591 2.2
      vertex 359.127 98.1388 0
      vertex 358.987 98.2591 0
    endloop
  endfacet
  facet normal 0.686302 0.727316 -0
    outer loop
      vertex 359.26 98.0133 0
      vertex 359.127 98.1388 2.2
      vertex 359.26 98.0133 2.2
    endloop
  endfacet
  facet normal 0.686302 0.727316 0
    outer loop
      vertex 359.127 98.1388 2.2
      vertex 359.26 98.0133 0
      vertex 359.127 98.1388 0
    endloop
  endfacet
  facet normal 0.709377 0.704829 1.82102e-18
    outer loop
      vertex 359.384 97.8885 2.2
      vertex 359.26 98.0133 0
      vertex 359.26 98.0133 2.2
    endloop
  endfacet
  facet normal 0.709377 0.704829 1.82102e-18
    outer loop
      vertex 359.26 98.0133 0
      vertex 359.384 97.8885 2.2
      vertex 359.384 97.8885 0
    endloop
  endfacet
  facet normal 0.738317 0.674453 -1.7168e-18
    outer loop
      vertex 359.497 97.7648 2.2
      vertex 359.384 97.8885 0
      vertex 359.384 97.8885 2.2
    endloop
  endfacet
  facet normal 0.738317 0.674453 -1.7168e-18
    outer loop
      vertex 359.384 97.8885 0
      vertex 359.497 97.7648 2.2
      vertex 359.497 97.7648 0
    endloop
  endfacet
  facet normal 0.763315 0.646027 7.34072e-19
    outer loop
      vertex 359.6 97.6431 2.2
      vertex 359.497 97.7648 0
      vertex 359.497 97.7648 2.2
    endloop
  endfacet
  facet normal 0.763315 0.646027 7.34072e-19
    outer loop
      vertex 359.497 97.7648 0
      vertex 359.6 97.6431 2.2
      vertex 359.6 97.6431 0
    endloop
  endfacet
  facet normal 0.779757 0.626082 -2.16333e-18
    outer loop
      vertex 359.699 97.5198 2.2
      vertex 359.6 97.6431 0
      vertex 359.6 97.6431 2.2
    endloop
  endfacet
  facet normal 0.779757 0.626082 -2.16333e-18
    outer loop
      vertex 359.6 97.6431 0
      vertex 359.699 97.5198 2.2
      vertex 359.699 97.5198 0
    endloop
  endfacet
  facet normal 0.802989 0.595994 1.71463e-18
    outer loop
      vertex 359.792 97.3945 2.2
      vertex 359.699 97.5198 0
      vertex 359.699 97.5198 2.2
    endloop
  endfacet
  facet normal 0.802989 0.595994 1.71463e-18
    outer loop
      vertex 359.699 97.5198 0
      vertex 359.792 97.3945 2.2
      vertex 359.792 97.3945 0
    endloop
  endfacet
  facet normal 0.822397 0.568914 -1.3229e-18
    outer loop
      vertex 359.882 97.2644 2.2
      vertex 359.792 97.3945 0
      vertex 359.792 97.3945 2.2
    endloop
  endfacet
  facet normal 0.822397 0.568914 -1.3229e-18
    outer loop
      vertex 359.792 97.3945 0
      vertex 359.882 97.2644 2.2
      vertex 359.882 97.2644 0
    endloop
  endfacet
  facet normal 0.840501 0.54181 1.18168e-18
    outer loop
      vertex 359.96 97.1434 2.2
      vertex 359.882 97.2644 0
      vertex 359.882 97.2644 2.2
    endloop
  endfacet
  facet normal 0.840501 0.54181 1.18168e-18
    outer loop
      vertex 359.882 97.2644 0
      vertex 359.96 97.1434 2.2
      vertex 359.96 97.1434 0
    endloop
  endfacet
  facet normal 0.853299 0.521422 -2.51264e-18
    outer loop
      vertex 360.034 97.0223 2.2
      vertex 359.96 97.1434 0
      vertex 359.96 97.1434 2.2
    endloop
  endfacet
  facet normal 0.853299 0.521422 -2.51264e-18
    outer loop
      vertex 359.96 97.1434 0
      vertex 360.034 97.0223 2.2
      vertex 360.034 97.0223 0
    endloop
  endfacet
  facet normal 0.869694 0.493591 1.66406e-18
    outer loop
      vertex 360.105 96.8972 2.2
      vertex 360.034 97.0223 0
      vertex 360.034 97.0223 2.2
    endloop
  endfacet
  facet normal 0.869694 0.493591 1.66406e-18
    outer loop
      vertex 360.034 97.0223 0
      vertex 360.105 96.8972 2.2
      vertex 360.105 96.8972 0
    endloop
  endfacet
  facet normal 0.883665 0.468119 1.73396e-18
    outer loop
      vertex 360.17 96.7745 2.2
      vertex 360.105 96.8972 0
      vertex 360.105 96.8972 2.2
    endloop
  endfacet
  facet normal 0.883665 0.468119 1.73396e-18
    outer loop
      vertex 360.105 96.8972 0
      vertex 360.17 96.7745 2.2
      vertex 360.17 96.7745 0
    endloop
  endfacet
  facet normal 0.895674 0.44471 1.97358e-18
    outer loop
      vertex 360.234 96.6456 2.2
      vertex 360.17 96.7745 0
      vertex 360.17 96.7745 2.2
    endloop
  endfacet
  facet normal 0.895674 0.44471 1.97358e-18
    outer loop
      vertex 360.17 96.7745 0
      vertex 360.234 96.6456 2.2
      vertex 360.234 96.6456 0
    endloop
  endfacet
  facet normal 0.907916 0.419153 1.06744e-19
    outer loop
      vertex 360.29 96.5243 2.2
      vertex 360.234 96.6456 0
      vertex 360.234 96.6456 2.2
    endloop
  endfacet
  facet normal 0.907916 0.419153 1.06744e-19
    outer loop
      vertex 360.234 96.6456 0
      vertex 360.29 96.5243 2.2
      vertex 360.29 96.5243 0
    endloop
  endfacet
  facet normal 0.919741 0.392525 -8.76243e-19
    outer loop
      vertex 360.341 96.4048 2.2
      vertex 360.29 96.5243 0
      vertex 360.29 96.5243 2.2
    endloop
  endfacet
  facet normal 0.919741 0.392525 -8.76243e-19
    outer loop
      vertex 360.29 96.5243 0
      vertex 360.341 96.4048 2.2
      vertex 360.341 96.4048 0
    endloop
  endfacet
  facet normal 0.92728 0.374368 1.11054e-18
    outer loop
      vertex 360.393 96.276 2.2
      vertex 360.341 96.4048 0
      vertex 360.341 96.4048 2.2
    endloop
  endfacet
  facet normal 0.92728 0.374368 1.11054e-18
    outer loop
      vertex 360.341 96.4048 0
      vertex 360.393 96.276 2.2
      vertex 360.393 96.276 0
    endloop
  endfacet
  facet normal 0.938761 0.34457 -1.20696e-18
    outer loop
      vertex 360.438 96.1534 2.2
      vertex 360.393 96.276 0
      vertex 360.393 96.276 2.2
    endloop
  endfacet
  facet normal 0.938761 0.34457 -1.20696e-18
    outer loop
      vertex 360.393 96.276 0
      vertex 360.438 96.1534 2.2
      vertex 360.438 96.1534 0
    endloop
  endfacet
  facet normal 0.948683 0.316228 -1.14881e-18
    outer loop
      vertex 360.48 96.0274 2.2
      vertex 360.438 96.1534 0
      vertex 360.438 96.1534 2.2
    endloop
  endfacet
  facet normal 0.948683 0.316228 -1.14881e-18
    outer loop
      vertex 360.438 96.1534 0
      vertex 360.48 96.0274 2.2
      vertex 360.48 96.0274 0
    endloop
  endfacet
  facet normal 0.955266 0.295748 -1.16376e-18
    outer loop
      vertex 360.52 95.8982 2.2
      vertex 360.48 96.0274 0
      vertex 360.48 96.0274 2.2
    endloop
  endfacet
  facet normal 0.955266 0.295748 -1.16376e-18
    outer loop
      vertex 360.48 96.0274 0
      vertex 360.52 95.8982 2.2
      vertex 360.52 95.8982 0
    endloop
  endfacet
  facet normal 0.963177 0.268867 1.27518e-18
    outer loop
      vertex 360.554 95.7764 2.2
      vertex 360.52 95.8982 0
      vertex 360.52 95.8982 2.2
    endloop
  endfacet
  facet normal 0.963177 0.268867 1.27518e-18
    outer loop
      vertex 360.52 95.8982 0
      vertex 360.554 95.7764 2.2
      vertex 360.554 95.7764 0
    endloop
  endfacet
  facet normal 0.968571 0.248738 8.8476e-19
    outer loop
      vertex 360.587 95.6479 2.2
      vertex 360.554 95.7764 0
      vertex 360.554 95.7764 2.2
    endloop
  endfacet
  facet normal 0.968571 0.248738 8.8476e-19
    outer loop
      vertex 360.554 95.7764 0
      vertex 360.587 95.6479 2.2
      vertex 360.587 95.6479 0
    endloop
  endfacet
  facet normal 0.975913 0.218162 7.90665e-19
    outer loop
      vertex 360.617 95.5137 2.2
      vertex 360.587 95.6479 0
      vertex 360.587 95.6479 2.2
    endloop
  endfacet
  facet normal 0.975913 0.218162 7.90665e-19
    outer loop
      vertex 360.587 95.6479 0
      vertex 360.617 95.5137 2.2
      vertex 360.617 95.5137 0
    endloop
  endfacet
  facet normal 0.980725 0.195393 -7.18297e-19
    outer loop
      vertex 360.643 95.3832 2.2
      vertex 360.617 95.5137 0
      vertex 360.617 95.5137 2.2
    endloop
  endfacet
  facet normal 0.980725 0.195393 -7.18297e-19
    outer loop
      vertex 360.617 95.5137 0
      vertex 360.643 95.3832 2.2
      vertex 360.643 95.3832 0
    endloop
  endfacet
  facet normal 0.986494 0.163795 2.06647e-20
    outer loop
      vertex 360.665 95.2507 2.2
      vertex 360.643 95.3832 0
      vertex 360.643 95.3832 2.2
    endloop
  endfacet
  facet normal 0.986494 0.163795 2.06647e-20
    outer loop
      vertex 360.643 95.3832 0
      vertex 360.665 95.2507 2.2
      vertex 360.665 95.2507 0
    endloop
  endfacet
  facet normal 0.990641 0.136492 -5.43173e-19
    outer loop
      vertex 360.684 95.1128 2.2
      vertex 360.665 95.2507 0
      vertex 360.665 95.2507 2.2
    endloop
  endfacet
  facet normal 0.990641 0.136492 -5.43173e-19
    outer loop
      vertex 360.665 95.2507 0
      vertex 360.684 95.1128 2.2
      vertex 360.684 95.1128 0
    endloop
  endfacet
  facet normal 0.994008 0.109307 -3.22866e-19
    outer loop
      vertex 360.7 94.9673 2.2
      vertex 360.684 95.1128 0
      vertex 360.684 95.1128 2.2
    endloop
  endfacet
  facet normal 0.994008 0.109307 -3.22866e-19
    outer loop
      vertex 360.684 95.1128 0
      vertex 360.7 94.9673 2.2
      vertex 360.7 94.9673 0
    endloop
  endfacet
  facet normal 0.997034 0.076964 1.56903e-19
    outer loop
      vertex 360.711 94.8248 2.2
      vertex 360.7 94.9673 0
      vertex 360.7 94.9673 2.2
    endloop
  endfacet
  facet normal 0.997034 0.076964 1.56903e-19
    outer loop
      vertex 360.7 94.9673 0
      vertex 360.711 94.8248 2.2
      vertex 360.711 94.8248 0
    endloop
  endfacet
  facet normal 0.998827 0.0484196 -8.47015e-20
    outer loop
      vertex 360.718 94.6804 2.2
      vertex 360.711 94.8248 0
      vertex 360.711 94.8248 2.2
    endloop
  endfacet
  facet normal 0.998827 0.0484196 -8.47015e-20
    outer loop
      vertex 360.711 94.8248 0
      vertex 360.718 94.6804 2.2
      vertex 360.718 94.6804 0
    endloop
  endfacet
  facet normal 0.999705 0.0242942 6.96788e-20
    outer loop
      vertex 360.72 94.5981 2.2
      vertex 360.718 94.6804 0
      vertex 360.718 94.6804 2.2
    endloop
  endfacet
  facet normal 0.999705 0.0242942 6.96788e-20
    outer loop
      vertex 360.718 94.6804 0
      vertex 360.72 94.5981 2.2
      vertex 360.72 94.5981 0
    endloop
  endfacet
  facet normal 0.999897 0.0143457 2.43327e-20
    outer loop
      vertex 360.721 94.5284 2.2
      vertex 360.72 94.5981 0
      vertex 360.72 94.5981 2.2
    endloop
  endfacet
  facet normal 0.999897 0.0143457 2.43327e-20
    outer loop
      vertex 360.72 94.5981 0
      vertex 360.721 94.5284 2.2
      vertex 360.721 94.5284 0
    endloop
  endfacet
  facet normal 0.999783 0.0208288 -1.44529e-20
    outer loop
      vertex 360.726 94.2884 2.2
      vertex 360.721 94.5284 0
      vertex 360.721 94.5284 2.2
    endloop
  endfacet
  facet normal 0.999783 0.0208288 -1.44529e-20
    outer loop
      vertex 360.721 94.5284 0
      vertex 360.726 94.2884 2.2
      vertex 360.726 94.2884 0
    endloop
  endfacet
  facet normal 0.999791 0.0204665 1.30886e-19
    outer loop
      vertex 360.734 93.8976 2.2
      vertex 360.726 94.2884 0
      vertex 360.726 94.2884 2.2
    endloop
  endfacet
  facet normal 0.999791 0.0204665 1.30886e-19
    outer loop
      vertex 360.726 94.2884 0
      vertex 360.734 93.8976 2.2
      vertex 360.734 93.8976 0
    endloop
  endfacet
  facet normal 0.999824 0.0187655 -2.42572e-19
    outer loop
      vertex 360.744 93.3648 2.2
      vertex 360.734 93.8976 0
      vertex 360.734 93.8976 2.2
    endloop
  endfacet
  facet normal 0.999824 0.0187655 -2.42572e-19
    outer loop
      vertex 360.734 93.8976 0
      vertex 360.744 93.3648 2.2
      vertex 360.744 93.3648 0
    endloop
  endfacet
  facet normal 0.999889 0.0149237 3.48318e-20
    outer loop
      vertex 360.754 92.6948 2.2
      vertex 360.744 93.3648 0
      vertex 360.744 93.3648 2.2
    endloop
  endfacet
  facet normal 0.999889 0.0149237 3.48318e-20
    outer loop
      vertex 360.744 93.3648 0
      vertex 360.754 92.6948 2.2
      vertex 360.754 92.6948 0
    endloop
  endfacet
  facet normal 0.999905 0.0137504 -2.45468e-19
    outer loop
      vertex 360.765 91.8949 2.2
      vertex 360.754 92.6948 0
      vertex 360.754 92.6948 2.2
    endloop
  endfacet
  facet normal 0.999905 0.0137504 -2.45468e-19
    outer loop
      vertex 360.754 92.6948 0
      vertex 360.765 91.8949 2.2
      vertex 360.765 91.8949 0
    endloop
  endfacet
  facet normal 0.999929 0.0119129 3.01936e-19
    outer loop
      vertex 360.776 90.9716 2.2
      vertex 360.765 91.8949 0
      vertex 360.765 91.8949 2.2
    endloop
  endfacet
  facet normal 0.999929 0.0119129 3.01936e-19
    outer loop
      vertex 360.765 91.8949 0
      vertex 360.776 90.9716 2.2
      vertex 360.776 90.9716 0
    endloop
  endfacet
  facet normal 0.999963 0.00864521 2.38644e-19
    outer loop
      vertex 360.785 89.9306 2.2
      vertex 360.776 90.9716 0
      vertex 360.776 90.9716 2.2
    endloop
  endfacet
  facet normal 0.999963 0.00864521 2.38644e-19
    outer loop
      vertex 360.776 90.9716 0
      vertex 360.785 89.9306 2.2
      vertex 360.785 89.9306 0
    endloop
  endfacet
  facet normal 0.999974 0.00726122 -9.4043e-20
    outer loop
      vertex 360.792 88.9666 2.2
      vertex 360.785 89.9306 0
      vertex 360.785 89.9306 2.2
    endloop
  endfacet
  facet normal 0.999974 0.00726122 -9.4043e-20
    outer loop
      vertex 360.785 89.9306 0
      vertex 360.792 88.9666 2.2
      vertex 360.792 88.9666 0
    endloop
  endfacet
  facet normal 0.999946 -0.0104242 6.16187e-20
    outer loop
      vertex 360.766 79.8835 2.2
      vertex 360.778 81.0346 0
      vertex 360.778 81.0346 2.2
    endloop
  endfacet
  facet normal 0.999946 -0.0104242 6.16187e-20
    outer loop
      vertex 360.778 81.0346 0
      vertex 360.766 79.8835 2.2
      vertex 360.766 79.8835 0
    endloop
  endfacet
  facet normal 0.999906 -0.0136825 8.48374e-20
    outer loop
      vertex 360.742 78.1296 2.2
      vertex 360.766 79.8835 0
      vertex 360.766 79.8835 2.2
    endloop
  endfacet
  facet normal 0.999906 -0.0136825 8.48374e-20
    outer loop
      vertex 360.766 79.8835 0
      vertex 360.742 78.1296 2.2
      vertex 360.742 78.1296 0
    endloop
  endfacet
  facet normal 0.999854 -0.0170793 -5.84691e-19
    outer loop
      vertex 360.711 76.3148 2.2
      vertex 360.742 78.1296 0
      vertex 360.742 78.1296 2.2
    endloop
  endfacet
  facet normal 0.999854 -0.0170793 -5.84691e-19
    outer loop
      vertex 360.742 78.1296 0
      vertex 360.711 76.3148 2.2
      vertex 360.711 76.3148 0
    endloop
  endfacet
  facet normal 0.999782 -0.0208567 -1.43618e-18
    outer loop
      vertex 360.672 74.4453 2.2
      vertex 360.711 76.3148 0
      vertex 360.711 76.3148 2.2
    endloop
  endfacet
  facet normal 0.999782 -0.0208567 -1.43618e-18
    outer loop
      vertex 360.711 76.3148 0
      vertex 360.672 74.4453 2.2
      vertex 360.672 74.4453 0
    endloop
  endfacet
  facet normal 0.999687 -0.0250235 -4.22028e-19
    outer loop
      vertex 360.624 72.5277 2.2
      vertex 360.672 74.4453 0
      vertex 360.672 74.4453 2.2
    endloop
  endfacet
  facet normal 0.999687 -0.0250235 -4.22028e-19
    outer loop
      vertex 360.672 74.4453 0
      vertex 360.624 72.5277 2.2
      vertex 360.624 72.5277 0
    endloop
  endfacet
  facet normal 0.999577 -0.0290768 3.09739e-19
    outer loop
      vertex 360.567 70.5682 2.2
      vertex 360.624 72.5277 0
      vertex 360.624 72.5277 2.2
    endloop
  endfacet
  facet normal 0.999577 -0.0290768 3.09739e-19
    outer loop
      vertex 360.624 72.5277 0
      vertex 360.567 70.5682 2.2
      vertex 360.567 70.5682 0
    endloop
  endfacet
  facet normal 0.99942 -0.0340569 -2.08384e-18
    outer loop
      vertex 360.499 68.5727 2.2
      vertex 360.567 70.5682 0
      vertex 360.567 70.5682 2.2
    endloop
  endfacet
  facet normal 0.99942 -0.0340569 -2.08384e-18
    outer loop
      vertex 360.567 70.5682 0
      vertex 360.499 68.5727 2.2
      vertex 360.499 68.5727 0
    endloop
  endfacet
  facet normal 0.999259 -0.0384862 -1.49089e-18
    outer loop
      vertex 360.421 66.5475 2.2
      vertex 360.499 68.5727 0
      vertex 360.499 68.5727 2.2
    endloop
  endfacet
  facet normal 0.999259 -0.0384862 -1.49089e-18
    outer loop
      vertex 360.499 68.5727 0
      vertex 360.421 66.5475 2.2
      vertex 360.421 66.5475 0
    endloop
  endfacet
  facet normal 0.999015 -0.0443833 -2.48438e-18
    outer loop
      vertex 360.33 64.4992 2.2
      vertex 360.421 66.5475 0
      vertex 360.421 66.5475 2.2
    endloop
  endfacet
  facet normal 0.999015 -0.0443833 -2.48438e-18
    outer loop
      vertex 360.421 66.5475 0
      vertex 360.33 64.4992 2.2
      vertex 360.33 64.4992 0
    endloop
  endfacet
  facet normal 0.998783 -0.0493202 1.71613e-18
    outer loop
      vertex 360.228 62.4336 2.2
      vertex 360.33 64.4992 0
      vertex 360.33 64.4992 2.2
    endloop
  endfacet
  facet normal 0.998783 -0.0493202 1.71613e-18
    outer loop
      vertex 360.33 64.4992 0
      vertex 360.228 62.4336 2.2
      vertex 360.228 62.4336 0
    endloop
  endfacet
  facet normal 0.998443 -0.0557763 -2.64507e-18
    outer loop
      vertex 360.112 60.3571 2.2
      vertex 360.228 62.4336 0
      vertex 360.228 62.4336 2.2
    endloop
  endfacet
  facet normal 0.998443 -0.0557763 -2.64507e-18
    outer loop
      vertex 360.228 62.4336 0
      vertex 360.112 60.3571 2.2
      vertex 360.112 60.3571 0
    endloop
  endfacet
  facet normal 0.998085 -0.0618588 5.98698e-18
    outer loop
      vertex 359.983 58.2757 2.2
      vertex 360.112 60.3571 0
      vertex 360.112 60.3571 2.2
    endloop
  endfacet
  facet normal 0.998085 -0.0618588 5.98698e-18
    outer loop
      vertex 360.112 60.3571 0
      vertex 359.983 58.2757 2.2
      vertex 359.983 58.2757 0
    endloop
  endfacet
  facet normal 0.997612 -0.0690622 7.03701e-19
    outer loop
      vertex 359.839 56.1956 2.2
      vertex 359.983 58.2757 0
      vertex 359.983 58.2757 2.2
    endloop
  endfacet
  facet normal 0.997612 -0.0690622 7.03701e-19
    outer loop
      vertex 359.983 58.2757 0
      vertex 359.839 56.1956 2.2
      vertex 359.839 56.1956 0
    endloop
  endfacet
  facet normal 0.997034 -0.0769576 3.46887e-18
    outer loop
      vertex 359.679 54.1227 2.2
      vertex 359.839 56.1956 0
      vertex 359.839 56.1956 2.2
    endloop
  endfacet
  facet normal 0.997034 -0.0769576 3.46887e-18
    outer loop
      vertex 359.839 56.1956 0
      vertex 359.679 54.1227 2.2
      vertex 359.679 54.1227 0
    endloop
  endfacet
  facet normal 0.996409 -0.0846711 1.7033e-18
    outer loop
      vertex 359.504 52.0633 2.2
      vertex 359.679 54.1227 0
      vertex 359.679 54.1227 2.2
    endloop
  endfacet
  facet normal 0.996409 -0.0846711 1.7033e-18
    outer loop
      vertex 359.679 54.1227 0
      vertex 359.504 52.0633 2.2
      vertex 359.504 52.0633 0
    endloop
  endfacet
  facet normal 0.995554 -0.0941873 1.42249e-18
    outer loop
      vertex 359.311 50.0233 2.2
      vertex 359.504 52.0633 0
      vertex 359.504 52.0633 2.2
    endloop
  endfacet
  facet normal 0.995554 -0.0941873 1.42249e-18
    outer loop
      vertex 359.504 52.0633 0
      vertex 359.311 50.0233 2.2
      vertex 359.311 50.0233 0
    endloop
  endfacet
  facet normal 0.994612 -0.103667 5.78119e-18
    outer loop
      vertex 359.101 48.0085 2.2
      vertex 359.311 50.0233 0
      vertex 359.311 50.0233 2.2
    endloop
  endfacet
  facet normal 0.994612 -0.103667 5.78119e-18
    outer loop
      vertex 359.311 50.0233 0
      vertex 359.101 48.0085 2.2
      vertex 359.101 48.0085 0
    endloop
  endfacet
  facet normal 0.993403 -0.114679 -6.28666e-18
    outer loop
      vertex 358.872 46.0248 2.2
      vertex 359.101 48.0085 0
      vertex 359.101 48.0085 2.2
    endloop
  endfacet
  facet normal 0.993403 -0.114679 -6.28666e-18
    outer loop
      vertex 359.101 48.0085 0
      vertex 358.872 46.0248 2.2
      vertex 358.872 46.0248 0
    endloop
  endfacet
  facet normal 0.99192 -0.126869 -1.93291e-18
    outer loop
      vertex 358.623 44.078 2.2
      vertex 358.872 46.0248 0
      vertex 358.872 46.0248 2.2
    endloop
  endfacet
  facet normal 0.99192 -0.126869 -1.93291e-18
    outer loop
      vertex 358.872 46.0248 0
      vertex 358.623 44.078 2.2
      vertex 358.623 44.078 0
    endloop
  endfacet
  facet normal 0.990171 -0.139863 5.1708e-18
    outer loop
      vertex 358.354 42.1736 2.2
      vertex 358.623 44.078 0
      vertex 358.623 44.078 2.2
    endloop
  endfacet
  facet normal 0.990171 -0.139863 5.1708e-18
    outer loop
      vertex 358.623 44.078 0
      vertex 358.354 42.1736 2.2
      vertex 358.354 42.1736 0
    endloop
  endfacet
  facet normal 0.987937 -0.154856 9.5182e-18
    outer loop
      vertex 358.063 40.3171 2.2
      vertex 358.354 42.1736 0
      vertex 358.354 42.1736 2.2
    endloop
  endfacet
  facet normal 0.987937 -0.154856 9.5182e-18
    outer loop
      vertex 358.354 42.1736 0
      vertex 358.063 40.3171 2.2
      vertex 358.063 40.3171 0
    endloop
  endfacet
  facet normal 0.985272 -0.170995 -9.52622e-18
    outer loop
      vertex 357.75 38.5136 2.2
      vertex 358.063 40.3171 0
      vertex 358.063 40.3171 2.2
    endloop
  endfacet
  facet normal 0.985272 -0.170995 -9.52622e-18
    outer loop
      vertex 358.063 40.3171 0
      vertex 357.75 38.5136 2.2
      vertex 357.75 38.5136 0
    endloop
  endfacet
  facet normal 0.981761 -0.19012 4.44977e-18
    outer loop
      vertex 357.412 36.7682 2.2
      vertex 357.75 38.5136 0
      vertex 357.75 38.5136 2.2
    endloop
  endfacet
  facet normal 0.981761 -0.19012 4.44977e-18
    outer loop
      vertex 357.75 38.5136 0
      vertex 357.412 36.7682 2.2
      vertex 357.412 36.7682 0
    endloop
  endfacet
  facet normal 0.977386 -0.211465 -1.31492e-18
    outer loop
      vertex 357.048 35.0858 2.2
      vertex 357.412 36.7682 0
      vertex 357.412 36.7682 2.2
    endloop
  endfacet
  facet normal 0.977386 -0.211465 -1.31492e-18
    outer loop
      vertex 357.412 36.7682 0
      vertex 357.048 35.0858 2.2
      vertex 357.048 35.0858 0
    endloop
  endfacet
  facet normal 0.971807 -0.235779 9.19206e-18
    outer loop
      vertex 356.656 33.4701 2.2
      vertex 357.048 35.0858 0
      vertex 357.048 35.0858 2.2
    endloop
  endfacet
  facet normal 0.971807 -0.235779 9.19206e-18
    outer loop
      vertex 357.048 35.0858 0
      vertex 356.656 33.4701 2.2
      vertex 356.656 33.4701 0
    endloop
  endfacet
  facet normal 0.964672 -0.263455 -1.08442e-17
    outer loop
      vertex 356.234 31.9249 2.2
      vertex 356.656 33.4701 0
      vertex 356.656 33.4701 2.2
    endloop
  endfacet
  facet normal 0.964672 -0.263455 -1.08442e-17
    outer loop
      vertex 356.656 33.4701 0
      vertex 356.234 31.9249 2.2
      vertex 356.234 31.9249 0
    endloop
  endfacet
  facet normal 0.955205 -0.295946 -1.01117e-18
    outer loop
      vertex 355.778 30.4531 2.2
      vertex 356.234 31.9249 0
      vertex 356.234 31.9249 2.2
    endloop
  endfacet
  facet normal 0.955205 -0.295946 -1.01117e-18
    outer loop
      vertex 356.234 31.9249 0
      vertex 355.778 30.4531 2.2
      vertex 355.778 30.4531 0
    endloop
  endfacet
  facet normal 0.942541 -0.334091 8.19624e-18
    outer loop
      vertex 355.283 29.0566 2.2
      vertex 355.778 30.4531 0
      vertex 355.778 30.4531 2.2
    endloop
  endfacet
  facet normal 0.942541 -0.334091 8.19624e-18
    outer loop
      vertex 355.778 30.4531 0
      vertex 355.283 29.0566 2.2
      vertex 355.283 29.0566 0
    endloop
  endfacet
  facet normal 0.922557 -0.38586 2.52897e-19
    outer loop
      vertex 355.261 29.004 2.2
      vertex 355.283 29.0566 0
      vertex 355.283 29.0566 2.2
    endloop
  endfacet
  facet normal 0.922557 -0.38586 2.52897e-19
    outer loop
      vertex 355.283 29.0566 0
      vertex 355.261 29.004 2.2
      vertex 355.261 29.004 0
    endloop
  endfacet
  facet normal 0.73653 -0.676405 3.44712e-19
    outer loop
      vertex 351.105 22.4175 2.2
      vertex 351.123 22.4371 0
      vertex 351.123 22.4371 2.2
    endloop
  endfacet
  facet normal 0.73653 -0.676405 3.44712e-19
    outer loop
      vertex 351.123 22.4371 0
      vertex 351.105 22.4175 2.2
      vertex 351.105 22.4175 0
    endloop
  endfacet
  facet normal 0.700065 -0.714079 0
    outer loop
      vertex 350.998 22.3126 0
      vertex 351.105 22.4175 2.2
      vertex 350.998 22.3126 2.2
    endloop
  endfacet
  facet normal 0.700065 -0.714079 0
    outer loop
      vertex 351.105 22.4175 2.2
      vertex 350.998 22.3126 0
      vertex 351.105 22.4175 0
    endloop
  endfacet
  facet normal 0.681911 -0.731435 0
    outer loop
      vertex 350.902 22.2231 0
      vertex 350.998 22.3126 2.2
      vertex 350.902 22.2231 2.2
    endloop
  endfacet
  facet normal 0.681911 -0.731435 0
    outer loop
      vertex 350.998 22.3126 2.2
      vertex 350.902 22.2231 0
      vertex 350.998 22.3126 0
    endloop
  endfacet
  facet normal 0.658899 -0.752231 0
    outer loop
      vertex 350.794 22.1285 0
      vertex 350.902 22.2231 2.2
      vertex 350.794 22.1285 2.2
    endloop
  endfacet
  facet normal 0.658899 -0.752231 0
    outer loop
      vertex 350.902 22.2231 2.2
      vertex 350.794 22.1285 0
      vertex 350.902 22.2231 0
    endloop
  endfacet
  facet normal 0.627934 -0.778266 0
    outer loop
      vertex 350.677 22.0341 0
      vertex 350.794 22.1285 2.2
      vertex 350.677 22.0341 2.2
    endloop
  endfacet
  facet normal 0.627934 -0.778266 0
    outer loop
      vertex 350.794 22.1285 2.2
      vertex 350.677 22.0341 0
      vertex 350.794 22.1285 0
    endloop
  endfacet
  facet normal 0.604644 -0.796496 0
    outer loop
      vertex 350.562 21.9468 0
      vertex 350.677 22.0341 2.2
      vertex 350.562 21.9468 2.2
    endloop
  endfacet
  facet normal 0.604644 -0.796496 0
    outer loop
      vertex 350.677 22.0341 2.2
      vertex 350.562 21.9468 0
      vertex 350.677 22.0341 0
    endloop
  endfacet
  facet normal 0.574932 -0.818201 0
    outer loop
      vertex 350.45 21.8681 0
      vertex 350.562 21.9468 2.2
      vertex 350.45 21.8681 2.2
    endloop
  endfacet
  facet normal 0.574932 -0.818201 0
    outer loop
      vertex 350.562 21.9468 2.2
      vertex 350.45 21.8681 0
      vertex 350.562 21.9468 0
    endloop
  endfacet
  facet normal 0.553221 -0.833035 0
    outer loop
      vertex 350.333 21.7904 0
      vertex 350.45 21.8681 2.2
      vertex 350.333 21.7904 2.2
    endloop
  endfacet
  facet normal 0.553221 -0.833035 0
    outer loop
      vertex 350.45 21.8681 2.2
      vertex 350.333 21.7904 0
      vertex 350.45 21.8681 0
    endloop
  endfacet
  facet normal 0.52051 -0.853855 0
    outer loop
      vertex 350.208 21.7142 0
      vertex 350.333 21.7904 2.2
      vertex 350.208 21.7142 2.2
    endloop
  endfacet
  facet normal 0.52051 -0.853855 0
    outer loop
      vertex 350.333 21.7904 2.2
      vertex 350.208 21.7142 0
      vertex 350.333 21.7904 0
    endloop
  endfacet
  facet normal 0.492502 -0.870311 0
    outer loop
      vertex 350.079 21.6412 0
      vertex 350.208 21.7142 2.2
      vertex 350.079 21.6412 2.2
    endloop
  endfacet
  facet normal 0.492502 -0.870311 0
    outer loop
      vertex 350.208 21.7142 2.2
      vertex 350.079 21.6412 0
      vertex 350.208 21.7142 0
    endloop
  endfacet
  facet normal 0.462232 -0.886759 0
    outer loop
      vertex 349.952 21.575 0
      vertex 350.079 21.6412 2.2
      vertex 349.952 21.575 2.2
    endloop
  endfacet
  facet normal 0.462232 -0.886759 0
    outer loop
      vertex 350.079 21.6412 2.2
      vertex 349.952 21.575 0
      vertex 350.079 21.6412 0
    endloop
  endfacet
  facet normal 0.435872 -0.900009 0
    outer loop
      vertex 349.831 21.5164 0
      vertex 349.952 21.575 2.2
      vertex 349.831 21.5164 2.2
    endloop
  endfacet
  facet normal 0.435872 -0.900009 0
    outer loop
      vertex 349.952 21.575 2.2
      vertex 349.831 21.5164 0
      vertex 349.952 21.575 0
    endloop
  endfacet
  facet normal 0.404441 -0.914564 0
    outer loop
      vertex 349.696 21.4567 0
      vertex 349.831 21.5164 2.2
      vertex 349.696 21.4567 2.2
    endloop
  endfacet
  facet normal 0.404441 -0.914564 0
    outer loop
      vertex 349.831 21.5164 2.2
      vertex 349.696 21.4567 0
      vertex 349.831 21.5164 0
    endloop
  endfacet
  facet normal 0.372558 -0.928009 0
    outer loop
      vertex 349.559 21.4017 0
      vertex 349.696 21.4567 2.2
      vertex 349.559 21.4017 2.2
    endloop
  endfacet
  facet normal 0.372558 -0.928009 0
    outer loop
      vertex 349.696 21.4567 2.2
      vertex 349.559 21.4017 0
      vertex 349.696 21.4567 0
    endloop
  endfacet
  facet normal 0.341513 -0.939877 0
    outer loop
      vertex 349.428 21.3541 0
      vertex 349.559 21.4017 2.2
      vertex 349.428 21.3541 2.2
    endloop
  endfacet
  facet normal 0.341513 -0.939877 0
    outer loop
      vertex 349.559 21.4017 2.2
      vertex 349.428 21.3541 0
      vertex 349.559 21.4017 0
    endloop
  endfacet
  facet normal 0.312508 -0.949915 0
    outer loop
      vertex 349.29 21.3087 0
      vertex 349.428 21.3541 2.2
      vertex 349.29 21.3087 2.2
    endloop
  endfacet
  facet normal 0.312508 -0.949915 0
    outer loop
      vertex 349.428 21.3541 2.2
      vertex 349.29 21.3087 0
      vertex 349.428 21.3541 0
    endloop
  endfacet
  facet normal 0.27574 -0.961232 0
    outer loop
      vertex 349.153 21.2694 0
      vertex 349.29 21.3087 2.2
      vertex 349.153 21.2694 2.2
    endloop
  endfacet
  facet normal 0.27574 -0.961232 0
    outer loop
      vertex 349.29 21.3087 2.2
      vertex 349.153 21.2694 0
      vertex 349.29 21.3087 0
    endloop
  endfacet
  facet normal 0.247753 -0.968823 0
    outer loop
      vertex 349.022 21.2359 0
      vertex 349.153 21.2694 2.2
      vertex 349.022 21.2359 2.2
    endloop
  endfacet
  facet normal 0.247753 -0.968823 0
    outer loop
      vertex 349.153 21.2694 2.2
      vertex 349.022 21.2359 0
      vertex 349.153 21.2694 0
    endloop
  endfacet
  facet normal 0.21737 -0.976089 0
    outer loop
      vertex 348.881 21.2045 0
      vertex 349.022 21.2359 2.2
      vertex 348.881 21.2045 2.2
    endloop
  endfacet
  facet normal 0.21737 -0.976089 0
    outer loop
      vertex 349.022 21.2359 2.2
      vertex 348.881 21.2045 0
      vertex 349.022 21.2359 0
    endloop
  endfacet
  facet normal 0.18315 -0.983085 0
    outer loop
      vertex 348.735 21.1773 0
      vertex 348.881 21.2045 2.2
      vertex 348.735 21.1773 2.2
    endloop
  endfacet
  facet normal 0.18315 -0.983085 0
    outer loop
      vertex 348.881 21.2045 2.2
      vertex 348.735 21.1773 0
      vertex 348.881 21.2045 0
    endloop
  endfacet
  facet normal 0.14834 -0.988936 0
    outer loop
      vertex 348.595 21.1563 0
      vertex 348.735 21.1773 2.2
      vertex 348.595 21.1563 2.2
    endloop
  endfacet
  facet normal 0.14834 -0.988936 0
    outer loop
      vertex 348.735 21.1773 2.2
      vertex 348.595 21.1563 0
      vertex 348.735 21.1773 0
    endloop
  endfacet
  facet normal 0.118859 -0.992911 0
    outer loop
      vertex 348.458 21.1399 0
      vertex 348.595 21.1563 2.2
      vertex 348.458 21.1399 2.2
    endloop
  endfacet
  facet normal 0.118859 -0.992911 0
    outer loop
      vertex 348.595 21.1563 2.2
      vertex 348.458 21.1399 0
      vertex 348.595 21.1563 0
    endloop
  endfacet
  facet normal 0.084927 -0.996387 0
    outer loop
      vertex 348.309 21.1272 0
      vertex 348.458 21.1399 2.2
      vertex 348.309 21.1272 2.2
    endloop
  endfacet
  facet normal 0.084927 -0.996387 0
    outer loop
      vertex 348.458 21.1399 2.2
      vertex 348.309 21.1272 0
      vertex 348.458 21.1399 0
    endloop
  endfacet
  facet normal 0.0489346 -0.998802 0
    outer loop
      vertex 348.16 21.1199 0
      vertex 348.309 21.1272 2.2
      vertex 348.16 21.1199 2.2
    endloop
  endfacet
  facet normal 0.0489346 -0.998802 0
    outer loop
      vertex 348.309 21.1272 2.2
      vertex 348.16 21.1199 0
      vertex 348.309 21.1272 0
    endloop
  endfacet
  facet normal 0.0151062 -0.999886 0
    outer loop
      vertex 348.021 21.1178 0
      vertex 348.16 21.1199 2.2
      vertex 348.021 21.1178 2.2
    endloop
  endfacet
  facet normal 0.0151062 -0.999886 0
    outer loop
      vertex 348.16 21.1199 2.2
      vertex 348.021 21.1178 0
      vertex 348.16 21.1199 0
    endloop
  endfacet
  facet normal -0.0151062 -0.999886 0
    outer loop
      vertex 347.882 21.1199 0
      vertex 348.021 21.1178 2.2
      vertex 347.882 21.1199 2.2
    endloop
  endfacet
  facet normal -0.0151062 -0.999886 -0
    outer loop
      vertex 348.021 21.1178 2.2
      vertex 347.882 21.1199 0
      vertex 348.021 21.1178 0
    endloop
  endfacet
  facet normal -0.0488624 -0.998806 0
    outer loop
      vertex 347.743 21.1267 0
      vertex 347.882 21.1199 2.2
      vertex 347.743 21.1267 2.2
    endloop
  endfacet
  facet normal -0.0488624 -0.998806 -0
    outer loop
      vertex 347.882 21.1199 2.2
      vertex 347.743 21.1267 0
      vertex 347.882 21.1199 0
    endloop
  endfacet
  facet normal -0.0796123 -0.996826 0
    outer loop
      vertex 347.594 21.1386 0
      vertex 347.743 21.1267 2.2
      vertex 347.594 21.1386 2.2
    endloop
  endfacet
  facet normal -0.0796123 -0.996826 -0
    outer loop
      vertex 347.743 21.1267 2.2
      vertex 347.594 21.1386 0
      vertex 347.743 21.1267 0
    endloop
  endfacet
  facet normal -0.118087 -0.993003 0
    outer loop
      vertex 347.52 21.1474 0
      vertex 347.594 21.1386 2.2
      vertex 347.52 21.1474 2.2
    endloop
  endfacet
  facet normal -0.118087 -0.993003 -0
    outer loop
      vertex 347.594 21.1386 2.2
      vertex 347.52 21.1474 0
      vertex 347.594 21.1386 0
    endloop
  endfacet
  facet normal -0.0886252 -0.996065 0
    outer loop
      vertex 345.334 21.3419 0
      vertex 347.52 21.1474 2.2
      vertex 345.334 21.3419 2.2
    endloop
  endfacet
  facet normal -0.0886252 -0.996065 -0
    outer loop
      vertex 347.52 21.1474 2.2
      vertex 345.334 21.3419 0
      vertex 347.52 21.1474 0
    endloop
  endfacet
  facet normal -0.0927778 -0.995687 0
    outer loop
      vertex 343.164 21.5441 0
      vertex 345.334 21.3419 2.2
      vertex 343.164 21.5441 2.2
    endloop
  endfacet
  facet normal -0.0927778 -0.995687 -0
    outer loop
      vertex 345.334 21.3419 2.2
      vertex 343.164 21.5441 0
      vertex 345.334 21.3419 0
    endloop
  endfacet
  facet normal -0.0971301 -0.995272 0
    outer loop
      vertex 341.088 21.7467 0
      vertex 343.164 21.5441 2.2
      vertex 341.088 21.7467 2.2
    endloop
  endfacet
  facet normal -0.0971301 -0.995272 -0
    outer loop
      vertex 343.164 21.5441 2.2
      vertex 341.088 21.7467 0
      vertex 343.164 21.5441 0
    endloop
  endfacet
  facet normal -0.101836 -0.994801 0
    outer loop
      vertex 339.103 21.9499 0
      vertex 341.088 21.7467 2.2
      vertex 339.103 21.9499 2.2
    endloop
  endfacet
  facet normal -0.101836 -0.994801 -0
    outer loop
      vertex 341.088 21.7467 2.2
      vertex 339.103 21.9499 0
      vertex 341.088 21.7467 0
    endloop
  endfacet
  facet normal -0.10677 -0.994284 0
    outer loop
      vertex 337.207 22.1535 0
      vertex 339.103 21.9499 2.2
      vertex 337.207 22.1535 2.2
    endloop
  endfacet
  facet normal -0.10677 -0.994284 -0
    outer loop
      vertex 339.103 21.9499 2.2
      vertex 337.207 22.1535 0
      vertex 339.103 21.9499 0
    endloop
  endfacet
  facet normal -0.11189 -0.993721 0
    outer loop
      vertex 335.397 22.3573 0
      vertex 337.207 22.1535 2.2
      vertex 335.397 22.3573 2.2
    endloop
  endfacet
  facet normal -0.11189 -0.993721 -0
    outer loop
      vertex 337.207 22.1535 2.2
      vertex 335.397 22.3573 0
      vertex 337.207 22.1535 0
    endloop
  endfacet
  facet normal -0.117489 -0.993074 0
    outer loop
      vertex 333.671 22.5615 0
      vertex 335.397 22.3573 2.2
      vertex 333.671 22.5615 2.2
    endloop
  endfacet
  facet normal -0.117489 -0.993074 -0
    outer loop
      vertex 335.397 22.3573 2.2
      vertex 333.671 22.5615 0
      vertex 335.397 22.3573 0
    endloop
  endfacet
  facet normal -0.123307 -0.992369 0
    outer loop
      vertex 332.026 22.7659 0
      vertex 333.671 22.5615 2.2
      vertex 332.026 22.7659 2.2
    endloop
  endfacet
  facet normal -0.123307 -0.992369 -0
    outer loop
      vertex 333.671 22.5615 2.2
      vertex 332.026 22.7659 0
      vertex 333.671 22.5615 0
    endloop
  endfacet
  facet normal -0.129488 -0.991581 0
    outer loop
      vertex 330.46 22.9704 0
      vertex 332.026 22.7659 2.2
      vertex 330.46 22.9704 2.2
    endloop
  endfacet
  facet normal -0.129488 -0.991581 -0
    outer loop
      vertex 332.026 22.7659 2.2
      vertex 330.46 22.9704 0
      vertex 332.026 22.7659 0
    endloop
  endfacet
  facet normal -0.136259 -0.990673 0
    outer loop
      vertex 328.971 23.1752 0
      vertex 330.46 22.9704 2.2
      vertex 328.971 23.1752 2.2
    endloop
  endfacet
  facet normal -0.136259 -0.990673 -0
    outer loop
      vertex 330.46 22.9704 2.2
      vertex 328.971 23.1752 0
      vertex 330.46 22.9704 0
    endloop
  endfacet
  facet normal -0.143212 -0.989692 0
    outer loop
      vertex 327.555 23.3801 0
      vertex 328.971 23.1752 2.2
      vertex 327.555 23.3801 2.2
    endloop
  endfacet
  facet normal -0.143212 -0.989692 -0
    outer loop
      vertex 328.971 23.1752 2.2
      vertex 327.555 23.3801 0
      vertex 328.971 23.1752 0
    endloop
  endfacet
  facet normal -0.150896 -0.98855 0
    outer loop
      vertex 326.212 23.5851 0
      vertex 327.555 23.3801 2.2
      vertex 326.212 23.5851 2.2
    endloop
  endfacet
  facet normal -0.150896 -0.98855 -0
    outer loop
      vertex 327.555 23.3801 2.2
      vertex 326.212 23.5851 0
      vertex 327.555 23.3801 0
    endloop
  endfacet
  facet normal -0.158821 -0.987307 0
    outer loop
      vertex 324.937 23.7902 0
      vertex 326.212 23.5851 2.2
      vertex 324.937 23.7902 2.2
    endloop
  endfacet
  facet normal -0.158821 -0.987307 -0
    outer loop
      vertex 326.212 23.5851 2.2
      vertex 324.937 23.7902 0
      vertex 326.212 23.5851 0
    endloop
  endfacet
  facet normal -0.167334 -0.9859 0
    outer loop
      vertex 323.728 23.9954 0
      vertex 324.937 23.7902 2.2
      vertex 323.728 23.9954 2.2
    endloop
  endfacet
  facet normal -0.167334 -0.9859 -0
    outer loop
      vertex 324.937 23.7902 2.2
      vertex 323.728 23.9954 0
      vertex 324.937 23.7902 0
    endloop
  endfacet
  facet normal -0.176636 -0.984276 0
    outer loop
      vertex 322.584 24.2007 0
      vertex 323.728 23.9954 2.2
      vertex 322.584 24.2007 2.2
    endloop
  endfacet
  facet normal -0.176636 -0.984276 -0
    outer loop
      vertex 323.728 23.9954 2.2
      vertex 322.584 24.2007 0
      vertex 323.728 23.9954 0
    endloop
  endfacet
  facet normal -0.186249 -0.982503 0
    outer loop
      vertex 321.501 24.406 0
      vertex 322.584 24.2007 2.2
      vertex 321.501 24.406 2.2
    endloop
  endfacet
  facet normal -0.186249 -0.982503 -0
    outer loop
      vertex 322.584 24.2007 2.2
      vertex 321.501 24.406 0
      vertex 322.584 24.2007 0
    endloop
  endfacet
  facet normal -0.196576 -0.980489 0
    outer loop
      vertex 320.476 24.6115 0
      vertex 321.501 24.406 2.2
      vertex 320.476 24.6115 2.2
    endloop
  endfacet
  facet normal -0.196576 -0.980489 -0
    outer loop
      vertex 321.501 24.406 2.2
      vertex 320.476 24.6115 0
      vertex 321.501 24.406 0
    endloop
  endfacet
  facet normal -0.208064 -0.978115 0
    outer loop
      vertex 319.509 24.8172 0
      vertex 320.476 24.6115 2.2
      vertex 319.509 24.8172 2.2
    endloop
  endfacet
  facet normal -0.208064 -0.978115 -0
    outer loop
      vertex 320.476 24.6115 2.2
      vertex 319.509 24.8172 0
      vertex 320.476 24.6115 0
    endloop
  endfacet
  facet normal -0.219639 -0.975581 0
    outer loop
      vertex 318.594 25.0232 0
      vertex 319.509 24.8172 2.2
      vertex 318.594 25.0232 2.2
    endloop
  endfacet
  facet normal -0.219639 -0.975581 -0
    outer loop
      vertex 319.509 24.8172 2.2
      vertex 318.594 25.0232 0
      vertex 319.509 24.8172 0
    endloop
  endfacet
  facet normal -0.232606 -0.972571 0
    outer loop
      vertex 317.731 25.2296 0
      vertex 318.594 25.0232 2.2
      vertex 317.731 25.2296 2.2
    endloop
  endfacet
  facet normal -0.232606 -0.972571 -0
    outer loop
      vertex 318.594 25.0232 2.2
      vertex 317.731 25.2296 0
      vertex 318.594 25.0232 0
    endloop
  endfacet
  facet normal -0.246344 -0.969183 0
    outer loop
      vertex 316.917 25.4365 0
      vertex 317.731 25.2296 2.2
      vertex 316.917 25.4365 2.2
    endloop
  endfacet
  facet normal -0.246344 -0.969183 -0
    outer loop
      vertex 317.731 25.2296 2.2
      vertex 316.917 25.4365 0
      vertex 317.731 25.2296 0
    endloop
  endfacet
  facet normal -0.260912 -0.965363 0
    outer loop
      vertex 316.15 25.6438 0
      vertex 316.917 25.4365 2.2
      vertex 316.15 25.6438 2.2
    endloop
  endfacet
  facet normal -0.260912 -0.965363 -0
    outer loop
      vertex 316.917 25.4365 2.2
      vertex 316.15 25.6438 0
      vertex 316.917 25.4365 0
    endloop
  endfacet
  facet normal -0.276123 -0.961122 0
    outer loop
      vertex 315.426 25.8518 0
      vertex 316.15 25.6438 2.2
      vertex 315.426 25.8518 2.2
    endloop
  endfacet
  facet normal -0.276123 -0.961122 -0
    outer loop
      vertex 316.15 25.6438 2.2
      vertex 315.426 25.8518 0
      vertex 316.15 25.6438 0
    endloop
  endfacet
  facet normal -0.29261 -0.956232 0
    outer loop
      vertex 314.743 26.0608 0
      vertex 315.426 25.8518 2.2
      vertex 314.743 26.0608 2.2
    endloop
  endfacet
  facet normal -0.29261 -0.956232 -0
    outer loop
      vertex 315.426 25.8518 2.2
      vertex 314.743 26.0608 0
      vertex 315.426 25.8518 0
    endloop
  endfacet
  facet normal -0.310021 -0.95073 0
    outer loop
      vertex 314.099 26.2708 0
      vertex 314.743 26.0608 2.2
      vertex 314.099 26.2708 2.2
    endloop
  endfacet
  facet normal -0.310021 -0.95073 -0
    outer loop
      vertex 314.743 26.0608 2.2
      vertex 314.099 26.2708 0
      vertex 314.743 26.0608 0
    endloop
  endfacet
  facet normal -0.328201 -0.944608 0
    outer loop
      vertex 313.492 26.4817 0
      vertex 314.099 26.2708 2.2
      vertex 313.492 26.4817 2.2
    endloop
  endfacet
  facet normal -0.328201 -0.944608 -0
    outer loop
      vertex 314.099 26.2708 2.2
      vertex 313.492 26.4817 0
      vertex 314.099 26.2708 0
    endloop
  endfacet
  facet normal -0.34757 -0.937654 0
    outer loop
      vertex 312.919 26.6941 0
      vertex 313.492 26.4817 2.2
      vertex 312.919 26.6941 2.2
    endloop
  endfacet
  facet normal -0.34757 -0.937654 -0
    outer loop
      vertex 313.492 26.4817 2.2
      vertex 312.919 26.6941 0
      vertex 313.492 26.4817 0
    endloop
  endfacet
  facet normal -0.367974 -0.929836 0
    outer loop
      vertex 312.379 26.9078 0
      vertex 312.919 26.6941 2.2
      vertex 312.379 26.9078 2.2
    endloop
  endfacet
  facet normal -0.367974 -0.929836 -0
    outer loop
      vertex 312.919 26.6941 2.2
      vertex 312.379 26.9078 0
      vertex 312.919 26.6941 0
    endloop
  endfacet
  facet normal -0.388648 -0.921386 0
    outer loop
      vertex 311.87 27.1225 0
      vertex 312.379 26.9078 2.2
      vertex 311.87 27.1225 2.2
    endloop
  endfacet
  facet normal -0.388648 -0.921386 -0
    outer loop
      vertex 312.379 26.9078 2.2
      vertex 311.87 27.1225 0
      vertex 312.379 26.9078 0
    endloop
  endfacet
  facet normal -0.41076 -0.911743 0
    outer loop
      vertex 311.391 27.3383 0
      vertex 311.87 27.1225 2.2
      vertex 311.391 27.3383 2.2
    endloop
  endfacet
  facet normal -0.41076 -0.911743 -0
    outer loop
      vertex 311.87 27.1225 2.2
      vertex 311.391 27.3383 0
      vertex 311.87 27.1225 0
    endloop
  endfacet
  facet normal -0.431857 -0.901942 0
    outer loop
      vertex 310.938 27.5552 0
      vertex 311.391 27.3383 2.2
      vertex 310.938 27.5552 2.2
    endloop
  endfacet
  facet normal -0.431857 -0.901942 -0
    outer loop
      vertex 311.391 27.3383 2.2
      vertex 310.938 27.5552 0
      vertex 311.391 27.3383 0
    endloop
  endfacet
  facet normal -0.453894 -0.891055 0
    outer loop
      vertex 310.512 27.7722 0
      vertex 310.938 27.5552 2.2
      vertex 310.512 27.7722 2.2
    endloop
  endfacet
  facet normal -0.453894 -0.891055 -0
    outer loop
      vertex 310.938 27.5552 2.2
      vertex 310.512 27.7722 0
      vertex 310.938 27.5552 0
    endloop
  endfacet
  facet normal -0.475489 -0.879721 0
    outer loop
      vertex 310.112 27.9884 0
      vertex 310.512 27.7722 2.2
      vertex 310.112 27.9884 2.2
    endloop
  endfacet
  facet normal -0.475489 -0.879721 -0
    outer loop
      vertex 310.512 27.7722 2.2
      vertex 310.112 27.9884 0
      vertex 310.512 27.7722 0
    endloop
  endfacet
  facet normal -0.496513 -0.868029 0
    outer loop
      vertex 309.737 28.2029 0
      vertex 310.112 27.9884 2.2
      vertex 309.737 28.2029 2.2
    endloop
  endfacet
  facet normal -0.496513 -0.868029 -0
    outer loop
      vertex 310.112 27.9884 2.2
      vertex 309.737 28.2029 0
      vertex 310.112 27.9884 0
    endloop
  endfacet
  facet normal -0.515572 -0.856846 0
    outer loop
      vertex 309.386 28.4141 0
      vertex 309.737 28.2029 2.2
      vertex 309.386 28.4141 2.2
    endloop
  endfacet
  facet normal -0.515572 -0.856846 -0
    outer loop
      vertex 309.737 28.2029 2.2
      vertex 309.386 28.4141 0
      vertex 309.737 28.2029 0
    endloop
  endfacet
  facet normal -0.533759 -0.845636 0
    outer loop
      vertex 309.059 28.6205 0
      vertex 309.386 28.4141 2.2
      vertex 309.059 28.6205 2.2
    endloop
  endfacet
  facet normal -0.533759 -0.845636 -0
    outer loop
      vertex 309.386 28.4141 2.2
      vertex 309.059 28.6205 0
      vertex 309.386 28.4141 0
    endloop
  endfacet
  facet normal -0.549343 -0.835597 0
    outer loop
      vertex 308.756 28.8197 0
      vertex 309.059 28.6205 2.2
      vertex 308.756 28.8197 2.2
    endloop
  endfacet
  facet normal -0.549343 -0.835597 -0
    outer loop
      vertex 309.059 28.6205 2.2
      vertex 308.756 28.8197 0
      vertex 309.059 28.6205 0
    endloop
  endfacet
  facet normal -0.561545 -0.827446 0
    outer loop
      vertex 308.475 29.0104 0
      vertex 308.756 28.8197 2.2
      vertex 308.475 29.0104 2.2
    endloop
  endfacet
  facet normal -0.561545 -0.827446 -0
    outer loop
      vertex 308.756 28.8197 2.2
      vertex 308.475 29.0104 0
      vertex 308.756 28.8197 0
    endloop
  endfacet
  facet normal -0.571325 -0.820724 0
    outer loop
      vertex 308.217 29.19 0
      vertex 308.475 29.0104 2.2
      vertex 308.217 29.19 2.2
    endloop
  endfacet
  facet normal -0.571325 -0.820724 -0
    outer loop
      vertex 308.475 29.0104 2.2
      vertex 308.217 29.19 0
      vertex 308.475 29.0104 0
    endloop
  endfacet
  facet normal -0.577882 -0.81612 0
    outer loop
      vertex 307.982 29.3564 0
      vertex 308.217 29.19 2.2
      vertex 307.982 29.3564 2.2
    endloop
  endfacet
  facet normal -0.577882 -0.81612 -0
    outer loop
      vertex 308.217 29.19 2.2
      vertex 307.982 29.3564 0
      vertex 308.217 29.19 0
    endloop
  endfacet
  facet normal -0.579469 -0.814995 0
    outer loop
      vertex 307.764 29.5114 0
      vertex 307.982 29.3564 2.2
      vertex 307.764 29.5114 2.2
    endloop
  endfacet
  facet normal -0.579469 -0.814995 -0
    outer loop
      vertex 307.982 29.3564 2.2
      vertex 307.764 29.5114 0
      vertex 307.982 29.3564 0
    endloop
  endfacet
  facet normal -0.576866 -0.816839 0
    outer loop
      vertex 307.571 29.6477 0
      vertex 307.764 29.5114 2.2
      vertex 307.571 29.6477 2.2
    endloop
  endfacet
  facet normal -0.576866 -0.816839 -0
    outer loop
      vertex 307.764 29.5114 2.2
      vertex 307.571 29.6477 0
      vertex 307.764 29.5114 0
    endloop
  endfacet
  facet normal -0.567956 -0.823059 0
    outer loop
      vertex 307.39 29.7726 0
      vertex 307.571 29.6477 2.2
      vertex 307.39 29.7726 2.2
    endloop
  endfacet
  facet normal -0.567956 -0.823059 -0
    outer loop
      vertex 307.571 29.6477 2.2
      vertex 307.39 29.7726 0
      vertex 307.571 29.6477 0
    endloop
  endfacet
  facet normal -0.557137 -0.830421 0
    outer loop
      vertex 307.225 29.8833 0
      vertex 307.39 29.7726 2.2
      vertex 307.225 29.8833 2.2
    endloop
  endfacet
  facet normal -0.557137 -0.830421 -0
    outer loop
      vertex 307.39 29.7726 2.2
      vertex 307.225 29.8833 0
      vertex 307.39 29.7726 0
    endloop
  endfacet
  facet normal -0.54153 -0.840681 0
    outer loop
      vertex 307.071 29.9825 0
      vertex 307.225 29.8833 2.2
      vertex 307.071 29.9825 2.2
    endloop
  endfacet
  facet normal -0.54153 -0.840681 -0
    outer loop
      vertex 307.225 29.8833 2.2
      vertex 307.071 29.9825 0
      vertex 307.225 29.8833 0
    endloop
  endfacet
  facet normal -0.522631 -0.852559 0
    outer loop
      vertex 306.925 30.072 0
      vertex 307.071 29.9825 2.2
      vertex 306.925 30.072 2.2
    endloop
  endfacet
  facet normal -0.522631 -0.852559 -0
    outer loop
      vertex 307.071 29.9825 2.2
      vertex 306.925 30.072 0
      vertex 307.071 29.9825 0
    endloop
  endfacet
  facet normal -0.495749 -0.868466 0
    outer loop
      vertex 306.781 30.1542 0
      vertex 306.925 30.072 2.2
      vertex 306.781 30.1542 2.2
    endloop
  endfacet
  facet normal -0.495749 -0.868466 -0
    outer loop
      vertex 306.925 30.072 2.2
      vertex 306.781 30.1542 0
      vertex 306.925 30.072 0
    endloop
  endfacet
  facet normal -0.469633 -0.882862 0
    outer loop
      vertex 306.637 30.2308 0
      vertex 306.781 30.1542 2.2
      vertex 306.637 30.2308 2.2
    endloop
  endfacet
  facet normal -0.469633 -0.882862 -0
    outer loop
      vertex 306.781 30.1542 2.2
      vertex 306.637 30.2308 0
      vertex 306.781 30.1542 0
    endloop
  endfacet
  facet normal -0.440382 -0.897811 0
    outer loop
      vertex 306.479 30.3083 0
      vertex 306.637 30.2308 2.2
      vertex 306.479 30.3083 2.2
    endloop
  endfacet
  facet normal -0.440382 -0.897811 -0
    outer loop
      vertex 306.637 30.2308 2.2
      vertex 306.479 30.3083 0
      vertex 306.637 30.2308 0
    endloop
  endfacet
  facet normal -0.410365 -0.911922 0
    outer loop
      vertex 306.287 30.3947 0
      vertex 306.479 30.3083 2.2
      vertex 306.287 30.3947 2.2
    endloop
  endfacet
  facet normal -0.410365 -0.911922 -0
    outer loop
      vertex 306.479 30.3083 2.2
      vertex 306.287 30.3947 0
      vertex 306.479 30.3083 0
    endloop
  endfacet
  facet normal -0.382789 -0.923836 0
    outer loop
      vertex 306.057 30.49 0
      vertex 306.287 30.3947 2.2
      vertex 306.057 30.49 2.2
    endloop
  endfacet
  facet normal -0.382789 -0.923836 -0
    outer loop
      vertex 306.287 30.3947 2.2
      vertex 306.057 30.49 0
      vertex 306.287 30.3947 0
    endloop
  endfacet
  facet normal -0.359476 -0.933154 0
    outer loop
      vertex 305.793 30.5917 0
      vertex 306.057 30.49 2.2
      vertex 305.793 30.5917 2.2
    endloop
  endfacet
  facet normal -0.359476 -0.933154 -0
    outer loop
      vertex 306.057 30.49 2.2
      vertex 305.793 30.5917 0
      vertex 306.057 30.49 0
    endloop
  endfacet
  facet normal -0.336495 -0.941685 0
    outer loop
      vertex 305.493 30.6989 0
      vertex 305.793 30.5917 2.2
      vertex 305.493 30.6989 2.2
    endloop
  endfacet
  facet normal -0.336495 -0.941685 -0
    outer loop
      vertex 305.793 30.5917 2.2
      vertex 305.493 30.6989 0
      vertex 305.793 30.5917 0
    endloop
  endfacet
  facet normal -0.317431 -0.948281 0
    outer loop
      vertex 305.162 30.8097 0
      vertex 305.493 30.6989 2.2
      vertex 305.162 30.8097 2.2
    endloop
  endfacet
  facet normal -0.317431 -0.948281 -0
    outer loop
      vertex 305.493 30.6989 2.2
      vertex 305.162 30.8097 0
      vertex 305.493 30.6989 0
    endloop
  endfacet
  facet normal -0.298126 -0.954526 0
    outer loop
      vertex 304.797 30.9237 0
      vertex 305.162 30.8097 2.2
      vertex 304.797 30.9237 2.2
    endloop
  endfacet
  facet normal -0.298126 -0.954526 -0
    outer loop
      vertex 305.162 30.8097 2.2
      vertex 304.797 30.9237 0
      vertex 305.162 30.8097 0
    endloop
  endfacet
  facet normal -0.280653 -0.959809 0
    outer loop
      vertex 304.402 31.0392 0
      vertex 304.797 30.9237 2.2
      vertex 304.402 31.0392 2.2
    endloop
  endfacet
  facet normal -0.280653 -0.959809 -0
    outer loop
      vertex 304.797 30.9237 2.2
      vertex 304.402 31.0392 0
      vertex 304.797 30.9237 0
    endloop
  endfacet
  facet normal -0.264841 -0.964292 0
    outer loop
      vertex 303.976 31.1562 0
      vertex 304.402 31.0392 2.2
      vertex 303.976 31.1562 2.2
    endloop
  endfacet
  facet normal -0.264841 -0.964292 -0
    outer loop
      vertex 304.402 31.0392 2.2
      vertex 303.976 31.1562 0
      vertex 304.402 31.0392 0
    endloop
  endfacet
  facet normal -0.249326 -0.96842 0
    outer loop
      vertex 303.52 31.2736 0
      vertex 303.976 31.1562 2.2
      vertex 303.52 31.2736 2.2
    endloop
  endfacet
  facet normal -0.249326 -0.96842 -0
    outer loop
      vertex 303.976 31.1562 2.2
      vertex 303.52 31.2736 0
      vertex 303.976 31.1562 0
    endloop
  endfacet
  facet normal -0.234621 -0.972087 0
    outer loop
      vertex 303.034 31.3909 0
      vertex 303.52 31.2736 2.2
      vertex 303.034 31.3909 2.2
    endloop
  endfacet
  facet normal -0.234621 -0.972087 -0
    outer loop
      vertex 303.52 31.2736 2.2
      vertex 303.034 31.3909 0
      vertex 303.52 31.2736 0
    endloop
  endfacet
  facet normal -0.220999 -0.975274 0
    outer loop
      vertex 302.519 31.5076 0
      vertex 303.034 31.3909 2.2
      vertex 302.519 31.5076 2.2
    endloop
  endfacet
  facet normal -0.220999 -0.975274 -0
    outer loop
      vertex 303.034 31.3909 2.2
      vertex 302.519 31.5076 0
      vertex 303.034 31.3909 0
    endloop
  endfacet
  facet normal -0.207859 -0.978159 0
    outer loop
      vertex 301.975 31.6232 0
      vertex 302.519 31.5076 2.2
      vertex 301.975 31.6232 2.2
    endloop
  endfacet
  facet normal -0.207859 -0.978159 -0
    outer loop
      vertex 302.519 31.5076 2.2
      vertex 301.975 31.6232 0
      vertex 302.519 31.5076 0
    endloop
  endfacet
  facet normal -0.195127 -0.980778 0
    outer loop
      vertex 301.403 31.737 0
      vertex 301.975 31.6232 2.2
      vertex 301.403 31.737 2.2
    endloop
  endfacet
  facet normal -0.195127 -0.980778 -0
    outer loop
      vertex 301.975 31.6232 2.2
      vertex 301.403 31.737 0
      vertex 301.975 31.6232 0
    endloop
  endfacet
  facet normal -0.182794 -0.983151 0
    outer loop
      vertex 300.799 31.8493 0
      vertex 301.403 31.737 2.2
      vertex 300.799 31.8493 2.2
    endloop
  endfacet
  facet normal -0.182794 -0.983151 -0
    outer loop
      vertex 301.403 31.737 2.2
      vertex 300.799 31.8493 0
      vertex 301.403 31.737 0
    endloop
  endfacet
  facet normal -0.171242 -0.985229 0
    outer loop
      vertex 300.169 31.9588 0
      vertex 300.799 31.8493 2.2
      vertex 300.169 31.9588 2.2
    endloop
  endfacet
  facet normal -0.171242 -0.985229 -0
    outer loop
      vertex 300.799 31.8493 2.2
      vertex 300.169 31.9588 0
      vertex 300.799 31.8493 0
    endloop
  endfacet
  facet normal -0.160103 -0.9871 0
    outer loop
      vertex 299.513 32.0652 0
      vertex 300.169 31.9588 2.2
      vertex 299.513 32.0652 2.2
    endloop
  endfacet
  facet normal -0.160103 -0.9871 -0
    outer loop
      vertex 300.169 31.9588 2.2
      vertex 299.513 32.0652 0
      vertex 300.169 31.9588 0
    endloop
  endfacet
  facet normal -0.149112 -0.98882 0
    outer loop
      vertex 298.824 32.1691 0
      vertex 299.513 32.0652 2.2
      vertex 298.824 32.1691 2.2
    endloop
  endfacet
  facet normal -0.149112 -0.98882 -0
    outer loop
      vertex 299.513 32.0652 2.2
      vertex 298.824 32.1691 0
      vertex 299.513 32.0652 0
    endloop
  endfacet
  facet normal -0.138294 -0.990391 0
    outer loop
      vertex 298.11 32.2688 0
      vertex 298.824 32.1691 2.2
      vertex 298.11 32.2688 2.2
    endloop
  endfacet
  facet normal -0.138294 -0.990391 -0
    outer loop
      vertex 298.824 32.1691 2.2
      vertex 298.11 32.2688 0
      vertex 298.824 32.1691 0
    endloop
  endfacet
  facet normal -0.128048 -0.991768 0
    outer loop
      vertex 297.368 32.3646 0
      vertex 298.11 32.2688 2.2
      vertex 297.368 32.3646 2.2
    endloop
  endfacet
  facet normal -0.128048 -0.991768 -0
    outer loop
      vertex 298.11 32.2688 2.2
      vertex 297.368 32.3646 0
      vertex 298.11 32.2688 0
    endloop
  endfacet
  facet normal -0.11808 -0.993004 0
    outer loop
      vertex 296.596 32.4564 0
      vertex 297.368 32.3646 2.2
      vertex 296.596 32.4564 2.2
    endloop
  endfacet
  facet normal -0.11808 -0.993004 -0
    outer loop
      vertex 297.368 32.3646 2.2
      vertex 296.596 32.4564 0
      vertex 297.368 32.3646 0
    endloop
  endfacet
  facet normal -0.108011 -0.99415 0
    outer loop
      vertex 295.798 32.5431 0
      vertex 296.596 32.4564 2.2
      vertex 295.798 32.5431 2.2
    endloop
  endfacet
  facet normal -0.108011 -0.99415 -0
    outer loop
      vertex 296.596 32.4564 2.2
      vertex 295.798 32.5431 0
      vertex 296.596 32.4564 0
    endloop
  endfacet
  facet normal -0.0985506 -0.995132 0
    outer loop
      vertex 294.971 32.625 0
      vertex 295.798 32.5431 2.2
      vertex 294.971 32.625 2.2
    endloop
  endfacet
  facet normal -0.0985506 -0.995132 -0
    outer loop
      vertex 295.798 32.5431 2.2
      vertex 294.971 32.625 0
      vertex 295.798 32.5431 0
    endloop
  endfacet
  facet normal -0.0892091 -0.996013 0
    outer loop
      vertex 294.118 32.7014 0
      vertex 294.971 32.625 2.2
      vertex 294.118 32.7014 2.2
    endloop
  endfacet
  facet normal -0.0892091 -0.996013 -0
    outer loop
      vertex 294.971 32.625 2.2
      vertex 294.118 32.7014 0
      vertex 294.971 32.625 0
    endloop
  endfacet
  facet normal -0.0798578 -0.996806 0
    outer loop
      vertex 293.238 32.7719 0
      vertex 294.118 32.7014 2.2
      vertex 293.238 32.7719 2.2
    endloop
  endfacet
  facet normal -0.0798578 -0.996806 -0
    outer loop
      vertex 294.118 32.7014 2.2
      vertex 293.238 32.7719 0
      vertex 294.118 32.7014 0
    endloop
  endfacet
  facet normal -0.0708108 -0.99749 0
    outer loop
      vertex 292.328 32.8365 0
      vertex 293.238 32.7719 2.2
      vertex 292.328 32.8365 2.2
    endloop
  endfacet
  facet normal -0.0708108 -0.99749 -0
    outer loop
      vertex 293.238 32.7719 2.2
      vertex 292.328 32.8365 0
      vertex 293.238 32.7719 0
    endloop
  endfacet
  facet normal -0.0620596 -0.998072 0
    outer loop
      vertex 291.392 32.8947 0
      vertex 292.328 32.8365 2.2
      vertex 291.392 32.8947 2.2
    endloop
  endfacet
  facet normal -0.0620596 -0.998072 -0
    outer loop
      vertex 292.328 32.8365 2.2
      vertex 291.392 32.8947 0
      vertex 292.328 32.8365 0
    endloop
  endfacet
  facet normal -0.0530857 -0.99859 0
    outer loop
      vertex 290.427 32.946 0
      vertex 291.392 32.8947 2.2
      vertex 290.427 32.946 2.2
    endloop
  endfacet
  facet normal -0.0530857 -0.99859 -0
    outer loop
      vertex 291.392 32.8947 2.2
      vertex 290.427 32.946 0
      vertex 291.392 32.8947 0
    endloop
  endfacet
  facet normal -0.0445571 -0.999007 0
    outer loop
      vertex 289.436 32.9902 0
      vertex 290.427 32.946 2.2
      vertex 289.436 32.9902 2.2
    endloop
  endfacet
  facet normal -0.0445571 -0.999007 -0
    outer loop
      vertex 290.427 32.946 2.2
      vertex 289.436 32.9902 0
      vertex 290.427 32.946 0
    endloop
  endfacet
  facet normal -0.0361175 -0.999348 0
    outer loop
      vertex 288.415 33.0271 0
      vertex 289.436 32.9902 2.2
      vertex 288.415 33.0271 2.2
    endloop
  endfacet
  facet normal -0.0361175 -0.999348 -0
    outer loop
      vertex 289.436 32.9902 2.2
      vertex 288.415 33.0271 0
      vertex 289.436 32.9902 0
    endloop
  endfacet
  facet normal -0.0276021 -0.999619 0
    outer loop
      vertex 287.372 33.0559 0
      vertex 288.415 33.0271 2.2
      vertex 287.372 33.0559 2.2
    endloop
  endfacet
  facet normal -0.0276021 -0.999619 -0
    outer loop
      vertex 288.415 33.0271 2.2
      vertex 287.372 33.0559 0
      vertex 288.415 33.0271 0
    endloop
  endfacet
  facet normal -0.0194768 -0.99981 0
    outer loop
      vertex 286.294 33.0769 0
      vertex 287.372 33.0559 2.2
      vertex 286.294 33.0769 2.2
    endloop
  endfacet
  facet normal -0.0194768 -0.99981 -0
    outer loop
      vertex 287.372 33.0559 2.2
      vertex 286.294 33.0769 0
      vertex 287.372 33.0559 0
    endloop
  endfacet
  facet normal -0.0113836 -0.999935 0
    outer loop
      vertex 285.196 33.0894 0
      vertex 286.294 33.0769 2.2
      vertex 285.196 33.0894 2.2
    endloop
  endfacet
  facet normal -0.0113836 -0.999935 -0
    outer loop
      vertex 286.294 33.0769 2.2
      vertex 285.196 33.0894 0
      vertex 286.294 33.0769 0
    endloop
  endfacet
  facet normal -0.00327142 -0.999995 0
    outer loop
      vertex 284.065 33.0931 0
      vertex 285.196 33.0894 2.2
      vertex 284.065 33.0931 2.2
    endloop
  endfacet
  facet normal -0.00327142 -0.999995 -0
    outer loop
      vertex 285.196 33.0894 2.2
      vertex 284.065 33.0931 0
      vertex 285.196 33.0894 0
    endloop
  endfacet
  facet normal 0.00476185 -0.999989 0
    outer loop
      vertex 282.91 33.0876 0
      vertex 284.065 33.0931 2.2
      vertex 282.91 33.0876 2.2
    endloop
  endfacet
  facet normal 0.00476185 -0.999989 0
    outer loop
      vertex 284.065 33.0931 2.2
      vertex 282.91 33.0876 0
      vertex 284.065 33.0931 0
    endloop
  endfacet
  facet normal 0.0125096 -0.999922 0
    outer loop
      vertex 281.727 33.0728 0
      vertex 282.91 33.0876 2.2
      vertex 281.727 33.0728 2.2
    endloop
  endfacet
  facet normal 0.0125096 -0.999922 0
    outer loop
      vertex 282.91 33.0876 2.2
      vertex 281.727 33.0728 0
      vertex 282.91 33.0876 0
    endloop
  endfacet
  facet normal 0.0202929 -0.999794 0
    outer loop
      vertex 280.515 33.0482 0
      vertex 281.727 33.0728 2.2
      vertex 280.515 33.0482 2.2
    endloop
  endfacet
  facet normal 0.0202929 -0.999794 0
    outer loop
      vertex 281.727 33.0728 2.2
      vertex 280.515 33.0482 0
      vertex 281.727 33.0728 0
    endloop
  endfacet
  facet normal 0.0279955 -0.999608 0
    outer loop
      vertex 279.276 33.0135 0
      vertex 280.515 33.0482 2.2
      vertex 279.276 33.0135 2.2
    endloop
  endfacet
  facet normal 0.0279955 -0.999608 0
    outer loop
      vertex 280.515 33.0482 2.2
      vertex 279.276 33.0135 0
      vertex 280.515 33.0482 0
    endloop
  endfacet
  facet normal 0.0356069 -0.999366 0
    outer loop
      vertex 278.013 32.9685 0
      vertex 279.276 33.0135 2.2
      vertex 278.013 32.9685 2.2
    endloop
  endfacet
  facet normal 0.0356069 -0.999366 0
    outer loop
      vertex 279.276 33.0135 2.2
      vertex 278.013 32.9685 0
      vertex 279.276 33.0135 0
    endloop
  endfacet
  facet normal 0.0430926 -0.999071 0
    outer loop
      vertex 276.717 32.9126 0
      vertex 278.013 32.9685 2.2
      vertex 276.717 32.9126 2.2
    endloop
  endfacet
  facet normal 0.0430926 -0.999071 0
    outer loop
      vertex 278.013 32.9685 2.2
      vertex 276.717 32.9126 0
      vertex 278.013 32.9685 0
    endloop
  endfacet
  facet normal 0.0506562 -0.998716 0
    outer loop
      vertex 275.4 32.8458 0
      vertex 276.717 32.9126 2.2
      vertex 275.4 32.8458 2.2
    endloop
  endfacet
  facet normal 0.0506562 -0.998716 0
    outer loop
      vertex 276.717 32.9126 2.2
      vertex 275.4 32.8458 0
      vertex 276.717 32.9126 0
    endloop
  endfacet
  facet normal 0.0579027 -0.998322 0
    outer loop
      vertex 274.05 32.7675 0
      vertex 275.4 32.8458 2.2
      vertex 274.05 32.7675 2.2
    endloop
  endfacet
  facet normal 0.0579027 -0.998322 0
    outer loop
      vertex 275.4 32.8458 2.2
      vertex 274.05 32.7675 0
      vertex 275.4 32.8458 0
    endloop
  endfacet
  facet normal 0.0653621 -0.997862 0
    outer loop
      vertex 272.676 32.6775 0
      vertex 274.05 32.7675 2.2
      vertex 272.676 32.6775 2.2
    endloop
  endfacet
  facet normal 0.0653621 -0.997862 0
    outer loop
      vertex 274.05 32.7675 2.2
      vertex 272.676 32.6775 0
      vertex 274.05 32.7675 0
    endloop
  endfacet
  facet normal 0.0725357 -0.997366 0
    outer loop
      vertex 272.423 32.6591 0
      vertex 272.676 32.6775 2.2
      vertex 272.423 32.6591 2.2
    endloop
  endfacet
  facet normal 0.0725357 -0.997366 0
    outer loop
      vertex 272.676 32.6775 2.2
      vertex 272.423 32.6591 0
      vertex 272.676 32.6775 0
    endloop
  endfacet
  facet normal 0.999517 0.0310865 -4.81871e-18
    outer loop
      vertex 268.49 20.0634 2.2
      vertex 268.272 27.0727 0
      vertex 268.272 27.0727 2.2
    endloop
  endfacet
  facet normal 0.999517 0.0310865 -4.81871e-18
    outer loop
      vertex 268.272 27.0727 0
      vertex 268.49 20.0634 2.2
      vertex 268.49 20.0634 0
    endloop
  endfacet
  facet normal 0.988835 0.149017 -8.31508e-20
    outer loop
      vertex 268.504 19.9705 2.2
      vertex 268.49 20.0634 0
      vertex 268.49 20.0634 2.2
    endloop
  endfacet
  facet normal 0.988835 0.149017 -8.31508e-20
    outer loop
      vertex 268.49 20.0634 0
      vertex 268.504 19.9705 2.2
      vertex 268.504 19.9705 0
    endloop
  endfacet
  facet normal 0.992692 0.120673 -4.47145e-19
    outer loop
      vertex 268.523 19.8142 2.2
      vertex 268.504 19.9705 0
      vertex 268.504 19.9705 2.2
    endloop
  endfacet
  facet normal 0.992692 0.120673 -4.47145e-19
    outer loop
      vertex 268.504 19.9705 0
      vertex 268.523 19.8142 2.2
      vertex 268.523 19.8142 0
    endloop
  endfacet
  facet normal 0.996849 0.0793248 -1.21528e-19
    outer loop
      vertex 268.535 19.6634 2.2
      vertex 268.523 19.8142 0
      vertex 268.523 19.8142 2.2
    endloop
  endfacet
  facet normal 0.996849 0.0793248 -1.21528e-19
    outer loop
      vertex 268.523 19.8142 0
      vertex 268.535 19.6634 2.2
      vertex 268.535 19.6634 0
    endloop
  endfacet
  facet normal 0.998618 0.0525588 7.294e-21
    outer loop
      vertex 268.543 19.5114 2.2
      vertex 268.535 19.6634 0
      vertex 268.535 19.6634 2.2
    endloop
  endfacet
  facet normal 0.998618 0.0525588 7.294e-21
    outer loop
      vertex 268.535 19.6634 0
      vertex 268.543 19.5114 2.2
      vertex 268.543 19.5114 0
    endloop
  endfacet
  facet normal 0.999819 0.0190442 2.41766e-20
    outer loop
      vertex 268.546 19.3539 2.2
      vertex 268.543 19.5114 0
      vertex 268.543 19.5114 2.2
    endloop
  endfacet
  facet normal 0.999819 0.0190442 2.41766e-20
    outer loop
      vertex 268.543 19.5114 0
      vertex 268.546 19.3539 2.2
      vertex 268.546 19.3539 0
    endloop
  endfacet
  facet normal 0.999913 -0.0132176 5.01893e-20
    outer loop
      vertex 268.544 19.2026 2.2
      vertex 268.546 19.3539 0
      vertex 268.546 19.3539 2.2
    endloop
  endfacet
  facet normal 0.999913 -0.0132176 5.01893e-20
    outer loop
      vertex 268.546 19.3539 0
      vertex 268.544 19.2026 2.2
      vertex 268.544 19.2026 0
    endloop
  endfacet
  facet normal 0.99894 -0.0460341 1.57688e-19
    outer loop
      vertex 268.537 19.0507 2.2
      vertex 268.544 19.2026 0
      vertex 268.544 19.2026 2.2
    endloop
  endfacet
  facet normal 0.99894 -0.0460341 1.57688e-19
    outer loop
      vertex 268.544 19.2026 0
      vertex 268.537 19.0507 2.2
      vertex 268.537 19.0507 0
    endloop
  endfacet
  facet normal 0.996555 -0.0829399 2.24731e-20
    outer loop
      vertex 268.524 18.8945 2.2
      vertex 268.537 19.0507 0
      vertex 268.537 19.0507 2.2
    endloop
  endfacet
  facet normal 0.996555 -0.0829399 2.24731e-20
    outer loop
      vertex 268.537 19.0507 0
      vertex 268.524 18.8945 2.2
      vertex 268.524 18.8945 0
    endloop
  endfacet
  facet normal 0.993747 -0.111657 2.09827e-19
    outer loop
      vertex 268.507 18.7432 2.2
      vertex 268.524 18.8945 0
      vertex 268.524 18.8945 2.2
    endloop
  endfacet
  facet normal 0.993747 -0.111657 2.09827e-19
    outer loop
      vertex 268.524 18.8945 0
      vertex 268.507 18.7432 2.2
      vertex 268.507 18.7432 0
    endloop
  endfacet
  facet normal 0.989647 -0.143522 3.31011e-19
    outer loop
      vertex 268.485 18.5915 2.2
      vertex 268.507 18.7432 0
      vertex 268.507 18.7432 2.2
    endloop
  endfacet
  facet normal 0.989647 -0.143522 3.31011e-19
    outer loop
      vertex 268.507 18.7432 0
      vertex 268.485 18.5915 2.2
      vertex 268.485 18.5915 0
    endloop
  endfacet
  facet normal 0.984367 -0.176129 9.24022e-19
    outer loop
      vertex 268.458 18.4406 2.2
      vertex 268.485 18.5915 0
      vertex 268.485 18.5915 2.2
    endloop
  endfacet
  facet normal 0.984367 -0.176129 9.24022e-19
    outer loop
      vertex 268.485 18.5915 0
      vertex 268.458 18.4406 2.2
      vertex 268.458 18.4406 0
    endloop
  endfacet
  facet normal 0.978106 -0.208108 -7.00719e-19
    outer loop
      vertex 268.426 18.2902 2.2
      vertex 268.458 18.4406 0
      vertex 268.458 18.4406 2.2
    endloop
  endfacet
  facet normal 0.978106 -0.208108 -7.00719e-19
    outer loop
      vertex 268.458 18.4406 0
      vertex 268.426 18.2902 2.2
      vertex 268.426 18.2902 0
    endloop
  endfacet
  facet normal 0.969992 -0.243138 -8.8427e-19
    outer loop
      vertex 268.388 18.1386 2.2
      vertex 268.426 18.2902 0
      vertex 268.426 18.2902 2.2
    endloop
  endfacet
  facet normal 0.969992 -0.243138 -8.8427e-19
    outer loop
      vertex 268.426 18.2902 0
      vertex 268.388 18.1386 2.2
      vertex 268.388 18.1386 0
    endloop
  endfacet
  facet normal 0.96254 -0.271138 -5.62758e-19
    outer loop
      vertex 268.346 17.9895 2.2
      vertex 268.388 18.1386 0
      vertex 268.388 18.1386 2.2
    endloop
  endfacet
  facet normal 0.96254 -0.271138 -5.62758e-19
    outer loop
      vertex 268.388 18.1386 0
      vertex 268.346 17.9895 2.2
      vertex 268.346 17.9895 0
    endloop
  endfacet
  facet normal 0.951771 -0.306808 -2.89935e-19
    outer loop
      vertex 268.3 17.8468 2.2
      vertex 268.346 17.9895 0
      vertex 268.346 17.9895 2.2
    endloop
  endfacet
  facet normal 0.951771 -0.306808 -2.89935e-19
    outer loop
      vertex 268.346 17.9895 0
      vertex 268.3 17.8468 2.2
      vertex 268.3 17.8468 0
    endloop
  endfacet
  facet normal 0.94427 -0.329171 8.64451e-20
    outer loop
      vertex 268.249 17.7005 2.2
      vertex 268.3 17.8468 0
      vertex 268.3 17.8468 2.2
    endloop
  endfacet
  facet normal 0.94427 -0.329171 8.64451e-20
    outer loop
      vertex 268.3 17.8468 0
      vertex 268.249 17.7005 2.2
      vertex 268.249 17.7005 0
    endloop
  endfacet
  facet normal 0.928656 -0.370942 1.96101e-18
    outer loop
      vertex 268.192 17.5578 2.2
      vertex 268.249 17.7005 0
      vertex 268.249 17.7005 2.2
    endloop
  endfacet
  facet normal 0.928656 -0.370942 1.96101e-18
    outer loop
      vertex 268.249 17.7005 0
      vertex 268.192 17.5578 2.2
      vertex 268.192 17.5578 0
    endloop
  endfacet
  facet normal 0.918911 -0.394466 -2.53081e-18
    outer loop
      vertex 268.131 17.4157 2.2
      vertex 268.192 17.5578 0
      vertex 268.192 17.5578 2.2
    endloop
  endfacet
  facet normal 0.918911 -0.394466 -2.53081e-18
    outer loop
      vertex 268.192 17.5578 0
      vertex 268.131 17.4157 2.2
      vertex 268.131 17.4157 0
    endloop
  endfacet
  facet normal 0.904172 -0.427168 2.32423e-19
    outer loop
      vertex 268.065 17.276 2.2
      vertex 268.131 17.4157 0
      vertex 268.131 17.4157 2.2
    endloop
  endfacet
  facet normal 0.904172 -0.427168 2.32423e-19
    outer loop
      vertex 268.131 17.4157 0
      vertex 268.065 17.276 2.2
      vertex 268.065 17.276 0
    endloop
  endfacet
  facet normal 0.890979 -0.454044 -1.73815e-18
    outer loop
      vertex 267.996 17.1406 2.2
      vertex 268.065 17.276 0
      vertex 268.065 17.276 2.2
    endloop
  endfacet
  facet normal 0.890979 -0.454044 -1.73815e-18
    outer loop
      vertex 268.065 17.276 0
      vertex 267.996 17.1406 2.2
      vertex 267.996 17.1406 0
    endloop
  endfacet
  facet normal 0.876147 -0.482044 2.54735e-18
    outer loop
      vertex 267.922 17.0061 2.2
      vertex 267.996 17.1406 0
      vertex 267.996 17.1406 2.2
    endloop
  endfacet
  facet normal 0.876147 -0.482044 2.54735e-18
    outer loop
      vertex 267.996 17.1406 0
      vertex 267.922 17.0061 2.2
      vertex 267.922 17.0061 0
    endloop
  endfacet
  facet normal 0.858749 -0.512396 -4.82201e-19
    outer loop
      vertex 267.843 16.8737 2.2
      vertex 267.922 17.0061 0
      vertex 267.922 17.0061 2.2
    endloop
  endfacet
  facet normal 0.858749 -0.512396 -4.82201e-19
    outer loop
      vertex 267.922 17.0061 0
      vertex 267.843 16.8737 2.2
      vertex 267.843 16.8737 0
    endloop
  endfacet
  facet normal 0.840951 -0.541111 -2.11935e-18
    outer loop
      vertex 267.758 16.7416 2.2
      vertex 267.843 16.8737 0
      vertex 267.843 16.8737 2.2
    endloop
  endfacet
  facet normal 0.840951 -0.541111 -2.11935e-18
    outer loop
      vertex 267.843 16.8737 0
      vertex 267.758 16.7416 2.2
      vertex 267.758 16.7416 0
    endloop
  endfacet
  facet normal 0.823638 -0.567116 -2.46053e-18
    outer loop
      vertex 267.672 16.6167 2.2
      vertex 267.758 16.7416 0
      vertex 267.758 16.7416 2.2
    endloop
  endfacet
  facet normal 0.823638 -0.567116 -2.46053e-18
    outer loop
      vertex 267.758 16.7416 0
      vertex 267.672 16.6167 2.2
      vertex 267.672 16.6167 0
    endloop
  endfacet
  facet normal 0.804596 -0.593822 -8.52118e-19
    outer loop
      vertex 267.581 16.4934 2.2
      vertex 267.672 16.6167 0
      vertex 267.672 16.6167 2.2
    endloop
  endfacet
  facet normal 0.804596 -0.593822 -8.52118e-19
    outer loop
      vertex 267.672 16.6167 0
      vertex 267.581 16.4934 2.2
      vertex 267.581 16.4934 0
    endloop
  endfacet
  facet normal 0.7853 -0.619116 1.75292e-18
    outer loop
      vertex 267.486 16.3729 2.2
      vertex 267.581 16.4934 0
      vertex 267.581 16.4934 2.2
    endloop
  endfacet
  facet normal 0.7853 -0.619116 1.75292e-18
    outer loop
      vertex 267.581 16.4934 0
      vertex 267.486 16.3729 2.2
      vertex 267.486 16.3729 0
    endloop
  endfacet
  facet normal 0.764547 -0.644568 -1.17603e-18
    outer loop
      vertex 267.385 16.2531 2.2
      vertex 267.486 16.3729 0
      vertex 267.486 16.3729 2.2
    endloop
  endfacet
  facet normal 0.764547 -0.644568 -1.17603e-18
    outer loop
      vertex 267.486 16.3729 0
      vertex 267.385 16.2531 2.2
      vertex 267.385 16.2531 0
    endloop
  endfacet
  facet normal 0.742018 -0.67038 -9.90371e-20
    outer loop
      vertex 267.283 16.1402 2.2
      vertex 267.385 16.2531 0
      vertex 267.385 16.2531 2.2
    endloop
  endfacet
  facet normal 0.742018 -0.67038 -9.90371e-20
    outer loop
      vertex 267.385 16.2531 0
      vertex 267.283 16.1402 2.2
      vertex 267.283 16.1402 0
    endloop
  endfacet
  facet normal 0.718707 -0.695313 -1.82048e-18
    outer loop
      vertex 267.176 16.0296 2.2
      vertex 267.283 16.1402 0
      vertex 267.283 16.1402 2.2
    endloop
  endfacet
  facet normal 0.718707 -0.695313 -1.82048e-18
    outer loop
      vertex 267.283 16.1402 0
      vertex 267.176 16.0296 2.2
      vertex 267.176 16.0296 0
    endloop
  endfacet
  facet normal 0.697444 -0.716639 0
    outer loop
      vertex 267.064 15.9206 0
      vertex 267.176 16.0296 2.2
      vertex 267.064 15.9206 2.2
    endloop
  endfacet
  facet normal 0.697444 -0.716639 0
    outer loop
      vertex 267.176 16.0296 2.2
      vertex 267.064 15.9206 0
      vertex 267.176 16.0296 0
    endloop
  endfacet
  facet normal 0.674189 -0.738559 0
    outer loop
      vertex 266.955 15.8211 0
      vertex 267.064 15.9206 2.2
      vertex 266.955 15.8211 2.2
    endloop
  endfacet
  facet normal 0.674189 -0.738559 0
    outer loop
      vertex 267.064 15.9206 2.2
      vertex 266.955 15.8211 0
      vertex 267.064 15.9206 0
    endloop
  endfacet
  facet normal 0.648215 -0.761457 0
    outer loop
      vertex 266.838 15.7215 0
      vertex 266.955 15.8211 2.2
      vertex 266.838 15.7215 2.2
    endloop
  endfacet
  facet normal 0.648215 -0.761457 0
    outer loop
      vertex 266.955 15.8211 2.2
      vertex 266.838 15.7215 0
      vertex 266.955 15.8211 0
    endloop
  endfacet
  facet normal 0.622383 -0.782713 0
    outer loop
      vertex 266.714 15.6229 0
      vertex 266.838 15.7215 2.2
      vertex 266.714 15.6229 2.2
    endloop
  endfacet
  facet normal 0.622383 -0.782713 0
    outer loop
      vertex 266.838 15.7215 2.2
      vertex 266.714 15.6229 0
      vertex 266.838 15.7215 0
    endloop
  endfacet
  facet normal 0.59854 -0.801093 0
    outer loop
      vertex 266.591 15.531 0
      vertex 266.714 15.6229 2.2
      vertex 266.591 15.531 2.2
    endloop
  endfacet
  facet normal 0.59854 -0.801093 0
    outer loop
      vertex 266.714 15.6229 2.2
      vertex 266.591 15.531 0
      vertex 266.714 15.6229 0
    endloop
  endfacet
  facet normal 0.57042 -0.821353 0
    outer loop
      vertex 266.464 15.4428 0
      vertex 266.591 15.531 2.2
      vertex 266.464 15.4428 2.2
    endloop
  endfacet
  facet normal 0.57042 -0.821353 0
    outer loop
      vertex 266.591 15.531 2.2
      vertex 266.464 15.4428 0
      vertex 266.591 15.531 0
    endloop
  endfacet
  facet normal 0.542217 -0.840239 0
    outer loop
      vertex 266.336 15.3602 0
      vertex 266.464 15.4428 2.2
      vertex 266.336 15.3602 2.2
    endloop
  endfacet
  facet normal 0.542217 -0.840239 0
    outer loop
      vertex 266.464 15.4428 2.2
      vertex 266.336 15.3602 0
      vertex 266.464 15.4428 0
    endloop
  endfacet
  facet normal 0.516843 -0.85608 0
    outer loop
      vertex 266.202 15.2793 0
      vertex 266.336 15.3602 2.2
      vertex 266.202 15.2793 2.2
    endloop
  endfacet
  facet normal 0.516843 -0.85608 0
    outer loop
      vertex 266.336 15.3602 2.2
      vertex 266.202 15.2793 0
      vertex 266.336 15.3602 0
    endloop
  endfacet
  facet normal 0.487882 -0.87291 0
    outer loop
      vertex 266.073 15.2072 0
      vertex 266.202 15.2793 2.2
      vertex 266.073 15.2072 2.2
    endloop
  endfacet
  facet normal 0.487882 -0.87291 0
    outer loop
      vertex 266.202 15.2793 2.2
      vertex 266.073 15.2072 0
      vertex 266.202 15.2793 0
    endloop
  endfacet
  facet normal 0.460736 -0.887537 0
    outer loop
      vertex 265.937 15.1366 0
      vertex 266.073 15.2072 2.2
      vertex 265.937 15.1366 2.2
    endloop
  endfacet
  facet normal 0.460736 -0.887537 0
    outer loop
      vertex 266.073 15.2072 2.2
      vertex 265.937 15.1366 0
      vertex 266.073 15.2072 0
    endloop
  endfacet
  facet normal 0.428167 -0.9037 0
    outer loop
      vertex 265.792 15.0679 0
      vertex 265.937 15.1366 2.2
      vertex 265.792 15.0679 2.2
    endloop
  endfacet
  facet normal 0.428167 -0.9037 0
    outer loop
      vertex 265.937 15.1366 2.2
      vertex 265.792 15.0679 0
      vertex 265.937 15.1366 0
    endloop
  endfacet
  facet normal 0.399843 -0.916584 0
    outer loop
      vertex 265.654 15.0077 0
      vertex 265.792 15.0679 2.2
      vertex 265.654 15.0077 2.2
    endloop
  endfacet
  facet normal 0.399843 -0.916584 0
    outer loop
      vertex 265.792 15.0679 2.2
      vertex 265.654 15.0077 0
      vertex 265.792 15.0679 0
    endloop
  endfacet
  facet normal 0.370263 -0.928927 0
    outer loop
      vertex 265.512 14.9511 0
      vertex 265.654 15.0077 2.2
      vertex 265.512 14.9511 2.2
    endloop
  endfacet
  facet normal 0.370263 -0.928927 0
    outer loop
      vertex 265.654 15.0077 2.2
      vertex 265.512 14.9511 0
      vertex 265.654 15.0077 0
    endloop
  endfacet
  facet normal 0.339066 -0.940762 0
    outer loop
      vertex 265.368 14.8992 0
      vertex 265.512 14.9511 2.2
      vertex 265.368 14.8992 2.2
    endloop
  endfacet
  facet normal 0.339066 -0.940762 0
    outer loop
      vertex 265.512 14.9511 2.2
      vertex 265.368 14.8992 0
      vertex 265.512 14.9511 0
    endloop
  endfacet
  facet normal 0.307689 -0.951487 0
    outer loop
      vertex 265.291 14.8743 0
      vertex 265.368 14.8992 2.2
      vertex 265.291 14.8743 2.2
    endloop
  endfacet
  facet normal 0.307689 -0.951487 0
    outer loop
      vertex 265.368 14.8992 2.2
      vertex 265.291 14.8743 0
      vertex 265.368 14.8992 0
    endloop
  endfacet
  facet normal 0.314774 -0.949166 0
    outer loop
      vertex 212.324 -2.69128 0
      vertex 265.291 14.8743 2.2
      vertex 212.324 -2.69128 2.2
    endloop
  endfacet
  facet normal 0.314774 -0.949166 0
    outer loop
      vertex 265.291 14.8743 2.2
      vertex 212.324 -2.69128 0
      vertex 265.291 14.8743 0
    endloop
  endfacet
  facet normal -0.980801 0.195013 -1.48507e-18
    outer loop
      vertex 311.636 133.482 0
      vertex 311.738 133.995 2.2
      vertex 311.738 133.995 0
    endloop
  endfacet
  facet normal -0.980801 0.195013 -1.48507e-18
    outer loop
      vertex 311.738 133.995 2.2
      vertex 311.636 133.482 0
      vertex 311.636 133.482 2.2
    endloop
  endfacet
  facet normal -0.99776 0.0668996 1.4382e-18
    outer loop
      vertex 311.601 132.96 0
      vertex 311.636 133.482 2.2
      vertex 311.636 133.482 0
    endloop
  endfacet
  facet normal -0.99776 0.0668996 1.4382e-18
    outer loop
      vertex 311.636 133.482 2.2
      vertex 311.601 132.96 0
      vertex 311.601 132.96 2.2
    endloop
  endfacet
  facet normal -0.947145 0.320807 5.36024e-18
    outer loop
      vertex 311.738 133.995 0
      vertex 311.906 134.491 2.2
      vertex 311.906 134.491 0
    endloop
  endfacet
  facet normal -0.947145 0.320807 5.36024e-18
    outer loop
      vertex 311.906 134.491 2.2
      vertex 311.738 133.995 0
      vertex 311.738 133.995 2.2
    endloop
  endfacet
  facet normal 0.997886 0.0649964 5.80371e-19
    outer loop
      vertex 319.601 132.96 2.2
      vertex 319.567 133.482 0
      vertex 319.567 133.482 2.2
    endloop
  endfacet
  facet normal 0.997886 0.0649964 5.80371e-19
    outer loop
      vertex 319.567 133.482 0
      vertex 319.601 132.96 2.2
      vertex 319.601 132.96 0
    endloop
  endfacet
  facet normal -0.321388 0.946948 0
    outer loop
      vertex 314.566 136.824 0
      vertex 314.071 136.656 2.2
      vertex 314.566 136.824 2.2
    endloop
  endfacet
  facet normal -0.321388 0.946948 0
    outer loop
      vertex 314.071 136.656 2.2
      vertex 314.566 136.824 0
      vertex 314.071 136.656 0
    endloop
  endfacet
  facet normal -0.831167 0.556022 -3.88783e-18
    outer loop
      vertex 312.137 134.96 0
      vertex 312.428 135.395 2.2
      vertex 312.428 135.395 0
    endloop
  endfacet
  facet normal -0.831167 0.556022 -3.88783e-18
    outer loop
      vertex 312.428 135.395 2.2
      vertex 312.137 134.96 0
      vertex 312.137 134.96 2.2
    endloop
  endfacet
  facet normal -0.897089 0.44185 -1.95835e-18
    outer loop
      vertex 311.906 134.491 0
      vertex 312.137 134.96 2.2
      vertex 312.137 134.96 0
    endloop
  endfacet
  facet normal -0.897089 0.44185 -1.95835e-18
    outer loop
      vertex 312.137 134.96 2.2
      vertex 311.906 134.491 0
      vertex 311.906 134.491 2.2
    endloop
  endfacet
  facet normal 0.75151 0.659722 1.08389e-17
    outer loop
      vertex 318.775 135.395 2.2
      vertex 318.43 135.788 0
      vertex 318.43 135.788 2.2
    endloop
  endfacet
  facet normal 0.75151 0.659722 1.08389e-17
    outer loop
      vertex 318.43 135.788 0
      vertex 318.775 135.395 2.2
      vertex 318.775 135.395 0
    endloop
  endfacet
  facet normal -0.0649964 0.997886 0
    outer loop
      vertex 315.601 136.96 0
      vertex 315.079 136.926 2.2
      vertex 315.601 136.96 2.2
    endloop
  endfacet
  facet normal -0.0649964 0.997886 0
    outer loop
      vertex 315.079 136.926 2.2
      vertex 315.601 136.96 0
      vertex 315.079 136.926 0
    endloop
  endfacet
  facet normal -0.659722 0.75151 0
    outer loop
      vertex 313.166 136.133 0
      vertex 312.773 135.788 2.2
      vertex 313.166 136.133 2.2
    endloop
  endfacet
  facet normal -0.659722 0.75151 0
    outer loop
      vertex 312.773 135.788 2.2
      vertex 313.166 136.133 0
      vertex 312.773 135.788 0
    endloop
  endfacet
  facet normal 0.443387 0.89633 -0
    outer loop
      vertex 317.601 136.424 0
      vertex 317.132 136.656 2.2
      vertex 317.601 136.424 2.2
    endloop
  endfacet
  facet normal 0.443387 0.89633 0
    outer loop
      vertex 317.132 136.656 2.2
      vertex 317.601 136.424 0
      vertex 317.132 136.656 0
    endloop
  endfacet
  facet normal 0.556022 0.831167 -0
    outer loop
      vertex 318.036 136.133 0
      vertex 317.601 136.424 2.2
      vertex 318.036 136.133 2.2
    endloop
  endfacet
  facet normal 0.556022 0.831167 0
    outer loop
      vertex 317.601 136.424 2.2
      vertex 318.036 136.133 0
      vertex 317.601 136.424 0
    endloop
  endfacet
  facet normal 0.980801 0.195013 -1.50591e-18
    outer loop
      vertex 319.567 133.482 2.2
      vertex 319.465 133.995 0
      vertex 319.465 133.995 2.2
    endloop
  endfacet
  facet normal 0.980801 0.195013 -1.50591e-18
    outer loop
      vertex 319.465 133.995 0
      vertex 319.567 133.482 2.2
      vertex 319.567 133.482 0
    endloop
  endfacet
  facet normal 0.195013 0.980801 -0
    outer loop
      vertex 316.637 136.824 0
      vertex 316.124 136.926 2.2
      vertex 316.637 136.824 2.2
    endloop
  endfacet
  facet normal 0.195013 0.980801 0
    outer loop
      vertex 316.124 136.926 2.2
      vertex 316.637 136.824 0
      vertex 316.124 136.926 0
    endloop
  endfacet
  facet normal -0.997838 -0.0657258 -1.13215e-18
    outer loop
      vertex 311.634 132.459 0
      vertex 311.601 132.96 2.2
      vertex 311.601 132.96 0
    endloop
  endfacet
  facet normal -0.997838 -0.0657258 -1.13215e-18
    outer loop
      vertex 311.601 132.96 2.2
      vertex 311.634 132.459 0
      vertex 311.634 132.459 2.2
    endloop
  endfacet
  facet normal 0.83205 0.5547 -8.88046e-19
    outer loop
      vertex 319.065 134.96 2.2
      vertex 318.775 135.395 0
      vertex 318.775 135.395 2.2
    endloop
  endfacet
  facet normal 0.83205 0.5547 -8.88046e-19
    outer loop
      vertex 318.775 135.395 0
      vertex 319.065 134.96 2.2
      vertex 319.065 134.96 0
    endloop
  endfacet
  facet normal -0.195013 0.980801 0
    outer loop
      vertex 315.079 136.926 0
      vertex 314.566 136.824 2.2
      vertex 315.079 136.926 2.2
    endloop
  endfacet
  facet normal -0.195013 0.980801 0
    outer loop
      vertex 314.566 136.824 2.2
      vertex 315.079 136.926 0
      vertex 314.566 136.824 0
    endloop
  endfacet
  facet normal -0.442629 0.896705 0
    outer loop
      vertex 314.071 136.656 0
      vertex 313.601 136.424 2.2
      vertex 314.071 136.656 2.2
    endloop
  endfacet
  facet normal -0.442629 0.896705 0
    outer loop
      vertex 313.601 136.424 2.2
      vertex 314.071 136.656 0
      vertex 313.601 136.424 0
    endloop
  endfacet
  facet normal 0.321388 0.946948 -0
    outer loop
      vertex 317.132 136.656 0
      vertex 316.637 136.824 2.2
      vertex 317.132 136.656 2.2
    endloop
  endfacet
  facet normal 0.321388 0.946948 0
    outer loop
      vertex 316.637 136.824 2.2
      vertex 317.132 136.656 0
      vertex 316.637 136.824 0
    endloop
  endfacet
  facet normal 0.658775 0.75234 -0
    outer loop
      vertex 318.43 135.788 0
      vertex 318.036 136.133 2.2
      vertex 318.43 135.788 2.2
    endloop
  endfacet
  facet normal 0.658775 0.75234 0
    outer loop
      vertex 318.036 136.133 2.2
      vertex 318.43 135.788 0
      vertex 318.036 136.133 0
    endloop
  endfacet
  facet normal -0.556022 0.831167 0
    outer loop
      vertex 313.601 136.424 0
      vertex 313.166 136.133 2.2
      vertex 313.601 136.424 2.2
    endloop
  endfacet
  facet normal -0.556022 0.831167 0
    outer loop
      vertex 313.166 136.133 2.2
      vertex 313.601 136.424 0
      vertex 313.166 136.133 0
    endloop
  endfacet
  facet normal -0.75151 0.659722 1.00052e-17
    outer loop
      vertex 312.428 135.395 0
      vertex 312.773 135.788 2.2
      vertex 312.773 135.788 0
    endloop
  endfacet
  facet normal -0.75151 0.659722 1.00052e-17
    outer loop
      vertex 312.773 135.788 2.2
      vertex 312.428 135.395 0
      vertex 312.428 135.395 2.2
    endloop
  endfacet
  facet normal 0.89633 0.443387 -5.92794e-18
    outer loop
      vertex 319.297 134.491 2.2
      vertex 319.065 134.96 0
      vertex 319.065 134.96 2.2
    endloop
  endfacet
  facet normal 0.89633 0.443387 -5.92794e-18
    outer loop
      vertex 319.065 134.96 0
      vertex 319.297 134.491 2.2
      vertex 319.297 134.491 0
    endloop
  endfacet
  facet normal 0.0648726 0.997894 -0
    outer loop
      vertex 316.124 136.926 0
      vertex 315.601 136.96 2.2
      vertex 316.124 136.926 2.2
    endloop
  endfacet
  facet normal 0.0648726 0.997894 0
    outer loop
      vertex 315.601 136.96 2.2
      vertex 316.124 136.926 0
      vertex 315.601 136.96 0
    endloop
  endfacet
  facet normal 0.997966 -0.0637424 -9.29235e-19
    outer loop
      vertex 319.569 132.459 2.2
      vertex 319.601 132.96 0
      vertex 319.601 132.96 2.2
    endloop
  endfacet
  facet normal 0.997966 -0.0637424 -9.29235e-19
    outer loop
      vertex 319.601 132.96 0
      vertex 319.569 132.459 2.2
      vertex 319.569 132.459 0
    endloop
  endfacet
  facet normal 0.947145 0.320807 2.05991e-18
    outer loop
      vertex 319.465 133.995 2.2
      vertex 319.297 134.491 0
      vertex 319.297 134.491 2.2
    endloop
  endfacet
  facet normal 0.947145 0.320807 2.05991e-18
    outer loop
      vertex 319.297 134.491 0
      vertex 319.465 133.995 2.2
      vertex 319.465 133.995 0
    endloop
  endfacet
  facet normal -0.75151 0.659722 -4.16882e-19
    outer loop
      vertex 249.928 122.665 0
      vertex 250.273 123.058 2.2
      vertex 250.273 123.058 0
    endloop
  endfacet
  facet normal -0.75151 0.659722 -4.16882e-19
    outer loop
      vertex 250.273 123.058 2.2
      vertex 249.928 122.665 0
      vertex 249.928 122.665 2.2
    endloop
  endfacet
  facet normal -0.980801 0.195013 1.04202e-20
    outer loop
      vertex 249.136 120.752 0
      vertex 249.238 121.265 2.2
      vertex 249.238 121.265 0
    endloop
  endfacet
  facet normal -0.980801 0.195013 1.04202e-20
    outer loop
      vertex 249.238 121.265 2.2
      vertex 249.136 120.752 0
      vertex 249.136 120.752 2.2
    endloop
  endfacet
  facet normal -0.99776 0.0668996 7.62991e-19
    outer loop
      vertex 249.101 120.23 0
      vertex 249.136 120.752 2.2
      vertex 249.136 120.752 0
    endloop
  endfacet
  facet normal -0.99776 0.0668996 7.62991e-19
    outer loop
      vertex 249.136 120.752 2.2
      vertex 249.101 120.23 0
      vertex 249.101 120.23 2.2
    endloop
  endfacet
  facet normal -0.947145 0.320807 4.97478e-18
    outer loop
      vertex 249.238 121.265 0
      vertex 249.406 121.761 2.2
      vertex 249.406 121.761 0
    endloop
  endfacet
  facet normal -0.947145 0.320807 4.97478e-18
    outer loop
      vertex 249.406 121.761 2.2
      vertex 249.238 121.265 0
      vertex 249.238 121.265 2.2
    endloop
  endfacet
  facet normal 0.321388 0.946948 -0
    outer loop
      vertex 254.632 123.926 0
      vertex 254.137 124.094 2.2
      vertex 254.632 123.926 2.2
    endloop
  endfacet
  facet normal 0.321388 0.946948 0
    outer loop
      vertex 254.137 124.094 2.2
      vertex 254.632 123.926 0
      vertex 254.137 124.094 0
    endloop
  endfacet
  facet normal -0.981423 -0.191857 -6.77834e-19
    outer loop
      vertex 249.162 119.575 0
      vertex 249.136 119.708 2.2
      vertex 249.136 119.708 0
    endloop
  endfacet
  facet normal -0.981423 -0.191857 -6.77834e-19
    outer loop
      vertex 249.136 119.708 2.2
      vertex 249.162 119.575 0
      vertex 249.162 119.575 2.2
    endloop
  endfacet
  facet normal 0.658775 0.75234 -0
    outer loop
      vertex 255.93 123.058 0
      vertex 255.536 123.403 2.2
      vertex 255.93 123.058 2.2
    endloop
  endfacet
  facet normal 0.658775 0.75234 0
    outer loop
      vertex 255.536 123.403 2.2
      vertex 255.93 123.058 0
      vertex 255.536 123.403 0
    endloop
  endfacet
  facet normal -0.831167 0.556022 -3.88783e-18
    outer loop
      vertex 249.637 122.23 0
      vertex 249.928 122.665 2.2
      vertex 249.928 122.665 0
    endloop
  endfacet
  facet normal -0.831167 0.556022 -3.88783e-18
    outer loop
      vertex 249.928 122.665 2.2
      vertex 249.637 122.23 0
      vertex 249.637 122.23 2.2
    endloop
  endfacet
  facet normal -0.897089 0.44185 4.60551e-18
    outer loop
      vertex 249.406 121.761 0
      vertex 249.637 122.23 2.2
      vertex 249.637 122.23 0
    endloop
  endfacet
  facet normal -0.897089 0.44185 4.60551e-18
    outer loop
      vertex 249.637 122.23 2.2
      vertex 249.406 121.761 0
      vertex 249.406 121.761 2.2
    endloop
  endfacet
  facet normal 0.195013 0.980801 -0
    outer loop
      vertex 254.137 124.094 0
      vertex 253.624 124.196 2.2
      vertex 254.137 124.094 2.2
    endloop
  endfacet
  facet normal 0.195013 0.980801 0
    outer loop
      vertex 253.624 124.196 2.2
      vertex 254.137 124.094 0
      vertex 253.624 124.196 0
    endloop
  endfacet
  facet normal 0.443387 0.89633 -0
    outer loop
      vertex 255.101 123.694 0
      vertex 254.632 123.926 2.2
      vertex 255.101 123.694 2.2
    endloop
  endfacet
  facet normal 0.443387 0.89633 0
    outer loop
      vertex 254.632 123.926 2.2
      vertex 255.101 123.694 0
      vertex 254.632 123.926 0
    endloop
  endfacet
  facet normal -0.321388 0.946948 0
    outer loop
      vertex 252.066 124.094 0
      vertex 251.571 123.926 2.2
      vertex 252.066 124.094 2.2
    endloop
  endfacet
  facet normal -0.321388 0.946948 0
    outer loop
      vertex 251.571 123.926 2.2
      vertex 252.066 124.094 0
      vertex 251.571 123.926 0
    endloop
  endfacet
  facet normal 0.89633 0.443387 -7.1987e-19
    outer loop
      vertex 256.797 121.761 2.2
      vertex 256.565 122.23 0
      vertex 256.565 122.23 2.2
    endloop
  endfacet
  facet normal 0.89633 0.443387 -7.1987e-19
    outer loop
      vertex 256.565 122.23 0
      vertex 256.797 121.761 2.2
      vertex 256.797 121.761 0
    endloop
  endfacet
  facet normal -0.659722 0.75151 0
    outer loop
      vertex 250.666 123.403 0
      vertex 250.273 123.058 2.2
      vertex 250.666 123.403 2.2
    endloop
  endfacet
  facet normal -0.659722 0.75151 0
    outer loop
      vertex 250.273 123.058 2.2
      vertex 250.666 123.403 0
      vertex 250.273 123.058 0
    endloop
  endfacet
  facet normal -0.556022 0.831167 0
    outer loop
      vertex 251.101 123.694 0
      vertex 250.666 123.403 2.2
      vertex 251.101 123.694 2.2
    endloop
  endfacet
  facet normal -0.556022 0.831167 0
    outer loop
      vertex 250.666 123.403 2.2
      vertex 251.101 123.694 0
      vertex 250.666 123.403 0
    endloop
  endfacet
  facet normal 0.556022 0.831167 -0
    outer loop
      vertex 255.536 123.403 0
      vertex 255.101 123.694 2.2
      vertex 255.536 123.403 2.2
    endloop
  endfacet
  facet normal 0.556022 0.831167 0
    outer loop
      vertex 255.101 123.694 2.2
      vertex 255.536 123.403 0
      vertex 255.101 123.694 0
    endloop
  endfacet
  facet normal -0.0649964 0.997886 0
    outer loop
      vertex 253.101 124.23 0
      vertex 252.579 124.196 2.2
      vertex 253.101 124.23 2.2
    endloop
  endfacet
  facet normal -0.0649964 0.997886 0
    outer loop
      vertex 252.579 124.196 2.2
      vertex 253.101 124.23 0
      vertex 252.579 124.196 0
    endloop
  endfacet
  facet normal -0.442629 0.896705 0
    outer loop
      vertex 251.571 123.926 0
      vertex 251.101 123.694 2.2
      vertex 251.571 123.926 2.2
    endloop
  endfacet
  facet normal -0.442629 0.896705 0
    outer loop
      vertex 251.101 123.694 2.2
      vertex 251.571 123.926 0
      vertex 251.101 123.694 0
    endloop
  endfacet
  facet normal 0.997886 0.0649964 5.80371e-19
    outer loop
      vertex 257.101 120.23 2.2
      vertex 257.067 120.752 0
      vertex 257.067 120.752 2.2
    endloop
  endfacet
  facet normal 0.997886 0.0649964 5.80371e-19
    outer loop
      vertex 257.067 120.752 0
      vertex 257.101 120.23 2.2
      vertex 257.101 120.23 0
    endloop
  endfacet
  facet normal -0.99776 -0.0668996 1.16619e-18
    outer loop
      vertex 249.136 119.708 0
      vertex 249.101 120.23 2.2
      vertex 249.101 120.23 0
    endloop
  endfacet
  facet normal -0.99776 -0.0668996 1.16619e-18
    outer loop
      vertex 249.101 120.23 2.2
      vertex 249.136 119.708 0
      vertex 249.136 119.708 2.2
    endloop
  endfacet
  facet normal 0.75151 0.659722 1.08389e-17
    outer loop
      vertex 256.275 122.665 2.2
      vertex 255.93 123.058 0
      vertex 255.93 123.058 2.2
    endloop
  endfacet
  facet normal 0.75151 0.659722 1.08389e-17
    outer loop
      vertex 255.93 123.058 0
      vertex 256.275 122.665 2.2
      vertex 256.275 122.665 0
    endloop
  endfacet
  facet normal 0.980801 0.195013 -1.50591e-18
    outer loop
      vertex 257.067 120.752 2.2
      vertex 256.965 121.265 0
      vertex 256.965 121.265 2.2
    endloop
  endfacet
  facet normal 0.980801 0.195013 -1.50591e-18
    outer loop
      vertex 256.965 121.265 0
      vertex 257.067 120.752 2.2
      vertex 257.067 120.752 0
    endloop
  endfacet
  facet normal 0.0648726 0.997894 -0
    outer loop
      vertex 253.624 124.196 0
      vertex 253.101 124.23 2.2
      vertex 253.624 124.196 2.2
    endloop
  endfacet
  facet normal 0.0648726 0.997894 0
    outer loop
      vertex 253.101 124.23 2.2
      vertex 253.624 124.196 0
      vertex 253.101 124.23 0
    endloop
  endfacet
  facet normal 0.997863 -0.0653363 8.54868e-19
    outer loop
      vertex 257.068 119.726 2.2
      vertex 257.101 120.23 0
      vertex 257.101 120.23 2.2
    endloop
  endfacet
  facet normal 0.997863 -0.0653363 8.54868e-19
    outer loop
      vertex 257.101 120.23 0
      vertex 257.068 119.726 2.2
      vertex 257.068 119.726 0
    endloop
  endfacet
  facet normal 0.83205 0.5547 -8.88046e-19
    outer loop
      vertex 256.565 122.23 2.2
      vertex 256.275 122.665 0
      vertex 256.275 122.665 2.2
    endloop
  endfacet
  facet normal 0.83205 0.5547 -8.88046e-19
    outer loop
      vertex 256.275 122.665 0
      vertex 256.565 122.23 2.2
      vertex 256.565 122.23 0
    endloop
  endfacet
  facet normal 0.947145 0.320807 2.44537e-18
    outer loop
      vertex 256.965 121.265 2.2
      vertex 256.797 121.761 0
      vertex 256.797 121.761 2.2
    endloop
  endfacet
  facet normal 0.947145 0.320807 2.44537e-18
    outer loop
      vertex 256.797 121.761 0
      vertex 256.965 121.265 2.2
      vertex 256.965 121.265 0
    endloop
  endfacet
  facet normal -0.195013 0.980801 0
    outer loop
      vertex 252.579 124.196 0
      vertex 252.066 124.094 2.2
      vertex 252.579 124.196 2.2
    endloop
  endfacet
  facet normal -0.195013 0.980801 0
    outer loop
      vertex 252.066 124.094 2.2
      vertex 252.579 124.196 0
      vertex 252.066 124.094 0
    endloop
  endfacet
  facet normal -0.321731 -0.946831 0
    outer loop
      vertex 187.821 33.6145 0
      vertex 188.316 33.4463 2.2
      vertex 187.821 33.6145 2.2
    endloop
  endfacet
  facet normal -0.321731 -0.946831 -0
    outer loop
      vertex 188.316 33.4463 2.2
      vertex 187.821 33.6145 0
      vertex 188.316 33.4463 0
    endloop
  endfacet
  facet normal -0.980815 0.19494 -1.68095e-18
    outer loop
      vertex 185.386 37.8321 0
      vertex 185.488 38.3453 2.2
      vertex 185.488 38.3453 0
    endloop
  endfacet
  facet normal -0.980815 0.19494 -1.68095e-18
    outer loop
      vertex 185.488 38.3453 2.2
      vertex 185.386 37.8321 0
      vertex 185.386 37.8321 2.2
    endloop
  endfacet
  facet normal -0.997761 0.0668868 -1.10058e-18
    outer loop
      vertex 185.351 37.31 0
      vertex 185.386 37.8321 2.2
      vertex 185.386 37.8321 0
    endloop
  endfacet
  facet normal -0.997761 0.0668868 -1.10058e-18
    outer loop
      vertex 185.386 37.8321 2.2
      vertex 185.351 37.31 0
      vertex 185.351 37.31 2.2
    endloop
  endfacet
  facet normal -0.947026 0.321156 -8.47241e-19
    outer loop
      vertex 185.488 38.3453 0
      vertex 185.656 38.8407 2.2
      vertex 185.656 38.8407 0
    endloop
  endfacet
  facet normal -0.947026 0.321156 -8.47241e-19
    outer loop
      vertex 185.656 38.8407 2.2
      vertex 185.488 38.3453 0
      vertex 185.488 38.3453 2.2
    endloop
  endfacet
  facet normal -0.980815 -0.19494 -1.64646e-18
    outer loop
      vertex 185.488 36.2747 0
      vertex 185.386 36.7879 2.2
      vertex 185.386 36.7879 0
    endloop
  endfacet
  facet normal -0.980815 -0.19494 -1.64646e-18
    outer loop
      vertex 185.386 36.7879 2.2
      vertex 185.488 36.2747 0
      vertex 185.488 36.2747 2.2
    endloop
  endfacet
  facet normal 0.321731 0.946831 -0
    outer loop
      vertex 190.882 41.0055 0
      vertex 190.387 41.1737 2.2
      vertex 190.882 41.0055 2.2
    endloop
  endfacet
  facet normal 0.321731 0.946831 0
    outer loop
      vertex 190.387 41.1737 2.2
      vertex 190.882 41.0055 0
      vertex 190.387 41.1737 0
    endloop
  endfacet
  facet normal -0.751842 -0.659343 -9.79727e-18
    outer loop
      vertex 186.523 34.4816 0
      vertex 186.178 34.875 2.2
      vertex 186.178 34.875 0
    endloop
  endfacet
  facet normal -0.751842 -0.659343 -9.79727e-18
    outer loop
      vertex 186.178 34.875 2.2
      vertex 186.523 34.4816 0
      vertex 186.523 34.4816 2.2
    endloop
  endfacet
  facet normal -0.321731 0.946831 0
    outer loop
      vertex 188.316 41.1737 0
      vertex 187.821 41.0055 2.2
      vertex 188.316 41.1737 2.2
    endloop
  endfacet
  facet normal -0.321731 0.946831 0
    outer loop
      vertex 187.821 41.0055 2.2
      vertex 188.316 41.1737 0
      vertex 187.821 41.0055 0
    endloop
  endfacet
  facet normal -0.831167 0.556022 8.26164e-18
    outer loop
      vertex 185.887 39.31 0
      vertex 186.178 39.745 2.2
      vertex 186.178 39.745 0
    endloop
  endfacet
  facet normal -0.831167 0.556022 8.26164e-18
    outer loop
      vertex 186.178 39.745 2.2
      vertex 185.887 39.31 0
      vertex 185.887 39.31 2.2
    endloop
  endfacet
  facet normal -0.897201 0.441622 -1.25745e-18
    outer loop
      vertex 185.656 38.8407 0
      vertex 185.887 39.31 2.2
      vertex 185.887 39.31 0
    endloop
  endfacet
  facet normal -0.897201 0.441622 -1.25745e-18
    outer loop
      vertex 185.887 39.31 2.2
      vertex 185.656 38.8407 0
      vertex 185.656 38.8407 2.2
    endloop
  endfacet
  facet normal 0.195197 0.980764 -0
    outer loop
      vertex 190.387 41.1737 0
      vertex 189.874 41.2758 2.2
      vertex 190.387 41.1737 2.2
    endloop
  endfacet
  facet normal 0.195197 0.980764 0
    outer loop
      vertex 189.874 41.2758 2.2
      vertex 190.387 41.1737 0
      vertex 189.874 41.2758 0
    endloop
  endfacet
  facet normal 0.0652526 -0.997869 0
    outer loop
      vertex 189.351 33.31 0
      vertex 189.874 33.3442 2.2
      vertex 189.351 33.31 2.2
    endloop
  endfacet
  facet normal 0.0652526 -0.997869 0
    outer loop
      vertex 189.874 33.3442 2.2
      vertex 189.351 33.31 0
      vertex 189.874 33.3442 0
    endloop
  endfacet
  facet normal 0.441671 0.897177 -0
    outer loop
      vertex 191.297 40.8012 0
      vertex 190.882 41.0055 2.2
      vertex 191.297 40.8012 2.2
    endloop
  endfacet
  facet normal 0.441671 0.897177 0
    outer loop
      vertex 190.882 41.0055 2.2
      vertex 191.297 40.8012 0
      vertex 190.882 41.0055 0
    endloop
  endfacet
  facet normal -0.947026 -0.321156 6.543e-19
    outer loop
      vertex 185.656 35.7793 0
      vertex 185.488 36.2747 2.2
      vertex 185.488 36.2747 0
    endloop
  endfacet
  facet normal -0.947026 -0.321156 6.543e-19
    outer loop
      vertex 185.488 36.2747 2.2
      vertex 185.656 35.7793 0
      vertex 185.656 35.7793 2.2
    endloop
  endfacet
  facet normal -0.195197 -0.980764 0
    outer loop
      vertex 188.316 33.4463 0
      vertex 188.829 33.3442 2.2
      vertex 188.316 33.4463 2.2
    endloop
  endfacet
  facet normal -0.195197 -0.980764 -0
    outer loop
      vertex 188.829 33.3442 2.2
      vertex 188.316 33.4463 0
      vertex 188.829 33.3442 0
    endloop
  endfacet
  facet normal -0.0653771 0.997861 0
    outer loop
      vertex 189.351 41.31 0
      vertex 188.829 41.2758 2.2
      vertex 189.351 41.31 2.2
    endloop
  endfacet
  facet normal -0.0653771 0.997861 0
    outer loop
      vertex 188.829 41.2758 2.2
      vertex 189.351 41.31 0
      vertex 188.829 41.2758 0
    endloop
  endfacet
  facet normal -0.997761 -0.0668868 -9.48783e-19
    outer loop
      vertex 185.386 36.7879 0
      vertex 185.351 37.31 2.2
      vertex 185.351 37.31 0
    endloop
  endfacet
  facet normal -0.997761 -0.0668868 -9.48783e-19
    outer loop
      vertex 185.351 37.31 2.2
      vertex 185.386 36.7879 0
      vertex 185.386 36.7879 2.2
    endloop
  endfacet
  facet normal -0.897201 -0.441622 4.53769e-18
    outer loop
      vertex 185.887 35.31 0
      vertex 185.656 35.7793 2.2
      vertex 185.656 35.7793 0
    endloop
  endfacet
  facet normal -0.897201 -0.441622 4.53769e-18
    outer loop
      vertex 185.656 35.7793 2.2
      vertex 185.887 35.31 0
      vertex 185.887 35.31 2.2
    endloop
  endfacet
  facet normal 0.195197 -0.980764 0
    outer loop
      vertex 189.874 33.3442 0
      vertex 190.387 33.4463 2.2
      vertex 189.874 33.3442 2.2
    endloop
  endfacet
  facet normal 0.195197 -0.980764 0
    outer loop
      vertex 190.387 33.4463 2.2
      vertex 189.874 33.3442 0
      vertex 190.387 33.4463 0
    endloop
  endfacet
  facet normal 0.321731 -0.946831 0
    outer loop
      vertex 190.387 33.4463 0
      vertex 190.882 33.6145 2.2
      vertex 190.387 33.4463 2.2
    endloop
  endfacet
  facet normal 0.321731 -0.946831 0
    outer loop
      vertex 190.882 33.6145 2.2
      vertex 190.387 33.4463 0
      vertex 190.882 33.6145 0
    endloop
  endfacet
  facet normal -0.441708 0.897159 0
    outer loop
      vertex 187.821 41.0055 0
      vertex 187.351 40.7741 2.2
      vertex 187.821 41.0055 2.2
    endloop
  endfacet
  facet normal -0.441708 0.897159 0
    outer loop
      vertex 187.351 40.7741 2.2
      vertex 187.821 41.0055 0
      vertex 187.351 40.7741 0
    endloop
  endfacet
  facet normal -0.831167 -0.556022 3.88783e-18
    outer loop
      vertex 186.178 34.875 0
      vertex 185.887 35.31 2.2
      vertex 185.887 35.31 0
    endloop
  endfacet
  facet normal -0.831167 -0.556022 3.88783e-18
    outer loop
      vertex 185.887 35.31 2.2
      vertex 186.178 34.875 0
      vertex 186.178 34.875 2.2
    endloop
  endfacet
  facet normal -0.555626 0.831432 0
    outer loop
      vertex 187.351 40.7741 0
      vertex 186.916 40.4834 2.2
      vertex 187.351 40.7741 2.2
    endloop
  endfacet
  facet normal -0.555626 0.831432 0
    outer loop
      vertex 186.916 40.4834 2.2
      vertex 187.351 40.7741 0
      vertex 186.916 40.4834 0
    endloop
  endfacet
  facet normal -0.441708 -0.897159 0
    outer loop
      vertex 187.351 33.8459 0
      vertex 187.821 33.6145 2.2
      vertex 187.351 33.8459 2.2
    endloop
  endfacet
  facet normal -0.441708 -0.897159 -0
    outer loop
      vertex 187.821 33.6145 2.2
      vertex 187.351 33.8459 0
      vertex 187.821 33.6145 0
    endloop
  endfacet
  facet normal 0.439733 -0.898129 0
    outer loop
      vertex 190.882 33.6145 0
      vertex 190.959 33.6522 2.2
      vertex 190.882 33.6145 2.2
    endloop
  endfacet
  facet normal 0.439733 -0.898129 0
    outer loop
      vertex 190.959 33.6522 2.2
      vertex 190.882 33.6145 0
      vertex 190.959 33.6522 0
    endloop
  endfacet
  facet normal 0.0652526 0.997869 -0
    outer loop
      vertex 189.874 41.2758 0
      vertex 189.351 41.31 2.2
      vertex 189.874 41.2758 2.2
    endloop
  endfacet
  facet normal 0.0652526 0.997869 0
    outer loop
      vertex 189.351 41.31 2.2
      vertex 189.874 41.2758 0
      vertex 189.351 41.31 0
    endloop
  endfacet
  facet normal -0.659722 -0.75151 0
    outer loop
      vertex 186.523 34.4816 0
      vertex 186.916 34.1366 2.2
      vertex 186.523 34.4816 2.2
    endloop
  endfacet
  facet normal -0.659722 -0.75151 -0
    outer loop
      vertex 186.916 34.1366 2.2
      vertex 186.523 34.4816 0
      vertex 186.916 34.1366 0
    endloop
  endfacet
  facet normal -0.0653771 -0.997861 0
    outer loop
      vertex 188.829 33.3442 0
      vertex 189.351 33.31 2.2
      vertex 188.829 33.3442 2.2
    endloop
  endfacet
  facet normal -0.0653771 -0.997861 -0
    outer loop
      vertex 189.351 33.31 2.2
      vertex 188.829 33.3442 0
      vertex 189.351 33.31 0
    endloop
  endfacet
  facet normal -0.659722 0.75151 0
    outer loop
      vertex 186.916 40.4834 0
      vertex 186.523 40.1384 2.2
      vertex 186.916 40.4834 2.2
    endloop
  endfacet
  facet normal -0.659722 0.75151 0
    outer loop
      vertex 186.523 40.1384 2.2
      vertex 186.916 40.4834 0
      vertex 186.523 40.1384 0
    endloop
  endfacet
  facet normal -0.751842 0.659343 9.79727e-18
    outer loop
      vertex 186.178 39.745 0
      vertex 186.523 40.1384 2.2
      vertex 186.523 40.1384 0
    endloop
  endfacet
  facet normal -0.751842 0.659343 9.79727e-18
    outer loop
      vertex 186.523 40.1384 2.2
      vertex 186.178 39.745 0
      vertex 186.178 39.745 2.2
    endloop
  endfacet
  facet normal -0.555626 -0.831432 0
    outer loop
      vertex 186.916 34.1366 0
      vertex 187.351 33.8459 2.2
      vertex 186.916 34.1366 2.2
    endloop
  endfacet
  facet normal -0.555626 -0.831432 -0
    outer loop
      vertex 187.351 33.8459 2.2
      vertex 186.916 34.1366 0
      vertex 187.351 33.8459 0
    endloop
  endfacet
  facet normal -0.195197 0.980764 0
    outer loop
      vertex 188.829 41.2758 0
      vertex 188.316 41.1737 2.2
      vertex 188.829 41.2758 2.2
    endloop
  endfacet
  facet normal -0.195197 0.980764 0
    outer loop
      vertex 188.316 41.1737 2.2
      vertex 188.829 41.2758 0
      vertex 188.316 41.1737 0
    endloop
  endfacet
  facet normal -0.980814 -0.194947 1.45882e-18
    outer loop
      vertex 204.758 -5.23528 0
      vertex 204.656 -4.7221 2.2
      vertex 204.656 -4.7221 0
    endloop
  endfacet
  facet normal -0.980814 -0.194947 1.45882e-18
    outer loop
      vertex 204.656 -4.7221 2.2
      vertex 204.758 -5.23528 0
      vertex 204.758 -5.23528 2.2
    endloop
  endfacet
  facet normal -0.0654151 -0.997858 0
    outer loop
      vertex 208.099 -8.16578 0
      vertex 208.621 -8.2 2.2
      vertex 208.099 -8.16578 2.2
    endloop
  endfacet
  facet normal -0.0654151 -0.997858 -0
    outer loop
      vertex 208.621 -8.2 2.2
      vertex 208.099 -8.16578 0
      vertex 208.621 -8.2 0
    endloop
  endfacet
  facet normal -0.980813 0.194951 2.51034e-18
    outer loop
      vertex 204.656 -3.67789 0
      vertex 204.758 -3.16472 2.2
      vertex 204.758 -3.16472 0
    endloop
  endfacet
  facet normal -0.980813 0.194951 2.51034e-18
    outer loop
      vertex 204.758 -3.16472 2.2
      vertex 204.656 -3.67789 0
      vertex 204.656 -3.67789 2.2
    endloop
  endfacet
  facet normal -0.997761 0.0668856 4.36945e-19
    outer loop
      vertex 204.621 -4.2 0
      vertex 204.656 -3.67789 2.2
      vertex 204.656 -3.67789 0
    endloop
  endfacet
  facet normal -0.997761 0.0668856 4.36945e-19
    outer loop
      vertex 204.656 -3.67789 2.2
      vertex 204.621 -4.2 0
      vertex 204.621 -4.2 2.2
    endloop
  endfacet
  facet normal -0.947036 0.321126 5.58366e-18
    outer loop
      vertex 204.758 -3.16472 0
      vertex 204.926 -2.66927 2.2
      vertex 204.926 -2.66927 0
    endloop
  endfacet
  facet normal -0.947036 0.321126 5.58366e-18
    outer loop
      vertex 204.926 -2.66927 2.2
      vertex 204.758 -3.16472 0
      vertex 204.758 -3.16472 2.2
    endloop
  endfacet
  facet normal 0.947036 -0.321126 1.74449e-18
    outer loop
      vertex 212.317 -5.73073 2.2
      vertex 212.485 -5.23528 0
      vertex 212.485 -5.23528 2.2
    endloop
  endfacet
  facet normal 0.947036 -0.321126 1.74449e-18
    outer loop
      vertex 212.485 -5.23528 0
      vertex 212.317 -5.73073 2.2
      vertex 212.317 -5.73073 0
    endloop
  endfacet
  facet normal 0.946754 0.321957 -5.4122e-18
    outer loop
      vertex 212.485 -3.16472 2.2
      vertex 212.324 -2.69128 0
      vertex 212.324 -2.69128 2.2
    endloop
  endfacet
  facet normal 0.946754 0.321957 -5.4122e-18
    outer loop
      vertex 212.324 -2.69128 0
      vertex 212.485 -3.16472 2.2
      vertex 212.485 -3.16472 0
    endloop
  endfacet
  facet normal 0.997886 0.0649827 -1.42592e-18
    outer loop
      vertex 212.621 -4.2 2.2
      vertex 212.587 -3.67789 0
      vertex 212.587 -3.67789 2.2
    endloop
  endfacet
  facet normal 0.997886 0.0649827 -1.42592e-18
    outer loop
      vertex 212.587 -3.67789 0
      vertex 212.621 -4.2 2.2
      vertex 212.621 -4.2 0
    endloop
  endfacet
  facet normal 0.980814 -0.194947 -1.37009e-18
    outer loop
      vertex 212.485 -5.23528 2.2
      vertex 212.587 -4.7221 0
      vertex 212.587 -4.7221 2.2
    endloop
  endfacet
  facet normal 0.980814 -0.194947 -1.37009e-18
    outer loop
      vertex 212.587 -4.7221 0
      vertex 212.485 -5.23528 2.2
      vertex 212.485 -5.23528 0
    endloop
  endfacet
  facet normal -0.947036 -0.321126 -5.58366e-18
    outer loop
      vertex 204.926 -5.73073 0
      vertex 204.758 -5.23528 2.2
      vertex 204.758 -5.23528 0
    endloop
  endfacet
  facet normal -0.947036 -0.321126 -5.58366e-18
    outer loop
      vertex 204.758 -5.23528 2.2
      vertex 204.926 -5.73073 0
      vertex 204.926 -5.73073 2.2
    endloop
  endfacet
  facet normal -0.897184 0.441656 -3.46021e-18
    outer loop
      vertex 204.926 -2.66927 0
      vertex 205.132 -2.2508 2.2
      vertex 205.132 -2.2508 0
    endloop
  endfacet
  facet normal -0.897184 0.441656 -3.46021e-18
    outer loop
      vertex 205.132 -2.2508 2.2
      vertex 204.926 -2.66927 0
      vertex 204.926 -2.66927 2.2
    endloop
  endfacet
  facet normal 0.997886 -0.064984 5.74975e-19
    outer loop
      vertex 212.587 -4.7221 2.2
      vertex 212.621 -4.2 0
      vertex 212.621 -4.2 2.2
    endloop
  endfacet
  facet normal 0.997886 -0.064984 5.74975e-19
    outer loop
      vertex 212.621 -4.2 0
      vertex 212.587 -4.7221 2.2
      vertex 212.587 -4.7221 0
    endloop
  endfacet
  facet normal 0.321697 -0.946843 0
    outer loop
      vertex 209.657 -8.0637 0
      vertex 210.152 -7.89552 2.2
      vertex 209.657 -8.0637 2.2
    endloop
  endfacet
  facet normal 0.321697 -0.946843 0
    outer loop
      vertex 210.152 -7.89552 2.2
      vertex 209.657 -8.0637 0
      vertex 210.152 -7.89552 0
    endloop
  endfacet
  facet normal 0.442496 -0.89677 0
    outer loop
      vertex 210.152 -7.89552 0
      vertex 210.621 -7.6641 2.2
      vertex 210.152 -7.89552 2.2
    endloop
  endfacet
  facet normal 0.442496 -0.89677 0
    outer loop
      vertex 210.621 -7.6641 2.2
      vertex 210.152 -7.89552 0
      vertex 210.621 -7.6641 0
    endloop
  endfacet
  facet normal 0.555613 -0.831441 0
    outer loop
      vertex 210.621 -7.6641 0
      vertex 211.056 -7.37341 2.2
      vertex 210.621 -7.6641 2.2
    endloop
  endfacet
  facet normal 0.555613 -0.831441 0
    outer loop
      vertex 211.056 -7.37341 2.2
      vertex 210.621 -7.6641 0
      vertex 211.056 -7.37341 0
    endloop
  endfacet
  facet normal -0.997761 -0.0668868 -1.18988e-18
    outer loop
      vertex 204.656 -4.7221 0
      vertex 204.621 -4.2 2.2
      vertex 204.621 -4.2 0
    endloop
  endfacet
  facet normal -0.997761 -0.0668868 -1.18988e-18
    outer loop
      vertex 204.621 -4.2 2.2
      vertex 204.656 -4.7221 0
      vertex 204.656 -4.7221 2.2
    endloop
  endfacet
  facet normal 0.980813 0.194951 -2.84599e-18
    outer loop
      vertex 212.587 -3.67789 2.2
      vertex 212.485 -3.16472 0
      vertex 212.485 -3.16472 2.2
    endloop
  endfacet
  facet normal 0.980813 0.194951 -2.84599e-18
    outer loop
      vertex 212.485 -3.16472 0
      vertex 212.587 -3.67789 2.2
      vertex 212.587 -3.67789 0
    endloop
  endfacet
  facet normal -0.831197 -0.555978 9.61791e-18
    outer loop
      vertex 205.448 -6.63505 0
      vertex 205.157 -6.2 2.2
      vertex 205.157 -6.2 0
    endloop
  endfacet
  facet normal -0.831197 -0.555978 9.61791e-18
    outer loop
      vertex 205.157 -6.2 2.2
      vertex 205.448 -6.63505 0
      vertex 205.448 -6.63505 2.2
    endloop
  endfacet
  facet normal -0.89719 -0.441645 -4.00991e-18
    outer loop
      vertex 205.157 -6.2 0
      vertex 204.926 -5.73073 2.2
      vertex 204.926 -5.73073 0
    endloop
  endfacet
  facet normal -0.89719 -0.441645 -4.00991e-18
    outer loop
      vertex 204.926 -5.73073 2.2
      vertex 205.157 -6.2 0
      vertex 205.157 -6.2 2.2
    endloop
  endfacet
  facet normal 0.896432 -0.443182 1.90923e-18
    outer loop
      vertex 212.085 -6.2 2.2
      vertex 212.317 -5.73073 0
      vertex 212.317 -5.73073 2.2
    endloop
  endfacet
  facet normal 0.896432 -0.443182 1.90923e-18
    outer loop
      vertex 212.317 -5.73073 0
      vertex 212.085 -6.2 2.2
      vertex 212.085 -6.2 0
    endloop
  endfacet
  facet normal 0.658753 -0.752359 0
    outer loop
      vertex 211.056 -7.37341 0
      vertex 211.45 -7.02843 2.2
      vertex 211.056 -7.37341 2.2
    endloop
  endfacet
  facet normal 0.658753 -0.752359 0
    outer loop
      vertex 211.45 -7.02843 2.2
      vertex 211.056 -7.37341 0
      vertex 211.45 -7.02843 0
    endloop
  endfacet
  facet normal -0.751826 -0.659362 7.91952e-19
    outer loop
      vertex 205.793 -7.02843 0
      vertex 205.448 -6.63505 2.2
      vertex 205.448 -6.63505 0
    endloop
  endfacet
  facet normal -0.751826 -0.659362 7.91952e-19
    outer loop
      vertex 205.448 -6.63505 2.2
      vertex 205.793 -7.02843 0
      vertex 205.793 -7.02843 2.2
    endloop
  endfacet
  facet normal -0.441738 -0.897144 0
    outer loop
      vertex 206.621 -7.6641 0
      vertex 207.091 -7.89552 2.2
      vertex 206.621 -7.6641 2.2
    endloop
  endfacet
  facet normal -0.441738 -0.897144 -0
    outer loop
      vertex 207.091 -7.89552 2.2
      vertex 206.621 -7.6641 0
      vertex 207.091 -7.89552 0
    endloop
  endfacet
  facet normal -0.321697 -0.946843 0
    outer loop
      vertex 207.091 -7.89552 0
      vertex 207.586 -8.0637 2.2
      vertex 207.091 -7.89552 2.2
    endloop
  endfacet
  facet normal -0.321697 -0.946843 -0
    outer loop
      vertex 207.586 -8.0637 2.2
      vertex 207.091 -7.89552 0
      vertex 207.586 -8.0637 0
    endloop
  endfacet
  facet normal 0.0652906 -0.997866 0
    outer loop
      vertex 208.621 -8.2 0
      vertex 209.144 -8.16578 2.2
      vertex 208.621 -8.2 2.2
    endloop
  endfacet
  facet normal 0.0652906 -0.997866 0
    outer loop
      vertex 209.144 -8.16578 2.2
      vertex 208.621 -8.2 0
      vertex 209.144 -8.16578 0
    endloop
  endfacet
  facet normal -0.555613 -0.831441 0
    outer loop
      vertex 206.186 -7.37341 0
      vertex 206.621 -7.6641 2.2
      vertex 206.186 -7.37341 2.2
    endloop
  endfacet
  facet normal -0.555613 -0.831441 -0
    outer loop
      vertex 206.621 -7.6641 2.2
      vertex 206.186 -7.37341 0
      vertex 206.621 -7.6641 0
    endloop
  endfacet
  facet normal -0.19516 -0.980771 0
    outer loop
      vertex 207.586 -8.0637 0
      vertex 208.099 -8.16578 2.2
      vertex 207.586 -8.0637 2.2
    endloop
  endfacet
  facet normal -0.19516 -0.980771 -0
    outer loop
      vertex 208.099 -8.16578 2.2
      vertex 207.586 -8.0637 0
      vertex 208.099 -8.16578 0
    endloop
  endfacet
  facet normal 0.83208 -0.554656 -1.52886e-19
    outer loop
      vertex 211.795 -6.63505 2.2
      vertex 212.085 -6.2 0
      vertex 212.085 -6.2 2.2
    endloop
  endfacet
  facet normal 0.83208 -0.554656 -1.52886e-19
    outer loop
      vertex 212.085 -6.2 0
      vertex 211.795 -6.63505 2.2
      vertex 211.795 -6.63505 0
    endloop
  endfacet
  facet normal 0.751826 -0.659362 -7.91952e-19
    outer loop
      vertex 211.45 -7.02843 2.2
      vertex 211.795 -6.63505 0
      vertex 211.795 -6.63505 2.2
    endloop
  endfacet
  facet normal 0.751826 -0.659362 -7.91952e-19
    outer loop
      vertex 211.795 -6.63505 0
      vertex 211.45 -7.02843 2.2
      vertex 211.45 -7.02843 0
    endloop
  endfacet
  facet normal -0.659701 -0.751529 0
    outer loop
      vertex 205.793 -7.02843 0
      vertex 206.186 -7.37341 2.2
      vertex 205.793 -7.02843 2.2
    endloop
  endfacet
  facet normal -0.659701 -0.751529 -0
    outer loop
      vertex 206.186 -7.37341 2.2
      vertex 205.793 -7.02843 0
      vertex 206.186 -7.37341 0
    endloop
  endfacet
  facet normal 0.19516 -0.980771 0
    outer loop
      vertex 209.144 -8.16578 0
      vertex 209.657 -8.0637 2.2
      vertex 209.144 -8.16578 2.2
    endloop
  endfacet
  facet normal 0.19516 -0.980771 0
    outer loop
      vertex 209.657 -8.0637 2.2
      vertex 209.144 -8.16578 0
      vertex 209.657 -8.0637 0
    endloop
  endfacet
  facet normal 0.555626 -0.831432 0
    outer loop
      vertex 270.771 27.5759 0
      vertex 271.206 27.8666 2.2
      vertex 270.771 27.5759 2.2
    endloop
  endfacet
  facet normal 0.555626 -0.831432 0
    outer loop
      vertex 271.206 27.8666 2.2
      vertex 270.771 27.5759 0
      vertex 271.206 27.8666 0
    endloop
  endfacet
  facet normal 0.895236 0.445593 -1.5871e-19
    outer loop
      vertex 272.467 32.5707 2.2
      vertex 272.423 32.6591 0
      vertex 272.423 32.6591 2.2
    endloop
  endfacet
  facet normal 0.895236 0.445593 -1.5871e-19
    outer loop
      vertex 272.423 32.6591 0
      vertex 272.467 32.5707 2.2
      vertex 272.467 32.5707 0
    endloop
  endfacet
  facet normal 0.997886 0.064984 1.33961e-18
    outer loop
      vertex 272.771 31.04 2.2
      vertex 272.737 31.5621 0
      vertex 272.737 31.5621 2.2
    endloop
  endfacet
  facet normal 0.997886 0.064984 1.33961e-18
    outer loop
      vertex 272.737 31.5621 0
      vertex 272.771 31.04 2.2
      vertex 272.771 31.04 0
    endloop
  endfacet
  facet normal 0.947026 -0.321156 -7.50771e-19
    outer loop
      vertex 272.467 29.5093 2.2
      vertex 272.635 30.0047 0
      vertex 272.635 30.0047 2.2
    endloop
  endfacet
  facet normal 0.947026 -0.321156 -7.50771e-19
    outer loop
      vertex 272.635 30.0047 0
      vertex 272.467 29.5093 2.2
      vertex 272.467 29.5093 0
    endloop
  endfacet
  facet normal 0.897201 -0.441622 -2.89757e-18
    outer loop
      vertex 272.236 29.04 2.2
      vertex 272.467 29.5093 0
      vertex 272.467 29.5093 2.2
    endloop
  endfacet
  facet normal 0.897201 -0.441622 -2.89757e-18
    outer loop
      vertex 272.467 29.5093 0
      vertex 272.236 29.04 2.2
      vertex 272.236 29.04 0
    endloop
  endfacet
  facet normal 0.321731 -0.946831 0
    outer loop
      vertex 269.807 27.1763 0
      vertex 270.302 27.3445 2.2
      vertex 269.807 27.1763 2.2
    endloop
  endfacet
  facet normal 0.321731 -0.946831 0
    outer loop
      vertex 270.302 27.3445 2.2
      vertex 269.807 27.1763 0
      vertex 270.302 27.3445 0
    endloop
  endfacet
  facet normal 0.751842 -0.659343 -1.04948e-17
    outer loop
      vertex 271.6 28.2116 2.2
      vertex 271.945 28.605 0
      vertex 271.945 28.605 2.2
    endloop
  endfacet
  facet normal 0.751842 -0.659343 -1.04948e-17
    outer loop
      vertex 271.945 28.605 0
      vertex 271.6 28.2116 2.2
      vertex 271.6 28.2116 0
    endloop
  endfacet
  facet normal 0.0652526 -0.997869 0
    outer loop
      vertex 268.771 27.04 0
      vertex 269.294 27.0742 2.2
      vertex 268.771 27.04 2.2
    endloop
  endfacet
  facet normal 0.0652526 -0.997869 0
    outer loop
      vertex 269.294 27.0742 2.2
      vertex 268.771 27.04 0
      vertex 269.294 27.0742 0
    endloop
  endfacet
  facet normal 0.831167 -0.556022 -9.86614e-18
    outer loop
      vertex 271.945 28.605 2.2
      vertex 272.236 29.04 0
      vertex 272.236 29.04 2.2
    endloop
  endfacet
  facet normal 0.831167 -0.556022 -9.86614e-18
    outer loop
      vertex 272.236 29.04 0
      vertex 271.945 28.605 2.2
      vertex 271.945 28.605 0
    endloop
  endfacet
  facet normal 0.442465 -0.896786 0
    outer loop
      vertex 270.302 27.3445 0
      vertex 270.771 27.5759 2.2
      vertex 270.302 27.3445 2.2
    endloop
  endfacet
  facet normal 0.442465 -0.896786 0
    outer loop
      vertex 270.771 27.5759 2.2
      vertex 270.302 27.3445 0
      vertex 270.771 27.5759 0
    endloop
  endfacet
  facet normal 0.980815 0.19494 -2.05154e-18
    outer loop
      vertex 272.737 31.5621 2.2
      vertex 272.635 32.0753 0
      vertex 272.635 32.0753 2.2
    endloop
  endfacet
  facet normal 0.980815 0.19494 -2.05154e-18
    outer loop
      vertex 272.635 32.0753 0
      vertex 272.737 31.5621 2.2
      vertex 272.737 31.5621 0
    endloop
  endfacet
  facet normal 0.195197 -0.980764 0
    outer loop
      vertex 269.294 27.0742 0
      vertex 269.807 27.1763 2.2
      vertex 269.294 27.0742 2.2
    endloop
  endfacet
  facet normal 0.195197 -0.980764 0
    outer loop
      vertex 269.807 27.1763 2.2
      vertex 269.294 27.0742 0
      vertex 269.807 27.1763 0
    endloop
  endfacet
  facet normal -0.0653908 -0.99786 0
    outer loop
      vertex 268.272 27.0727 0
      vertex 268.771 27.04 2.2
      vertex 268.272 27.0727 2.2
    endloop
  endfacet
  facet normal -0.0653908 -0.99786 -0
    outer loop
      vertex 268.771 27.04 2.2
      vertex 268.272 27.0727 0
      vertex 268.771 27.04 0
    endloop
  endfacet
  facet normal 0.997886 -0.064984 -7.8501e-19
    outer loop
      vertex 272.737 30.5179 2.2
      vertex 272.771 31.04 0
      vertex 272.771 31.04 2.2
    endloop
  endfacet
  facet normal 0.997886 -0.064984 -7.8501e-19
    outer loop
      vertex 272.771 31.04 0
      vertex 272.737 30.5179 2.2
      vertex 272.737 30.5179 0
    endloop
  endfacet
  facet normal 0.980815 -0.19494 -2.62613e-18
    outer loop
      vertex 272.635 30.0047 2.2
      vertex 272.737 30.5179 0
      vertex 272.737 30.5179 2.2
    endloop
  endfacet
  facet normal 0.980815 -0.19494 -2.62613e-18
    outer loop
      vertex 272.737 30.5179 0
      vertex 272.635 30.0047 2.2
      vertex 272.635 30.0047 0
    endloop
  endfacet
  facet normal 0.658775 -0.75234 0
    outer loop
      vertex 271.206 27.8666 0
      vertex 271.6 28.2116 2.2
      vertex 271.206 27.8666 2.2
    endloop
  endfacet
  facet normal 0.658775 -0.75234 0
    outer loop
      vertex 271.6 28.2116 2.2
      vertex 271.206 27.8666 0
      vertex 271.6 28.2116 0
    endloop
  endfacet
  facet normal 0.947026 0.321156 6.543e-19
    outer loop
      vertex 272.635 32.0753 2.2
      vertex 272.467 32.5707 0
      vertex 272.467 32.5707 2.2
    endloop
  endfacet
  facet normal 0.947026 0.321156 6.543e-19
    outer loop
      vertex 272.467 32.5707 0
      vertex 272.635 32.0753 2.2
      vertex 272.635 32.0753 0
    endloop
  endfacet
  facet normal 0.831167 -0.556022 -9.86614e-18
    outer loop
      vertex 357.165 22.785 2.2
      vertex 357.456 23.22 0
      vertex 357.456 23.22 2.2
    endloop
  endfacet
  facet normal 0.831167 -0.556022 -9.86614e-18
    outer loop
      vertex 357.456 23.22 0
      vertex 357.165 22.785 2.2
      vertex 357.165 22.785 0
    endloop
  endfacet
  facet normal 0.997886 0.064984 1.33961e-18
    outer loop
      vertex 357.991 25.22 2.2
      vertex 357.957 25.7421 0
      vertex 357.957 25.7421 2.2
    endloop
  endfacet
  facet normal 0.997886 0.064984 1.33961e-18
    outer loop
      vertex 357.957 25.7421 0
      vertex 357.991 25.22 2.2
      vertex 357.991 25.22 0
    endloop
  endfacet
  facet normal -0.321731 -0.946831 0
    outer loop
      vertex 352.461 21.5245 0
      vertex 352.956 21.3563 2.2
      vertex 352.461 21.5245 2.2
    endloop
  endfacet
  facet normal -0.321731 -0.946831 -0
    outer loop
      vertex 352.956 21.3563 2.2
      vertex 352.461 21.5245 0
      vertex 352.956 21.3563 0
    endloop
  endfacet
  facet normal -0.751041 -0.660256 7.8301e-19
    outer loop
      vertex 351.163 22.3916 0
      vertex 351.123 22.4371 2.2
      vertex 351.123 22.4371 0
    endloop
  endfacet
  facet normal -0.751041 -0.660256 7.8301e-19
    outer loop
      vertex 351.123 22.4371 2.2
      vertex 351.163 22.3916 0
      vertex 351.163 22.3916 2.2
    endloop
  endfacet
  facet normal 0.980815 -0.19494 2.59164e-18
    outer loop
      vertex 357.855 24.1847 2.2
      vertex 357.957 24.6979 0
      vertex 357.957 24.6979 2.2
    endloop
  endfacet
  facet normal 0.980815 -0.19494 2.59164e-18
    outer loop
      vertex 357.957 24.6979 0
      vertex 357.855 24.1847 2.2
      vertex 357.855 24.1847 0
    endloop
  endfacet
  facet normal 0.897201 0.441622 2.89757e-18
    outer loop
      vertex 357.687 26.7507 2.2
      vertex 357.456 27.22 0
      vertex 357.456 27.22 2.2
    endloop
  endfacet
  facet normal 0.897201 0.441622 2.89757e-18
    outer loop
      vertex 357.456 27.22 0
      vertex 357.687 26.7507 2.2
      vertex 357.687 26.7507 0
    endloop
  endfacet
  facet normal 0.321122 0.947038 -0
    outer loop
      vertex 355.522 28.9155 0
      vertex 355.261 29.004 2.2
      vertex 355.522 28.9155 2.2
    endloop
  endfacet
  facet normal 0.321122 0.947038 0
    outer loop
      vertex 355.261 29.004 2.2
      vertex 355.522 28.9155 0
      vertex 355.261 29.004 0
    endloop
  endfacet
  facet normal 0.658775 0.75234 -0
    outer loop
      vertex 356.82 28.0484 0
      vertex 356.426 28.3934 2.2
      vertex 356.82 28.0484 2.2
    endloop
  endfacet
  facet normal 0.658775 0.75234 0
    outer loop
      vertex 356.426 28.3934 2.2
      vertex 356.82 28.0484 0
      vertex 356.426 28.3934 0
    endloop
  endfacet
  facet normal 0.947026 -0.321156 -7.50771e-19
    outer loop
      vertex 357.687 23.6893 2.2
      vertex 357.855 24.1847 0
      vertex 357.855 24.1847 2.2
    endloop
  endfacet
  facet normal 0.947026 -0.321156 -7.50771e-19
    outer loop
      vertex 357.855 24.1847 0
      vertex 357.687 23.6893 2.2
      vertex 357.687 23.6893 0
    endloop
  endfacet
  facet normal 0.997886 -0.064984 -7.8501e-19
    outer loop
      vertex 357.957 24.6979 2.2
      vertex 357.991 25.22 0
      vertex 357.991 25.22 2.2
    endloop
  endfacet
  facet normal 0.997886 -0.064984 -7.8501e-19
    outer loop
      vertex 357.991 25.22 0
      vertex 357.957 24.6979 2.2
      vertex 357.957 24.6979 0
    endloop
  endfacet
  facet normal -0.0653771 -0.997861 0
    outer loop
      vertex 353.469 21.2542 0
      vertex 353.991 21.22 2.2
      vertex 353.469 21.2542 2.2
    endloop
  endfacet
  facet normal -0.0653771 -0.997861 -0
    outer loop
      vertex 353.991 21.22 2.2
      vertex 353.469 21.2542 0
      vertex 353.991 21.22 0
    endloop
  endfacet
  facet normal 0.0652526 -0.997869 0
    outer loop
      vertex 353.991 21.22 0
      vertex 354.514 21.2542 2.2
      vertex 353.991 21.22 2.2
    endloop
  endfacet
  facet normal 0.0652526 -0.997869 0
    outer loop
      vertex 354.514 21.2542 2.2
      vertex 353.991 21.22 0
      vertex 354.514 21.2542 0
    endloop
  endfacet
  facet normal 0.442465 -0.896786 0
    outer loop
      vertex 355.522 21.5245 0
      vertex 355.991 21.7559 2.2
      vertex 355.522 21.5245 2.2
    endloop
  endfacet
  facet normal 0.442465 -0.896786 0
    outer loop
      vertex 355.991 21.7559 2.2
      vertex 355.522 21.5245 0
      vertex 355.991 21.7559 0
    endloop
  endfacet
  facet normal 0.980815 0.19494 -1.24139e-18
    outer loop
      vertex 357.957 25.7421 2.2
      vertex 357.855 26.2553 0
      vertex 357.855 26.2553 2.2
    endloop
  endfacet
  facet normal 0.980815 0.19494 -1.24139e-18
    outer loop
      vertex 357.855 26.2553 0
      vertex 357.957 25.7421 2.2
      vertex 357.957 25.7421 0
    endloop
  endfacet
  facet normal 0.751842 0.659343 -5.97805e-18
    outer loop
      vertex 357.165 27.655 2.2
      vertex 356.82 28.0484 0
      vertex 356.82 28.0484 2.2
    endloop
  endfacet
  facet normal 0.751842 0.659343 -5.97805e-18
    outer loop
      vertex 356.82 28.0484 0
      vertex 357.165 27.655 2.2
      vertex 357.165 27.655 0
    endloop
  endfacet
  facet normal -0.441708 -0.897159 0
    outer loop
      vertex 351.991 21.7559 0
      vertex 352.461 21.5245 2.2
      vertex 351.991 21.7559 2.2
    endloop
  endfacet
  facet normal -0.441708 -0.897159 -0
    outer loop
      vertex 352.461 21.5245 2.2
      vertex 351.991 21.7559 0
      vertex 352.461 21.5245 0
    endloop
  endfacet
  facet normal 0.897201 -0.441622 -2.89757e-18
    outer loop
      vertex 357.456 23.22 2.2
      vertex 357.687 23.6893 0
      vertex 357.687 23.6893 2.2
    endloop
  endfacet
  facet normal 0.897201 -0.441622 -2.89757e-18
    outer loop
      vertex 357.687 23.6893 0
      vertex 357.456 23.22 2.2
      vertex 357.456 23.22 0
    endloop
  endfacet
  facet normal -0.659722 -0.75151 0
    outer loop
      vertex 351.163 22.3916 0
      vertex 351.556 22.0466 2.2
      vertex 351.163 22.3916 2.2
    endloop
  endfacet
  facet normal -0.659722 -0.75151 -0
    outer loop
      vertex 351.556 22.0466 2.2
      vertex 351.163 22.3916 0
      vertex 351.556 22.0466 0
    endloop
  endfacet
  facet normal -0.195197 -0.980764 0
    outer loop
      vertex 352.956 21.3563 0
      vertex 353.469 21.2542 2.2
      vertex 352.956 21.3563 2.2
    endloop
  endfacet
  facet normal -0.195197 -0.980764 -0
    outer loop
      vertex 353.469 21.2542 2.2
      vertex 352.956 21.3563 0
      vertex 353.469 21.2542 0
    endloop
  endfacet
  facet normal 0.555626 0.831432 -0
    outer loop
      vertex 356.426 28.3934 0
      vertex 355.991 28.6841 2.2
      vertex 356.426 28.3934 2.2
    endloop
  endfacet
  facet normal 0.555626 0.831432 0
    outer loop
      vertex 355.991 28.6841 2.2
      vertex 356.426 28.3934 0
      vertex 355.991 28.6841 0
    endloop
  endfacet
  facet normal 0.947026 0.321156 7.50771e-19
    outer loop
      vertex 357.855 26.2553 2.2
      vertex 357.687 26.7507 0
      vertex 357.687 26.7507 2.2
    endloop
  endfacet
  facet normal 0.947026 0.321156 7.50771e-19
    outer loop
      vertex 357.687 26.7507 0
      vertex 357.855 26.2553 2.2
      vertex 357.855 26.2553 0
    endloop
  endfacet
  facet normal 0.831167 0.556022 3.88783e-18
    outer loop
      vertex 357.456 27.22 2.2
      vertex 357.165 27.655 0
      vertex 357.165 27.655 2.2
    endloop
  endfacet
  facet normal 0.831167 0.556022 3.88783e-18
    outer loop
      vertex 357.165 27.655 0
      vertex 357.456 27.22 2.2
      vertex 357.456 27.22 0
    endloop
  endfacet
  facet normal 0.442465 0.896786 -0
    outer loop
      vertex 355.991 28.6841 0
      vertex 355.522 28.9155 2.2
      vertex 355.991 28.6841 2.2
    endloop
  endfacet
  facet normal 0.442465 0.896786 0
    outer loop
      vertex 355.522 28.9155 2.2
      vertex 355.991 28.6841 0
      vertex 355.522 28.9155 0
    endloop
  endfacet
  facet normal 0.658775 -0.75234 0
    outer loop
      vertex 356.426 22.0466 0
      vertex 356.82 22.3916 2.2
      vertex 356.426 22.0466 2.2
    endloop
  endfacet
  facet normal 0.658775 -0.75234 0
    outer loop
      vertex 356.82 22.3916 2.2
      vertex 356.426 22.0466 0
      vertex 356.82 22.3916 0
    endloop
  endfacet
  facet normal 0.751842 -0.659343 5.97805e-18
    outer loop
      vertex 356.82 22.3916 2.2
      vertex 357.165 22.785 0
      vertex 357.165 22.785 2.2
    endloop
  endfacet
  facet normal 0.751842 -0.659343 5.97805e-18
    outer loop
      vertex 357.165 22.785 0
      vertex 356.82 22.3916 2.2
      vertex 356.82 22.3916 0
    endloop
  endfacet
  facet normal 0.195197 -0.980764 0
    outer loop
      vertex 354.514 21.2542 0
      vertex 355.027 21.3563 2.2
      vertex 354.514 21.2542 2.2
    endloop
  endfacet
  facet normal 0.195197 -0.980764 0
    outer loop
      vertex 355.027 21.3563 2.2
      vertex 354.514 21.2542 0
      vertex 355.027 21.3563 0
    endloop
  endfacet
  facet normal 0.555626 -0.831432 0
    outer loop
      vertex 355.991 21.7559 0
      vertex 356.426 22.0466 2.2
      vertex 355.991 21.7559 2.2
    endloop
  endfacet
  facet normal 0.555626 -0.831432 0
    outer loop
      vertex 356.426 22.0466 2.2
      vertex 355.991 21.7559 0
      vertex 356.426 22.0466 0
    endloop
  endfacet
  facet normal -0.555626 -0.831432 0
    outer loop
      vertex 351.556 22.0466 0
      vertex 351.991 21.7559 2.2
      vertex 351.556 22.0466 2.2
    endloop
  endfacet
  facet normal -0.555626 -0.831432 -0
    outer loop
      vertex 351.991 21.7559 2.2
      vertex 351.556 22.0466 0
      vertex 351.991 21.7559 0
    endloop
  endfacet
  facet normal 0.321731 -0.946831 0
    outer loop
      vertex 355.027 21.3563 0
      vertex 355.522 21.5245 2.2
      vertex 355.027 21.3563 2.2
    endloop
  endfacet
  facet normal 0.321731 -0.946831 0
    outer loop
      vertex 355.522 21.5245 2.2
      vertex 355.027 21.3563 0
      vertex 355.522 21.5245 0
    endloop
  endfacet
  facet normal -0.980793 0.19505 -2.88284e-18
    outer loop
      vertex 232.876 99.9621 0
      vertex 232.978 100.475 2.2
      vertex 232.978 100.475 0
    endloop
  endfacet
  facet normal -0.980793 0.19505 -2.88284e-18
    outer loop
      vertex 232.978 100.475 2.2
      vertex 232.876 99.9621 0
      vertex 232.876 99.9621 2.2
    endloop
  endfacet
  facet normal -0.997761 0.0668868 -1.56234e-20
    outer loop
      vertex 232.841 99.44 0
      vertex 232.876 99.9621 2.2
      vertex 232.876 99.9621 0
    endloop
  endfacet
  facet normal -0.997761 0.0668868 -1.56234e-20
    outer loop
      vertex 232.876 99.9621 2.2
      vertex 232.841 99.44 0
      vertex 232.841 99.44 2.2
    endloop
  endfacet
  facet normal -0.659722 0.75151 0
    outer loop
      vertex 234.406 102.613 0
      vertex 234.013 102.268 2.2
      vertex 234.406 102.613 2.2
    endloop
  endfacet
  facet normal -0.659722 0.75151 0
    outer loop
      vertex 234.013 102.268 2.2
      vertex 234.406 102.613 0
      vertex 234.013 102.268 0
    endloop
  endfacet
  facet normal -0.556022 0.831167 0
    outer loop
      vertex 234.841 102.904 0
      vertex 234.406 102.613 2.2
      vertex 234.841 102.904 2.2
    endloop
  endfacet
  facet normal -0.556022 0.831167 0
    outer loop
      vertex 234.406 102.613 2.2
      vertex 234.841 102.904 0
      vertex 234.406 102.613 0
    endloop
  endfacet
  facet normal -0.980815 -0.19494 -1.64646e-18
    outer loop
      vertex 232.978 98.4047 0
      vertex 232.876 98.9179 2.2
      vertex 232.876 98.9179 0
    endloop
  endfacet
  facet normal -0.980815 -0.19494 -1.64646e-18
    outer loop
      vertex 232.876 98.9179 2.2
      vertex 232.978 98.4047 0
      vertex 232.978 98.4047 2.2
    endloop
  endfacet
  facet normal -0.94773 -0.319072 4.60035e-19
    outer loop
      vertex 233.015 98.2948 0
      vertex 232.978 98.4047 2.2
      vertex 232.978 98.4047 0
    endloop
  endfacet
  facet normal -0.94773 -0.319072 4.60035e-19
    outer loop
      vertex 232.978 98.4047 2.2
      vertex 233.015 98.2948 0
      vertex 233.015 98.2948 2.2
    endloop
  endfacet
  facet normal -0.321388 0.946948 0
    outer loop
      vertex 235.806 103.304 0
      vertex 235.311 103.136 2.2
      vertex 235.806 103.304 2.2
    endloop
  endfacet
  facet normal -0.321388 0.946948 0
    outer loop
      vertex 235.311 103.136 2.2
      vertex 235.806 103.304 0
      vertex 235.311 103.136 0
    endloop
  endfacet
  facet normal -0.897089 0.44185 4.2194e-18
    outer loop
      vertex 233.146 100.971 0
      vertex 233.377 101.44 2.2
      vertex 233.377 101.44 0
    endloop
  endfacet
  facet normal -0.897089 0.44185 4.2194e-18
    outer loop
      vertex 233.377 101.44 2.2
      vertex 233.146 100.971 0
      vertex 233.146 100.971 2.2
    endloop
  endfacet
  facet normal -0.831167 0.556022 -3.88783e-18
    outer loop
      vertex 233.377 101.44 0
      vertex 233.668 101.875 2.2
      vertex 233.668 101.875 0
    endloop
  endfacet
  facet normal -0.831167 0.556022 -3.88783e-18
    outer loop
      vertex 233.668 101.875 2.2
      vertex 233.377 101.44 0
      vertex 233.377 101.44 2.2
    endloop
  endfacet
  facet normal -0.0649964 0.997886 0
    outer loop
      vertex 236.841 103.44 0
      vertex 236.319 103.406 2.2
      vertex 236.841 103.44 2.2
    endloop
  endfacet
  facet normal -0.0649964 0.997886 0
    outer loop
      vertex 236.319 103.406 2.2
      vertex 236.841 103.44 0
      vertex 236.319 103.406 0
    endloop
  endfacet
  facet normal 0.75151 0.659722 4.16882e-19
    outer loop
      vertex 240.015 101.875 2.2
      vertex 239.67 102.268 0
      vertex 239.67 102.268 2.2
    endloop
  endfacet
  facet normal 0.75151 0.659722 4.16882e-19
    outer loop
      vertex 239.67 102.268 0
      vertex 240.015 101.875 2.2
      vertex 240.015 101.875 0
    endloop
  endfacet
  facet normal 0.321388 0.946948 -0
    outer loop
      vertex 238.372 103.136 0
      vertex 237.877 103.304 2.2
      vertex 238.372 103.136 2.2
    endloop
  endfacet
  facet normal 0.321388 0.946948 0
    outer loop
      vertex 237.877 103.304 2.2
      vertex 238.372 103.136 0
      vertex 237.877 103.304 0
    endloop
  endfacet
  facet normal 0.947145 0.320807 -5.36024e-18
    outer loop
      vertex 240.705 100.475 2.2
      vertex 240.537 100.971 0
      vertex 240.537 100.971 2.2
    endloop
  endfacet
  facet normal 0.947145 0.320807 -5.36024e-18
    outer loop
      vertex 240.537 100.971 0
      vertex 240.705 100.475 2.2
      vertex 240.705 100.475 0
    endloop
  endfacet
  facet normal 0.195013 0.980801 -0
    outer loop
      vertex 237.877 103.304 0
      vertex 237.364 103.406 2.2
      vertex 237.877 103.304 2.2
    endloop
  endfacet
  facet normal 0.195013 0.980801 0
    outer loop
      vertex 237.364 103.406 2.2
      vertex 237.877 103.304 0
      vertex 237.364 103.406 0
    endloop
  endfacet
  facet normal -0.997761 -0.0668868 1.10058e-18
    outer loop
      vertex 232.876 98.9179 0
      vertex 232.841 99.44 2.2
      vertex 232.841 99.44 0
    endloop
  endfacet
  facet normal -0.997761 -0.0668868 1.10058e-18
    outer loop
      vertex 232.841 99.44 2.2
      vertex 232.876 98.9179 0
      vertex 232.876 98.9179 2.2
    endloop
  endfacet
  facet normal 0.443387 0.89633 -0
    outer loop
      vertex 238.841 102.904 0
      vertex 238.372 103.136 2.2
      vertex 238.841 102.904 2.2
    endloop
  endfacet
  facet normal 0.443387 0.89633 0
    outer loop
      vertex 238.372 103.136 2.2
      vertex 238.841 102.904 0
      vertex 238.372 103.136 0
    endloop
  endfacet
  facet normal -0.442629 0.896705 0
    outer loop
      vertex 235.311 103.136 0
      vertex 234.841 102.904 2.2
      vertex 235.311 103.136 2.2
    endloop
  endfacet
  facet normal -0.442629 0.896705 0
    outer loop
      vertex 234.841 102.904 2.2
      vertex 235.311 103.136 0
      vertex 234.841 102.904 0
    endloop
  endfacet
  facet normal 0.0648726 0.997894 -0
    outer loop
      vertex 237.364 103.406 0
      vertex 236.841 103.44 2.2
      vertex 237.364 103.406 2.2
    endloop
  endfacet
  facet normal 0.0648726 0.997894 0
    outer loop
      vertex 236.841 103.44 2.2
      vertex 237.364 103.406 0
      vertex 236.841 103.44 0
    endloop
  endfacet
  facet normal 0.980793 0.19505 1.90817e-18
    outer loop
      vertex 240.807 99.9621 2.2
      vertex 240.705 100.475 0
      vertex 240.705 100.475 2.2
    endloop
  endfacet
  facet normal 0.980793 0.19505 1.90817e-18
    outer loop
      vertex 240.705 100.475 0
      vertex 240.807 99.9621 2.2
      vertex 240.807 99.9621 0
    endloop
  endfacet
  facet normal -0.947145 0.320807 -4.37269e-18
    outer loop
      vertex 232.978 100.475 0
      vertex 233.146 100.971 2.2
      vertex 233.146 100.971 0
    endloop
  endfacet
  facet normal -0.947145 0.320807 -4.37269e-18
    outer loop
      vertex 233.146 100.971 2.2
      vertex 232.978 100.475 0
      vertex 232.978 100.475 2.2
    endloop
  endfacet
  facet normal -0.195013 0.980801 0
    outer loop
      vertex 236.319 103.406 0
      vertex 235.806 103.304 2.2
      vertex 236.319 103.406 2.2
    endloop
  endfacet
  facet normal -0.195013 0.980801 0
    outer loop
      vertex 235.806 103.304 2.2
      vertex 236.319 103.406 0
      vertex 235.806 103.304 0
    endloop
  endfacet
  facet normal 0.997886 0.064984 -6.95541e-19
    outer loop
      vertex 240.841 99.44 2.2
      vertex 240.807 99.9621 0
      vertex 240.807 99.9621 2.2
    endloop
  endfacet
  facet normal 0.997886 0.064984 -6.95541e-19
    outer loop
      vertex 240.807 99.9621 0
      vertex 240.841 99.44 2.2
      vertex 240.841 99.44 0
    endloop
  endfacet
  facet normal -0.75151 0.659722 -4.16882e-19
    outer loop
      vertex 233.668 101.875 0
      vertex 234.013 102.268 2.2
      vertex 234.013 102.268 0
    endloop
  endfacet
  facet normal -0.75151 0.659722 -4.16882e-19
    outer loop
      vertex 234.013 102.268 2.2
      vertex 233.668 101.875 0
      vertex 233.668 101.875 2.2
    endloop
  endfacet
  facet normal 0.997937 -0.0642086 5.47537e-19
    outer loop
      vertex 240.822 99.1447 2.2
      vertex 240.841 99.44 0
      vertex 240.841 99.44 2.2
    endloop
  endfacet
  facet normal 0.997937 -0.0642086 5.47537e-19
    outer loop
      vertex 240.841 99.44 0
      vertex 240.822 99.1447 2.2
      vertex 240.822 99.1447 0
    endloop
  endfacet
  facet normal 0.556022 0.831167 -0
    outer loop
      vertex 239.276 102.613 0
      vertex 238.841 102.904 2.2
      vertex 239.276 102.613 2.2
    endloop
  endfacet
  facet normal 0.556022 0.831167 0
    outer loop
      vertex 238.841 102.904 2.2
      vertex 239.276 102.613 0
      vertex 238.841 102.904 0
    endloop
  endfacet
  facet normal 0.658775 0.75234 -0
    outer loop
      vertex 239.67 102.268 0
      vertex 239.276 102.613 2.2
      vertex 239.67 102.268 2.2
    endloop
  endfacet
  facet normal 0.658775 0.75234 0
    outer loop
      vertex 239.276 102.613 2.2
      vertex 239.67 102.268 0
      vertex 239.276 102.613 0
    endloop
  endfacet
  facet normal 0.83205 0.5547 -8.88046e-19
    outer loop
      vertex 240.305 101.44 2.2
      vertex 240.015 101.875 0
      vertex 240.015 101.875 2.2
    endloop
  endfacet
  facet normal 0.83205 0.5547 -8.88046e-19
    outer loop
      vertex 240.015 101.875 0
      vertex 240.305 101.44 2.2
      vertex 240.305 101.44 0
    endloop
  endfacet
  facet normal 0.89633 0.443387 2.44586e-19
    outer loop
      vertex 240.537 100.971 2.2
      vertex 240.305 101.44 0
      vertex 240.305 101.44 2.2
    endloop
  endfacet
  facet normal 0.89633 0.443387 2.44586e-19
    outer loop
      vertex 240.305 101.44 0
      vertex 240.537 100.971 2.2
      vertex 240.537 100.971 0
    endloop
  endfacet
  facet normal 0.947026 0.321156 1.04018e-18
    outer loop
      vertex 365.165 86.0353 2.2
      vertex 364.997 86.5307 0
      vertex 364.997 86.5307 2.2
    endloop
  endfacet
  facet normal 0.947026 0.321156 1.04018e-18
    outer loop
      vertex 364.997 86.5307 0
      vertex 365.165 86.0353 2.2
      vertex 365.165 86.0353 0
    endloop
  endfacet
  facet normal 0.321731 0.946831 -0
    outer loop
      vertex 362.832 88.6955 0
      vertex 362.337 88.8637 2.2
      vertex 362.832 88.6955 2.2
    endloop
  endfacet
  facet normal 0.321731 0.946831 0
    outer loop
      vertex 362.337 88.8637 2.2
      vertex 362.832 88.6955 0
      vertex 362.337 88.8637 0
    endloop
  endfacet
  facet normal 0.0652526 -0.997869 0
    outer loop
      vertex 361.301 81 0
      vertex 361.824 81.0342 2.2
      vertex 361.301 81 2.2
    endloop
  endfacet
  facet normal 0.0652526 -0.997869 0
    outer loop
      vertex 361.824 81.0342 2.2
      vertex 361.301 81 0
      vertex 361.824 81.0342 0
    endloop
  endfacet
  facet normal 0.751842 0.659343 -5.97805e-18
    outer loop
      vertex 364.475 87.435 2.2
      vertex 364.13 87.8284 0
      vertex 364.13 87.8284 2.2
    endloop
  endfacet
  facet normal 0.751842 0.659343 -5.97805e-18
    outer loop
      vertex 364.13 87.8284 0
      vertex 364.475 87.435 2.2
      vertex 364.475 87.435 0
    endloop
  endfacet
  facet normal -0.371391 -0.928477 0
    outer loop
      vertex 360.778 81.0346 0
      vertex 360.779 81.0342 2.2
      vertex 360.778 81.0346 2.2
    endloop
  endfacet
  facet normal -0.371391 -0.928477 -0
    outer loop
      vertex 360.779 81.0342 2.2
      vertex 360.778 81.0346 0
      vertex 360.779 81.0342 0
    endloop
  endfacet
  facet normal -0.0653771 -0.997861 0
    outer loop
      vertex 360.779 81.0342 0
      vertex 361.301 81 2.2
      vertex 360.779 81.0342 2.2
    endloop
  endfacet
  facet normal -0.0653771 -0.997861 -0
    outer loop
      vertex 361.301 81 2.2
      vertex 360.779 81.0342 0
      vertex 361.301 81 0
    endloop
  endfacet
  facet normal 0.555626 0.831432 -0
    outer loop
      vertex 363.736 88.1734 0
      vertex 363.301 88.4641 2.2
      vertex 363.736 88.1734 2.2
    endloop
  endfacet
  facet normal 0.555626 0.831432 0
    outer loop
      vertex 363.301 88.4641 2.2
      vertex 363.736 88.1734 0
      vertex 363.301 88.4641 0
    endloop
  endfacet
  facet normal 0.897201 -0.441622 -1.25745e-18
    outer loop
      vertex 364.766 83 2.2
      vertex 364.997 83.4693 0
      vertex 364.997 83.4693 2.2
    endloop
  endfacet
  facet normal 0.897201 -0.441622 -1.25745e-18
    outer loop
      vertex 364.997 83.4693 0
      vertex 364.766 83 2.2
      vertex 364.766 83 0
    endloop
  endfacet
  facet normal 0.442465 0.896786 -0
    outer loop
      vertex 363.301 88.4641 0
      vertex 362.832 88.6955 2.2
      vertex 363.301 88.4641 2.2
    endloop
  endfacet
  facet normal 0.442465 0.896786 0
    outer loop
      vertex 362.832 88.6955 2.2
      vertex 363.301 88.4641 0
      vertex 362.832 88.6955 0
    endloop
  endfacet
  facet normal 0.442465 -0.896786 0
    outer loop
      vertex 362.832 81.3045 0
      vertex 363.301 81.5359 2.2
      vertex 362.832 81.3045 2.2
    endloop
  endfacet
  facet normal 0.442465 -0.896786 0
    outer loop
      vertex 363.301 81.5359 2.2
      vertex 362.832 81.3045 0
      vertex 363.301 81.5359 0
    endloop
  endfacet
  facet normal 0.980815 0.19494 -6.14482e-19
    outer loop
      vertex 365.267 85.5221 2.2
      vertex 365.165 86.0353 0
      vertex 365.165 86.0353 2.2
    endloop
  endfacet
  facet normal 0.980815 0.19494 -6.14482e-19
    outer loop
      vertex 365.165 86.0353 0
      vertex 365.267 85.5221 2.2
      vertex 365.267 85.5221 0
    endloop
  endfacet
  facet normal 0.195197 0.980764 -0
    outer loop
      vertex 362.337 88.8637 0
      vertex 361.824 88.9658 2.2
      vertex 362.337 88.8637 2.2
    endloop
  endfacet
  facet normal 0.195197 0.980764 0
    outer loop
      vertex 361.824 88.9658 2.2
      vertex 362.337 88.8637 0
      vertex 361.824 88.9658 0
    endloop
  endfacet
  facet normal 0.997886 0.064984 2.30406e-19
    outer loop
      vertex 365.301 85 2.2
      vertex 365.267 85.5221 0
      vertex 365.267 85.5221 2.2
    endloop
  endfacet
  facet normal 0.997886 0.064984 2.30406e-19
    outer loop
      vertex 365.267 85.5221 0
      vertex 365.301 85 2.2
      vertex 365.301 85 0
    endloop
  endfacet
  facet normal 0.897201 0.441622 1.25745e-18
    outer loop
      vertex 364.997 86.5307 2.2
      vertex 364.766 87 0
      vertex 364.766 87 2.2
    endloop
  endfacet
  facet normal 0.897201 0.441622 1.25745e-18
    outer loop
      vertex 364.766 87 0
      vertex 364.997 86.5307 2.2
      vertex 364.997 86.5307 0
    endloop
  endfacet
  facet normal 0.831167 -0.556022 -3.88783e-18
    outer loop
      vertex 364.475 82.565 2.2
      vertex 364.766 83 0
      vertex 364.766 83 2.2
    endloop
  endfacet
  facet normal 0.831167 -0.556022 -3.88783e-18
    outer loop
      vertex 364.766 83 0
      vertex 364.475 82.565 2.2
      vertex 364.475 82.565 0
    endloop
  endfacet
  facet normal 0.997886 -0.064984 -2.30406e-19
    outer loop
      vertex 365.267 84.4779 2.2
      vertex 365.301 85 0
      vertex 365.301 85 2.2
    endloop
  endfacet
  facet normal 0.997886 -0.064984 -2.30406e-19
    outer loop
      vertex 365.301 85 0
      vertex 365.267 84.4779 2.2
      vertex 365.267 84.4779 0
    endloop
  endfacet
  facet normal 0.658775 0.75234 -0
    outer loop
      vertex 364.13 87.8284 0
      vertex 363.736 88.1734 2.2
      vertex 364.13 87.8284 2.2
    endloop
  endfacet
  facet normal 0.658775 0.75234 0
    outer loop
      vertex 363.736 88.1734 2.2
      vertex 364.13 87.8284 0
      vertex 363.736 88.1734 0
    endloop
  endfacet
  facet normal 0.321731 -0.946831 0
    outer loop
      vertex 362.337 81.1363 0
      vertex 362.832 81.3045 2.2
      vertex 362.337 81.1363 2.2
    endloop
  endfacet
  facet normal 0.321731 -0.946831 0
    outer loop
      vertex 362.832 81.3045 2.2
      vertex 362.337 81.1363 0
      vertex 362.832 81.3045 0
    endloop
  endfacet
  facet normal 0.0652526 0.997869 -0
    outer loop
      vertex 361.824 88.9658 0
      vertex 361.301 89 2.2
      vertex 361.824 88.9658 2.2
    endloop
  endfacet
  facet normal 0.0652526 0.997869 0
    outer loop
      vertex 361.301 89 2.2
      vertex 361.824 88.9658 0
      vertex 361.301 89 0
    endloop
  endfacet
  facet normal 0.555626 -0.831432 0
    outer loop
      vertex 363.301 81.5359 0
      vertex 363.736 81.8266 2.2
      vertex 363.301 81.5359 2.2
    endloop
  endfacet
  facet normal 0.555626 -0.831432 0
    outer loop
      vertex 363.736 81.8266 2.2
      vertex 363.301 81.5359 0
      vertex 363.736 81.8266 0
    endloop
  endfacet
  facet normal 0.980815 -0.19494 6.14482e-19
    outer loop
      vertex 365.165 83.9647 2.2
      vertex 365.267 84.4779 0
      vertex 365.267 84.4779 2.2
    endloop
  endfacet
  facet normal 0.980815 -0.19494 6.14482e-19
    outer loop
      vertex 365.267 84.4779 0
      vertex 365.165 83.9647 2.2
      vertex 365.165 83.9647 0
    endloop
  endfacet
  facet normal 0.751842 -0.659343 5.97805e-18
    outer loop
      vertex 364.13 82.1716 2.2
      vertex 364.475 82.565 0
      vertex 364.475 82.565 2.2
    endloop
  endfacet
  facet normal 0.751842 -0.659343 5.97805e-18
    outer loop
      vertex 364.475 82.565 0
      vertex 364.13 82.1716 2.2
      vertex 364.13 82.1716 0
    endloop
  endfacet
  facet normal 0.947026 -0.321156 -1.04018e-18
    outer loop
      vertex 364.997 83.4693 2.2
      vertex 365.165 83.9647 0
      vertex 365.165 83.9647 2.2
    endloop
  endfacet
  facet normal 0.947026 -0.321156 -1.04018e-18
    outer loop
      vertex 365.165 83.9647 0
      vertex 364.997 83.4693 2.2
      vertex 364.997 83.4693 0
    endloop
  endfacet
  facet normal -0.065478 0.997854 0
    outer loop
      vertex 361.301 89 0
      vertex 360.792 88.9666 2.2
      vertex 361.301 89 2.2
    endloop
  endfacet
  facet normal -0.065478 0.997854 0
    outer loop
      vertex 360.792 88.9666 2.2
      vertex 361.301 89 0
      vertex 360.792 88.9666 0
    endloop
  endfacet
  facet normal 0.195197 -0.980764 0
    outer loop
      vertex 361.824 81.0342 0
      vertex 362.337 81.1363 2.2
      vertex 361.824 81.0342 2.2
    endloop
  endfacet
  facet normal 0.195197 -0.980764 0
    outer loop
      vertex 362.337 81.1363 2.2
      vertex 361.824 81.0342 0
      vertex 362.337 81.1363 0
    endloop
  endfacet
  facet normal 0.831167 0.556022 3.88783e-18
    outer loop
      vertex 364.766 87 2.2
      vertex 364.475 87.435 0
      vertex 364.475 87.435 2.2
    endloop
  endfacet
  facet normal 0.831167 0.556022 3.88783e-18
    outer loop
      vertex 364.475 87.435 0
      vertex 364.766 87 2.2
      vertex 364.766 87 0
    endloop
  endfacet
  facet normal 0.658775 -0.75234 0
    outer loop
      vertex 363.736 81.8266 0
      vertex 364.13 82.1716 2.2
      vertex 363.736 81.8266 2.2
    endloop
  endfacet
  facet normal 0.658775 -0.75234 0
    outer loop
      vertex 364.13 82.1716 2.2
      vertex 363.736 81.8266 0
      vertex 364.13 82.1716 0
    endloop
  endfacet
  facet normal -0.659722 0.75151 0
    outer loop
      vertex 336.056 133.073 0
      vertex 335.663 132.728 2.2
      vertex 336.056 133.073 2.2
    endloop
  endfacet
  facet normal -0.659722 0.75151 0
    outer loop
      vertex 335.663 132.728 2.2
      vertex 336.056 133.073 0
      vertex 335.663 132.728 0
    endloop
  endfacet
  facet normal -0.556022 0.831167 0
    outer loop
      vertex 336.491 133.364 0
      vertex 336.056 133.073 2.2
      vertex 336.491 133.364 2.2
    endloop
  endfacet
  facet normal -0.556022 0.831167 0
    outer loop
      vertex 336.056 133.073 2.2
      vertex 336.491 133.364 0
      vertex 336.056 133.073 0
    endloop
  endfacet
  facet normal 0.997886 -0.0649964 1.0114e-18
    outer loop
      vertex 342.457 129.378 2.2
      vertex 342.491 129.9 0
      vertex 342.491 129.9 2.2
    endloop
  endfacet
  facet normal 0.997886 -0.0649964 1.0114e-18
    outer loop
      vertex 342.491 129.9 0
      vertex 342.457 129.378 2.2
      vertex 342.457 129.378 0
    endloop
  endfacet
  facet normal -0.831167 0.556022 -3.88783e-18
    outer loop
      vertex 335.027 131.9 0
      vertex 335.318 132.335 2.2
      vertex 335.318 132.335 0
    endloop
  endfacet
  facet normal -0.831167 0.556022 -3.88783e-18
    outer loop
      vertex 335.318 132.335 2.2
      vertex 335.027 131.9 0
      vertex 335.027 131.9 2.2
    endloop
  endfacet
  facet normal -0.0649964 0.997886 0
    outer loop
      vertex 338.491 133.9 0
      vertex 337.969 133.866 2.2
      vertex 338.491 133.9 2.2
    endloop
  endfacet
  facet normal -0.0649964 0.997886 0
    outer loop
      vertex 337.969 133.866 2.2
      vertex 338.491 133.9 0
      vertex 337.969 133.866 0
    endloop
  endfacet
  facet normal -0.321388 0.946948 0
    outer loop
      vertex 337.456 133.764 0
      vertex 336.961 133.596 2.2
      vertex 337.456 133.764 2.2
    endloop
  endfacet
  facet normal -0.321388 0.946948 0
    outer loop
      vertex 336.961 133.596 2.2
      vertex 337.456 133.764 0
      vertex 336.961 133.596 0
    endloop
  endfacet
  facet normal 0.831167 -0.556022 -3.88783e-18
    outer loop
      vertex 341.665 127.465 2.2
      vertex 341.956 127.9 0
      vertex 341.956 127.9 2.2
    endloop
  endfacet
  facet normal 0.831167 -0.556022 -3.88783e-18
    outer loop
      vertex 341.956 127.9 0
      vertex 341.665 127.465 2.2
      vertex 341.665 127.465 0
    endloop
  endfacet
  facet normal 0.75151 0.659722 -1.00052e-17
    outer loop
      vertex 341.665 132.335 2.2
      vertex 341.32 132.728 0
      vertex 341.32 132.728 2.2
    endloop
  endfacet
  facet normal 0.75151 0.659722 -1.00052e-17
    outer loop
      vertex 341.32 132.728 0
      vertex 341.665 132.335 2.2
      vertex 341.665 132.335 0
    endloop
  endfacet
  facet normal 0.75151 -0.659722 1.00052e-17
    outer loop
      vertex 341.32 127.072 2.2
      vertex 341.665 127.465 0
      vertex 341.665 127.465 2.2
    endloop
  endfacet
  facet normal 0.75151 -0.659722 1.00052e-17
    outer loop
      vertex 341.665 127.465 0
      vertex 341.32 127.072 2.2
      vertex 341.32 127.072 0
    endloop
  endfacet
  facet normal -0.195013 0.980801 0
    outer loop
      vertex 337.969 133.866 0
      vertex 337.456 133.764 2.2
      vertex 337.969 133.866 2.2
    endloop
  endfacet
  facet normal -0.195013 0.980801 0
    outer loop
      vertex 337.456 133.764 2.2
      vertex 337.969 133.866 0
      vertex 337.456 133.764 0
    endloop
  endfacet
  facet normal 0.831167 0.556022 3.88783e-18
    outer loop
      vertex 341.956 131.9 2.2
      vertex 341.665 132.335 0
      vertex 341.665 132.335 2.2
    endloop
  endfacet
  facet normal 0.831167 0.556022 3.88783e-18
    outer loop
      vertex 341.665 132.335 0
      vertex 341.956 131.9 2.2
      vertex 341.956 131.9 0
    endloop
  endfacet
  facet normal -0.442629 0.896705 0
    outer loop
      vertex 336.961 133.596 0
      vertex 336.491 133.364 2.2
      vertex 336.961 133.596 2.2
    endloop
  endfacet
  facet normal -0.442629 0.896705 0
    outer loop
      vertex 336.491 133.364 2.2
      vertex 336.961 133.596 0
      vertex 336.491 133.364 0
    endloop
  endfacet
  facet normal 0.556022 0.831167 -0
    outer loop
      vertex 340.926 133.073 0
      vertex 340.491 133.364 2.2
      vertex 340.926 133.073 2.2
    endloop
  endfacet
  facet normal 0.556022 0.831167 0
    outer loop
      vertex 340.491 133.364 2.2
      vertex 340.926 133.073 0
      vertex 340.491 133.364 0
    endloop
  endfacet
  facet normal 0.947145 -0.320807 5.36024e-18
    outer loop
      vertex 342.187 128.369 2.2
      vertex 342.355 128.865 0
      vertex 342.355 128.865 2.2
    endloop
  endfacet
  facet normal 0.947145 -0.320807 5.36024e-18
    outer loop
      vertex 342.355 128.865 0
      vertex 342.187 128.369 2.2
      vertex 342.187 128.369 0
    endloop
  endfacet
  facet normal 0.321388 0.946948 -0
    outer loop
      vertex 340.022 133.596 0
      vertex 339.527 133.764 2.2
      vertex 340.022 133.596 2.2
    endloop
  endfacet
  facet normal 0.321388 0.946948 0
    outer loop
      vertex 339.527 133.764 2.2
      vertex 340.022 133.596 0
      vertex 339.527 133.764 0
    endloop
  endfacet
  facet normal 0.443387 0.89633 -0
    outer loop
      vertex 340.491 133.364 0
      vertex 340.022 133.596 2.2
      vertex 340.491 133.364 2.2
    endloop
  endfacet
  facet normal 0.443387 0.89633 0
    outer loop
      vertex 340.022 133.596 2.2
      vertex 340.491 133.364 0
      vertex 340.022 133.596 0
    endloop
  endfacet
  facet normal -0.897089 0.44185 -1.95835e-18
    outer loop
      vertex 334.796 131.431 0
      vertex 335.027 131.9 2.2
      vertex 335.027 131.9 0
    endloop
  endfacet
  facet normal -0.897089 0.44185 -1.95835e-18
    outer loop
      vertex 335.027 131.9 2.2
      vertex 334.796 131.431 0
      vertex 334.796 131.431 2.2
    endloop
  endfacet
  facet normal 0.980801 0.195013 1.48507e-18
    outer loop
      vertex 342.457 130.422 2.2
      vertex 342.355 130.935 0
      vertex 342.355 130.935 2.2
    endloop
  endfacet
  facet normal 0.980801 0.195013 1.48507e-18
    outer loop
      vertex 342.355 130.935 0
      vertex 342.457 130.422 2.2
      vertex 342.457 130.422 0
    endloop
  endfacet
  facet normal 0.658775 0.75234 -0
    outer loop
      vertex 341.32 132.728 0
      vertex 340.926 133.073 2.2
      vertex 341.32 132.728 2.2
    endloop
  endfacet
  facet normal 0.658775 0.75234 0
    outer loop
      vertex 340.926 133.073 2.2
      vertex 341.32 132.728 0
      vertex 340.926 133.073 0
    endloop
  endfacet
  facet normal 0.897089 0.44185 1.95835e-18
    outer loop
      vertex 342.187 131.431 2.2
      vertex 341.956 131.9 0
      vertex 341.956 131.9 2.2
    endloop
  endfacet
  facet normal 0.897089 0.44185 1.95835e-18
    outer loop
      vertex 341.956 131.9 0
      vertex 342.187 131.431 2.2
      vertex 342.187 131.431 0
    endloop
  endfacet
  facet normal 0.0648726 0.997894 -0
    outer loop
      vertex 339.014 133.866 0
      vertex 338.491 133.9 2.2
      vertex 339.014 133.866 2.2
    endloop
  endfacet
  facet normal 0.0648726 0.997894 0
    outer loop
      vertex 338.491 133.9 2.2
      vertex 339.014 133.866 0
      vertex 338.491 133.9 0
    endloop
  endfacet
  facet normal 0.980801 -0.195013 -2.30787e-19
    outer loop
      vertex 342.355 128.865 2.2
      vertex 342.457 129.378 0
      vertex 342.457 129.378 2.2
    endloop
  endfacet
  facet normal 0.980801 -0.195013 -2.30787e-19
    outer loop
      vertex 342.457 129.378 0
      vertex 342.355 128.865 2.2
      vertex 342.355 128.865 0
    endloop
  endfacet
  facet normal 0.658775 -0.75234 0
    outer loop
      vertex 340.926 126.727 0
      vertex 341.32 127.072 2.2
      vertex 340.926 126.727 2.2
    endloop
  endfacet
  facet normal 0.658775 -0.75234 0
    outer loop
      vertex 341.32 127.072 2.2
      vertex 340.926 126.727 0
      vertex 341.32 127.072 0
    endloop
  endfacet
  facet normal 0.997886 0.0649964 5.80371e-19
    outer loop
      vertex 342.491 129.9 2.2
      vertex 342.457 130.422 0
      vertex 342.457 130.422 2.2
    endloop
  endfacet
  facet normal 0.997886 0.0649964 5.80371e-19
    outer loop
      vertex 342.457 130.422 0
      vertex 342.491 129.9 2.2
      vertex 342.491 129.9 0
    endloop
  endfacet
  facet normal -0.75151 0.659722 1.00052e-17
    outer loop
      vertex 335.318 132.335 0
      vertex 335.663 132.728 2.2
      vertex 335.663 132.728 0
    endloop
  endfacet
  facet normal -0.75151 0.659722 1.00052e-17
    outer loop
      vertex 335.663 132.728 2.2
      vertex 335.318 132.335 0
      vertex 335.318 132.335 2.2
    endloop
  endfacet
  facet normal -0.945946 0.324324 6.91616e-19
    outer loop
      vertex 334.76 131.326 0
      vertex 334.796 131.431 2.2
      vertex 334.796 131.431 0
    endloop
  endfacet
  facet normal -0.945946 0.324324 6.91616e-19
    outer loop
      vertex 334.796 131.431 2.2
      vertex 334.76 131.326 0
      vertex 334.76 131.326 2.2
    endloop
  endfacet
  facet normal 0.195013 0.980801 -0
    outer loop
      vertex 339.527 133.764 0
      vertex 339.014 133.866 2.2
      vertex 339.527 133.764 2.2
    endloop
  endfacet
  facet normal 0.195013 0.980801 0
    outer loop
      vertex 339.014 133.866 2.2
      vertex 339.527 133.764 0
      vertex 339.014 133.866 0
    endloop
  endfacet
  facet normal 0.56231 -0.826927 0
    outer loop
      vertex 340.826 126.659 0
      vertex 340.926 126.727 2.2
      vertex 340.826 126.659 2.2
    endloop
  endfacet
  facet normal 0.56231 -0.826927 0
    outer loop
      vertex 340.926 126.727 2.2
      vertex 340.826 126.659 0
      vertex 340.926 126.727 0
    endloop
  endfacet
  facet normal 0.897089 -0.44185 -1.95835e-18
    outer loop
      vertex 341.956 127.9 2.2
      vertex 342.187 128.369 0
      vertex 342.187 128.369 2.2
    endloop
  endfacet
  facet normal 0.897089 -0.44185 -1.95835e-18
    outer loop
      vertex 342.187 128.369 0
      vertex 341.956 127.9 2.2
      vertex 341.956 127.9 0
    endloop
  endfacet
  facet normal 0.947145 0.320807 -5.36024e-18
    outer loop
      vertex 342.355 130.935 2.2
      vertex 342.187 131.431 0
      vertex 342.187 131.431 2.2
    endloop
  endfacet
  facet normal 0.947145 0.320807 -5.36024e-18
    outer loop
      vertex 342.187 131.431 0
      vertex 342.355 130.935 2.2
      vertex 342.355 130.935 0
    endloop
  endfacet
  facet normal 0.981097 -0.193519 1.61637e-18
    outer loop
      vertex 313.916 133.182 2.2
      vertex 313.959 133.4 0
      vertex 313.959 133.4 2.2
    endloop
  endfacet
  facet normal 0.981097 -0.193519 1.61637e-18
    outer loop
      vertex 313.959 133.4 0
      vertex 313.916 133.182 2.2
      vertex 313.916 133.182 0
    endloop
  endfacet
  facet normal 0.997725 -0.0674139 2.51466e-19
    outer loop
      vertex 313.901 132.96 2.2
      vertex 313.916 133.182 0
      vertex 313.916 133.182 2.2
    endloop
  endfacet
  facet normal 0.997725 -0.0674139 2.51466e-19
    outer loop
      vertex 313.916 133.182 0
      vertex 313.901 132.96 2.2
      vertex 313.901 132.96 0
    endloop
  endfacet
  facet normal 0.997725 0.0674139 -2.86904e-19
    outer loop
      vertex 313.916 132.738 2.2
      vertex 313.901 132.96 0
      vertex 313.901 132.96 2.2
    endloop
  endfacet
  facet normal 0.997725 0.0674139 -2.86904e-19
    outer loop
      vertex 313.901 132.96 0
      vertex 313.916 132.738 2.2
      vertex 313.916 132.738 0
    endloop
  endfacet
  facet normal 0.553661 -0.832742 0
    outer loop
      vertex 314.566 134.309 0
      vertex 314.751 134.432 2.2
      vertex 314.566 134.309 2.2
    endloop
  endfacet
  facet normal 0.553661 -0.832742 0
    outer loop
      vertex 314.751 134.432 2.2
      vertex 314.566 134.309 0
      vertex 314.751 134.432 0
    endloop
  endfacet
  facet normal -0.318922 0.947781 0
    outer loop
      vertex 316.252 131.389 0
      vertex 316.041 131.318 2.2
      vertex 316.252 131.389 2.2
    endloop
  endfacet
  facet normal -0.318922 0.947781 0
    outer loop
      vertex 316.041 131.318 2.2
      vertex 316.252 131.389 0
      vertex 316.041 131.318 0
    endloop
  endfacet
  facet normal -0.750624 -0.660729 -1.05293e-18
    outer loop
      vertex 316.95 133.995 0
      vertex 316.803 134.162 2.2
      vertex 316.803 134.162 0
    endloop
  endfacet
  facet normal -0.750624 -0.660729 -1.05293e-18
    outer loop
      vertex 316.803 134.162 2.2
      vertex 316.95 133.995 0
      vertex 316.95 133.995 2.2
    endloop
  endfacet
  facet normal 0.830666 -0.556771 -3.22439e-18
    outer loop
      vertex 314.129 133.81 2.2
      vertex 314.253 133.995 0
      vertex 314.253 133.995 2.2
    endloop
  endfacet
  facet normal 0.830666 -0.556771 -3.22439e-18
    outer loop
      vertex 314.253 133.995 0
      vertex 314.129 133.81 2.2
      vertex 314.129 133.81 0
    endloop
  endfacet
  facet normal 0.752856 0.658185 -4.10866e-19
    outer loop
      vertex 314.399 131.758 2.2
      vertex 314.253 131.925 0
      vertex 314.253 131.925 2.2
    endloop
  endfacet
  facet normal 0.752856 0.658185 -4.10866e-19
    outer loop
      vertex 314.253 131.925 0
      vertex 314.399 131.758 2.2
      vertex 314.399 131.758 0
    endloop
  endfacet
  facet normal 0.320285 0.947321 -0
    outer loop
      vertex 315.161 131.318 0
      vertex 314.951 131.389 2.2
      vertex 315.161 131.318 2.2
    endloop
  endfacet
  facet normal 0.320285 0.947321 0
    outer loop
      vertex 314.951 131.389 2.2
      vertex 315.161 131.318 0
      vertex 314.951 131.389 0
    endloop
  endfacet
  facet normal 0.897116 -0.441796 -2.38512e-18
    outer loop
      vertex 314.031 133.611 2.2
      vertex 314.129 133.81 0
      vertex 314.129 133.81 2.2
    endloop
  endfacet
  facet normal 0.897116 -0.441796 -2.38512e-18
    outer loop
      vertex 314.129 133.81 0
      vertex 314.031 133.611 2.2
      vertex 314.031 133.611 0
    endloop
  endfacet
  facet normal 0.443625 0.896212 -0
    outer loop
      vertex 314.951 131.389 0
      vertex 314.751 131.488 2.2
      vertex 314.951 131.389 2.2
    endloop
  endfacet
  facet normal 0.443625 0.896212 0
    outer loop
      vertex 314.751 131.488 2.2
      vertex 314.951 131.389 0
      vertex 314.751 131.488 0
    endloop
  endfacet
  facet normal 0.946417 0.322948 4.84397e-20
    outer loop
      vertex 314.031 132.309 2.2
      vertex 313.959 132.52 0
      vertex 313.959 132.52 2.2
    endloop
  endfacet
  facet normal 0.946417 0.322948 4.84397e-20
    outer loop
      vertex 313.959 132.52 0
      vertex 314.031 132.309 2.2
      vertex 314.031 132.309 0
    endloop
  endfacet
  facet normal 0.320285 -0.947321 0
    outer loop
      vertex 314.951 134.531 0
      vertex 315.161 134.602 2.2
      vertex 314.951 134.531 2.2
    endloop
  endfacet
  facet normal 0.320285 -0.947321 0
    outer loop
      vertex 315.161 134.602 2.2
      vertex 314.951 134.531 0
      vertex 315.161 134.602 0
    endloop
  endfacet
  facet normal -0.0674139 0.997725 0
    outer loop
      vertex 315.823 131.275 0
      vertex 315.601 131.26 2.2
      vertex 315.823 131.275 2.2
    endloop
  endfacet
  facet normal -0.0674139 0.997725 0
    outer loop
      vertex 315.601 131.26 2.2
      vertex 315.823 131.275 0
      vertex 315.601 131.26 0
    endloop
  endfacet
  facet normal 0.192668 -0.981264 0
    outer loop
      vertex 315.161 134.602 0
      vertex 315.38 134.645 2.2
      vertex 315.161 134.602 2.2
    endloop
  endfacet
  facet normal 0.192668 -0.981264 0
    outer loop
      vertex 315.38 134.645 2.2
      vertex 315.161 134.602 0
      vertex 315.38 134.645 0
    endloop
  endfacet
  facet normal 0.553661 0.832742 -0
    outer loop
      vertex 314.751 131.488 0
      vertex 314.566 131.611 2.2
      vertex 314.751 131.488 2.2
    endloop
  endfacet
  facet normal 0.553661 0.832742 0
    outer loop
      vertex 314.566 131.611 2.2
      vertex 314.751 131.488 0
      vertex 314.566 131.611 0
    endloop
  endfacet
  facet normal 0.0677175 0.997705 -0
    outer loop
      vertex 315.601 131.26 0
      vertex 315.38 131.275 2.2
      vertex 315.601 131.26 2.2
    endloop
  endfacet
  facet normal 0.0677175 0.997705 0
    outer loop
      vertex 315.38 131.275 2.2
      vertex 315.601 131.26 0
      vertex 315.38 131.275 0
    endloop
  endfacet
  facet normal -0.830666 0.556771 -2.94115e-18
    outer loop
      vertex 316.95 131.925 0
      vertex 317.074 132.11 2.2
      vertex 317.074 132.11 0
    endloop
  endfacet
  facet normal -0.830666 0.556771 -2.94115e-18
    outer loop
      vertex 317.074 132.11 2.2
      vertex 316.95 131.925 0
      vertex 316.95 131.925 2.2
    endloop
  endfacet
  facet normal -0.980233 0.197845 1.55685e-18
    outer loop
      vertex 317.243 132.52 0
      vertex 317.287 132.738 2.2
      vertex 317.287 132.738 0
    endloop
  endfacet
  facet normal -0.980233 0.197845 1.55685e-18
    outer loop
      vertex 317.287 132.738 2.2
      vertex 317.243 132.52 0
      vertex 317.243 132.52 2.2
    endloop
  endfacet
  facet normal 0.897116 0.441796 1.07699e-18
    outer loop
      vertex 314.129 132.11 2.2
      vertex 314.031 132.309 0
      vertex 314.031 132.309 2.2
    endloop
  endfacet
  facet normal 0.897116 0.441796 1.07699e-18
    outer loop
      vertex 314.031 132.309 0
      vertex 314.129 132.11 2.2
      vertex 314.129 132.11 0
    endloop
  endfacet
  facet normal 0.660729 0.750624 -0
    outer loop
      vertex 314.566 131.611 0
      vertex 314.399 131.758 2.2
      vertex 314.566 131.611 2.2
    endloop
  endfacet
  facet normal 0.660729 0.750624 0
    outer loop
      vertex 314.399 131.758 2.2
      vertex 314.566 131.611 0
      vertex 314.399 131.758 0
    endloop
  endfacet
  facet normal 0.752856 -0.658185 4.10866e-19
    outer loop
      vertex 314.253 133.995 2.2
      vertex 314.399 134.162 0
      vertex 314.399 134.162 2.2
    endloop
  endfacet
  facet normal 0.752856 -0.658185 4.10866e-19
    outer loop
      vertex 314.399 134.162 0
      vertex 314.253 133.995 2.2
      vertex 314.253 133.995 0
    endloop
  endfacet
  facet normal -0.998017 -0.062938 -1.10938e-19
    outer loop
      vertex 317.301 132.96 0
      vertex 317.287 133.182 2.2
      vertex 317.287 133.182 0
    endloop
  endfacet
  facet normal -0.998017 -0.062938 -1.10938e-19
    outer loop
      vertex 317.287 133.182 2.2
      vertex 317.301 132.96 0
      vertex 317.301 132.96 2.2
    endloop
  endfacet
  facet normal -0.750624 0.660729 1.05293e-18
    outer loop
      vertex 316.803 131.758 0
      vertex 316.95 131.925 2.2
      vertex 316.95 131.925 0
    endloop
  endfacet
  facet normal -0.750624 0.660729 1.05293e-18
    outer loop
      vertex 316.95 131.925 2.2
      vertex 316.803 131.758 0
      vertex 316.803 131.758 2.2
    endloop
  endfacet
  facet normal -0.660729 -0.750624 0
    outer loop
      vertex 316.636 134.309 0
      vertex 316.803 134.162 2.2
      vertex 316.636 134.309 2.2
    endloop
  endfacet
  facet normal -0.660729 -0.750624 -0
    outer loop
      vertex 316.803 134.162 2.2
      vertex 316.636 134.309 0
      vertex 316.803 134.162 0
    endloop
  endfacet
  facet normal -0.830666 -0.556771 2.94115e-18
    outer loop
      vertex 317.074 133.81 0
      vertex 316.95 133.995 2.2
      vertex 316.95 133.995 0
    endloop
  endfacet
  facet normal -0.830666 -0.556771 2.94115e-18
    outer loop
      vertex 316.95 133.995 2.2
      vertex 317.074 133.81 0
      vertex 317.074 133.81 2.2
    endloop
  endfacet
  facet normal 0.192668 0.981264 -0
    outer loop
      vertex 315.38 131.275 0
      vertex 315.161 131.318 2.2
      vertex 315.38 131.275 2.2
    endloop
  endfacet
  facet normal 0.192668 0.981264 0
    outer loop
      vertex 315.161 131.318 2.2
      vertex 315.38 131.275 0
      vertex 315.161 131.318 0
    endloop
  endfacet
  facet normal -0.445413 -0.895325 0
    outer loop
      vertex 316.252 134.531 0
      vertex 316.451 134.432 2.2
      vertex 316.252 134.531 2.2
    endloop
  endfacet
  facet normal -0.445413 -0.895325 -0
    outer loop
      vertex 316.451 134.432 2.2
      vertex 316.252 134.531 0
      vertex 316.451 134.432 0
    endloop
  endfacet
  facet normal 0.443625 -0.896212 0
    outer loop
      vertex 314.751 134.432 0
      vertex 314.951 134.531 2.2
      vertex 314.751 134.432 2.2
    endloop
  endfacet
  facet normal 0.443625 -0.896212 0
    outer loop
      vertex 314.951 134.531 2.2
      vertex 314.751 134.432 0
      vertex 314.951 134.531 0
    endloop
  endfacet
  facet normal -0.897116 0.441796 -1.07699e-18
    outer loop
      vertex 317.074 132.11 0
      vertex 317.172 132.309 2.2
      vertex 317.172 132.309 0
    endloop
  endfacet
  facet normal -0.897116 0.441796 -1.07699e-18
    outer loop
      vertex 317.172 132.309 2.2
      vertex 317.074 132.11 0
      vertex 317.074 132.11 2.2
    endloop
  endfacet
  facet normal 0.981097 0.193519 2.00541e-19
    outer loop
      vertex 313.959 132.52 2.2
      vertex 313.916 132.738 0
      vertex 313.916 132.738 2.2
    endloop
  endfacet
  facet normal 0.981097 0.193519 2.00541e-19
    outer loop
      vertex 313.916 132.738 0
      vertex 313.959 132.52 2.2
      vertex 313.959 132.52 0
    endloop
  endfacet
  facet normal -0.318922 -0.947781 0
    outer loop
      vertex 316.041 134.602 0
      vertex 316.252 134.531 2.2
      vertex 316.041 134.602 2.2
    endloop
  endfacet
  facet normal -0.318922 -0.947781 -0
    outer loop
      vertex 316.252 134.531 2.2
      vertex 316.041 134.602 0
      vertex 316.252 134.531 0
    endloop
  endfacet
  facet normal 0.0677175 -0.997705 0
    outer loop
      vertex 315.38 134.645 0
      vertex 315.601 134.66 2.2
      vertex 315.38 134.645 2.2
    endloop
  endfacet
  facet normal 0.0677175 -0.997705 0
    outer loop
      vertex 315.601 134.66 2.2
      vertex 315.38 134.645 0
      vertex 315.601 134.66 0
    endloop
  endfacet
  facet normal -0.980233 -0.197845 -1.18812e-18
    outer loop
      vertex 317.287 133.182 0
      vertex 317.243 133.4 2.2
      vertex 317.243 133.4 0
    endloop
  endfacet
  facet normal -0.980233 -0.197845 -1.18812e-18
    outer loop
      vertex 317.243 133.4 2.2
      vertex 317.287 133.182 0
      vertex 317.287 133.182 2.2
    endloop
  endfacet
  facet normal -0.445413 0.895325 0
    outer loop
      vertex 316.451 131.488 0
      vertex 316.252 131.389 2.2
      vertex 316.451 131.488 2.2
    endloop
  endfacet
  facet normal -0.445413 0.895325 0
    outer loop
      vertex 316.252 131.389 2.2
      vertex 316.451 131.488 0
      vertex 316.252 131.389 0
    endloop
  endfacet
  facet normal -0.193519 0.981097 0
    outer loop
      vertex 316.041 131.318 0
      vertex 315.823 131.275 2.2
      vertex 316.041 131.318 2.2
    endloop
  endfacet
  facet normal -0.193519 0.981097 0
    outer loop
      vertex 315.823 131.275 2.2
      vertex 316.041 131.318 0
      vertex 315.823 131.275 0
    endloop
  endfacet
  facet normal -0.947781 -0.318922 -7.8726e-19
    outer loop
      vertex 317.243 133.4 0
      vertex 317.172 133.611 2.2
      vertex 317.172 133.611 0
    endloop
  endfacet
  facet normal -0.947781 -0.318922 -7.8726e-19
    outer loop
      vertex 317.172 133.611 2.2
      vertex 317.243 133.4 0
      vertex 317.243 133.4 2.2
    endloop
  endfacet
  facet normal -0.947781 0.318922 1.72231e-18
    outer loop
      vertex 317.172 132.309 0
      vertex 317.243 132.52 2.2
      vertex 317.243 132.52 0
    endloop
  endfacet
  facet normal -0.947781 0.318922 1.72231e-18
    outer loop
      vertex 317.243 132.52 2.2
      vertex 317.172 132.309 0
      vertex 317.172 132.309 2.2
    endloop
  endfacet
  facet normal -0.998017 0.062938 -3.28618e-19
    outer loop
      vertex 317.287 132.738 0
      vertex 317.301 132.96 2.2
      vertex 317.301 132.96 0
    endloop
  endfacet
  facet normal -0.998017 0.062938 -3.28618e-19
    outer loop
      vertex 317.301 132.96 2.2
      vertex 317.287 132.738 0
      vertex 317.287 132.738 2.2
    endloop
  endfacet
  facet normal 0.660729 -0.750624 0
    outer loop
      vertex 314.399 134.162 0
      vertex 314.566 134.309 2.2
      vertex 314.399 134.162 2.2
    endloop
  endfacet
  facet normal 0.660729 -0.750624 0
    outer loop
      vertex 314.566 134.309 2.2
      vertex 314.399 134.162 0
      vertex 314.566 134.309 0
    endloop
  endfacet
  facet normal -0.193519 -0.981097 0
    outer loop
      vertex 315.823 134.645 0
      vertex 316.041 134.602 2.2
      vertex 315.823 134.645 2.2
    endloop
  endfacet
  facet normal -0.193519 -0.981097 -0
    outer loop
      vertex 316.041 134.602 2.2
      vertex 315.823 134.645 0
      vertex 316.041 134.602 0
    endloop
  endfacet
  facet normal 0.946417 -0.322948 1.19651e-18
    outer loop
      vertex 313.959 133.4 2.2
      vertex 314.031 133.611 0
      vertex 314.031 133.611 2.2
    endloop
  endfacet
  facet normal 0.946417 -0.322948 1.19651e-18
    outer loop
      vertex 314.031 133.611 0
      vertex 313.959 133.4 2.2
      vertex 313.959 133.4 0
    endloop
  endfacet
  facet normal 0.830666 0.556771 3.22439e-18
    outer loop
      vertex 314.253 131.925 2.2
      vertex 314.129 132.11 0
      vertex 314.129 132.11 2.2
    endloop
  endfacet
  facet normal 0.830666 0.556771 3.22439e-18
    outer loop
      vertex 314.129 132.11 0
      vertex 314.253 131.925 2.2
      vertex 314.253 131.925 0
    endloop
  endfacet
  facet normal -0.0674139 -0.997725 0
    outer loop
      vertex 315.601 134.66 0
      vertex 315.823 134.645 2.2
      vertex 315.601 134.66 2.2
    endloop
  endfacet
  facet normal -0.0674139 -0.997725 -0
    outer loop
      vertex 315.823 134.645 2.2
      vertex 315.601 134.66 0
      vertex 315.823 134.645 0
    endloop
  endfacet
  facet normal -0.660729 0.750624 0
    outer loop
      vertex 316.803 131.758 0
      vertex 316.636 131.611 2.2
      vertex 316.803 131.758 2.2
    endloop
  endfacet
  facet normal -0.660729 0.750624 0
    outer loop
      vertex 316.636 131.611 2.2
      vertex 316.803 131.758 0
      vertex 316.636 131.611 0
    endloop
  endfacet
  facet normal -0.553661 -0.832742 0
    outer loop
      vertex 316.451 134.432 0
      vertex 316.636 134.309 2.2
      vertex 316.451 134.432 2.2
    endloop
  endfacet
  facet normal -0.553661 -0.832742 -0
    outer loop
      vertex 316.636 134.309 2.2
      vertex 316.451 134.432 0
      vertex 316.636 134.309 0
    endloop
  endfacet
  facet normal -0.553661 0.832742 0
    outer loop
      vertex 316.636 131.611 0
      vertex 316.451 131.488 2.2
      vertex 316.636 131.611 2.2
    endloop
  endfacet
  facet normal -0.553661 0.832742 0
    outer loop
      vertex 316.451 131.488 2.2
      vertex 316.636 131.611 0
      vertex 316.451 131.488 0
    endloop
  endfacet
  facet normal -0.897116 -0.441796 2.38512e-18
    outer loop
      vertex 317.172 133.611 0
      vertex 317.074 133.81 2.2
      vertex 317.074 133.81 0
    endloop
  endfacet
  facet normal -0.897116 -0.441796 2.38512e-18
    outer loop
      vertex 317.074 133.81 2.2
      vertex 317.172 133.611 0
      vertex 317.172 133.611 2.2
    endloop
  endfacet
  facet normal 0.0677175 0.997705 -0
    outer loop
      vertex 253.101 118.53 0
      vertex 252.88 118.545 2.2
      vertex 253.101 118.53 2.2
    endloop
  endfacet
  facet normal 0.0677175 0.997705 0
    outer loop
      vertex 252.88 118.545 2.2
      vertex 253.101 118.53 0
      vertex 252.88 118.545 0
    endloop
  endfacet
  facet normal 0.981097 -0.193519 7.07913e-19
    outer loop
      vertex 251.416 120.452 2.2
      vertex 251.459 120.67 0
      vertex 251.459 120.67 2.2
    endloop
  endfacet
  facet normal 0.981097 -0.193519 7.07913e-19
    outer loop
      vertex 251.459 120.67 0
      vertex 251.416 120.452 2.2
      vertex 251.416 120.452 0
    endloop
  endfacet
  facet normal 0.997725 -0.0674139 -1.73786e-19
    outer loop
      vertex 251.401 120.23 2.2
      vertex 251.416 120.452 0
      vertex 251.416 120.452 2.2
    endloop
  endfacet
  facet normal 0.997725 -0.0674139 -1.73786e-19
    outer loop
      vertex 251.416 120.452 0
      vertex 251.401 120.23 2.2
      vertex 251.401 120.23 0
    endloop
  endfacet
  facet normal 0.946417 -0.322948 5.74033e-19
    outer loop
      vertex 251.459 120.67 2.2
      vertex 251.531 120.881 0
      vertex 251.531 120.881 2.2
    endloop
  endfacet
  facet normal 0.946417 -0.322948 5.74033e-19
    outer loop
      vertex 251.531 120.881 0
      vertex 251.459 120.67 2.2
      vertex 251.459 120.67 0
    endloop
  endfacet
  facet normal 0.830666 -0.556771 4.57713e-19
    outer loop
      vertex 251.629 121.08 2.2
      vertex 251.753 121.265 0
      vertex 251.753 121.265 2.2
    endloop
  endfacet
  facet normal 0.830666 -0.556771 4.57713e-19
    outer loop
      vertex 251.753 121.265 0
      vertex 251.629 121.08 2.2
      vertex 251.629 121.08 0
    endloop
  endfacet
  facet normal -0.318922 -0.947781 0
    outer loop
      vertex 253.541 121.872 0
      vertex 253.752 121.801 2.2
      vertex 253.541 121.872 2.2
    endloop
  endfacet
  facet normal -0.318922 -0.947781 -0
    outer loop
      vertex 253.752 121.801 2.2
      vertex 253.541 121.872 0
      vertex 253.752 121.801 0
    endloop
  endfacet
  facet normal 0.897116 -0.441796 3.44891e-19
    outer loop
      vertex 251.531 120.881 2.2
      vertex 251.629 121.08 0
      vertex 251.629 121.08 2.2
    endloop
  endfacet
  facet normal 0.897116 -0.441796 3.44891e-19
    outer loop
      vertex 251.629 121.08 0
      vertex 251.531 120.881 2.2
      vertex 251.531 120.881 0
    endloop
  endfacet
  facet normal -0.193519 -0.981097 0
    outer loop
      vertex 253.323 121.915 0
      vertex 253.541 121.872 2.2
      vertex 253.323 121.915 2.2
    endloop
  endfacet
  facet normal -0.193519 -0.981097 -0
    outer loop
      vertex 253.541 121.872 2.2
      vertex 253.323 121.915 0
      vertex 253.541 121.872 0
    endloop
  endfacet
  facet normal -0.980233 -0.197845 1.42139e-18
    outer loop
      vertex 254.787 120.452 0
      vertex 254.743 120.67 2.2
      vertex 254.743 120.67 0
    endloop
  endfacet
  facet normal -0.980233 -0.197845 1.42139e-18
    outer loop
      vertex 254.743 120.67 2.2
      vertex 254.787 120.452 0
      vertex 254.787 120.452 2.2
    endloop
  endfacet
  facet normal 0.192668 0.981264 -0
    outer loop
      vertex 252.88 118.545 0
      vertex 252.661 118.588 2.2
      vertex 252.88 118.545 2.2
    endloop
  endfacet
  facet normal 0.192668 0.981264 0
    outer loop
      vertex 252.661 118.588 2.2
      vertex 252.88 118.545 0
      vertex 252.661 118.588 0
    endloop
  endfacet
  facet normal 0.443625 0.896212 -0
    outer loop
      vertex 252.451 118.659 0
      vertex 252.251 118.758 2.2
      vertex 252.451 118.659 2.2
    endloop
  endfacet
  facet normal 0.443625 0.896212 0
    outer loop
      vertex 252.251 118.758 2.2
      vertex 252.451 118.659 0
      vertex 252.251 118.758 0
    endloop
  endfacet
  facet normal 0.946417 0.322948 4.84397e-20
    outer loop
      vertex 251.531 119.579 2.2
      vertex 251.459 119.79 0
      vertex 251.459 119.79 2.2
    endloop
  endfacet
  facet normal 0.946417 0.322948 4.84397e-20
    outer loop
      vertex 251.459 119.79 0
      vertex 251.531 119.579 2.2
      vertex 251.531 119.579 0
    endloop
  endfacet
  facet normal 0.320285 0.947321 -0
    outer loop
      vertex 252.661 118.588 0
      vertex 252.451 118.659 2.2
      vertex 252.661 118.588 2.2
    endloop
  endfacet
  facet normal 0.320285 0.947321 0
    outer loop
      vertex 252.451 118.659 2.2
      vertex 252.661 118.588 0
      vertex 252.451 118.659 0
    endloop
  endfacet
  facet normal -0.750624 -0.660729 -1.05293e-18
    outer loop
      vertex 254.45 121.265 0
      vertex 254.303 121.432 2.2
      vertex 254.303 121.432 0
    endloop
  endfacet
  facet normal -0.750624 -0.660729 -1.05293e-18
    outer loop
      vertex 254.303 121.432 2.2
      vertex 254.45 121.265 0
      vertex 254.45 121.265 2.2
    endloop
  endfacet
  facet normal -0.830666 0.556771 -2.94115e-18
    outer loop
      vertex 254.45 119.195 0
      vertex 254.574 119.38 2.2
      vertex 254.574 119.38 0
    endloop
  endfacet
  facet normal -0.830666 0.556771 -2.94115e-18
    outer loop
      vertex 254.574 119.38 2.2
      vertex 254.45 119.195 0
      vertex 254.45 119.195 2.2
    endloop
  endfacet
  facet normal -0.0674139 0.997725 0
    outer loop
      vertex 253.323 118.545 0
      vertex 253.101 118.53 2.2
      vertex 253.323 118.545 2.2
    endloop
  endfacet
  facet normal -0.0674139 0.997725 0
    outer loop
      vertex 253.101 118.53 2.2
      vertex 253.323 118.545 0
      vertex 253.101 118.53 0
    endloop
  endfacet
  facet normal 0.658505 -0.752577 0
    outer loop
      vertex 251.899 121.432 0
      vertex 252.067 121.579 2.2
      vertex 251.899 121.432 2.2
    endloop
  endfacet
  facet normal 0.658505 -0.752577 0
    outer loop
      vertex 252.067 121.579 2.2
      vertex 251.899 121.432 0
      vertex 252.067 121.579 0
    endloop
  endfacet
  facet normal 0.997725 0.0674139 -2.86904e-19
    outer loop
      vertex 251.416 120.008 2.2
      vertex 251.401 120.23 0
      vertex 251.401 120.23 2.2
    endloop
  endfacet
  facet normal 0.997725 0.0674139 -2.86904e-19
    outer loop
      vertex 251.401 120.23 0
      vertex 251.416 120.008 2.2
      vertex 251.416 120.008 0
    endloop
  endfacet
  facet normal 0.555742 -0.831355 0
    outer loop
      vertex 252.067 121.579 0
      vertex 252.251 121.702 2.2
      vertex 252.067 121.579 2.2
    endloop
  endfacet
  facet normal 0.555742 -0.831355 0
    outer loop
      vertex 252.251 121.702 2.2
      vertex 252.067 121.579 0
      vertex 252.251 121.702 0
    endloop
  endfacet
  facet normal -0.947781 0.318922 -1.73456e-18
    outer loop
      vertex 254.672 119.579 0
      vertex 254.743 119.79 2.2
      vertex 254.743 119.79 0
    endloop
  endfacet
  facet normal -0.947781 0.318922 -1.73456e-18
    outer loop
      vertex 254.743 119.79 2.2
      vertex 254.672 119.579 0
      vertex 254.672 119.579 2.2
    endloop
  endfacet
  facet normal 0.0677175 -0.997705 0
    outer loop
      vertex 252.88 121.915 0
      vertex 253.101 121.93 2.2
      vertex 252.88 121.915 2.2
    endloop
  endfacet
  facet normal 0.0677175 -0.997705 0
    outer loop
      vertex 253.101 121.93 2.2
      vertex 252.88 121.915 0
      vertex 253.101 121.93 0
    endloop
  endfacet
  facet normal 0.658505 0.752577 -0
    outer loop
      vertex 252.067 118.881 0
      vertex 251.899 119.028 2.2
      vertex 252.067 118.881 2.2
    endloop
  endfacet
  facet normal 0.658505 0.752577 0
    outer loop
      vertex 251.899 119.028 2.2
      vertex 252.067 118.881 0
      vertex 251.899 119.028 0
    endloop
  endfacet
  facet normal -0.998017 -0.062938 1.0175e-19
    outer loop
      vertex 254.801 120.23 0
      vertex 254.787 120.452 2.2
      vertex 254.787 120.452 0
    endloop
  endfacet
  facet normal -0.998017 -0.062938 1.0175e-19
    outer loop
      vertex 254.787 120.452 2.2
      vertex 254.801 120.23 0
      vertex 254.801 120.23 2.2
    endloop
  endfacet
  facet normal -0.750624 0.660729 2.59036e-19
    outer loop
      vertex 254.303 119.028 0
      vertex 254.45 119.195 2.2
      vertex 254.45 119.195 0
    endloop
  endfacet
  facet normal -0.750624 0.660729 2.59036e-19
    outer loop
      vertex 254.45 119.195 2.2
      vertex 254.303 119.028 0
      vertex 254.303 119.028 2.2
    endloop
  endfacet
  facet normal 0.752856 -0.658185 4.10866e-19
    outer loop
      vertex 251.753 121.265 2.2
      vertex 251.899 121.432 0
      vertex 251.899 121.432 2.2
    endloop
  endfacet
  facet normal 0.752856 -0.658185 4.10866e-19
    outer loop
      vertex 251.899 121.432 0
      vertex 251.753 121.265 2.2
      vertex 251.753 121.265 0
    endloop
  endfacet
  facet normal 0.320285 -0.947321 0
    outer loop
      vertex 252.451 121.801 0
      vertex 252.661 121.872 2.2
      vertex 252.451 121.801 2.2
    endloop
  endfacet
  facet normal 0.320285 -0.947321 0
    outer loop
      vertex 252.661 121.872 2.2
      vertex 252.451 121.801 0
      vertex 252.661 121.872 0
    endloop
  endfacet
  facet normal -0.897116 -0.441796 -3.44891e-19
    outer loop
      vertex 254.672 120.881 0
      vertex 254.574 121.08 2.2
      vertex 254.574 121.08 0
    endloop
  endfacet
  facet normal -0.897116 -0.441796 -3.44891e-19
    outer loop
      vertex 254.574 121.08 2.2
      vertex 254.672 120.881 0
      vertex 254.672 120.881 2.2
    endloop
  endfacet
  facet normal 0.897116 0.441796 -3.44891e-19
    outer loop
      vertex 251.629 119.38 2.2
      vertex 251.531 119.579 0
      vertex 251.531 119.579 2.2
    endloop
  endfacet
  facet normal 0.897116 0.441796 -3.44891e-19
    outer loop
      vertex 251.531 119.579 0
      vertex 251.629 119.38 2.2
      vertex 251.629 119.38 0
    endloop
  endfacet
  facet normal -0.980233 0.197845 5.35743e-19
    outer loop
      vertex 254.743 119.79 0
      vertex 254.787 120.008 2.2
      vertex 254.787 120.008 0
    endloop
  endfacet
  facet normal -0.980233 0.197845 5.35743e-19
    outer loop
      vertex 254.787 120.008 2.2
      vertex 254.743 119.79 0
      vertex 254.743 119.79 2.2
    endloop
  endfacet
  facet normal -0.445413 -0.895325 0
    outer loop
      vertex 253.752 121.801 0
      vertex 253.951 121.702 2.2
      vertex 253.752 121.801 2.2
    endloop
  endfacet
  facet normal -0.445413 -0.895325 -0
    outer loop
      vertex 253.951 121.702 2.2
      vertex 253.752 121.801 0
      vertex 253.951 121.702 0
    endloop
  endfacet
  facet normal 0.752856 0.658185 -2.97116e-19
    outer loop
      vertex 251.899 119.028 2.2
      vertex 251.753 119.195 0
      vertex 251.753 119.195 2.2
    endloop
  endfacet
  facet normal 0.752856 0.658185 -2.97116e-19
    outer loop
      vertex 251.753 119.195 0
      vertex 251.899 119.028 2.2
      vertex 251.899 119.028 0
    endloop
  endfacet
  facet normal 0.192668 -0.981264 0
    outer loop
      vertex 252.661 121.872 0
      vertex 252.88 121.915 2.2
      vertex 252.661 121.872 2.2
    endloop
  endfacet
  facet normal 0.192668 -0.981264 0
    outer loop
      vertex 252.88 121.915 2.2
      vertex 252.661 121.872 0
      vertex 252.88 121.915 0
    endloop
  endfacet
  facet normal 0.981097 0.193519 2.00541e-19
    outer loop
      vertex 251.459 119.79 2.2
      vertex 251.416 120.008 0
      vertex 251.416 120.008 2.2
    endloop
  endfacet
  facet normal 0.981097 0.193519 2.00541e-19
    outer loop
      vertex 251.416 120.008 0
      vertex 251.459 119.79 2.2
      vertex 251.459 119.79 0
    endloop
  endfacet
  facet normal -0.660729 -0.750624 0
    outer loop
      vertex 254.136 121.579 0
      vertex 254.303 121.432 2.2
      vertex 254.136 121.579 2.2
    endloop
  endfacet
  facet normal -0.660729 -0.750624 -0
    outer loop
      vertex 254.303 121.432 2.2
      vertex 254.136 121.579 0
      vertex 254.303 121.432 0
    endloop
  endfacet
  facet normal -0.897116 0.441796 3.44891e-19
    outer loop
      vertex 254.574 119.38 0
      vertex 254.672 119.579 2.2
      vertex 254.672 119.579 0
    endloop
  endfacet
  facet normal -0.897116 0.441796 3.44891e-19
    outer loop
      vertex 254.672 119.579 2.2
      vertex 254.574 119.38 0
      vertex 254.574 119.38 2.2
    endloop
  endfacet
  facet normal -0.998017 0.062938 -3.21528e-19
    outer loop
      vertex 254.787 120.008 0
      vertex 254.801 120.23 2.2
      vertex 254.801 120.23 0
    endloop
  endfacet
  facet normal -0.998017 0.062938 -3.21528e-19
    outer loop
      vertex 254.801 120.23 2.2
      vertex 254.787 120.008 0
      vertex 254.787 120.008 2.2
    endloop
  endfacet
  facet normal 0.830666 0.556771 -4.57713e-19
    outer loop
      vertex 251.753 119.195 2.2
      vertex 251.629 119.38 0
      vertex 251.629 119.38 2.2
    endloop
  endfacet
  facet normal 0.830666 0.556771 -4.57713e-19
    outer loop
      vertex 251.629 119.38 0
      vertex 251.753 119.195 2.2
      vertex 251.753 119.195 0
    endloop
  endfacet
  facet normal 0.443625 -0.896212 0
    outer loop
      vertex 252.251 121.702 0
      vertex 252.451 121.801 2.2
      vertex 252.251 121.702 2.2
    endloop
  endfacet
  facet normal 0.443625 -0.896212 0
    outer loop
      vertex 252.451 121.801 2.2
      vertex 252.251 121.702 0
      vertex 252.451 121.801 0
    endloop
  endfacet
  facet normal -0.947781 -0.318922 4.31145e-19
    outer loop
      vertex 254.743 120.67 0
      vertex 254.672 120.881 2.2
      vertex 254.672 120.881 0
    endloop
  endfacet
  facet normal -0.947781 -0.318922 4.31145e-19
    outer loop
      vertex 254.672 120.881 2.2
      vertex 254.743 120.67 0
      vertex 254.743 120.67 2.2
    endloop
  endfacet
  facet normal -0.0674139 -0.997725 0
    outer loop
      vertex 253.101 121.93 0
      vertex 253.323 121.915 2.2
      vertex 253.101 121.93 2.2
    endloop
  endfacet
  facet normal -0.0674139 -0.997725 -0
    outer loop
      vertex 253.323 121.915 2.2
      vertex 253.101 121.93 0
      vertex 253.323 121.915 0
    endloop
  endfacet
  facet normal -0.553661 -0.832742 0
    outer loop
      vertex 253.951 121.702 0
      vertex 254.136 121.579 2.2
      vertex 253.951 121.702 2.2
    endloop
  endfacet
  facet normal -0.553661 -0.832742 -0
    outer loop
      vertex 254.136 121.579 2.2
      vertex 253.951 121.702 0
      vertex 254.136 121.579 0
    endloop
  endfacet
  facet normal -0.553661 0.832742 0
    outer loop
      vertex 254.136 118.881 0
      vertex 253.951 118.758 2.2
      vertex 254.136 118.881 2.2
    endloop
  endfacet
  facet normal -0.553661 0.832742 0
    outer loop
      vertex 253.951 118.758 2.2
      vertex 254.136 118.881 0
      vertex 253.951 118.758 0
    endloop
  endfacet
  facet normal -0.318922 0.947781 0
    outer loop
      vertex 253.752 118.659 0
      vertex 253.541 118.588 2.2
      vertex 253.752 118.659 2.2
    endloop
  endfacet
  facet normal -0.318922 0.947781 0
    outer loop
      vertex 253.541 118.588 2.2
      vertex 253.752 118.659 0
      vertex 253.541 118.588 0
    endloop
  endfacet
  facet normal -0.830666 -0.556771 2.94115e-18
    outer loop
      vertex 254.574 121.08 0
      vertex 254.45 121.265 2.2
      vertex 254.45 121.265 0
    endloop
  endfacet
  facet normal -0.830666 -0.556771 2.94115e-18
    outer loop
      vertex 254.45 121.265 2.2
      vertex 254.574 121.08 0
      vertex 254.574 121.08 2.2
    endloop
  endfacet
  facet normal 0.555742 0.831355 -0
    outer loop
      vertex 252.251 118.758 0
      vertex 252.067 118.881 2.2
      vertex 252.251 118.758 2.2
    endloop
  endfacet
  facet normal 0.555742 0.831355 0
    outer loop
      vertex 252.067 118.881 2.2
      vertex 252.251 118.758 0
      vertex 252.067 118.881 0
    endloop
  endfacet
  facet normal -0.193519 0.981097 0
    outer loop
      vertex 253.541 118.588 0
      vertex 253.323 118.545 2.2
      vertex 253.541 118.588 2.2
    endloop
  endfacet
  facet normal -0.193519 0.981097 0
    outer loop
      vertex 253.323 118.545 2.2
      vertex 253.541 118.588 0
      vertex 253.323 118.545 0
    endloop
  endfacet
  facet normal -0.660729 0.750624 0
    outer loop
      vertex 254.303 119.028 0
      vertex 254.136 118.881 2.2
      vertex 254.303 119.028 2.2
    endloop
  endfacet
  facet normal -0.660729 0.750624 0
    outer loop
      vertex 254.136 118.881 2.2
      vertex 254.303 119.028 0
      vertex 254.136 118.881 0
    endloop
  endfacet
  facet normal -0.445413 0.895325 0
    outer loop
      vertex 253.951 118.758 0
      vertex 253.752 118.659 2.2
      vertex 253.951 118.758 2.2
    endloop
  endfacet
  facet normal -0.445413 0.895325 0
    outer loop
      vertex 253.752 118.659 2.2
      vertex 253.951 118.758 0
      vertex 253.752 118.659 0
    endloop
  endfacet
  facet normal 0.946229 -0.323497 -1.31381e-18
    outer loop
      vertex 187.709 37.75 2.2
      vertex 187.781 37.9606 0
      vertex 187.781 37.9606 2.2
    endloop
  endfacet
  facet normal 0.946229 -0.323497 -1.31381e-18
    outer loop
      vertex 187.781 37.9606 0
      vertex 187.709 37.75 2.2
      vertex 187.709 37.75 0
    endloop
  endfacet
  facet normal 0.981113 -0.193434 1.58373e-18
    outer loop
      vertex 187.666 37.5319 2.2
      vertex 187.709 37.75 0
      vertex 187.709 37.75 2.2
    endloop
  endfacet
  facet normal 0.981113 -0.193434 1.58373e-18
    outer loop
      vertex 187.709 37.75 0
      vertex 187.666 37.5319 2.2
      vertex 187.666 37.5319 0
    endloop
  endfacet
  facet normal 0.997723 -0.0674441 3.09836e-19
    outer loop
      vertex 187.651 37.31 2.2
      vertex 187.666 37.5319 0
      vertex 187.666 37.5319 2.2
    endloop
  endfacet
  facet normal 0.997723 -0.0674441 3.09836e-19
    outer loop
      vertex 187.666 37.5319 0
      vertex 187.651 37.31 2.2
      vertex 187.651 37.31 0
    endloop
  endfacet
  facet normal -0.980251 -0.197758 -9.97118e-19
    outer loop
      vertex 191.037 37.5319 0
      vertex 190.993 37.75 2.2
      vertex 190.993 37.75 0
    endloop
  endfacet
  facet normal -0.980251 -0.197758 -9.97118e-19
    outer loop
      vertex 190.993 37.75 2.2
      vertex 191.037 37.5319 0
      vertex 191.037 37.5319 2.2
    endloop
  endfacet
  facet normal 0.753246 0.657739 -2.06649e-18
    outer loop
      vertex 188.149 36.1079 2.2
      vertex 188.003 36.2751 0
      vertex 188.003 36.2751 2.2
    endloop
  endfacet
  facet normal 0.753246 0.657739 -2.06649e-18
    outer loop
      vertex 188.003 36.2751 0
      vertex 188.149 36.1079 2.2
      vertex 188.149 36.1079 0
    endloop
  endfacet
  facet normal -0.443245 -0.8964 0
    outer loop
      vertex 190.002 38.8806 0
      vertex 190.201 38.7822 2.2
      vertex 190.002 38.8806 2.2
    endloop
  endfacet
  facet normal -0.443245 -0.8964 -0
    outer loop
      vertex 190.201 38.7822 2.2
      vertex 190.002 38.8806 0
      vertex 190.201 38.7822 0
    endloop
  endfacet
  facet normal 0.830527 -0.556979 1.99946e-18
    outer loop
      vertex 187.879 38.16 2.2
      vertex 188.003 38.3449 0
      vertex 188.003 38.3449 2.2
    endloop
  endfacet
  facet normal 0.830527 -0.556979 1.99946e-18
    outer loop
      vertex 188.003 38.3449 0
      vertex 187.879 38.16 2.2
      vertex 187.879 38.16 0
    endloop
  endfacet
  facet normal 0.322307 0.946635 -0
    outer loop
      vertex 188.911 35.6679 0
      vertex 188.701 35.7394 2.2
      vertex 188.911 35.6679 2.2
    endloop
  endfacet
  facet normal 0.322307 0.946635 0
    outer loop
      vertex 188.701 35.7394 2.2
      vertex 188.911 35.6679 0
      vertex 188.701 35.7394 0
    endloop
  endfacet
  facet normal 0.897467 -0.441082 4.2692e-19
    outer loop
      vertex 187.781 37.9606 2.2
      vertex 187.879 38.16 0
      vertex 187.879 38.16 2.2
    endloop
  endfacet
  facet normal 0.897467 -0.441082 4.2692e-19
    outer loop
      vertex 187.879 38.16 0
      vertex 187.781 37.9606 2.2
      vertex 187.781 37.9606 0
    endloop
  endfacet
  facet normal 0.441462 -0.89728 0
    outer loop
      vertex 188.501 38.7822 0
      vertex 188.701 38.8806 2.2
      vertex 188.501 38.7822 2.2
    endloop
  endfacet
  facet normal 0.441462 -0.89728 0
    outer loop
      vertex 188.701 38.8806 2.2
      vertex 188.501 38.7822 0
      vertex 188.701 38.8806 0
    endloop
  endfacet
  facet normal 0.441462 0.89728 -0
    outer loop
      vertex 188.701 35.7394 0
      vertex 188.501 35.8378 2.2
      vertex 188.701 35.7394 2.2
    endloop
  endfacet
  facet normal 0.441462 0.89728 0
    outer loop
      vertex 188.501 35.8378 2.2
      vertex 188.701 35.7394 0
      vertex 188.501 35.8378 0
    endloop
  endfacet
  facet normal 0.946229 0.323497 1.31381e-18
    outer loop
      vertex 187.781 36.6594 2.2
      vertex 187.709 36.87 0
      vertex 187.709 36.87 2.2
    endloop
  endfacet
  facet normal 0.946229 0.323497 1.31381e-18
    outer loop
      vertex 187.709 36.87 0
      vertex 187.781 36.6594 2.2
      vertex 187.781 36.6594 0
    endloop
  endfacet
  facet normal -0.0651764 -0.997874 0
    outer loop
      vertex 189.351 39.01 0
      vertex 189.573 38.9955 2.2
      vertex 189.351 39.01 2.2
    endloop
  endfacet
  facet normal -0.0651764 -0.997874 -0
    outer loop
      vertex 189.573 38.9955 2.2
      vertex 189.351 39.01 0
      vertex 189.573 38.9955 0
    endloop
  endfacet
  facet normal 0.981113 0.193434 -1.58373e-18
    outer loop
      vertex 187.709 36.87 2.2
      vertex 187.666 37.0881 0
      vertex 187.666 37.0881 2.2
    endloop
  endfacet
  facet normal 0.981113 0.193434 -1.58373e-18
    outer loop
      vertex 187.666 37.0881 0
      vertex 187.709 36.87 2.2
      vertex 187.709 36.87 0
    endloop
  endfacet
  facet normal -0.555219 -0.831704 0
    outer loop
      vertex 190.201 38.7822 0
      vertex 190.386 38.6587 2.2
      vertex 190.201 38.7822 2.2
    endloop
  endfacet
  facet normal -0.555219 -0.831704 -0
    outer loop
      vertex 190.386 38.6587 2.2
      vertex 190.201 38.7822 0
      vertex 190.386 38.6587 0
    endloop
  endfacet
  facet normal 0.0654701 -0.997855 0
    outer loop
      vertex 189.13 38.9955 0
      vertex 189.351 39.01 2.2
      vertex 189.13 38.9955 2.2
    endloop
  endfacet
  facet normal 0.0654701 -0.997855 0
    outer loop
      vertex 189.351 39.01 2.2
      vertex 189.13 38.9955 0
      vertex 189.351 39.01 0
    endloop
  endfacet
  facet normal -0.195251 0.980753 0
    outer loop
      vertex 189.791 35.6679 0
      vertex 189.573 35.6245 2.2
      vertex 189.791 35.6679 2.2
    endloop
  endfacet
  facet normal -0.195251 0.980753 0
    outer loop
      vertex 189.573 35.6245 2.2
      vertex 189.791 35.6679 0
      vertex 189.573 35.6245 0
    endloop
  endfacet
  facet normal -0.751016 -0.660284 -1.20753e-18
    outer loop
      vertex 190.7 38.3449 0
      vertex 190.553 38.5121 2.2
      vertex 190.553 38.5121 0
    endloop
  endfacet
  facet normal -0.751016 -0.660284 -1.20753e-18
    outer loop
      vertex 190.553 38.5121 2.2
      vertex 190.7 38.3449 0
      vertex 190.7 38.3449 2.2
    endloop
  endfacet
  facet normal -0.751016 0.660284 1.60421e-18
    outer loop
      vertex 190.553 36.1079 0
      vertex 190.7 36.2751 2.2
      vertex 190.7 36.2751 0
    endloop
  endfacet
  facet normal -0.751016 0.660284 1.60421e-18
    outer loop
      vertex 190.7 36.2751 2.2
      vertex 190.553 36.1079 0
      vertex 190.553 36.1079 2.2
    endloop
  endfacet
  facet normal 0.997723 0.0674441 -9.71145e-20
    outer loop
      vertex 187.666 37.0881 2.2
      vertex 187.651 37.31 0
      vertex 187.651 37.31 2.2
    endloop
  endfacet
  facet normal 0.997723 0.0674441 -9.71145e-20
    outer loop
      vertex 187.651 37.31 0
      vertex 187.666 37.0881 2.2
      vertex 187.666 37.0881 0
    endloop
  endfacet
  facet normal -0.897467 0.441082 4.2692e-19
    outer loop
      vertex 190.824 36.46 0
      vertex 190.922 36.6594 2.2
      vertex 190.922 36.6594 0
    endloop
  endfacet
  facet normal -0.897467 0.441082 4.2692e-19
    outer loop
      vertex 190.922 36.6594 2.2
      vertex 190.824 36.46 0
      vertex 190.824 36.46 2.2
    endloop
  endfacet
  facet normal 0.194393 0.980924 -0
    outer loop
      vertex 189.13 35.6245 0
      vertex 188.911 35.6679 2.2
      vertex 189.13 35.6245 2.2
    endloop
  endfacet
  facet normal 0.194393 0.980924 0
    outer loop
      vertex 188.911 35.6679 2.2
      vertex 189.13 35.6245 0
      vertex 188.911 35.6679 0
    endloop
  endfacet
  facet normal -0.998016 0.0629663 -4.00817e-19
    outer loop
      vertex 191.037 37.0881 0
      vertex 191.051 37.31 2.2
      vertex 191.051 37.31 0
    endloop
  endfacet
  facet normal -0.998016 0.0629663 -4.00817e-19
    outer loop
      vertex 191.051 37.31 2.2
      vertex 191.037 37.0881 0
      vertex 191.037 37.0881 2.2
    endloop
  endfacet
  facet normal 0.897467 0.441082 -4.2692e-19
    outer loop
      vertex 187.879 36.46 2.2
      vertex 187.781 36.6594 0
      vertex 187.781 36.6594 2.2
    endloop
  endfacet
  facet normal 0.897467 0.441082 -4.2692e-19
    outer loop
      vertex 187.781 36.6594 0
      vertex 187.879 36.46 2.2
      vertex 187.879 36.46 0
    endloop
  endfacet
  facet normal -0.830527 0.556979 2.20056e-19
    outer loop
      vertex 190.7 36.2751 0
      vertex 190.824 36.46 2.2
      vertex 190.824 36.46 0
    endloop
  endfacet
  facet normal -0.830527 0.556979 2.20056e-19
    outer loop
      vertex 190.824 36.46 2.2
      vertex 190.7 36.2751 0
      vertex 190.7 36.2751 2.2
    endloop
  endfacet
  facet normal -0.897467 -0.441082 -4.2692e-19
    outer loop
      vertex 190.922 37.9606 0
      vertex 190.824 38.16 2.2
      vertex 190.824 38.16 0
    endloop
  endfacet
  facet normal -0.897467 -0.441082 -4.2692e-19
    outer loop
      vertex 190.824 38.16 2.2
      vertex 190.922 37.9606 0
      vertex 190.922 37.9606 2.2
    endloop
  endfacet
  facet normal 0.557301 -0.830311 0
    outer loop
      vertex 188.317 38.6587 0
      vertex 188.501 38.7822 2.2
      vertex 188.317 38.6587 2.2
    endloop
  endfacet
  facet normal 0.557301 -0.830311 0
    outer loop
      vertex 188.501 38.7822 2.2
      vertex 188.317 38.6587 0
      vertex 188.501 38.7822 0
    endloop
  endfacet
  facet normal 0.322307 -0.946635 0
    outer loop
      vertex 188.701 38.8806 0
      vertex 188.911 38.9521 2.2
      vertex 188.701 38.8806 2.2
    endloop
  endfacet
  facet normal 0.322307 -0.946635 0
    outer loop
      vertex 188.911 38.9521 2.2
      vertex 188.701 38.8806 0
      vertex 188.911 38.9521 0
    endloop
  endfacet
  facet normal 0.194393 -0.980924 0
    outer loop
      vertex 188.911 38.9521 0
      vertex 189.13 38.9955 2.2
      vertex 188.911 38.9521 2.2
    endloop
  endfacet
  facet normal 0.194393 -0.980924 0
    outer loop
      vertex 189.13 38.9955 2.2
      vertex 188.911 38.9521 0
      vertex 189.13 38.9955 0
    endloop
  endfacet
  facet normal -0.195251 -0.980753 0
    outer loop
      vertex 189.573 38.9955 0
      vertex 189.791 38.9521 2.2
      vertex 189.573 38.9955 2.2
    endloop
  endfacet
  facet normal -0.195251 -0.980753 -0
    outer loop
      vertex 189.791 38.9521 2.2
      vertex 189.573 38.9955 0
      vertex 189.791 38.9521 0
    endloop
  endfacet
  facet normal 0.753246 -0.657739 2.00965e-18
    outer loop
      vertex 188.003 38.3449 2.2
      vertex 188.149 38.5121 0
      vertex 188.149 38.5121 2.2
    endloop
  endfacet
  facet normal 0.753246 -0.657739 2.00965e-18
    outer loop
      vertex 188.149 38.5121 0
      vertex 188.003 38.3449 2.2
      vertex 188.003 38.3449 0
    endloop
  endfacet
  facet normal -0.443245 0.8964 0
    outer loop
      vertex 190.201 35.8378 0
      vertex 190.002 35.7394 2.2
      vertex 190.201 35.8378 2.2
    endloop
  endfacet
  facet normal -0.443245 0.8964 0
    outer loop
      vertex 190.002 35.7394 2.2
      vertex 190.201 35.8378 0
      vertex 190.002 35.7394 0
    endloop
  endfacet
  facet normal 0.830527 0.556979 -2.33947e-18
    outer loop
      vertex 188.003 36.2751 2.2
      vertex 187.879 36.46 0
      vertex 187.879 36.46 2.2
    endloop
  endfacet
  facet normal 0.830527 0.556979 -2.33947e-18
    outer loop
      vertex 187.879 36.46 0
      vertex 188.003 36.2751 2.2
      vertex 188.003 36.2751 0
    endloop
  endfacet
  facet normal 0.557301 0.830311 -0
    outer loop
      vertex 188.501 35.8378 0
      vertex 188.317 35.9613 2.2
      vertex 188.501 35.8378 2.2
    endloop
  endfacet
  facet normal 0.557301 0.830311 0
    outer loop
      vertex 188.317 35.9613 2.2
      vertex 188.501 35.8378 0
      vertex 188.317 35.9613 0
    endloop
  endfacet
  facet normal 0.657488 -0.753465 0
    outer loop
      vertex 188.149 38.5121 0
      vertex 188.317 38.6587 2.2
      vertex 188.149 38.5121 2.2
    endloop
  endfacet
  facet normal 0.657488 -0.753465 0
    outer loop
      vertex 188.317 38.6587 2.2
      vertex 188.149 38.5121 0
      vertex 188.317 38.6587 0
    endloop
  endfacet
  facet normal -0.320937 0.947101 0
    outer loop
      vertex 190.002 35.7394 0
      vertex 189.791 35.6679 2.2
      vertex 190.002 35.7394 2.2
    endloop
  endfacet
  facet normal -0.320937 0.947101 0
    outer loop
      vertex 189.791 35.6679 2.2
      vertex 190.002 35.7394 0
      vertex 189.791 35.6679 0
    endloop
  endfacet
  facet normal -0.0651764 0.997874 0
    outer loop
      vertex 189.573 35.6245 0
      vertex 189.351 35.61 2.2
      vertex 189.573 35.6245 2.2
    endloop
  endfacet
  facet normal -0.0651764 0.997874 0
    outer loop
      vertex 189.351 35.61 2.2
      vertex 189.573 35.6245 0
      vertex 189.351 35.61 0
    endloop
  endfacet
  facet normal -0.659714 0.751516 0
    outer loop
      vertex 190.553 36.1079 0
      vertex 190.386 35.9613 2.2
      vertex 190.553 36.1079 2.2
    endloop
  endfacet
  facet normal -0.659714 0.751516 0
    outer loop
      vertex 190.386 35.9613 2.2
      vertex 190.553 36.1079 0
      vertex 190.386 35.9613 0
    endloop
  endfacet
  facet normal -0.320937 -0.947101 0
    outer loop
      vertex 189.791 38.9521 0
      vertex 190.002 38.8806 2.2
      vertex 189.791 38.9521 2.2
    endloop
  endfacet
  facet normal -0.320937 -0.947101 -0
    outer loop
      vertex 190.002 38.8806 2.2
      vertex 189.791 38.9521 0
      vertex 190.002 38.8806 0
    endloop
  endfacet
  facet normal -0.659714 -0.751516 0
    outer loop
      vertex 190.386 38.6587 0
      vertex 190.553 38.5121 2.2
      vertex 190.386 38.6587 2.2
    endloop
  endfacet
  facet normal -0.659714 -0.751516 -0
    outer loop
      vertex 190.553 38.5121 2.2
      vertex 190.386 38.6587 0
      vertex 190.553 38.5121 0
    endloop
  endfacet
  facet normal 0.0654701 0.997855 -0
    outer loop
      vertex 189.351 35.61 0
      vertex 189.13 35.6245 2.2
      vertex 189.351 35.61 2.2
    endloop
  endfacet
  facet normal 0.0654701 0.997855 0
    outer loop
      vertex 189.13 35.6245 2.2
      vertex 189.351 35.61 0
      vertex 189.13 35.6245 0
    endloop
  endfacet
  facet normal -0.998016 -0.0629663 -1.52421e-19
    outer loop
      vertex 191.051 37.31 0
      vertex 191.037 37.5319 2.2
      vertex 191.037 37.5319 0
    endloop
  endfacet
  facet normal -0.998016 -0.0629663 -1.52421e-19
    outer loop
      vertex 191.037 37.5319 2.2
      vertex 191.051 37.31 0
      vertex 191.051 37.31 2.2
    endloop
  endfacet
  facet normal -0.947598 0.319466 9.86786e-19
    outer loop
      vertex 190.922 36.6594 0
      vertex 190.993 36.87 2.2
      vertex 190.993 36.87 0
    endloop
  endfacet
  facet normal -0.947598 0.319466 9.86786e-19
    outer loop
      vertex 190.993 36.87 2.2
      vertex 190.922 36.6594 0
      vertex 190.922 36.6594 2.2
    endloop
  endfacet
  facet normal -0.947598 -0.319466 -9.86786e-19
    outer loop
      vertex 190.993 37.75 0
      vertex 190.922 37.9606 2.2
      vertex 190.922 37.9606 0
    endloop
  endfacet
  facet normal -0.947598 -0.319466 -9.86786e-19
    outer loop
      vertex 190.922 37.9606 2.2
      vertex 190.993 37.75 0
      vertex 190.993 37.75 2.2
    endloop
  endfacet
  facet normal -0.555219 0.831704 0
    outer loop
      vertex 190.386 35.9613 0
      vertex 190.201 35.8378 2.2
      vertex 190.386 35.9613 2.2
    endloop
  endfacet
  facet normal -0.555219 0.831704 0
    outer loop
      vertex 190.201 35.8378 2.2
      vertex 190.386 35.9613 0
      vertex 190.201 35.8378 0
    endloop
  endfacet
  facet normal 0.657488 0.753465 -0
    outer loop
      vertex 188.317 35.9613 0
      vertex 188.149 36.1079 2.2
      vertex 188.317 35.9613 2.2
    endloop
  endfacet
  facet normal 0.657488 0.753465 0
    outer loop
      vertex 188.149 36.1079 2.2
      vertex 188.317 35.9613 0
      vertex 188.149 36.1079 0
    endloop
  endfacet
  facet normal -0.980251 0.197758 9.97118e-19
    outer loop
      vertex 190.993 36.87 0
      vertex 191.037 37.0881 2.2
      vertex 191.037 37.0881 0
    endloop
  endfacet
  facet normal -0.980251 0.197758 9.97118e-19
    outer loop
      vertex 191.037 37.0881 2.2
      vertex 190.993 36.87 0
      vertex 190.993 36.87 2.2
    endloop
  endfacet
  facet normal -0.830527 -0.556979 1.19957e-19
    outer loop
      vertex 190.824 38.16 0
      vertex 190.7 38.3449 2.2
      vertex 190.7 38.3449 0
    endloop
  endfacet
  facet normal -0.830527 -0.556979 1.19957e-19
    outer loop
      vertex 190.7 38.3449 2.2
      vertex 190.824 38.16 0
      vertex 190.824 38.16 2.2
    endloop
  endfacet
  facet normal 0.981112 -0.193442 1.14146e-18
    outer loop
      vertex 206.936 -3.9781 2.2
      vertex 206.979 -3.76001 0
      vertex 206.979 -3.76001 2.2
    endloop
  endfacet
  facet normal 0.981112 -0.193442 1.14146e-18
    outer loop
      vertex 206.979 -3.76001 0
      vertex 206.936 -3.9781 2.2
      vertex 206.936 -3.9781 0
    endloop
  endfacet
  facet normal 0.997723 -0.0674441 -3.652e-19
    outer loop
      vertex 206.921 -4.2 2.2
      vertex 206.936 -3.9781 0
      vertex 206.936 -3.9781 2.2
    endloop
  endfacet
  facet normal 0.997723 -0.0674441 -3.652e-19
    outer loop
      vertex 206.936 -3.9781 0
      vertex 206.921 -4.2 2.2
      vertex 206.921 -4.2 0
    endloop
  endfacet
  facet normal -0.555343 -0.831621 0
    outer loop
      vertex 209.471 -2.72776 0
      vertex 209.656 -2.8513 2.2
      vertex 209.471 -2.72776 2.2
    endloop
  endfacet
  facet normal -0.555343 -0.831621 -0
    outer loop
      vertex 209.656 -2.8513 2.2
      vertex 209.471 -2.72776 0
      vertex 209.656 -2.8513 0
    endloop
  endfacet
  facet normal 0.19435 -0.980932 0
    outer loop
      vertex 208.181 -2.55793 0
      vertex 208.4 -2.51454 2.2
      vertex 208.181 -2.55793 2.2
    endloop
  endfacet
  facet normal 0.19435 -0.980932 0
    outer loop
      vertex 208.4 -2.51454 2.2
      vertex 208.181 -2.55793 0
      vertex 208.4 -2.51454 0
    endloop
  endfacet
  facet normal 0.657539 -0.753421 0
    outer loop
      vertex 207.419 -2.99792 0
      vertex 207.587 -2.8513 2.2
      vertex 207.419 -2.99792 2.2
    endloop
  endfacet
  facet normal 0.657539 -0.753421 0
    outer loop
      vertex 207.587 -2.8513 2.2
      vertex 207.419 -2.99792 0
      vertex 207.587 -2.8513 0
    endloop
  endfacet
  facet normal 0.19435 0.980932 -0
    outer loop
      vertex 208.4 -5.88546 0
      vertex 208.181 -5.84207 2.2
      vertex 208.4 -5.88546 2.2
    endloop
  endfacet
  facet normal 0.19435 0.980932 0
    outer loop
      vertex 208.181 -5.84207 2.2
      vertex 208.4 -5.88546 0
      vertex 208.181 -5.84207 0
    endloop
  endfacet
  facet normal 0.557425 -0.830227 0
    outer loop
      vertex 207.587 -2.8513 0
      vertex 207.771 -2.72776 2.2
      vertex 207.587 -2.8513 2.2
    endloop
  endfacet
  facet normal 0.557425 -0.830227 0
    outer loop
      vertex 207.771 -2.72776 2.2
      vertex 207.587 -2.8513 0
      vertex 207.771 -2.72776 0
    endloop
  endfacet
  facet normal 0.997723 0.0674471 6.45455e-20
    outer loop
      vertex 206.936 -4.42189 2.2
      vertex 206.921 -4.2 0
      vertex 206.921 -4.2 2.2
    endloop
  endfacet
  facet normal 0.997723 0.0674471 6.45455e-20
    outer loop
      vertex 206.921 -4.2 0
      vertex 206.936 -4.42189 2.2
      vertex 206.936 -4.42189 0
    endloop
  endfacet
  facet normal -0.998016 -0.0629663 -2.57395e-19
    outer loop
      vertex 210.321 -4.2 0
      vertex 210.307 -3.9781 2.2
      vertex 210.307 -3.9781 0
    endloop
  endfacet
  facet normal -0.998016 -0.0629663 -2.57395e-19
    outer loop
      vertex 210.307 -3.9781 2.2
      vertex 210.321 -4.2 0
      vertex 210.321 -4.2 2.2
    endloop
  endfacet
  facet normal 0.830527 -0.556979 -3.80633e-19
    outer loop
      vertex 207.149 -3.35 2.2
      vertex 207.273 -3.1651 0
      vertex 207.273 -3.1651 2.2
    endloop
  endfacet
  facet normal 0.830527 -0.556979 -3.80633e-19
    outer loop
      vertex 207.273 -3.1651 0
      vertex 207.149 -3.35 2.2
      vertex 207.149 -3.35 0
    endloop
  endfacet
  facet normal 0.0656499 -0.997843 0
    outer loop
      vertex 208.4 -2.51454 0
      vertex 208.621 -2.5 2.2
      vertex 208.4 -2.51454 2.2
    endloop
  endfacet
  facet normal 0.0656499 -0.997843 0
    outer loop
      vertex 208.621 -2.5 2.2
      vertex 208.4 -2.51454 0
      vertex 208.621 -2.5 0
    endloop
  endfacet
  facet normal 0.322186 -0.946677 0
    outer loop
      vertex 207.971 -2.6294 0
      vertex 208.181 -2.55793 2.2
      vertex 207.971 -2.6294 2.2
    endloop
  endfacet
  facet normal 0.322186 -0.946677 0
    outer loop
      vertex 208.181 -2.55793 2.2
      vertex 207.971 -2.6294 0
      vertex 208.181 -2.55793 0
    endloop
  endfacet
  facet normal 0.753227 0.657761 5.14293e-19
    outer loop
      vertex 207.419 -5.40208 2.2
      vertex 207.273 -5.23489 0
      vertex 207.273 -5.23489 2.2
    endloop
  endfacet
  facet normal 0.753227 0.657761 5.14293e-19
    outer loop
      vertex 207.273 -5.23489 0
      vertex 207.419 -5.40208 2.2
      vertex 207.419 -5.40208 0
    endloop
  endfacet
  facet normal -0.897502 0.441011 5.17998e-19
    outer loop
      vertex 210.094 -5.05 0
      vertex 210.192 -4.85056 2.2
      vertex 210.192 -4.85056 0
    endloop
  endfacet
  facet normal -0.897502 0.441011 5.17998e-19
    outer loop
      vertex 210.192 -4.85056 2.2
      vertex 210.094 -5.05 0
      vertex 210.094 -5.05 2.2
    endloop
  endfacet
  facet normal -0.750977 -0.660328 -1.73047e-18
    outer loop
      vertex 209.97 -3.1651 0
      vertex 209.823 -2.99792 2.2
      vertex 209.823 -2.99792 0
    endloop
  endfacet
  facet normal -0.750977 -0.660328 -1.73047e-18
    outer loop
      vertex 209.823 -2.99792 2.2
      vertex 209.97 -3.1651 0
      vertex 209.97 -3.1651 2.2
    endloop
  endfacet
  facet normal 0.981113 0.193434 -1.58373e-18
    outer loop
      vertex 206.979 -4.63999 2.2
      vertex 206.936 -4.42189 0
      vertex 206.936 -4.42189 2.2
    endloop
  endfacet
  facet normal 0.981113 0.193434 -1.58373e-18
    outer loop
      vertex 206.936 -4.42189 0
      vertex 206.979 -4.63999 2.2
      vertex 206.979 -4.63999 0
    endloop
  endfacet
  facet normal -0.320816 -0.947141 0
    outer loop
      vertex 209.061 -2.55793 0
      vertex 209.272 -2.6294 2.2
      vertex 209.061 -2.55793 2.2
    endloop
  endfacet
  facet normal -0.320816 -0.947141 -0
    outer loop
      vertex 209.272 -2.6294 2.2
      vertex 209.061 -2.55793 0
      vertex 209.272 -2.6294 0
    endloop
  endfacet
  facet normal -0.947584 0.319506 5.44748e-19
    outer loop
      vertex 210.192 -4.85056 0
      vertex 210.263 -4.63999 2.2
      vertex 210.263 -4.63999 0
    endloop
  endfacet
  facet normal -0.947584 0.319506 5.44748e-19
    outer loop
      vertex 210.263 -4.63999 2.2
      vertex 210.192 -4.85056 0
      vertex 210.192 -4.85056 2.2
    endloop
  endfacet
  facet normal 0.557425 0.830227 -0
    outer loop
      vertex 207.771 -5.67224 0
      vertex 207.587 -5.5487 2.2
      vertex 207.771 -5.67224 2.2
    endloop
  endfacet
  facet normal 0.557425 0.830227 0
    outer loop
      vertex 207.587 -5.5487 2.2
      vertex 207.771 -5.67224 0
      vertex 207.587 -5.5487 0
    endloop
  endfacet
  facet normal 0.322226 0.946663 -0
    outer loop
      vertex 208.181 -5.84207 0
      vertex 207.971 -5.77059 2.2
      vertex 208.181 -5.84207 2.2
    endloop
  endfacet
  facet normal 0.322226 0.946663 0
    outer loop
      vertex 207.971 -5.77059 2.2
      vertex 208.181 -5.84207 0
      vertex 207.971 -5.77059 0
    endloop
  endfacet
  facet normal -0.750997 0.660306 8.05715e-20
    outer loop
      vertex 209.823 -5.40208 0
      vertex 209.97 -5.23489 2.2
      vertex 209.97 -5.23489 0
    endloop
  endfacet
  facet normal -0.750997 0.660306 8.05715e-20
    outer loop
      vertex 209.97 -5.23489 2.2
      vertex 209.823 -5.40208 0
      vertex 209.823 -5.40208 2.2
    endloop
  endfacet
  facet normal 0.441317 -0.897351 0
    outer loop
      vertex 207.771 -2.72776 0
      vertex 207.971 -2.6294 2.2
      vertex 207.771 -2.72776 2.2
    endloop
  endfacet
  facet normal 0.441317 -0.897351 0
    outer loop
      vertex 207.971 -2.6294 2.2
      vertex 207.771 -2.72776 0
      vertex 207.971 -2.6294 0
    endloop
  endfacet
  facet normal -0.320856 0.947128 0
    outer loop
      vertex 209.272 -5.77059 0
      vertex 209.061 -5.84207 2.2
      vertex 209.272 -5.77059 2.2
    endloop
  endfacet
  facet normal -0.320856 0.947128 0
    outer loop
      vertex 209.061 -5.84207 2.2
      vertex 209.272 -5.77059 0
      vertex 209.061 -5.84207 0
    endloop
  endfacet
  facet normal -0.897502 -0.441011 -5.17998e-19
    outer loop
      vertex 210.192 -3.54944 0
      vertex 210.094 -3.35 2.2
      vertex 210.094 -3.35 0
    endloop
  endfacet
  facet normal -0.897502 -0.441011 -5.17998e-19
    outer loop
      vertex 210.094 -3.35 2.2
      vertex 210.192 -3.54944 0
      vertex 210.192 -3.54944 2.2
    endloop
  endfacet
  facet normal -0.980251 0.197758 -2.44687e-19
    outer loop
      vertex 210.263 -4.63999 0
      vertex 210.307 -4.42189 2.2
      vertex 210.307 -4.42189 0
    endloop
  endfacet
  facet normal -0.980251 0.197758 -2.44687e-19
    outer loop
      vertex 210.307 -4.42189 2.2
      vertex 210.263 -4.63999 0
      vertex 210.263 -4.63999 2.2
    endloop
  endfacet
  facet normal -0.830527 -0.556979 3.80633e-19
    outer loop
      vertex 210.094 -3.35 0
      vertex 209.97 -3.1651 2.2
      vertex 209.97 -3.1651 0
    endloop
  endfacet
  facet normal -0.830527 -0.556979 3.80633e-19
    outer loop
      vertex 209.97 -3.1651 2.2
      vertex 210.094 -3.35 0
      vertex 210.094 -3.35 2.2
    endloop
  endfacet
  facet normal 0.441281 0.897369 -0
    outer loop
      vertex 207.971 -5.77059 0
      vertex 207.771 -5.67224 2.2
      vertex 207.971 -5.77059 2.2
    endloop
  endfacet
  facet normal 0.441281 0.897369 0
    outer loop
      vertex 207.771 -5.67224 2.2
      vertex 207.971 -5.77059 0
      vertex 207.771 -5.67224 0
    endloop
  endfacet
  facet normal -0.659765 -0.751472 0
    outer loop
      vertex 209.656 -2.8513 0
      vertex 209.823 -2.99792 2.2
      vertex 209.656 -2.8513 2.2
    endloop
  endfacet
  facet normal -0.659765 -0.751472 -0
    outer loop
      vertex 209.823 -2.99792 2.2
      vertex 209.656 -2.8513 0
      vertex 209.823 -2.99792 0
    endloop
  endfacet
  facet normal -0.4431 -0.896472 0
    outer loop
      vertex 209.272 -2.6294 0
      vertex 209.471 -2.72776 2.2
      vertex 209.272 -2.6294 2.2
    endloop
  endfacet
  facet normal -0.4431 -0.896472 -0
    outer loop
      vertex 209.471 -2.72776 2.2
      vertex 209.272 -2.6294 0
      vertex 209.471 -2.72776 0
    endloop
  endfacet
  facet normal 0.897502 -0.441011 5.17998e-19
    outer loop
      vertex 207.051 -3.54944 2.2
      vertex 207.149 -3.35 0
      vertex 207.149 -3.35 2.2
    endloop
  endfacet
  facet normal 0.897502 -0.441011 5.17998e-19
    outer loop
      vertex 207.149 -3.35 0
      vertex 207.051 -3.54944 2.2
      vertex 207.051 -3.54944 0
    endloop
  endfacet
  facet normal 0.830513 0.556999 -3.5138e-18
    outer loop
      vertex 207.273 -5.23489 2.2
      vertex 207.149 -5.05 0
      vertex 207.149 -5.05 2.2
    endloop
  endfacet
  facet normal 0.830513 0.556999 -3.5138e-18
    outer loop
      vertex 207.149 -5.05 0
      vertex 207.273 -5.23489 2.2
      vertex 207.273 -5.23489 0
    endloop
  endfacet
  facet normal -0.947584 -0.319506 -5.44748e-19
    outer loop
      vertex 210.263 -3.76001 0
      vertex 210.192 -3.54944 2.2
      vertex 210.192 -3.54944 0
    endloop
  endfacet
  facet normal -0.947584 -0.319506 -5.44748e-19
    outer loop
      vertex 210.192 -3.54944 2.2
      vertex 210.263 -3.76001 0
      vertex 210.263 -3.76001 2.2
    endloop
  endfacet
  facet normal 0.946215 0.323538 -1.71171e-18
    outer loop
      vertex 207.051 -4.85056 2.2
      vertex 206.979 -4.63999 0
      vertex 206.979 -4.63999 2.2
    endloop
  endfacet
  facet normal 0.946215 0.323538 -1.71171e-18
    outer loop
      vertex 206.979 -4.63999 0
      vertex 207.051 -4.85056 2.2
      vertex 207.051 -4.85056 0
    endloop
  endfacet
  facet normal -0.0653555 -0.997862 0
    outer loop
      vertex 208.621 -2.5 0
      vertex 208.843 -2.51454 2.2
      vertex 208.621 -2.5 2.2
    endloop
  endfacet
  facet normal -0.0653555 -0.997862 -0
    outer loop
      vertex 208.843 -2.51454 2.2
      vertex 208.621 -2.5 0
      vertex 208.843 -2.51454 0
    endloop
  endfacet
  facet normal -0.980249 -0.197767 -4.48585e-19
    outer loop
      vertex 210.307 -3.9781 0
      vertex 210.263 -3.76001 2.2
      vertex 210.263 -3.76001 0
    endloop
  endfacet
  facet normal -0.980249 -0.197767 -4.48585e-19
    outer loop
      vertex 210.263 -3.76001 2.2
      vertex 210.307 -3.9781 0
      vertex 210.307 -3.9781 2.2
    endloop
  endfacet
  facet normal -0.195208 0.980762 0
    outer loop
      vertex 209.061 -5.84207 0
      vertex 208.843 -5.88546 2.2
      vertex 209.061 -5.84207 2.2
    endloop
  endfacet
  facet normal -0.195208 0.980762 0
    outer loop
      vertex 208.843 -5.88546 2.2
      vertex 209.061 -5.84207 0
      vertex 208.843 -5.88546 0
    endloop
  endfacet
  facet normal -0.998015 0.0629691 2.44979e-20
    outer loop
      vertex 210.307 -4.42189 0
      vertex 210.321 -4.2 2.2
      vertex 210.321 -4.2 0
    endloop
  endfacet
  facet normal -0.998015 0.0629691 2.44979e-20
    outer loop
      vertex 210.321 -4.2 2.2
      vertex 210.307 -4.42189 0
      vertex 210.307 -4.42189 2.2
    endloop
  endfacet
  facet normal -0.195208 -0.980762 0
    outer loop
      vertex 208.843 -2.51454 0
      vertex 209.061 -2.55793 2.2
      vertex 208.843 -2.51454 2.2
    endloop
  endfacet
  facet normal -0.195208 -0.980762 -0
    outer loop
      vertex 209.061 -2.55793 2.2
      vertex 208.843 -2.51454 0
      vertex 209.061 -2.55793 0
    endloop
  endfacet
  facet normal 0.753207 -0.657783 -2.64053e-18
    outer loop
      vertex 207.273 -3.1651 2.2
      vertex 207.419 -2.99792 0
      vertex 207.419 -2.99792 2.2
    endloop
  endfacet
  facet normal 0.753207 -0.657783 -2.64053e-18
    outer loop
      vertex 207.419 -2.99792 0
      vertex 207.273 -3.1651 2.2
      vertex 207.273 -3.1651 0
    endloop
  endfacet
  facet normal 0.946215 -0.323538 1.71171e-18
    outer loop
      vertex 206.979 -3.76001 2.2
      vertex 207.051 -3.54944 0
      vertex 207.051 -3.54944 2.2
    endloop
  endfacet
  facet normal 0.946215 -0.323538 1.71171e-18
    outer loop
      vertex 207.051 -3.54944 0
      vertex 206.979 -3.76001 2.2
      vertex 206.979 -3.76001 0
    endloop
  endfacet
  facet normal -0.830513 0.556999 3.5138e-18
    outer loop
      vertex 209.97 -5.23489 0
      vertex 210.094 -5.05 2.2
      vertex 210.094 -5.05 0
    endloop
  endfacet
  facet normal -0.830513 0.556999 3.5138e-18
    outer loop
      vertex 210.094 -5.05 2.2
      vertex 209.97 -5.23489 0
      vertex 209.97 -5.23489 2.2
    endloop
  endfacet
  facet normal 0.657539 0.753421 -0
    outer loop
      vertex 207.587 -5.5487 0
      vertex 207.419 -5.40208 2.2
      vertex 207.587 -5.5487 2.2
    endloop
  endfacet
  facet normal 0.657539 0.753421 0
    outer loop
      vertex 207.419 -5.40208 2.2
      vertex 207.587 -5.5487 0
      vertex 207.419 -5.40208 0
    endloop
  endfacet
  facet normal -0.0653555 0.997862 0
    outer loop
      vertex 208.843 -5.88546 0
      vertex 208.621 -5.9 2.2
      vertex 208.843 -5.88546 2.2
    endloop
  endfacet
  facet normal -0.0653555 0.997862 0
    outer loop
      vertex 208.621 -5.9 2.2
      vertex 208.843 -5.88546 0
      vertex 208.621 -5.9 0
    endloop
  endfacet
  facet normal 0.0656499 0.997843 -0
    outer loop
      vertex 208.621 -5.9 0
      vertex 208.4 -5.88546 2.2
      vertex 208.621 -5.9 2.2
    endloop
  endfacet
  facet normal 0.0656499 0.997843 0
    outer loop
      vertex 208.4 -5.88546 2.2
      vertex 208.621 -5.9 0
      vertex 208.4 -5.88546 0
    endloop
  endfacet
  facet normal -0.555343 0.831621 0
    outer loop
      vertex 209.656 -5.5487 0
      vertex 209.471 -5.67224 2.2
      vertex 209.656 -5.5487 2.2
    endloop
  endfacet
  facet normal -0.555343 0.831621 0
    outer loop
      vertex 209.471 -5.67224 2.2
      vertex 209.656 -5.5487 0
      vertex 209.471 -5.67224 0
    endloop
  endfacet
  facet normal -0.659765 0.751472 0
    outer loop
      vertex 209.823 -5.40208 0
      vertex 209.656 -5.5487 2.2
      vertex 209.823 -5.40208 2.2
    endloop
  endfacet
  facet normal -0.659765 0.751472 0
    outer loop
      vertex 209.656 -5.5487 2.2
      vertex 209.823 -5.40208 0
      vertex 209.656 -5.5487 0
    endloop
  endfacet
  facet normal 0.897502 0.441011 -5.17998e-19
    outer loop
      vertex 207.149 -5.05 2.2
      vertex 207.051 -4.85056 0
      vertex 207.051 -4.85056 2.2
    endloop
  endfacet
  facet normal 0.897502 0.441011 -5.17998e-19
    outer loop
      vertex 207.051 -4.85056 0
      vertex 207.149 -5.05 2.2
      vertex 207.149 -5.05 0
    endloop
  endfacet
  facet normal -0.443064 0.89649 0
    outer loop
      vertex 209.471 -5.67224 0
      vertex 209.272 -5.77059 2.2
      vertex 209.471 -5.67224 2.2
    endloop
  endfacet
  facet normal -0.443064 0.89649 0
    outer loop
      vertex 209.272 -5.77059 2.2
      vertex 209.471 -5.67224 0
      vertex 209.272 -5.77059 0
    endloop
  endfacet
  facet normal 0.981113 -0.193434 1.58373e-18
    outer loop
      vertex 267.086 31.2619 2.2
      vertex 267.129 31.48 0
      vertex 267.129 31.48 2.2
    endloop
  endfacet
  facet normal 0.981113 -0.193434 1.58373e-18
    outer loop
      vertex 267.129 31.48 0
      vertex 267.086 31.2619 2.2
      vertex 267.086 31.2619 0
    endloop
  endfacet
  facet normal 0.997723 -0.0674441 2.03475e-19
    outer loop
      vertex 267.071 31.04 2.2
      vertex 267.086 31.2619 0
      vertex 267.086 31.2619 2.2
    endloop
  endfacet
  facet normal 0.997723 -0.0674441 2.03475e-19
    outer loop
      vertex 267.086 31.2619 0
      vertex 267.071 31.04 2.2
      vertex 267.071 31.04 0
    endloop
  endfacet
  facet normal 0.946229 -0.323497 -1.31381e-18
    outer loop
      vertex 267.129 31.48 2.2
      vertex 267.201 31.6906 0
      vertex 267.201 31.6906 2.2
    endloop
  endfacet
  facet normal 0.946229 -0.323497 -1.31381e-18
    outer loop
      vertex 267.201 31.6906 0
      vertex 267.129 31.48 2.2
      vertex 267.129 31.48 0
    endloop
  endfacet
  facet normal 0.830527 -0.556979 2.20056e-19
    outer loop
      vertex 267.299 31.89 2.2
      vertex 267.423 32.0749 0
      vertex 267.423 32.0749 2.2
    endloop
  endfacet
  facet normal 0.830527 -0.556979 2.20056e-19
    outer loop
      vertex 267.423 32.0749 0
      vertex 267.299 31.89 2.2
      vertex 267.299 31.89 0
    endloop
  endfacet
  facet normal 0.557301 -0.830311 0
    outer loop
      vertex 267.737 32.3887 0
      vertex 267.921 32.5122 2.2
      vertex 267.737 32.3887 2.2
    endloop
  endfacet
  facet normal 0.557301 -0.830311 0
    outer loop
      vertex 267.921 32.5122 2.2
      vertex 267.737 32.3887 0
      vertex 267.921 32.5122 0
    endloop
  endfacet
  facet normal 0.897467 0.441082 3.01415e-18
    outer loop
      vertex 267.299 30.19 2.2
      vertex 267.201 30.3894 0
      vertex 267.201 30.3894 2.2
    endloop
  endfacet
  facet normal 0.897467 0.441082 3.01415e-18
    outer loop
      vertex 267.201 30.3894 0
      vertex 267.299 30.19 2.2
      vertex 267.299 30.19 0
    endloop
  endfacet
  facet normal 0.981113 0.193434 -1.58373e-18
    outer loop
      vertex 267.129 30.6 2.2
      vertex 267.086 30.8181 0
      vertex 267.086 30.8181 2.2
    endloop
  endfacet
  facet normal 0.981113 0.193434 -1.58373e-18
    outer loop
      vertex 267.086 30.8181 0
      vertex 267.129 30.6 2.2
      vertex 267.129 30.6 0
    endloop
  endfacet
  facet normal 0.0651764 0.997874 -0
    outer loop
      vertex 268.771 29.34 0
      vertex 268.549 29.3545 2.2
      vertex 268.771 29.34 2.2
    endloop
  endfacet
  facet normal 0.0651764 0.997874 0
    outer loop
      vertex 268.549 29.3545 2.2
      vertex 268.771 29.34 0
      vertex 268.549 29.3545 0
    endloop
  endfacet
  facet normal -0.555219 -0.831704 0
    outer loop
      vertex 269.621 32.5122 0
      vertex 269.806 32.3887 2.2
      vertex 269.621 32.5122 2.2
    endloop
  endfacet
  facet normal -0.555219 -0.831704 -0
    outer loop
      vertex 269.806 32.3887 2.2
      vertex 269.621 32.5122 0
      vertex 269.806 32.3887 0
    endloop
  endfacet
  facet normal -0.659714 0.751516 0
    outer loop
      vertex 269.973 29.8379 0
      vertex 269.806 29.6913 2.2
      vertex 269.973 29.8379 2.2
    endloop
  endfacet
  facet normal -0.659714 0.751516 0
    outer loop
      vertex 269.806 29.6913 2.2
      vertex 269.973 29.8379 0
      vertex 269.806 29.6913 0
    endloop
  endfacet
  facet normal 0.557301 0.830311 -0
    outer loop
      vertex 267.921 29.5678 0
      vertex 267.737 29.6913 2.2
      vertex 267.921 29.5678 2.2
    endloop
  endfacet
  facet normal 0.557301 0.830311 0
    outer loop
      vertex 267.737 29.6913 2.2
      vertex 267.921 29.5678 0
      vertex 267.737 29.6913 0
    endloop
  endfacet
  facet normal 0.322307 -0.946635 0
    outer loop
      vertex 268.121 32.6106 0
      vertex 268.331 32.6821 2.2
      vertex 268.121 32.6106 2.2
    endloop
  endfacet
  facet normal 0.322307 -0.946635 0
    outer loop
      vertex 268.331 32.6821 2.2
      vertex 268.121 32.6106 0
      vertex 268.331 32.6821 0
    endloop
  endfacet
  facet normal 0.946229 0.323497 -3.01698e-19
    outer loop
      vertex 267.201 30.3894 2.2
      vertex 267.129 30.6 0
      vertex 267.129 30.6 2.2
    endloop
  endfacet
  facet normal 0.946229 0.323497 -3.01698e-19
    outer loop
      vertex 267.129 30.6 0
      vertex 267.201 30.3894 2.2
      vertex 267.201 30.3894 0
    endloop
  endfacet
  facet normal 0.322307 0.946635 -0
    outer loop
      vertex 268.331 29.3979 0
      vertex 268.121 29.4694 2.2
      vertex 268.331 29.3979 2.2
    endloop
  endfacet
  facet normal 0.322307 0.946635 0
    outer loop
      vertex 268.121 29.4694 2.2
      vertex 268.331 29.3979 0
      vertex 268.121 29.4694 0
    endloop
  endfacet
  facet normal 0.897467 -0.441082 -5.15683e-19
    outer loop
      vertex 267.201 31.6906 2.2
      vertex 267.299 31.89 0
      vertex 267.299 31.89 2.2
    endloop
  endfacet
  facet normal 0.897467 -0.441082 -5.15683e-19
    outer loop
      vertex 267.299 31.89 0
      vertex 267.201 31.6906 2.2
      vertex 267.201 31.6906 0
    endloop
  endfacet
  facet normal 0.830527 0.556979 -5.00499e-20
    outer loop
      vertex 267.423 30.0051 2.2
      vertex 267.299 30.19 0
      vertex 267.299 30.19 2.2
    endloop
  endfacet
  facet normal 0.830527 0.556979 -5.00499e-20
    outer loop
      vertex 267.299 30.19 0
      vertex 267.423 30.0051 2.2
      vertex 267.423 30.0051 0
    endloop
  endfacet
  facet normal -0.980251 0.197758 -2.44687e-19
    outer loop
      vertex 270.413 30.6 0
      vertex 270.457 30.8181 2.2
      vertex 270.457 30.8181 0
    endloop
  endfacet
  facet normal -0.980251 0.197758 -2.44687e-19
    outer loop
      vertex 270.457 30.8181 2.2
      vertex 270.413 30.6 0
      vertex 270.413 30.6 2.2
    endloop
  endfacet
  facet normal -0.980251 -0.197758 2.44687e-19
    outer loop
      vertex 270.457 31.2619 0
      vertex 270.413 31.48 2.2
      vertex 270.413 31.48 0
    endloop
  endfacet
  facet normal -0.980251 -0.197758 2.44687e-19
    outer loop
      vertex 270.413 31.48 2.2
      vertex 270.457 31.2619 0
      vertex 270.457 31.2619 2.2
    endloop
  endfacet
  facet normal -0.555219 0.831704 0
    outer loop
      vertex 269.806 29.6913 0
      vertex 269.621 29.5678 2.2
      vertex 269.806 29.6913 2.2
    endloop
  endfacet
  facet normal -0.555219 0.831704 0
    outer loop
      vertex 269.621 29.5678 2.2
      vertex 269.806 29.6913 0
      vertex 269.621 29.5678 0
    endloop
  endfacet
  facet normal -0.947598 0.319466 5.55359e-19
    outer loop
      vertex 270.342 30.3894 0
      vertex 270.413 30.6 2.2
      vertex 270.413 30.6 0
    endloop
  endfacet
  facet normal -0.947598 0.319466 5.55359e-19
    outer loop
      vertex 270.413 30.6 2.2
      vertex 270.342 30.3894 0
      vertex 270.342 30.3894 2.2
    endloop
  endfacet
  facet normal -0.443245 0.8964 0
    outer loop
      vertex 269.621 29.5678 0
      vertex 269.422 29.4694 2.2
      vertex 269.621 29.5678 2.2
    endloop
  endfacet
  facet normal -0.443245 0.8964 0
    outer loop
      vertex 269.422 29.4694 2.2
      vertex 269.621 29.5678 0
      vertex 269.422 29.4694 0
    endloop
  endfacet
  facet normal 0.441462 -0.89728 0
    outer loop
      vertex 267.921 32.5122 0
      vertex 268.121 32.6106 2.2
      vertex 267.921 32.5122 2.2
    endloop
  endfacet
  facet normal 0.441462 -0.89728 0
    outer loop
      vertex 268.121 32.6106 2.2
      vertex 267.921 32.5122 0
      vertex 268.121 32.6106 0
    endloop
  endfacet
  facet normal -0.195251 -0.980753 0
    outer loop
      vertex 268.993 32.7255 0
      vertex 269.211 32.6821 2.2
      vertex 268.993 32.7255 2.2
    endloop
  endfacet
  facet normal -0.195251 -0.980753 -0
    outer loop
      vertex 269.211 32.6821 2.2
      vertex 268.993 32.7255 0
      vertex 269.211 32.6821 0
    endloop
  endfacet
  facet normal -0.751016 0.660284 -2.1359e-18
    outer loop
      vertex 269.973 29.8379 0
      vertex 270.12 30.0051 2.2
      vertex 270.12 30.0051 0
    endloop
  endfacet
  facet normal -0.751016 0.660284 -2.1359e-18
    outer loop
      vertex 270.12 30.0051 2.2
      vertex 269.973 29.8379 0
      vertex 269.973 29.8379 2.2
    endloop
  endfacet
  facet normal -0.443245 -0.8964 0
    outer loop
      vertex 269.422 32.6106 0
      vertex 269.621 32.5122 2.2
      vertex 269.422 32.6106 2.2
    endloop
  endfacet
  facet normal -0.443245 -0.8964 -0
    outer loop
      vertex 269.621 32.5122 2.2
      vertex 269.422 32.6106 0
      vertex 269.621 32.5122 0
    endloop
  endfacet
  facet normal 0.195251 -0.980753 0
    outer loop
      vertex 268.331 32.6821 0
      vertex 268.549 32.7255 2.2
      vertex 268.331 32.6821 2.2
    endloop
  endfacet
  facet normal 0.195251 -0.980753 0
    outer loop
      vertex 268.549 32.7255 2.2
      vertex 268.331 32.6821 0
      vertex 268.549 32.7255 0
    endloop
  endfacet
  facet normal -0.0651764 -0.997874 0
    outer loop
      vertex 268.771 32.74 0
      vertex 268.993 32.7255 2.2
      vertex 268.771 32.74 2.2
    endloop
  endfacet
  facet normal -0.0651764 -0.997874 -0
    outer loop
      vertex 268.993 32.7255 2.2
      vertex 268.771 32.74 0
      vertex 268.993 32.7255 0
    endloop
  endfacet
  facet normal -0.998016 -0.0629663 -2.64488e-19
    outer loop
      vertex 270.471 31.04 0
      vertex 270.457 31.2619 2.2
      vertex 270.457 31.2619 0
    endloop
  endfacet
  facet normal -0.998016 -0.0629663 -2.64488e-19
    outer loop
      vertex 270.457 31.2619 2.2
      vertex 270.471 31.04 0
      vertex 270.471 31.04 2.2
    endloop
  endfacet
  facet normal -0.659714 -0.751516 0
    outer loop
      vertex 269.806 32.3887 0
      vertex 269.973 32.2421 2.2
      vertex 269.806 32.3887 2.2
    endloop
  endfacet
  facet normal -0.659714 -0.751516 -0
    outer loop
      vertex 269.973 32.2421 2.2
      vertex 269.806 32.3887 0
      vertex 269.973 32.2421 0
    endloop
  endfacet
  facet normal 0.997723 0.0674441 -3.09836e-19
    outer loop
      vertex 267.086 30.8181 2.2
      vertex 267.071 31.04 0
      vertex 267.071 31.04 2.2
    endloop
  endfacet
  facet normal 0.997723 0.0674441 -3.09836e-19
    outer loop
      vertex 267.071 31.04 0
      vertex 267.086 30.8181 2.2
      vertex 267.086 30.8181 0
    endloop
  endfacet
  facet normal -0.0651764 0.997874 0
    outer loop
      vertex 268.993 29.3545 0
      vertex 268.771 29.34 2.2
      vertex 268.993 29.3545 2.2
    endloop
  endfacet
  facet normal -0.0651764 0.997874 0
    outer loop
      vertex 268.771 29.34 2.2
      vertex 268.993 29.3545 0
      vertex 268.771 29.34 0
    endloop
  endfacet
  facet normal 0.753246 0.657739 1.51422e-18
    outer loop
      vertex 267.569 29.8379 2.2
      vertex 267.423 30.0051 0
      vertex 267.423 30.0051 2.2
    endloop
  endfacet
  facet normal 0.753246 0.657739 1.51422e-18
    outer loop
      vertex 267.423 30.0051 0
      vertex 267.569 29.8379 2.2
      vertex 267.569 29.8379 0
    endloop
  endfacet
  facet normal -0.897467 -0.441082 5.15683e-19
    outer loop
      vertex 270.342 31.6906 0
      vertex 270.244 31.89 2.2
      vertex 270.244 31.89 0
    endloop
  endfacet
  facet normal -0.897467 -0.441082 5.15683e-19
    outer loop
      vertex 270.244 31.89 2.2
      vertex 270.342 31.6906 0
      vertex 270.342 31.6906 2.2
    endloop
  endfacet
  facet normal -0.897467 0.441082 -3.01415e-18
    outer loop
      vertex 270.244 30.19 0
      vertex 270.342 30.3894 2.2
      vertex 270.342 30.3894 0
    endloop
  endfacet
  facet normal -0.897467 0.441082 -3.01415e-18
    outer loop
      vertex 270.342 30.3894 2.2
      vertex 270.244 30.19 0
      vertex 270.244 30.19 2.2
    endloop
  endfacet
  facet normal -0.320937 -0.947101 0
    outer loop
      vertex 269.211 32.6821 0
      vertex 269.422 32.6106 2.2
      vertex 269.211 32.6821 2.2
    endloop
  endfacet
  facet normal -0.320937 -0.947101 -0
    outer loop
      vertex 269.422 32.6106 2.2
      vertex 269.211 32.6821 0
      vertex 269.422 32.6106 0
    endloop
  endfacet
  facet normal 0.195251 0.980753 -0
    outer loop
      vertex 268.549 29.3545 0
      vertex 268.331 29.3979 2.2
      vertex 268.549 29.3545 2.2
    endloop
  endfacet
  facet normal 0.195251 0.980753 0
    outer loop
      vertex 268.331 29.3979 2.2
      vertex 268.549 29.3545 0
      vertex 268.331 29.3979 0
    endloop
  endfacet
  facet normal 0.657488 -0.753465 0
    outer loop
      vertex 267.569 32.2421 0
      vertex 267.737 32.3887 2.2
      vertex 267.569 32.2421 2.2
    endloop
  endfacet
  facet normal 0.657488 -0.753465 0
    outer loop
      vertex 267.737 32.3887 2.2
      vertex 267.569 32.2421 0
      vertex 267.737 32.3887 0
    endloop
  endfacet
  facet normal -0.998016 0.0629663 -3.45493e-19
    outer loop
      vertex 270.457 30.8181 0
      vertex 270.471 31.04 2.2
      vertex 270.471 31.04 0
    endloop
  endfacet
  facet normal -0.998016 0.0629663 -3.45493e-19
    outer loop
      vertex 270.471 31.04 2.2
      vertex 270.457 30.8181 0
      vertex 270.457 30.8181 2.2
    endloop
  endfacet
  facet normal -0.751016 -0.660284 -1.60421e-18
    outer loop
      vertex 270.12 32.0749 0
      vertex 269.973 32.2421 2.2
      vertex 269.973 32.2421 0
    endloop
  endfacet
  facet normal -0.751016 -0.660284 -1.60421e-18
    outer loop
      vertex 269.973 32.2421 2.2
      vertex 270.12 32.0749 0
      vertex 270.12 32.0749 2.2
    endloop
  endfacet
  facet normal 0.0651764 -0.997874 0
    outer loop
      vertex 268.549 32.7255 0
      vertex 268.771 32.74 2.2
      vertex 268.549 32.7255 2.2
    endloop
  endfacet
  facet normal 0.0651764 -0.997874 0
    outer loop
      vertex 268.771 32.74 2.2
      vertex 268.549 32.7255 0
      vertex 268.771 32.74 0
    endloop
  endfacet
  facet normal 0.441462 0.89728 -0
    outer loop
      vertex 268.121 29.4694 0
      vertex 267.921 29.5678 2.2
      vertex 268.121 29.4694 2.2
    endloop
  endfacet
  facet normal 0.441462 0.89728 0
    outer loop
      vertex 267.921 29.5678 2.2
      vertex 268.121 29.4694 0
      vertex 267.921 29.5678 0
    endloop
  endfacet
  facet normal -0.320937 0.947101 0
    outer loop
      vertex 269.422 29.4694 0
      vertex 269.211 29.3979 2.2
      vertex 269.422 29.4694 2.2
    endloop
  endfacet
  facet normal -0.320937 0.947101 0
    outer loop
      vertex 269.211 29.3979 2.2
      vertex 269.422 29.4694 0
      vertex 269.211 29.3979 0
    endloop
  endfacet
  facet normal -0.195251 0.980753 0
    outer loop
      vertex 269.211 29.3979 0
      vertex 268.993 29.3545 2.2
      vertex 269.211 29.3979 2.2
    endloop
  endfacet
  facet normal -0.195251 0.980753 0
    outer loop
      vertex 268.993 29.3545 2.2
      vertex 269.211 29.3979 0
      vertex 268.993 29.3545 0
    endloop
  endfacet
  facet normal 0.753246 -0.657739 2.06649e-18
    outer loop
      vertex 267.423 32.0749 2.2
      vertex 267.569 32.2421 0
      vertex 267.569 32.2421 2.2
    endloop
  endfacet
  facet normal 0.753246 -0.657739 2.06649e-18
    outer loop
      vertex 267.569 32.2421 0
      vertex 267.423 32.0749 2.2
      vertex 267.423 32.0749 0
    endloop
  endfacet
  facet normal -0.947598 -0.319466 8.9219e-19
    outer loop
      vertex 270.413 31.48 0
      vertex 270.342 31.6906 2.2
      vertex 270.342 31.6906 0
    endloop
  endfacet
  facet normal -0.947598 -0.319466 8.9219e-19
    outer loop
      vertex 270.342 31.6906 2.2
      vertex 270.413 31.48 0
      vertex 270.413 31.48 2.2
    endloop
  endfacet
  facet normal 0.657488 0.753465 -0
    outer loop
      vertex 267.737 29.6913 0
      vertex 267.569 29.8379 2.2
      vertex 267.737 29.6913 2.2
    endloop
  endfacet
  facet normal 0.657488 0.753465 0
    outer loop
      vertex 267.569 29.8379 2.2
      vertex 267.737 29.6913 0
      vertex 267.569 29.8379 0
    endloop
  endfacet
  facet normal -0.830527 0.556979 5.00499e-20
    outer loop
      vertex 270.12 30.0051 0
      vertex 270.244 30.19 2.2
      vertex 270.244 30.19 0
    endloop
  endfacet
  facet normal -0.830527 0.556979 5.00499e-20
    outer loop
      vertex 270.244 30.19 2.2
      vertex 270.12 30.0051 0
      vertex 270.12 30.0051 2.2
    endloop
  endfacet
  facet normal -0.830527 -0.556979 -2.20056e-19
    outer loop
      vertex 270.244 31.89 0
      vertex 270.12 32.0749 2.2
      vertex 270.12 32.0749 0
    endloop
  endfacet
  facet normal -0.830527 -0.556979 -2.20056e-19
    outer loop
      vertex 270.12 32.0749 2.2
      vertex 270.244 31.89 0
      vertex 270.244 31.89 2.2
    endloop
  endfacet
  facet normal 0.981113 -0.193434 1.58373e-18
    outer loop
      vertex 352.306 25.4419 2.2
      vertex 352.349 25.66 0
      vertex 352.349 25.66 2.2
    endloop
  endfacet
  facet normal 0.981113 -0.193434 1.58373e-18
    outer loop
      vertex 352.349 25.66 0
      vertex 352.306 25.4419 2.2
      vertex 352.306 25.4419 0
    endloop
  endfacet
  facet normal 0.997723 -0.0674441 2.03475e-19
    outer loop
      vertex 352.291 25.22 2.2
      vertex 352.306 25.4419 0
      vertex 352.306 25.4419 2.2
    endloop
  endfacet
  facet normal 0.997723 -0.0674441 2.03475e-19
    outer loop
      vertex 352.306 25.4419 0
      vertex 352.291 25.22 2.2
      vertex 352.291 25.22 0
    endloop
  endfacet
  facet normal -0.0651764 0.997874 0
    outer loop
      vertex 354.213 23.5345 0
      vertex 353.991 23.52 2.2
      vertex 354.213 23.5345 2.2
    endloop
  endfacet
  facet normal -0.0651764 0.997874 0
    outer loop
      vertex 353.991 23.52 2.2
      vertex 354.213 23.5345 0
      vertex 353.991 23.52 0
    endloop
  endfacet
  facet normal 0.657488 -0.753465 0
    outer loop
      vertex 352.789 26.4221 0
      vertex 352.957 26.5687 2.2
      vertex 352.789 26.4221 2.2
    endloop
  endfacet
  facet normal 0.657488 -0.753465 0
    outer loop
      vertex 352.957 26.5687 2.2
      vertex 352.789 26.4221 0
      vertex 352.957 26.5687 0
    endloop
  endfacet
  facet normal 0.441462 0.89728 -0
    outer loop
      vertex 353.341 23.6494 0
      vertex 353.141 23.7478 2.2
      vertex 353.341 23.6494 2.2
    endloop
  endfacet
  facet normal 0.441462 0.89728 0
    outer loop
      vertex 353.141 23.7478 2.2
      vertex 353.341 23.6494 0
      vertex 353.141 23.7478 0
    endloop
  endfacet
  facet normal 0.194393 0.980924 -0
    outer loop
      vertex 353.77 23.5345 0
      vertex 353.551 23.5779 2.2
      vertex 353.77 23.5345 2.2
    endloop
  endfacet
  facet normal 0.194393 0.980924 0
    outer loop
      vertex 353.551 23.5779 2.2
      vertex 353.77 23.5345 0
      vertex 353.551 23.5779 0
    endloop
  endfacet
  facet normal 0.557301 -0.830311 0
    outer loop
      vertex 352.957 26.5687 0
      vertex 353.141 26.6922 2.2
      vertex 352.957 26.5687 2.2
    endloop
  endfacet
  facet normal 0.557301 -0.830311 0
    outer loop
      vertex 353.141 26.6922 2.2
      vertex 352.957 26.5687 0
      vertex 353.141 26.6922 0
    endloop
  endfacet
  facet normal -0.443245 0.8964 0
    outer loop
      vertex 354.841 23.7478 0
      vertex 354.642 23.6494 2.2
      vertex 354.841 23.7478 2.2
    endloop
  endfacet
  facet normal -0.443245 0.8964 0
    outer loop
      vertex 354.642 23.6494 2.2
      vertex 354.841 23.7478 0
      vertex 354.642 23.6494 0
    endloop
  endfacet
  facet normal 0.997723 0.0674441 -3.09836e-19
    outer loop
      vertex 352.306 24.9981 2.2
      vertex 352.291 25.22 0
      vertex 352.291 25.22 2.2
    endloop
  endfacet
  facet normal 0.997723 0.0674441 -3.09836e-19
    outer loop
      vertex 352.291 25.22 0
      vertex 352.306 24.9981 2.2
      vertex 352.306 24.9981 0
    endloop
  endfacet
  facet normal -0.998016 -0.0629663 -3.73717e-19
    outer loop
      vertex 355.691 25.22 0
      vertex 355.677 25.4419 2.2
      vertex 355.677 25.4419 0
    endloop
  endfacet
  facet normal -0.998016 -0.0629663 -3.73717e-19
    outer loop
      vertex 355.677 25.4419 2.2
      vertex 355.691 25.22 0
      vertex 355.691 25.22 2.2
    endloop
  endfacet
  facet normal 0.830527 -0.556979 -2.62472e-18
    outer loop
      vertex 352.519 26.07 2.2
      vertex 352.643 26.2549 0
      vertex 352.643 26.2549 2.2
    endloop
  endfacet
  facet normal 0.830527 -0.556979 -2.62472e-18
    outer loop
      vertex 352.643 26.2549 0
      vertex 352.519 26.07 2.2
      vertex 352.519 26.07 0
    endloop
  endfacet
  facet normal 0.897467 -0.441082 -7.3146e-19
    outer loop
      vertex 352.421 25.8706 2.2
      vertex 352.519 26.07 0
      vertex 352.519 26.07 2.2
    endloop
  endfacet
  facet normal 0.897467 -0.441082 -7.3146e-19
    outer loop
      vertex 352.519 26.07 0
      vertex 352.421 25.8706 2.2
      vertex 352.421 25.8706 0
    endloop
  endfacet
  facet normal -0.659714 -0.751516 0
    outer loop
      vertex 355.026 26.5687 0
      vertex 355.193 26.4221 2.2
      vertex 355.026 26.5687 2.2
    endloop
  endfacet
  facet normal -0.659714 -0.751516 -0
    outer loop
      vertex 355.193 26.4221 2.2
      vertex 355.026 26.5687 0
      vertex 355.193 26.4221 0
    endloop
  endfacet
  facet normal -0.555219 -0.831704 0
    outer loop
      vertex 354.841 26.6922 0
      vertex 355.026 26.5687 2.2
      vertex 354.841 26.6922 2.2
    endloop
  endfacet
  facet normal -0.555219 -0.831704 -0
    outer loop
      vertex 355.026 26.5687 2.2
      vertex 354.841 26.6922 0
      vertex 355.026 26.5687 0
    endloop
  endfacet
  facet normal 0.657488 0.753465 -0
    outer loop
      vertex 352.957 23.8713 0
      vertex 352.789 24.0179 2.2
      vertex 352.957 23.8713 2.2
    endloop
  endfacet
  facet normal 0.657488 0.753465 0
    outer loop
      vertex 352.789 24.0179 2.2
      vertex 352.957 23.8713 0
      vertex 352.789 24.0179 0
    endloop
  endfacet
  facet normal 0.322307 -0.946635 0
    outer loop
      vertex 353.341 26.7906 0
      vertex 353.551 26.8621 2.2
      vertex 353.341 26.7906 2.2
    endloop
  endfacet
  facet normal 0.322307 -0.946635 0
    outer loop
      vertex 353.551 26.8621 2.2
      vertex 353.341 26.7906 0
      vertex 353.551 26.8621 0
    endloop
  endfacet
  facet normal 0.753246 0.657739 1.51422e-18
    outer loop
      vertex 352.789 24.0179 2.2
      vertex 352.643 24.1851 0
      vertex 352.643 24.1851 2.2
    endloop
  endfacet
  facet normal 0.753246 0.657739 1.51422e-18
    outer loop
      vertex 352.643 24.1851 0
      vertex 352.789 24.0179 2.2
      vertex 352.789 24.0179 0
    endloop
  endfacet
  facet normal 0.981113 0.193434 -1.58373e-18
    outer loop
      vertex 352.349 24.78 2.2
      vertex 352.306 24.9981 0
      vertex 352.306 24.9981 2.2
    endloop
  endfacet
  facet normal 0.981113 0.193434 -1.58373e-18
    outer loop
      vertex 352.306 24.9981 0
      vertex 352.349 24.78 2.2
      vertex 352.349 24.78 0
    endloop
  endfacet
  facet normal -0.897467 0.441082 -7.3146e-19
    outer loop
      vertex 355.464 24.37 0
      vertex 355.562 24.5694 2.2
      vertex 355.562 24.5694 0
    endloop
  endfacet
  facet normal -0.897467 0.441082 -7.3146e-19
    outer loop
      vertex 355.562 24.5694 2.2
      vertex 355.464 24.37 0
      vertex 355.464 24.37 2.2
    endloop
  endfacet
  facet normal -0.751016 -0.660284 -1.60421e-18
    outer loop
      vertex 355.34 26.2549 0
      vertex 355.193 26.4221 2.2
      vertex 355.193 26.4221 0
    endloop
  endfacet
  facet normal -0.751016 -0.660284 -1.60421e-18
    outer loop
      vertex 355.193 26.4221 2.2
      vertex 355.34 26.2549 0
      vertex 355.34 26.2549 2.2
    endloop
  endfacet
  facet normal 0.322307 0.946635 -0
    outer loop
      vertex 353.551 23.5779 0
      vertex 353.341 23.6494 2.2
      vertex 353.551 23.5779 2.2
    endloop
  endfacet
  facet normal 0.322307 0.946635 0
    outer loop
      vertex 353.341 23.6494 2.2
      vertex 353.551 23.5779 0
      vertex 353.341 23.6494 0
    endloop
  endfacet
  facet normal -0.751016 0.660284 -2.1359e-18
    outer loop
      vertex 355.193 24.0179 0
      vertex 355.34 24.1851 2.2
      vertex 355.34 24.1851 0
    endloop
  endfacet
  facet normal -0.751016 0.660284 -2.1359e-18
    outer loop
      vertex 355.34 24.1851 2.2
      vertex 355.193 24.0179 0
      vertex 355.193 24.0179 2.2
    endloop
  endfacet
  facet normal -0.830527 0.556979 5.00499e-20
    outer loop
      vertex 355.34 24.1851 0
      vertex 355.464 24.37 2.2
      vertex 355.464 24.37 0
    endloop
  endfacet
  facet normal -0.830527 0.556979 5.00499e-20
    outer loop
      vertex 355.464 24.37 2.2
      vertex 355.34 24.1851 0
      vertex 355.34 24.1851 2.2
    endloop
  endfacet
  facet normal 0.441462 -0.89728 0
    outer loop
      vertex 353.141 26.6922 0
      vertex 353.341 26.7906 2.2
      vertex 353.141 26.6922 2.2
    endloop
  endfacet
  facet normal 0.441462 -0.89728 0
    outer loop
      vertex 353.341 26.7906 2.2
      vertex 353.141 26.6922 0
      vertex 353.341 26.7906 0
    endloop
  endfacet
  facet normal 0.194393 -0.980924 0
    outer loop
      vertex 353.551 26.8621 0
      vertex 353.77 26.9055 2.2
      vertex 353.551 26.8621 2.2
    endloop
  endfacet
  facet normal 0.194393 -0.980924 0
    outer loop
      vertex 353.77 26.9055 2.2
      vertex 353.551 26.8621 0
      vertex 353.77 26.9055 0
    endloop
  endfacet
  facet normal 0.557301 0.830311 -0
    outer loop
      vertex 353.141 23.7478 0
      vertex 352.957 23.8713 2.2
      vertex 353.141 23.7478 2.2
    endloop
  endfacet
  facet normal 0.557301 0.830311 0
    outer loop
      vertex 352.957 23.8713 2.2
      vertex 353.141 23.7478 0
      vertex 352.957 23.8713 0
    endloop
  endfacet
  facet normal -0.195251 -0.980753 0
    outer loop
      vertex 354.213 26.9055 0
      vertex 354.431 26.8621 2.2
      vertex 354.213 26.9055 2.2
    endloop
  endfacet
  facet normal -0.195251 -0.980753 -0
    outer loop
      vertex 354.431 26.8621 2.2
      vertex 354.213 26.9055 0
      vertex 354.431 26.8621 0
    endloop
  endfacet
  facet normal -0.830527 -0.556979 -2.20056e-19
    outer loop
      vertex 355.464 26.07 0
      vertex 355.34 26.2549 2.2
      vertex 355.34 26.2549 0
    endloop
  endfacet
  facet normal -0.830527 -0.556979 -2.20056e-19
    outer loop
      vertex 355.34 26.2549 2.2
      vertex 355.464 26.07 0
      vertex 355.464 26.07 2.2
    endloop
  endfacet
  facet normal -0.897467 -0.441082 7.3146e-19
    outer loop
      vertex 355.562 25.8706 0
      vertex 355.464 26.07 2.2
      vertex 355.464 26.07 0
    endloop
  endfacet
  facet normal -0.897467 -0.441082 7.3146e-19
    outer loop
      vertex 355.464 26.07 2.2
      vertex 355.562 25.8706 0
      vertex 355.562 25.8706 2.2
    endloop
  endfacet
  facet normal 0.830527 0.556979 2.79473e-18
    outer loop
      vertex 352.643 24.1851 2.2
      vertex 352.519 24.37 0
      vertex 352.519 24.37 2.2
    endloop
  endfacet
  facet normal 0.830527 0.556979 2.79473e-18
    outer loop
      vertex 352.519 24.37 0
      vertex 352.643 24.1851 2.2
      vertex 352.643 24.1851 0
    endloop
  endfacet
  facet normal 0.946229 0.323497 1.31381e-18
    outer loop
      vertex 352.421 24.5694 2.2
      vertex 352.349 24.78 0
      vertex 352.349 24.78 2.2
    endloop
  endfacet
  facet normal 0.946229 0.323497 1.31381e-18
    outer loop
      vertex 352.349 24.78 0
      vertex 352.421 24.5694 2.2
      vertex 352.421 24.5694 0
    endloop
  endfacet
  facet normal -0.0651764 -0.997874 0
    outer loop
      vertex 353.991 26.92 0
      vertex 354.213 26.9055 2.2
      vertex 353.991 26.92 2.2
    endloop
  endfacet
  facet normal -0.0651764 -0.997874 -0
    outer loop
      vertex 354.213 26.9055 2.2
      vertex 353.991 26.92 0
      vertex 354.213 26.9055 0
    endloop
  endfacet
  facet normal -0.947598 -0.319466 6.82153e-19
    outer loop
      vertex 355.633 25.66 0
      vertex 355.562 25.8706 2.2
      vertex 355.562 25.8706 0
    endloop
  endfacet
  facet normal -0.947598 -0.319466 6.82153e-19
    outer loop
      vertex 355.562 25.8706 2.2
      vertex 355.633 25.66 0
      vertex 355.633 25.66 2.2
    endloop
  endfacet
  facet normal -0.998016 0.0629663 -2.36264e-19
    outer loop
      vertex 355.677 24.9981 0
      vertex 355.691 25.22 2.2
      vertex 355.691 25.22 0
    endloop
  endfacet
  facet normal -0.998016 0.0629663 -2.36264e-19
    outer loop
      vertex 355.691 25.22 2.2
      vertex 355.677 24.9981 0
      vertex 355.677 24.9981 2.2
    endloop
  endfacet
  facet normal -0.443245 -0.8964 0
    outer loop
      vertex 354.642 26.7906 0
      vertex 354.841 26.6922 2.2
      vertex 354.642 26.7906 2.2
    endloop
  endfacet
  facet normal -0.443245 -0.8964 -0
    outer loop
      vertex 354.841 26.6922 2.2
      vertex 354.642 26.7906 0
      vertex 354.841 26.6922 0
    endloop
  endfacet
  facet normal -0.659714 0.751516 0
    outer loop
      vertex 355.193 24.0179 0
      vertex 355.026 23.8713 2.2
      vertex 355.193 24.0179 2.2
    endloop
  endfacet
  facet normal -0.659714 0.751516 0
    outer loop
      vertex 355.026 23.8713 2.2
      vertex 355.193 24.0179 0
      vertex 355.026 23.8713 0
    endloop
  endfacet
  facet normal 0.753246 -0.657739 2.06649e-18
    outer loop
      vertex 352.643 26.2549 2.2
      vertex 352.789 26.4221 0
      vertex 352.789 26.4221 2.2
    endloop
  endfacet
  facet normal 0.753246 -0.657739 2.06649e-18
    outer loop
      vertex 352.789 26.4221 0
      vertex 352.643 26.2549 2.2
      vertex 352.643 26.2549 0
    endloop
  endfacet
  facet normal -0.947598 0.319466 -6.82153e-19
    outer loop
      vertex 355.562 24.5694 0
      vertex 355.633 24.78 2.2
      vertex 355.633 24.78 0
    endloop
  endfacet
  facet normal -0.947598 0.319466 -6.82153e-19
    outer loop
      vertex 355.633 24.78 2.2
      vertex 355.562 24.5694 0
      vertex 355.562 24.5694 2.2
    endloop
  endfacet
  facet normal 0.946229 -0.323497 -1.31381e-18
    outer loop
      vertex 352.349 25.66 2.2
      vertex 352.421 25.8706 0
      vertex 352.421 25.8706 2.2
    endloop
  endfacet
  facet normal 0.946229 -0.323497 -1.31381e-18
    outer loop
      vertex 352.421 25.8706 0
      vertex 352.349 25.66 2.2
      vertex 352.349 25.66 0
    endloop
  endfacet
  facet normal -0.320937 -0.947101 0
    outer loop
      vertex 354.431 26.8621 0
      vertex 354.642 26.7906 2.2
      vertex 354.431 26.8621 2.2
    endloop
  endfacet
  facet normal -0.320937 -0.947101 -0
    outer loop
      vertex 354.642 26.7906 2.2
      vertex 354.431 26.8621 0
      vertex 354.642 26.7906 0
    endloop
  endfacet
  facet normal -0.980251 0.197758 -1.30504e-18
    outer loop
      vertex 355.633 24.78 0
      vertex 355.677 24.9981 2.2
      vertex 355.677 24.9981 0
    endloop
  endfacet
  facet normal -0.980251 0.197758 -1.30504e-18
    outer loop
      vertex 355.677 24.9981 2.2
      vertex 355.633 24.78 0
      vertex 355.633 24.78 2.2
    endloop
  endfacet
  facet normal -0.195251 0.980753 0
    outer loop
      vertex 354.431 23.5779 0
      vertex 354.213 23.5345 2.2
      vertex 354.431 23.5779 2.2
    endloop
  endfacet
  facet normal -0.195251 0.980753 0
    outer loop
      vertex 354.213 23.5345 2.2
      vertex 354.431 23.5779 0
      vertex 354.213 23.5345 0
    endloop
  endfacet
  facet normal 0.0654701 0.997855 -0
    outer loop
      vertex 353.991 23.52 0
      vertex 353.77 23.5345 2.2
      vertex 353.991 23.52 2.2
    endloop
  endfacet
  facet normal 0.0654701 0.997855 0
    outer loop
      vertex 353.77 23.5345 2.2
      vertex 353.991 23.52 0
      vertex 353.77 23.5345 0
    endloop
  endfacet
  facet normal -0.980251 -0.197758 1.30504e-18
    outer loop
      vertex 355.677 25.4419 0
      vertex 355.633 25.66 2.2
      vertex 355.633 25.66 0
    endloop
  endfacet
  facet normal -0.980251 -0.197758 1.30504e-18
    outer loop
      vertex 355.633 25.66 2.2
      vertex 355.677 25.4419 0
      vertex 355.677 25.4419 2.2
    endloop
  endfacet
  facet normal 0.0654701 -0.997855 0
    outer loop
      vertex 353.77 26.9055 0
      vertex 353.991 26.92 2.2
      vertex 353.77 26.9055 2.2
    endloop
  endfacet
  facet normal 0.0654701 -0.997855 0
    outer loop
      vertex 353.991 26.92 2.2
      vertex 353.77 26.9055 0
      vertex 353.991 26.92 0
    endloop
  endfacet
  facet normal -0.555219 0.831704 0
    outer loop
      vertex 355.026 23.8713 0
      vertex 354.841 23.7478 2.2
      vertex 355.026 23.8713 2.2
    endloop
  endfacet
  facet normal -0.555219 0.831704 0
    outer loop
      vertex 354.841 23.7478 2.2
      vertex 355.026 23.8713 0
      vertex 354.841 23.7478 0
    endloop
  endfacet
  facet normal -0.320937 0.947101 0
    outer loop
      vertex 354.642 23.6494 0
      vertex 354.431 23.5779 2.2
      vertex 354.642 23.6494 2.2
    endloop
  endfacet
  facet normal -0.320937 0.947101 0
    outer loop
      vertex 354.431 23.5779 2.2
      vertex 354.642 23.6494 0
      vertex 354.431 23.5779 0
    endloop
  endfacet
  facet normal 0.897467 0.441082 7.3146e-19
    outer loop
      vertex 352.519 24.37 2.2
      vertex 352.421 24.5694 0
      vertex 352.421 24.5694 2.2
    endloop
  endfacet
  facet normal 0.897467 0.441082 7.3146e-19
    outer loop
      vertex 352.421 24.5694 0
      vertex 352.519 24.37 2.2
      vertex 352.519 24.37 0
    endloop
  endfacet
  facet normal -0.193519 -0.981097 0
    outer loop
      vertex 237.063 101.125 0
      vertex 237.281 101.082 2.2
      vertex 237.063 101.125 2.2
    endloop
  endfacet
  facet normal -0.193519 -0.981097 -0
    outer loop
      vertex 237.281 101.082 2.2
      vertex 237.063 101.125 0
      vertex 237.281 101.082 0
    endloop
  endfacet
  facet normal 0.981113 -0.193434 1.12971e-18
    outer loop
      vertex 235.156 99.6619 2.2
      vertex 235.199 99.88 0
      vertex 235.199 99.88 2.2
    endloop
  endfacet
  facet normal 0.981113 -0.193434 1.12971e-18
    outer loop
      vertex 235.199 99.88 0
      vertex 235.156 99.6619 2.2
      vertex 235.156 99.6619 0
    endloop
  endfacet
  facet normal 0.997723 -0.0674441 -4.00654e-19
    outer loop
      vertex 235.141 99.44 2.2
      vertex 235.156 99.6619 0
      vertex 235.156 99.6619 2.2
    endloop
  endfacet
  facet normal 0.997723 -0.0674441 -4.00654e-19
    outer loop
      vertex 235.156 99.6619 0
      vertex 235.141 99.44 2.2
      vertex 235.141 99.44 0
    endloop
  endfacet
  facet normal 0.441462 0.89728 -0
    outer loop
      vertex 236.191 97.8694 0
      vertex 235.991 97.9678 2.2
      vertex 236.191 97.8694 2.2
    endloop
  endfacet
  facet normal 0.441462 0.89728 0
    outer loop
      vertex 235.991 97.9678 2.2
      vertex 236.191 97.8694 0
      vertex 235.991 97.9678 0
    endloop
  endfacet
  facet normal 0.830666 -0.556771 1.13749e-18
    outer loop
      vertex 235.369 100.29 2.2
      vertex 235.493 100.475 0
      vertex 235.493 100.475 2.2
    endloop
  endfacet
  facet normal 0.830666 -0.556771 1.13749e-18
    outer loop
      vertex 235.493 100.475 0
      vertex 235.369 100.29 2.2
      vertex 235.369 100.29 0
    endloop
  endfacet
  facet normal -0.445413 -0.895325 0
    outer loop
      vertex 237.492 101.011 0
      vertex 237.691 100.912 2.2
      vertex 237.492 101.011 2.2
    endloop
  endfacet
  facet normal -0.445413 -0.895325 -0
    outer loop
      vertex 237.691 100.912 2.2
      vertex 237.492 101.011 0
      vertex 237.691 100.912 0
    endloop
  endfacet
  facet normal 0.658505 -0.752577 0
    outer loop
      vertex 235.639 100.642 0
      vertex 235.807 100.789 2.2
      vertex 235.639 100.642 2.2
    endloop
  endfacet
  facet normal 0.658505 -0.752577 0
    outer loop
      vertex 235.807 100.789 2.2
      vertex 235.639 100.642 0
      vertex 235.807 100.789 0
    endloop
  endfacet
  facet normal 0.0677175 -0.997705 0
    outer loop
      vertex 236.62 101.125 0
      vertex 236.841 101.14 2.2
      vertex 236.62 101.125 2.2
    endloop
  endfacet
  facet normal 0.0677175 -0.997705 0
    outer loop
      vertex 236.841 101.14 2.2
      vertex 236.62 101.125 0
      vertex 236.841 101.14 0
    endloop
  endfacet
  facet normal -0.443245 0.8964 0
    outer loop
      vertex 237.691 97.9678 0
      vertex 237.492 97.8694 2.2
      vertex 237.691 97.9678 2.2
    endloop
  endfacet
  facet normal -0.443245 0.8964 0
    outer loop
      vertex 237.492 97.8694 2.2
      vertex 237.691 97.9678 0
      vertex 237.492 97.8694 0
    endloop
  endfacet
  facet normal 0.946229 0.323497 -5.62448e-19
    outer loop
      vertex 235.271 98.7894 2.2
      vertex 235.199 99 0
      vertex 235.199 99 2.2
    endloop
  endfacet
  facet normal 0.946229 0.323497 -5.62448e-19
    outer loop
      vertex 235.199 99 0
      vertex 235.271 98.7894 2.2
      vertex 235.271 98.7894 0
    endloop
  endfacet
  facet normal -0.947598 0.319466 9.86786e-19
    outer loop
      vertex 238.412 98.7894 0
      vertex 238.483 99 2.2
      vertex 238.483 99 0
    endloop
  endfacet
  facet normal -0.947598 0.319466 9.86786e-19
    outer loop
      vertex 238.483 99 2.2
      vertex 238.412 98.7894 0
      vertex 238.412 98.7894 2.2
    endloop
  endfacet
  facet normal -0.553661 -0.832742 0
    outer loop
      vertex 237.691 100.912 0
      vertex 237.876 100.789 2.2
      vertex 237.691 100.912 2.2
    endloop
  endfacet
  facet normal -0.553661 -0.832742 -0
    outer loop
      vertex 237.876 100.789 2.2
      vertex 237.691 100.912 0
      vertex 237.876 100.789 0
    endloop
  endfacet
  facet normal -0.897467 0.441082 -3.22993e-18
    outer loop
      vertex 238.314 98.59 0
      vertex 238.412 98.7894 2.2
      vertex 238.412 98.7894 0
    endloop
  endfacet
  facet normal -0.897467 0.441082 -3.22993e-18
    outer loop
      vertex 238.412 98.7894 2.2
      vertex 238.314 98.59 0
      vertex 238.314 98.59 2.2
    endloop
  endfacet
  facet normal 0.897116 -0.441796 -2.38512e-18
    outer loop
      vertex 235.271 100.091 2.2
      vertex 235.369 100.29 0
      vertex 235.369 100.29 2.2
    endloop
  endfacet
  facet normal 0.897116 -0.441796 -2.38512e-18
    outer loop
      vertex 235.369 100.29 0
      vertex 235.271 100.091 2.2
      vertex 235.271 100.091 0
    endloop
  endfacet
  facet normal -0.0674139 -0.997725 0
    outer loop
      vertex 236.841 101.14 0
      vertex 237.063 101.125 2.2
      vertex 236.841 101.14 2.2
    endloop
  endfacet
  facet normal -0.0674139 -0.997725 -0
    outer loop
      vertex 237.063 101.125 2.2
      vertex 236.841 101.14 0
      vertex 237.063 101.125 0
    endloop
  endfacet
  facet normal -0.659714 0.751516 0
    outer loop
      vertex 238.043 98.2379 0
      vertex 237.876 98.0913 2.2
      vertex 238.043 98.2379 2.2
    endloop
  endfacet
  facet normal -0.659714 0.751516 0
    outer loop
      vertex 237.876 98.0913 2.2
      vertex 238.043 98.2379 0
      vertex 237.876 98.0913 0
    endloop
  endfacet
  facet normal -0.320937 0.947101 0
    outer loop
      vertex 237.492 97.8694 0
      vertex 237.281 97.7979 2.2
      vertex 237.492 97.8694 2.2
    endloop
  endfacet
  facet normal -0.320937 0.947101 0
    outer loop
      vertex 237.281 97.7979 2.2
      vertex 237.492 97.8694 0
      vertex 237.281 97.7979 0
    endloop
  endfacet
  facet normal 0.194393 0.980924 -0
    outer loop
      vertex 236.62 97.7545 0
      vertex 236.401 97.7979 2.2
      vertex 236.62 97.7545 2.2
    endloop
  endfacet
  facet normal 0.194393 0.980924 0
    outer loop
      vertex 236.401 97.7979 2.2
      vertex 236.62 97.7545 0
      vertex 236.401 97.7979 0
    endloop
  endfacet
  facet normal 0.830527 0.556979 -2.33947e-18
    outer loop
      vertex 235.493 98.4051 2.2
      vertex 235.369 98.59 0
      vertex 235.369 98.59 2.2
    endloop
  endfacet
  facet normal 0.830527 0.556979 -2.33947e-18
    outer loop
      vertex 235.369 98.59 0
      vertex 235.493 98.4051 2.2
      vertex 235.493 98.4051 0
    endloop
  endfacet
  facet normal -0.830666 -0.556771 -1.13749e-18
    outer loop
      vertex 238.314 100.29 0
      vertex 238.19 100.475 2.2
      vertex 238.19 100.475 0
    endloop
  endfacet
  facet normal -0.830666 -0.556771 -1.13749e-18
    outer loop
      vertex 238.19 100.475 2.2
      vertex 238.314 100.29 0
      vertex 238.314 100.29 2.2
    endloop
  endfacet
  facet normal -0.660729 -0.750624 0
    outer loop
      vertex 237.876 100.789 0
      vertex 238.043 100.642 2.2
      vertex 237.876 100.789 2.2
    endloop
  endfacet
  facet normal -0.660729 -0.750624 -0
    outer loop
      vertex 238.043 100.642 2.2
      vertex 237.876 100.789 0
      vertex 238.043 100.642 0
    endloop
  endfacet
  facet normal 0.322307 0.946635 -0
    outer loop
      vertex 236.401 97.7979 0
      vertex 236.191 97.8694 2.2
      vertex 236.401 97.7979 2.2
    endloop
  endfacet
  facet normal 0.322307 0.946635 0
    outer loop
      vertex 236.191 97.8694 2.2
      vertex 236.401 97.7979 0
      vertex 236.191 97.8694 0
    endloop
  endfacet
  facet normal -0.998016 -0.0629663 1.21315e-20
    outer loop
      vertex 238.541 99.44 0
      vertex 238.527 99.6619 2.2
      vertex 238.527 99.6619 0
    endloop
  endfacet
  facet normal -0.998016 -0.0629663 1.21315e-20
    outer loop
      vertex 238.527 99.6619 2.2
      vertex 238.541 99.44 0
      vertex 238.541 99.44 2.2
    endloop
  endfacet
  facet normal -0.751016 0.660284 2.00089e-18
    outer loop
      vertex 238.043 98.2379 0
      vertex 238.19 98.4051 2.2
      vertex 238.19 98.4051 0
    endloop
  endfacet
  facet normal -0.751016 0.660284 2.00089e-18
    outer loop
      vertex 238.19 98.4051 2.2
      vertex 238.043 98.2379 0
      vertex 238.043 98.2379 2.2
    endloop
  endfacet
  facet normal -0.318922 -0.947781 0
    outer loop
      vertex 237.281 101.082 0
      vertex 237.492 101.011 2.2
      vertex 237.281 101.082 2.2
    endloop
  endfacet
  facet normal -0.318922 -0.947781 -0
    outer loop
      vertex 237.492 101.011 2.2
      vertex 237.281 101.082 0
      vertex 237.492 101.011 0
    endloop
  endfacet
  facet normal 0.981113 0.193434 1.50932e-18
    outer loop
      vertex 235.199 99 2.2
      vertex 235.156 99.2181 0
      vertex 235.156 99.2181 2.2
    endloop
  endfacet
  facet normal 0.981113 0.193434 1.50932e-18
    outer loop
      vertex 235.156 99.2181 0
      vertex 235.199 99 2.2
      vertex 235.199 99 0
    endloop
  endfacet
  facet normal 0.657488 0.753465 -0
    outer loop
      vertex 235.807 98.0913 0
      vertex 235.639 98.2379 2.2
      vertex 235.807 98.0913 2.2
    endloop
  endfacet
  facet normal 0.657488 0.753465 0
    outer loop
      vertex 235.639 98.2379 2.2
      vertex 235.807 98.0913 0
      vertex 235.639 98.2379 0
    endloop
  endfacet
  facet normal 0.0654701 0.997855 -0
    outer loop
      vertex 236.841 97.74 0
      vertex 236.62 97.7545 2.2
      vertex 236.841 97.74 2.2
    endloop
  endfacet
  facet normal 0.0654701 0.997855 0
    outer loop
      vertex 236.62 97.7545 2.2
      vertex 236.841 97.74 0
      vertex 236.62 97.7545 0
    endloop
  endfacet
  facet normal 0.555742 -0.831355 0
    outer loop
      vertex 235.807 100.789 0
      vertex 235.991 100.912 2.2
      vertex 235.807 100.789 2.2
    endloop
  endfacet
  facet normal 0.555742 -0.831355 0
    outer loop
      vertex 235.991 100.912 2.2
      vertex 235.807 100.789 0
      vertex 235.991 100.912 0
    endloop
  endfacet
  facet normal 0.557301 0.830311 -0
    outer loop
      vertex 235.991 97.9678 0
      vertex 235.807 98.0913 2.2
      vertex 235.991 97.9678 2.2
    endloop
  endfacet
  facet normal 0.557301 0.830311 0
    outer loop
      vertex 235.807 98.0913 2.2
      vertex 235.991 97.9678 0
      vertex 235.807 98.0913 0
    endloop
  endfacet
  facet normal -0.555219 0.831704 0
    outer loop
      vertex 237.876 98.0913 0
      vertex 237.691 97.9678 2.2
      vertex 237.876 98.0913 2.2
    endloop
  endfacet
  facet normal -0.555219 0.831704 0
    outer loop
      vertex 237.691 97.9678 2.2
      vertex 237.876 98.0913 0
      vertex 237.691 97.9678 0
    endloop
  endfacet
  facet normal -0.947781 -0.318922 4.31145e-19
    outer loop
      vertex 238.483 99.88 0
      vertex 238.412 100.091 2.2
      vertex 238.412 100.091 0
    endloop
  endfacet
  facet normal -0.947781 -0.318922 4.31145e-19
    outer loop
      vertex 238.412 100.091 2.2
      vertex 238.483 99.88 0
      vertex 238.483 99.88 2.2
    endloop
  endfacet
  facet normal 0.443625 -0.896212 0
    outer loop
      vertex 235.991 100.912 0
      vertex 236.191 101.011 2.2
      vertex 235.991 100.912 2.2
    endloop
  endfacet
  facet normal 0.443625 -0.896212 0
    outer loop
      vertex 236.191 101.011 2.2
      vertex 235.991 100.912 0
      vertex 236.191 101.011 0
    endloop
  endfacet
  facet normal -0.980251 0.197758 5.49161e-19
    outer loop
      vertex 238.483 99 0
      vertex 238.527 99.2181 2.2
      vertex 238.527 99.2181 0
    endloop
  endfacet
  facet normal -0.980251 0.197758 5.49161e-19
    outer loop
      vertex 238.527 99.2181 2.2
      vertex 238.483 99 0
      vertex 238.483 99 2.2
    endloop
  endfacet
  facet normal 0.997723 0.0674441 -2.47892e-20
    outer loop
      vertex 235.156 99.2181 2.2
      vertex 235.141 99.44 0
      vertex 235.141 99.44 2.2
    endloop
  endfacet
  facet normal 0.997723 0.0674441 -2.47892e-20
    outer loop
      vertex 235.141 99.44 0
      vertex 235.156 99.2181 2.2
      vertex 235.156 99.2181 0
    endloop
  endfacet
  facet normal 0.753246 0.657739 -2.12332e-18
    outer loop
      vertex 235.639 98.2379 2.2
      vertex 235.493 98.4051 0
      vertex 235.493 98.4051 2.2
    endloop
  endfacet
  facet normal 0.753246 0.657739 -2.12332e-18
    outer loop
      vertex 235.493 98.4051 0
      vertex 235.639 98.2379 2.2
      vertex 235.639 98.2379 0
    endloop
  endfacet
  facet normal 0.320285 -0.947321 0
    outer loop
      vertex 236.191 101.011 0
      vertex 236.401 101.082 2.2
      vertex 236.191 101.011 2.2
    endloop
  endfacet
  facet normal 0.320285 -0.947321 0
    outer loop
      vertex 236.401 101.082 2.2
      vertex 236.191 101.011 0
      vertex 236.401 101.082 0
    endloop
  endfacet
  facet normal -0.897116 -0.441796 2.38512e-18
    outer loop
      vertex 238.412 100.091 0
      vertex 238.314 100.29 2.2
      vertex 238.314 100.29 0
    endloop
  endfacet
  facet normal -0.897116 -0.441796 2.38512e-18
    outer loop
      vertex 238.314 100.29 2.2
      vertex 238.412 100.091 0
      vertex 238.412 100.091 2.2
    endloop
  endfacet
  facet normal 0.897467 0.441082 3.22993e-18
    outer loop
      vertex 235.369 98.59 2.2
      vertex 235.271 98.7894 0
      vertex 235.271 98.7894 2.2
    endloop
  endfacet
  facet normal 0.897467 0.441082 3.22993e-18
    outer loop
      vertex 235.271 98.7894 0
      vertex 235.369 98.59 2.2
      vertex 235.369 98.59 0
    endloop
  endfacet
  facet normal 0.192668 -0.981264 0
    outer loop
      vertex 236.401 101.082 0
      vertex 236.62 101.125 2.2
      vertex 236.401 101.082 2.2
    endloop
  endfacet
  facet normal 0.192668 -0.981264 0
    outer loop
      vertex 236.62 101.125 2.2
      vertex 236.401 101.082 0
      vertex 236.62 101.125 0
    endloop
  endfacet
  facet normal -0.998016 0.0629663 2.07745e-19
    outer loop
      vertex 238.527 99.2181 0
      vertex 238.541 99.44 2.2
      vertex 238.541 99.44 0
    endloop
  endfacet
  facet normal -0.998016 0.0629663 2.07745e-19
    outer loop
      vertex 238.541 99.44 2.2
      vertex 238.527 99.2181 0
      vertex 238.527 99.2181 2.2
    endloop
  endfacet
  facet normal -0.980251 -0.197758 1.03853e-18
    outer loop
      vertex 238.527 99.6619 0
      vertex 238.483 99.88 2.2
      vertex 238.483 99.88 0
    endloop
  endfacet
  facet normal -0.980251 -0.197758 1.03853e-18
    outer loop
      vertex 238.483 99.88 2.2
      vertex 238.527 99.6619 0
      vertex 238.527 99.6619 2.2
    endloop
  endfacet
  facet normal 0.752856 -0.658185 4.10866e-19
    outer loop
      vertex 235.493 100.475 2.2
      vertex 235.639 100.642 0
      vertex 235.639 100.642 2.2
    endloop
  endfacet
  facet normal 0.752856 -0.658185 4.10866e-19
    outer loop
      vertex 235.639 100.642 0
      vertex 235.493 100.475 2.2
      vertex 235.493 100.475 0
    endloop
  endfacet
  facet normal 0.946417 -0.322948 4.8915e-19
    outer loop
      vertex 235.199 99.88 2.2
      vertex 235.271 100.091 0
      vertex 235.271 100.091 2.2
    endloop
  endfacet
  facet normal 0.946417 -0.322948 4.8915e-19
    outer loop
      vertex 235.271 100.091 0
      vertex 235.199 99.88 2.2
      vertex 235.199 99.88 0
    endloop
  endfacet
  facet normal -0.0651764 0.997874 0
    outer loop
      vertex 237.063 97.7545 0
      vertex 236.841 97.74 2.2
      vertex 237.063 97.7545 2.2
    endloop
  endfacet
  facet normal -0.0651764 0.997874 0
    outer loop
      vertex 236.841 97.74 2.2
      vertex 237.063 97.7545 0
      vertex 236.841 97.74 0
    endloop
  endfacet
  facet normal -0.830527 0.556979 2.33947e-18
    outer loop
      vertex 238.19 98.4051 0
      vertex 238.314 98.59 2.2
      vertex 238.314 98.59 0
    endloop
  endfacet
  facet normal -0.830527 0.556979 2.33947e-18
    outer loop
      vertex 238.314 98.59 2.2
      vertex 238.19 98.4051 0
      vertex 238.19 98.4051 2.2
    endloop
  endfacet
  facet normal -0.195251 0.980753 0
    outer loop
      vertex 237.281 97.7979 0
      vertex 237.063 97.7545 2.2
      vertex 237.281 97.7979 2.2
    endloop
  endfacet
  facet normal -0.195251 0.980753 0
    outer loop
      vertex 237.063 97.7545 2.2
      vertex 237.281 97.7979 0
      vertex 237.063 97.7545 0
    endloop
  endfacet
  facet normal -0.750624 -0.660729 -1.05293e-18
    outer loop
      vertex 238.19 100.475 0
      vertex 238.043 100.642 2.2
      vertex 238.043 100.642 0
    endloop
  endfacet
  facet normal -0.750624 -0.660729 -1.05293e-18
    outer loop
      vertex 238.043 100.642 2.2
      vertex 238.19 100.475 0
      vertex 238.19 100.475 2.2
    endloop
  endfacet
  facet normal 0.981113 -0.193434 1.12971e-18
    outer loop
      vertex 359.616 85.2219 2.2
      vertex 359.659 85.44 0
      vertex 359.659 85.44 2.2
    endloop
  endfacet
  facet normal 0.981113 -0.193434 1.12971e-18
    outer loop
      vertex 359.659 85.44 0
      vertex 359.616 85.2219 2.2
      vertex 359.616 85.2219 0
    endloop
  endfacet
  facet normal 0.997723 -0.0674441 9.71145e-20
    outer loop
      vertex 359.601 85 2.2
      vertex 359.616 85.2219 0
      vertex 359.616 85.2219 2.2
    endloop
  endfacet
  facet normal 0.997723 -0.0674441 9.71145e-20
    outer loop
      vertex 359.616 85.2219 0
      vertex 359.601 85 2.2
      vertex 359.601 85 0
    endloop
  endfacet
  facet normal -0.998016 -0.0629663 -9.70976e-20
    outer loop
      vertex 363.001 85 0
      vertex 362.987 85.2219 2.2
      vertex 362.987 85.2219 0
    endloop
  endfacet
  facet normal -0.998016 -0.0629663 -9.70976e-20
    outer loop
      vertex 362.987 85.2219 2.2
      vertex 363.001 85 0
      vertex 363.001 85 2.2
    endloop
  endfacet
  facet normal 0.897467 -0.441082 -3.22993e-18
    outer loop
      vertex 359.731 85.6506 2.2
      vertex 359.829 85.85 0
      vertex 359.829 85.85 2.2
    endloop
  endfacet
  facet normal 0.897467 -0.441082 -3.22993e-18
    outer loop
      vertex 359.829 85.85 0
      vertex 359.731 85.6506 2.2
      vertex 359.731 85.6506 0
    endloop
  endfacet
  facet normal 0.753246 0.657739 -2.12332e-18
    outer loop
      vertex 360.099 83.7979 2.2
      vertex 359.953 83.9651 0
      vertex 359.953 83.9651 2.2
    endloop
  endfacet
  facet normal 0.753246 0.657739 -2.12332e-18
    outer loop
      vertex 359.953 83.9651 0
      vertex 360.099 83.7979 2.2
      vertex 360.099 83.7979 0
    endloop
  endfacet
  facet normal 0.557301 -0.830311 0
    outer loop
      vertex 360.267 86.3487 0
      vertex 360.451 86.4722 2.2
      vertex 360.267 86.3487 2.2
    endloop
  endfacet
  facet normal 0.557301 -0.830311 0
    outer loop
      vertex 360.451 86.4722 2.2
      vertex 360.267 86.3487 0
      vertex 360.451 86.4722 0
    endloop
  endfacet
  facet normal 0.0651764 0.997874 -0
    outer loop
      vertex 361.301 83.3 0
      vertex 361.079 83.3145 2.2
      vertex 361.301 83.3 2.2
    endloop
  endfacet
  facet normal 0.0651764 0.997874 0
    outer loop
      vertex 361.079 83.3145 2.2
      vertex 361.301 83.3 0
      vertex 361.079 83.3145 0
    endloop
  endfacet
  facet normal 0.830527 0.556979 2.62472e-18
    outer loop
      vertex 359.953 83.9651 2.2
      vertex 359.829 84.15 0
      vertex 359.829 84.15 2.2
    endloop
  endfacet
  facet normal 0.830527 0.556979 2.62472e-18
    outer loop
      vertex 359.829 84.15 0
      vertex 359.953 83.9651 2.2
      vertex 359.953 83.9651 0
    endloop
  endfacet
  facet normal 0.441462 0.89728 -0
    outer loop
      vertex 360.651 83.4294 0
      vertex 360.451 83.5278 2.2
      vertex 360.651 83.4294 2.2
    endloop
  endfacet
  facet normal 0.441462 0.89728 0
    outer loop
      vertex 360.451 83.5278 2.2
      vertex 360.651 83.4294 0
      vertex 360.451 83.5278 0
    endloop
  endfacet
  facet normal 0.997723 0.0674441 -9.71145e-20
    outer loop
      vertex 359.616 84.7781 2.2
      vertex 359.601 85 0
      vertex 359.601 85 2.2
    endloop
  endfacet
  facet normal 0.997723 0.0674441 -9.71145e-20
    outer loop
      vertex 359.601 85 0
      vertex 359.616 84.7781 2.2
      vertex 359.616 84.7781 0
    endloop
  endfacet
  facet normal -0.0651764 -0.997874 0
    outer loop
      vertex 361.301 86.7 0
      vertex 361.523 86.6855 2.2
      vertex 361.301 86.7 2.2
    endloop
  endfacet
  facet normal -0.0651764 -0.997874 -0
    outer loop
      vertex 361.523 86.6855 2.2
      vertex 361.301 86.7 0
      vertex 361.523 86.6855 0
    endloop
  endfacet
  facet normal 0.0651764 -0.997874 0
    outer loop
      vertex 361.079 86.6855 0
      vertex 361.301 86.7 2.2
      vertex 361.079 86.6855 2.2
    endloop
  endfacet
  facet normal 0.0651764 -0.997874 0
    outer loop
      vertex 361.301 86.7 2.2
      vertex 361.079 86.6855 0
      vertex 361.301 86.7 0
    endloop
  endfacet
  facet normal 0.322307 -0.946635 0
    outer loop
      vertex 360.651 86.5706 0
      vertex 360.861 86.6421 2.2
      vertex 360.651 86.5706 2.2
    endloop
  endfacet
  facet normal 0.322307 -0.946635 0
    outer loop
      vertex 360.861 86.6421 2.2
      vertex 360.651 86.5706 0
      vertex 360.861 86.6421 0
    endloop
  endfacet
  facet normal -0.0651764 0.997874 0
    outer loop
      vertex 361.523 83.3145 0
      vertex 361.301 83.3 2.2
      vertex 361.523 83.3145 2.2
    endloop
  endfacet
  facet normal -0.0651764 0.997874 0
    outer loop
      vertex 361.301 83.3 2.2
      vertex 361.523 83.3145 0
      vertex 361.301 83.3 0
    endloop
  endfacet
  facet normal -0.830527 -0.556979 -2.20056e-19
    outer loop
      vertex 362.774 85.85 0
      vertex 362.65 86.0349 2.2
      vertex 362.65 86.0349 0
    endloop
  endfacet
  facet normal -0.830527 -0.556979 -2.20056e-19
    outer loop
      vertex 362.65 86.0349 2.2
      vertex 362.774 85.85 0
      vertex 362.774 85.85 2.2
    endloop
  endfacet
  facet normal 0.557301 0.830311 -0
    outer loop
      vertex 360.451 83.5278 0
      vertex 360.267 83.6513 2.2
      vertex 360.451 83.5278 2.2
    endloop
  endfacet
  facet normal 0.557301 0.830311 0
    outer loop
      vertex 360.267 83.6513 2.2
      vertex 360.451 83.5278 0
      vertex 360.267 83.6513 0
    endloop
  endfacet
  facet normal -0.555219 -0.831704 0
    outer loop
      vertex 362.151 86.4722 0
      vertex 362.336 86.3487 2.2
      vertex 362.151 86.4722 2.2
    endloop
  endfacet
  facet normal -0.555219 -0.831704 -0
    outer loop
      vertex 362.336 86.3487 2.2
      vertex 362.151 86.4722 0
      vertex 362.336 86.3487 0
    endloop
  endfacet
  facet normal -0.320937 -0.947101 0
    outer loop
      vertex 361.741 86.6421 0
      vertex 361.952 86.5706 2.2
      vertex 361.741 86.6421 2.2
    endloop
  endfacet
  facet normal -0.320937 -0.947101 -0
    outer loop
      vertex 361.952 86.5706 2.2
      vertex 361.741 86.6421 0
      vertex 361.952 86.5706 0
    endloop
  endfacet
  facet normal 0.830527 -0.556979 -2.62472e-18
    outer loop
      vertex 359.829 85.85 2.2
      vertex 359.953 86.0349 0
      vertex 359.953 86.0349 2.2
    endloop
  endfacet
  facet normal 0.830527 -0.556979 -2.62472e-18
    outer loop
      vertex 359.953 86.0349 0
      vertex 359.829 85.85 2.2
      vertex 359.829 85.85 0
    endloop
  endfacet
  facet normal -0.751016 0.660284 2.00089e-18
    outer loop
      vertex 362.503 83.7979 0
      vertex 362.65 83.9651 2.2
      vertex 362.65 83.9651 0
    endloop
  endfacet
  facet normal -0.751016 0.660284 2.00089e-18
    outer loop
      vertex 362.65 83.9651 2.2
      vertex 362.503 83.7979 0
      vertex 362.503 83.7979 2.2
    endloop
  endfacet
  facet normal -0.998016 0.0629663 9.70976e-20
    outer loop
      vertex 362.987 84.7781 0
      vertex 363.001 85 2.2
      vertex 363.001 85 0
    endloop
  endfacet
  facet normal -0.998016 0.0629663 9.70976e-20
    outer loop
      vertex 363.001 85 2.2
      vertex 362.987 84.7781 0
      vertex 362.987 84.7781 2.2
    endloop
  endfacet
  facet normal 0.946229 0.323497 1.31381e-18
    outer loop
      vertex 359.731 84.3494 2.2
      vertex 359.659 84.56 0
      vertex 359.659 84.56 2.2
    endloop
  endfacet
  facet normal 0.946229 0.323497 1.31381e-18
    outer loop
      vertex 359.659 84.56 0
      vertex 359.731 84.3494 2.2
      vertex 359.731 84.3494 0
    endloop
  endfacet
  facet normal 0.195251 0.980753 -0
    outer loop
      vertex 361.079 83.3145 0
      vertex 360.861 83.3579 2.2
      vertex 361.079 83.3145 2.2
    endloop
  endfacet
  facet normal 0.195251 0.980753 0
    outer loop
      vertex 360.861 83.3579 2.2
      vertex 361.079 83.3145 0
      vertex 360.861 83.3579 0
    endloop
  endfacet
  facet normal -0.443245 0.8964 0
    outer loop
      vertex 362.151 83.5278 0
      vertex 361.952 83.4294 2.2
      vertex 362.151 83.5278 2.2
    endloop
  endfacet
  facet normal -0.443245 0.8964 0
    outer loop
      vertex 361.952 83.4294 2.2
      vertex 362.151 83.5278 0
      vertex 361.952 83.4294 0
    endloop
  endfacet
  facet normal 0.322307 0.946635 -0
    outer loop
      vertex 360.861 83.3579 0
      vertex 360.651 83.4294 2.2
      vertex 360.861 83.3579 2.2
    endloop
  endfacet
  facet normal 0.322307 0.946635 0
    outer loop
      vertex 360.651 83.4294 2.2
      vertex 360.861 83.3579 0
      vertex 360.651 83.4294 0
    endloop
  endfacet
  facet normal -0.555219 0.831704 0
    outer loop
      vertex 362.336 83.6513 0
      vertex 362.151 83.5278 2.2
      vertex 362.336 83.6513 2.2
    endloop
  endfacet
  facet normal -0.555219 0.831704 0
    outer loop
      vertex 362.151 83.5278 2.2
      vertex 362.336 83.6513 0
      vertex 362.151 83.5278 0
    endloop
  endfacet
  facet normal -0.751016 -0.660284 -2.00089e-18
    outer loop
      vertex 362.65 86.0349 0
      vertex 362.503 86.2021 2.2
      vertex 362.503 86.2021 0
    endloop
  endfacet
  facet normal -0.751016 -0.660284 -2.00089e-18
    outer loop
      vertex 362.503 86.2021 2.2
      vertex 362.65 86.0349 0
      vertex 362.65 86.0349 2.2
    endloop
  endfacet
  facet normal -0.659714 -0.751516 0
    outer loop
      vertex 362.336 86.3487 0
      vertex 362.503 86.2021 2.2
      vertex 362.336 86.3487 2.2
    endloop
  endfacet
  facet normal -0.659714 -0.751516 -0
    outer loop
      vertex 362.503 86.2021 2.2
      vertex 362.336 86.3487 0
      vertex 362.503 86.2021 0
    endloop
  endfacet
  facet normal -0.195251 -0.980753 0
    outer loop
      vertex 361.523 86.6855 0
      vertex 361.741 86.6421 2.2
      vertex 361.523 86.6855 2.2
    endloop
  endfacet
  facet normal -0.195251 -0.980753 -0
    outer loop
      vertex 361.741 86.6421 2.2
      vertex 361.523 86.6855 0
      vertex 361.741 86.6421 0
    endloop
  endfacet
  facet normal 0.441462 -0.89728 0
    outer loop
      vertex 360.451 86.4722 0
      vertex 360.651 86.5706 2.2
      vertex 360.451 86.4722 2.2
    endloop
  endfacet
  facet normal 0.441462 -0.89728 0
    outer loop
      vertex 360.651 86.5706 2.2
      vertex 360.451 86.4722 0
      vertex 360.651 86.5706 0
    endloop
  endfacet
  facet normal 0.657488 0.753465 -0
    outer loop
      vertex 360.267 83.6513 0
      vertex 360.099 83.7979 2.2
      vertex 360.267 83.6513 2.2
    endloop
  endfacet
  facet normal 0.657488 0.753465 0
    outer loop
      vertex 360.099 83.7979 2.2
      vertex 360.267 83.6513 0
      vertex 360.099 83.7979 0
    endloop
  endfacet
  facet normal -0.947598 0.319466 -6.82153e-19
    outer loop
      vertex 362.872 84.3494 0
      vertex 362.943 84.56 2.2
      vertex 362.943 84.56 0
    endloop
  endfacet
  facet normal -0.947598 0.319466 -6.82153e-19
    outer loop
      vertex 362.943 84.56 2.2
      vertex 362.872 84.3494 0
      vertex 362.872 84.3494 2.2
    endloop
  endfacet
  facet normal 0.981113 0.193434 -1.12971e-18
    outer loop
      vertex 359.659 84.56 2.2
      vertex 359.616 84.7781 0
      vertex 359.616 84.7781 2.2
    endloop
  endfacet
  facet normal 0.981113 0.193434 -1.12971e-18
    outer loop
      vertex 359.616 84.7781 0
      vertex 359.659 84.56 2.2
      vertex 359.659 84.56 0
    endloop
  endfacet
  facet normal -0.320937 0.947101 0
    outer loop
      vertex 361.952 83.4294 0
      vertex 361.741 83.3579 2.2
      vertex 361.952 83.4294 2.2
    endloop
  endfacet
  facet normal -0.320937 0.947101 0
    outer loop
      vertex 361.741 83.3579 2.2
      vertex 361.952 83.4294 0
      vertex 361.741 83.3579 0
    endloop
  endfacet
  facet normal -0.980251 0.197758 1.44507e-18
    outer loop
      vertex 362.943 84.56 0
      vertex 362.987 84.7781 2.2
      vertex 362.987 84.7781 0
    endloop
  endfacet
  facet normal -0.980251 0.197758 1.44507e-18
    outer loop
      vertex 362.987 84.7781 2.2
      vertex 362.943 84.56 0
      vertex 362.943 84.56 2.2
    endloop
  endfacet
  facet normal -0.659714 0.751516 0
    outer loop
      vertex 362.503 83.7979 0
      vertex 362.336 83.6513 2.2
      vertex 362.503 83.7979 2.2
    endloop
  endfacet
  facet normal -0.659714 0.751516 0
    outer loop
      vertex 362.336 83.6513 2.2
      vertex 362.503 83.7979 0
      vertex 362.336 83.6513 0
    endloop
  endfacet
  facet normal 0.897467 0.441082 3.22993e-18
    outer loop
      vertex 359.829 84.15 2.2
      vertex 359.731 84.3494 0
      vertex 359.731 84.3494 2.2
    endloop
  endfacet
  facet normal 0.897467 0.441082 3.22993e-18
    outer loop
      vertex 359.731 84.3494 0
      vertex 359.829 84.15 2.2
      vertex 359.829 84.15 0
    endloop
  endfacet
  facet normal -0.980251 -0.197758 -1.44507e-18
    outer loop
      vertex 362.987 85.2219 0
      vertex 362.943 85.44 2.2
      vertex 362.943 85.44 0
    endloop
  endfacet
  facet normal -0.980251 -0.197758 -1.44507e-18
    outer loop
      vertex 362.943 85.44 2.2
      vertex 362.987 85.2219 0
      vertex 362.987 85.2219 2.2
    endloop
  endfacet
  facet normal -0.443245 -0.8964 0
    outer loop
      vertex 361.952 86.5706 0
      vertex 362.151 86.4722 2.2
      vertex 361.952 86.5706 2.2
    endloop
  endfacet
  facet normal -0.443245 -0.8964 -0
    outer loop
      vertex 362.151 86.4722 2.2
      vertex 361.952 86.5706 0
      vertex 362.151 86.4722 0
    endloop
  endfacet
  facet normal 0.753246 -0.657739 2.12332e-18
    outer loop
      vertex 359.953 86.0349 2.2
      vertex 360.099 86.2021 0
      vertex 360.099 86.2021 2.2
    endloop
  endfacet
  facet normal 0.753246 -0.657739 2.12332e-18
    outer loop
      vertex 360.099 86.2021 0
      vertex 359.953 86.0349 2.2
      vertex 359.953 86.0349 0
    endloop
  endfacet
  facet normal -0.830527 0.556979 2.20056e-19
    outer loop
      vertex 362.65 83.9651 0
      vertex 362.774 84.15 2.2
      vertex 362.774 84.15 0
    endloop
  endfacet
  facet normal -0.830527 0.556979 2.20056e-19
    outer loop
      vertex 362.774 84.15 2.2
      vertex 362.65 83.9651 0
      vertex 362.65 83.9651 2.2
    endloop
  endfacet
  facet normal 0.946229 -0.323497 -1.31381e-18
    outer loop
      vertex 359.659 85.44 2.2
      vertex 359.731 85.6506 0
      vertex 359.731 85.6506 2.2
    endloop
  endfacet
  facet normal 0.946229 -0.323497 -1.31381e-18
    outer loop
      vertex 359.731 85.6506 0
      vertex 359.659 85.44 2.2
      vertex 359.659 85.44 0
    endloop
  endfacet
  facet normal 0.195251 -0.980753 0
    outer loop
      vertex 360.861 86.6421 0
      vertex 361.079 86.6855 2.2
      vertex 360.861 86.6421 2.2
    endloop
  endfacet
  facet normal 0.195251 -0.980753 0
    outer loop
      vertex 361.079 86.6855 2.2
      vertex 360.861 86.6421 0
      vertex 361.079 86.6855 0
    endloop
  endfacet
  facet normal -0.947598 -0.319466 6.82153e-19
    outer loop
      vertex 362.943 85.44 0
      vertex 362.872 85.6506 2.2
      vertex 362.872 85.6506 0
    endloop
  endfacet
  facet normal -0.947598 -0.319466 6.82153e-19
    outer loop
      vertex 362.872 85.6506 2.2
      vertex 362.943 85.44 0
      vertex 362.943 85.44 2.2
    endloop
  endfacet
  facet normal 0.657488 -0.753465 0
    outer loop
      vertex 360.099 86.2021 0
      vertex 360.267 86.3487 2.2
      vertex 360.099 86.2021 2.2
    endloop
  endfacet
  facet normal 0.657488 -0.753465 0
    outer loop
      vertex 360.267 86.3487 2.2
      vertex 360.099 86.2021 0
      vertex 360.267 86.3487 0
    endloop
  endfacet
  facet normal -0.195251 0.980753 0
    outer loop
      vertex 361.741 83.3579 0
      vertex 361.523 83.3145 2.2
      vertex 361.741 83.3579 2.2
    endloop
  endfacet
  facet normal -0.195251 0.980753 0
    outer loop
      vertex 361.523 83.3145 2.2
      vertex 361.741 83.3579 0
      vertex 361.523 83.3145 0
    endloop
  endfacet
  facet normal -0.897467 0.441082 -3.22993e-18
    outer loop
      vertex 362.774 84.15 0
      vertex 362.872 84.3494 2.2
      vertex 362.872 84.3494 0
    endloop
  endfacet
  facet normal -0.897467 0.441082 -3.22993e-18
    outer loop
      vertex 362.872 84.3494 2.2
      vertex 362.774 84.15 0
      vertex 362.774 84.15 2.2
    endloop
  endfacet
  facet normal -0.897467 -0.441082 3.22993e-18
    outer loop
      vertex 362.872 85.6506 0
      vertex 362.774 85.85 2.2
      vertex 362.774 85.85 0
    endloop
  endfacet
  facet normal -0.897467 -0.441082 3.22993e-18
    outer loop
      vertex 362.774 85.85 2.2
      vertex 362.872 85.6506 0
      vertex 362.872 85.6506 2.2
    endloop
  endfacet
  facet normal 0.981097 -0.193519 -2.00541e-19
    outer loop
      vertex 336.806 130.122 2.2
      vertex 336.849 130.34 0
      vertex 336.849 130.34 2.2
    endloop
  endfacet
  facet normal 0.981097 -0.193519 -2.00541e-19
    outer loop
      vertex 336.849 130.34 0
      vertex 336.806 130.122 2.2
      vertex 336.806 130.122 0
    endloop
  endfacet
  facet normal 0.997725 -0.0674139 2.86904e-19
    outer loop
      vertex 336.791 129.9 2.2
      vertex 336.806 130.122 0
      vertex 336.806 130.122 2.2
    endloop
  endfacet
  facet normal 0.997725 -0.0674139 2.86904e-19
    outer loop
      vertex 336.806 130.122 0
      vertex 336.791 129.9 2.2
      vertex 336.791 129.9 0
    endloop
  endfacet
  facet normal 0.658505 -0.752577 0
    outer loop
      vertex 337.289 131.102 0
      vertex 337.457 131.249 2.2
      vertex 337.289 131.102 2.2
    endloop
  endfacet
  facet normal 0.658505 -0.752577 0
    outer loop
      vertex 337.457 131.249 2.2
      vertex 337.289 131.102 0
      vertex 337.457 131.249 0
    endloop
  endfacet
  facet normal 0.443625 0.896212 -0
    outer loop
      vertex 337.841 128.329 0
      vertex 337.641 128.428 2.2
      vertex 337.841 128.329 2.2
    endloop
  endfacet
  facet normal 0.443625 0.896212 0
    outer loop
      vertex 337.641 128.428 2.2
      vertex 337.841 128.329 0
      vertex 337.641 128.428 0
    endloop
  endfacet
  facet normal 0.192668 0.981264 -0
    outer loop
      vertex 338.27 128.215 0
      vertex 338.051 128.258 2.2
      vertex 338.27 128.215 2.2
    endloop
  endfacet
  facet normal 0.192668 0.981264 0
    outer loop
      vertex 338.051 128.258 2.2
      vertex 338.27 128.215 0
      vertex 338.051 128.258 0
    endloop
  endfacet
  facet normal -0.947781 0.318922 1.72231e-18
    outer loop
      vertex 340.062 129.249 0
      vertex 340.133 129.46 2.2
      vertex 340.133 129.46 0
    endloop
  endfacet
  facet normal -0.947781 0.318922 1.72231e-18
    outer loop
      vertex 340.133 129.46 2.2
      vertex 340.062 129.249 0
      vertex 340.062 129.249 2.2
    endloop
  endfacet
  facet normal -0.0674139 0.997725 0
    outer loop
      vertex 338.713 128.215 0
      vertex 338.491 128.2 2.2
      vertex 338.713 128.215 2.2
    endloop
  endfacet
  facet normal -0.0674139 0.997725 0
    outer loop
      vertex 338.491 128.2 2.2
      vertex 338.713 128.215 0
      vertex 338.491 128.2 0
    endloop
  endfacet
  facet normal 0.997725 0.0674139 -2.86904e-19
    outer loop
      vertex 336.806 129.678 2.2
      vertex 336.791 129.9 0
      vertex 336.791 129.9 2.2
    endloop
  endfacet
  facet normal 0.997725 0.0674139 -2.86904e-19
    outer loop
      vertex 336.791 129.9 0
      vertex 336.806 129.678 2.2
      vertex 336.806 129.678 0
    endloop
  endfacet
  facet normal 0.830666 -0.556771 -3.22439e-18
    outer loop
      vertex 337.019 130.75 2.2
      vertex 337.143 130.935 0
      vertex 337.143 130.935 2.2
    endloop
  endfacet
  facet normal 0.830666 -0.556771 -3.22439e-18
    outer loop
      vertex 337.143 130.935 0
      vertex 337.019 130.75 2.2
      vertex 337.019 130.75 0
    endloop
  endfacet
  facet normal -0.998017 -0.062938 3.14439e-19
    outer loop
      vertex 340.191 129.9 0
      vertex 340.177 130.122 2.2
      vertex 340.177 130.122 0
    endloop
  endfacet
  facet normal -0.998017 -0.062938 3.14439e-19
    outer loop
      vertex 340.177 130.122 2.2
      vertex 340.191 129.9 0
      vertex 340.191 129.9 2.2
    endloop
  endfacet
  facet normal 0.946417 -0.322948 1.19651e-18
    outer loop
      vertex 336.849 130.34 2.2
      vertex 336.921 130.551 0
      vertex 336.921 130.551 2.2
    endloop
  endfacet
  facet normal 0.946417 -0.322948 1.19651e-18
    outer loop
      vertex 336.921 130.551 0
      vertex 336.849 130.34 2.2
      vertex 336.849 130.34 0
    endloop
  endfacet
  facet normal -0.750624 -0.660729 -1.05293e-18
    outer loop
      vertex 339.84 130.935 0
      vertex 339.693 131.102 2.2
      vertex 339.693 131.102 0
    endloop
  endfacet
  facet normal -0.750624 -0.660729 -1.05293e-18
    outer loop
      vertex 339.693 131.102 2.2
      vertex 339.84 130.935 0
      vertex 339.84 130.935 2.2
    endloop
  endfacet
  facet normal -0.445413 0.895325 0
    outer loop
      vertex 339.341 128.428 0
      vertex 339.142 128.329 2.2
      vertex 339.341 128.428 2.2
    endloop
  endfacet
  facet normal -0.445413 0.895325 0
    outer loop
      vertex 339.142 128.329 2.2
      vertex 339.341 128.428 0
      vertex 339.142 128.329 0
    endloop
  endfacet
  facet normal -0.980233 0.197845 -4.85368e-19
    outer loop
      vertex 340.133 129.46 0
      vertex 340.177 129.678 2.2
      vertex 340.177 129.678 0
    endloop
  endfacet
  facet normal -0.980233 0.197845 -4.85368e-19
    outer loop
      vertex 340.177 129.678 2.2
      vertex 340.133 129.46 0
      vertex 340.133 129.46 2.2
    endloop
  endfacet
  facet normal 0.752856 0.658185 -4.10866e-19
    outer loop
      vertex 337.289 128.698 2.2
      vertex 337.143 128.865 0
      vertex 337.143 128.865 2.2
    endloop
  endfacet
  facet normal 0.752856 0.658185 -4.10866e-19
    outer loop
      vertex 337.143 128.865 0
      vertex 337.289 128.698 2.2
      vertex 337.289 128.698 0
    endloop
  endfacet
  facet normal 0.981097 0.193519 2.00541e-19
    outer loop
      vertex 336.849 129.46 2.2
      vertex 336.806 129.678 0
      vertex 336.806 129.678 2.2
    endloop
  endfacet
  facet normal 0.981097 0.193519 2.00541e-19
    outer loop
      vertex 336.806 129.678 0
      vertex 336.849 129.46 2.2
      vertex 336.849 129.46 0
    endloop
  endfacet
  facet normal -0.897116 0.441796 -1.07699e-18
    outer loop
      vertex 339.964 129.05 0
      vertex 340.062 129.249 2.2
      vertex 340.062 129.249 0
    endloop
  endfacet
  facet normal -0.897116 0.441796 -1.07699e-18
    outer loop
      vertex 340.062 129.249 2.2
      vertex 339.964 129.05 0
      vertex 339.964 129.05 2.2
    endloop
  endfacet
  facet normal 0.946417 0.322948 4.84397e-20
    outer loop
      vertex 336.921 129.249 2.2
      vertex 336.849 129.46 0
      vertex 336.849 129.46 2.2
    endloop
  endfacet
  facet normal 0.946417 0.322948 4.84397e-20
    outer loop
      vertex 336.849 129.46 0
      vertex 336.921 129.249 2.2
      vertex 336.921 129.249 0
    endloop
  endfacet
  facet normal -0.660729 -0.750624 0
    outer loop
      vertex 339.526 131.249 0
      vertex 339.693 131.102 2.2
      vertex 339.526 131.249 2.2
    endloop
  endfacet
  facet normal -0.660729 -0.750624 -0
    outer loop
      vertex 339.693 131.102 2.2
      vertex 339.526 131.249 0
      vertex 339.693 131.102 0
    endloop
  endfacet
  facet normal -0.553661 -0.832742 0
    outer loop
      vertex 339.341 131.372 0
      vertex 339.526 131.249 2.2
      vertex 339.341 131.372 2.2
    endloop
  endfacet
  facet normal -0.553661 -0.832742 -0
    outer loop
      vertex 339.526 131.249 2.2
      vertex 339.341 131.372 0
      vertex 339.526 131.249 0
    endloop
  endfacet
  facet normal -0.947781 -0.318922 -7.8726e-19
    outer loop
      vertex 340.133 130.34 0
      vertex 340.062 130.551 2.2
      vertex 340.062 130.551 0
    endloop
  endfacet
  facet normal -0.947781 -0.318922 -7.8726e-19
    outer loop
      vertex 340.062 130.551 2.2
      vertex 340.133 130.34 0
      vertex 340.133 130.34 2.2
    endloop
  endfacet
  facet normal 0.320285 0.947321 -0
    outer loop
      vertex 338.051 128.258 0
      vertex 337.841 128.329 2.2
      vertex 338.051 128.258 2.2
    endloop
  endfacet
  facet normal 0.320285 0.947321 0
    outer loop
      vertex 337.841 128.329 2.2
      vertex 338.051 128.258 0
      vertex 337.841 128.329 0
    endloop
  endfacet
  facet normal -0.318922 -0.947781 0
    outer loop
      vertex 338.931 131.542 0
      vertex 339.142 131.471 2.2
      vertex 338.931 131.542 2.2
    endloop
  endfacet
  facet normal -0.318922 -0.947781 -0
    outer loop
      vertex 339.142 131.471 2.2
      vertex 338.931 131.542 0
      vertex 339.142 131.471 0
    endloop
  endfacet
  facet normal 0.0677175 -0.997705 0
    outer loop
      vertex 338.27 131.585 0
      vertex 338.491 131.6 2.2
      vertex 338.27 131.585 2.2
    endloop
  endfacet
  facet normal 0.0677175 -0.997705 0
    outer loop
      vertex 338.491 131.6 2.2
      vertex 338.27 131.585 0
      vertex 338.491 131.6 0
    endloop
  endfacet
  facet normal 0.658505 0.752577 -0
    outer loop
      vertex 337.457 128.551 0
      vertex 337.289 128.698 2.2
      vertex 337.457 128.551 2.2
    endloop
  endfacet
  facet normal 0.658505 0.752577 0
    outer loop
      vertex 337.289 128.698 2.2
      vertex 337.457 128.551 0
      vertex 337.289 128.698 0
    endloop
  endfacet
  facet normal 0.0677175 0.997705 -0
    outer loop
      vertex 338.491 128.2 0
      vertex 338.27 128.215 2.2
      vertex 338.491 128.2 2.2
    endloop
  endfacet
  facet normal 0.0677175 0.997705 0
    outer loop
      vertex 338.27 128.215 2.2
      vertex 338.491 128.2 0
      vertex 338.27 128.215 0
    endloop
  endfacet
  facet normal 0.555742 -0.831355 0
    outer loop
      vertex 337.457 131.249 0
      vertex 337.641 131.372 2.2
      vertex 337.457 131.249 2.2
    endloop
  endfacet
  facet normal 0.555742 -0.831355 0
    outer loop
      vertex 337.641 131.372 2.2
      vertex 337.457 131.249 0
      vertex 337.641 131.372 0
    endloop
  endfacet
  facet normal 0.897116 -0.441796 -2.38512e-18
    outer loop
      vertex 336.921 130.551 2.2
      vertex 337.019 130.75 0
      vertex 337.019 130.75 2.2
    endloop
  endfacet
  facet normal 0.897116 -0.441796 -2.38512e-18
    outer loop
      vertex 337.019 130.75 0
      vertex 336.921 130.551 2.2
      vertex 336.921 130.551 0
    endloop
  endfacet
  facet normal 0.555742 0.831355 -0
    outer loop
      vertex 337.641 128.428 0
      vertex 337.457 128.551 2.2
      vertex 337.641 128.428 2.2
    endloop
  endfacet
  facet normal 0.555742 0.831355 0
    outer loop
      vertex 337.457 128.551 2.2
      vertex 337.641 128.428 0
      vertex 337.457 128.551 0
    endloop
  endfacet
  facet normal -0.445413 -0.895325 0
    outer loop
      vertex 339.142 131.471 0
      vertex 339.341 131.372 2.2
      vertex 339.142 131.471 2.2
    endloop
  endfacet
  facet normal -0.445413 -0.895325 -0
    outer loop
      vertex 339.341 131.372 2.2
      vertex 339.142 131.471 0
      vertex 339.341 131.372 0
    endloop
  endfacet
  facet normal -0.193519 -0.981097 0
    outer loop
      vertex 338.713 131.585 0
      vertex 338.931 131.542 2.2
      vertex 338.713 131.585 2.2
    endloop
  endfacet
  facet normal -0.193519 -0.981097 -0
    outer loop
      vertex 338.931 131.542 2.2
      vertex 338.713 131.585 0
      vertex 338.931 131.542 0
    endloop
  endfacet
  facet normal 0.443625 -0.896212 0
    outer loop
      vertex 337.641 131.372 0
      vertex 337.841 131.471 2.2
      vertex 337.641 131.372 2.2
    endloop
  endfacet
  facet normal 0.443625 -0.896212 0
    outer loop
      vertex 337.841 131.471 2.2
      vertex 337.641 131.372 0
      vertex 337.841 131.471 0
    endloop
  endfacet
  facet normal 0.320285 -0.947321 0
    outer loop
      vertex 337.841 131.471 0
      vertex 338.051 131.542 2.2
      vertex 337.841 131.471 2.2
    endloop
  endfacet
  facet normal 0.320285 -0.947321 0
    outer loop
      vertex 338.051 131.542 2.2
      vertex 337.841 131.471 0
      vertex 338.051 131.542 0
    endloop
  endfacet
  facet normal 0.830666 0.556771 3.22439e-18
    outer loop
      vertex 337.143 128.865 2.2
      vertex 337.019 129.05 0
      vertex 337.019 129.05 2.2
    endloop
  endfacet
  facet normal 0.830666 0.556771 3.22439e-18
    outer loop
      vertex 337.019 129.05 0
      vertex 337.143 128.865 2.2
      vertex 337.143 128.865 0
    endloop
  endfacet
  facet normal -0.830666 0.556771 -2.94115e-18
    outer loop
      vertex 339.84 128.865 0
      vertex 339.964 129.05 2.2
      vertex 339.964 129.05 0
    endloop
  endfacet
  facet normal -0.830666 0.556771 -2.94115e-18
    outer loop
      vertex 339.964 129.05 2.2
      vertex 339.84 128.865 0
      vertex 339.84 128.865 2.2
    endloop
  endfacet
  facet normal 0.192668 -0.981264 0
    outer loop
      vertex 338.051 131.542 0
      vertex 338.27 131.585 2.2
      vertex 338.051 131.542 2.2
    endloop
  endfacet
  facet normal 0.192668 -0.981264 0
    outer loop
      vertex 338.27 131.585 2.2
      vertex 338.051 131.542 0
      vertex 338.27 131.585 0
    endloop
  endfacet
  facet normal -0.750624 0.660729 1.05293e-18
    outer loop
      vertex 339.693 128.698 0
      vertex 339.84 128.865 2.2
      vertex 339.84 128.865 0
    endloop
  endfacet
  facet normal -0.750624 0.660729 1.05293e-18
    outer loop
      vertex 339.84 128.865 2.2
      vertex 339.693 128.698 0
      vertex 339.693 128.698 2.2
    endloop
  endfacet
  facet normal -0.998017 0.062938 -3.14439e-19
    outer loop
      vertex 340.177 129.678 0
      vertex 340.191 129.9 2.2
      vertex 340.191 129.9 0
    endloop
  endfacet
  facet normal -0.998017 0.062938 -3.14439e-19
    outer loop
      vertex 340.191 129.9 2.2
      vertex 340.177 129.678 0
      vertex 340.177 129.678 2.2
    endloop
  endfacet
  facet normal -0.318922 0.947781 0
    outer loop
      vertex 339.142 128.329 0
      vertex 338.931 128.258 2.2
      vertex 339.142 128.329 2.2
    endloop
  endfacet
  facet normal -0.318922 0.947781 0
    outer loop
      vertex 338.931 128.258 2.2
      vertex 339.142 128.329 0
      vertex 338.931 128.258 0
    endloop
  endfacet
  facet normal 0.752856 -0.658185 4.10866e-19
    outer loop
      vertex 337.143 130.935 2.2
      vertex 337.289 131.102 0
      vertex 337.289 131.102 2.2
    endloop
  endfacet
  facet normal 0.752856 -0.658185 4.10866e-19
    outer loop
      vertex 337.289 131.102 0
      vertex 337.143 130.935 2.2
      vertex 337.143 130.935 0
    endloop
  endfacet
  facet normal -0.553661 0.832742 0
    outer loop
      vertex 339.526 128.551 0
      vertex 339.341 128.428 2.2
      vertex 339.526 128.551 2.2
    endloop
  endfacet
  facet normal -0.553661 0.832742 0
    outer loop
      vertex 339.341 128.428 2.2
      vertex 339.526 128.551 0
      vertex 339.341 128.428 0
    endloop
  endfacet
  facet normal -0.830666 -0.556771 2.94115e-18
    outer loop
      vertex 339.964 130.75 0
      vertex 339.84 130.935 2.2
      vertex 339.84 130.935 0
    endloop
  endfacet
  facet normal -0.830666 -0.556771 2.94115e-18
    outer loop
      vertex 339.84 130.935 2.2
      vertex 339.964 130.75 0
      vertex 339.964 130.75 2.2
    endloop
  endfacet
  facet normal -0.193519 0.981097 0
    outer loop
      vertex 338.931 128.258 0
      vertex 338.713 128.215 2.2
      vertex 338.931 128.258 2.2
    endloop
  endfacet
  facet normal -0.193519 0.981097 0
    outer loop
      vertex 338.713 128.215 2.2
      vertex 338.931 128.258 0
      vertex 338.713 128.215 0
    endloop
  endfacet
  facet normal -0.0674139 -0.997725 0
    outer loop
      vertex 338.491 131.6 0
      vertex 338.713 131.585 2.2
      vertex 338.491 131.6 2.2
    endloop
  endfacet
  facet normal -0.0674139 -0.997725 -0
    outer loop
      vertex 338.713 131.585 2.2
      vertex 338.491 131.6 0
      vertex 338.713 131.585 0
    endloop
  endfacet
  facet normal -0.980233 -0.197845 4.85368e-19
    outer loop
      vertex 340.177 130.122 0
      vertex 340.133 130.34 2.2
      vertex 340.133 130.34 0
    endloop
  endfacet
  facet normal -0.980233 -0.197845 4.85368e-19
    outer loop
      vertex 340.133 130.34 2.2
      vertex 340.177 130.122 0
      vertex 340.177 130.122 2.2
    endloop
  endfacet
  facet normal -0.660729 0.750624 0
    outer loop
      vertex 339.693 128.698 0
      vertex 339.526 128.551 2.2
      vertex 339.693 128.698 2.2
    endloop
  endfacet
  facet normal -0.660729 0.750624 0
    outer loop
      vertex 339.526 128.551 2.2
      vertex 339.693 128.698 0
      vertex 339.526 128.551 0
    endloop
  endfacet
  facet normal 0.897116 0.441796 1.07699e-18
    outer loop
      vertex 337.019 129.05 2.2
      vertex 336.921 129.249 0
      vertex 336.921 129.249 2.2
    endloop
  endfacet
  facet normal 0.897116 0.441796 1.07699e-18
    outer loop
      vertex 336.921 129.249 0
      vertex 337.019 129.05 2.2
      vertex 337.019 129.05 0
    endloop
  endfacet
  facet normal -0.897116 -0.441796 2.38512e-18
    outer loop
      vertex 340.062 130.551 0
      vertex 339.964 130.75 2.2
      vertex 339.964 130.75 0
    endloop
  endfacet
  facet normal -0.897116 -0.441796 2.38512e-18
    outer loop
      vertex 339.964 130.75 2.2
      vertex 340.062 130.551 0
      vertex 340.062 130.551 2.2
    endloop
  endfacet
  facet normal 0.0871879 0.996192 -0
    outer loop
      vertex 331.149 103.799 0
      vertex 315.21 105.194 2.2
      vertex 331.149 103.799 2.2
    endloop
  endfacet
  facet normal 0.0871879 0.996192 0
    outer loop
      vertex 315.21 105.194 2.2
      vertex 331.149 103.799 0
      vertex 315.21 105.194 0
    endloop
  endfacet
  facet normal 0.153208 0.988194 -0
    outer loop
      vertex 315.21 105.194 0
      vertex 315.081 105.214 2.2
      vertex 315.21 105.194 2.2
    endloop
  endfacet
  facet normal 0.153208 0.988194 0
    outer loop
      vertex 315.081 105.214 2.2
      vertex 315.21 105.194 0
      vertex 315.081 105.214 0
    endloop
  endfacet
  facet normal 0.274721 0.961524 -0
    outer loop
      vertex 315.081 105.214 0
      vertex 314.955 105.25 2.2
      vertex 315.081 105.214 2.2
    endloop
  endfacet
  facet normal 0.274721 0.961524 0
    outer loop
      vertex 314.955 105.25 2.2
      vertex 315.081 105.214 0
      vertex 314.955 105.25 0
    endloop
  endfacet
  facet normal 0.404016 0.914752 -0
    outer loop
      vertex 314.955 105.25 0
      vertex 314.835 105.303 2.2
      vertex 314.955 105.25 2.2
    endloop
  endfacet
  facet normal 0.404016 0.914752 0
    outer loop
      vertex 314.835 105.303 2.2
      vertex 314.955 105.25 0
      vertex 314.835 105.303 0
    endloop
  endfacet
  facet normal 0.518978 0.854788 -0
    outer loop
      vertex 314.835 105.303 0
      vertex 314.723 105.371 2.2
      vertex 314.835 105.303 2.2
    endloop
  endfacet
  facet normal 0.518978 0.854788 0
    outer loop
      vertex 314.723 105.371 2.2
      vertex 314.835 105.303 0
      vertex 314.723 105.371 0
    endloop
  endfacet
  facet normal 0.626557 0.779376 -0
    outer loop
      vertex 314.723 105.371 0
      vertex 314.621 105.453 2.2
      vertex 314.723 105.371 2.2
    endloop
  endfacet
  facet normal 0.626557 0.779376 0
    outer loop
      vertex 314.621 105.453 2.2
      vertex 314.723 105.371 0
      vertex 314.621 105.453 0
    endloop
  endfacet
  facet normal 0.722308 0.691571 1.72367e-18
    outer loop
      vertex 314.621 105.453 2.2
      vertex 314.531 105.547 0
      vertex 314.531 105.547 2.2
    endloop
  endfacet
  facet normal 0.722308 0.691571 1.72367e-18
    outer loop
      vertex 314.531 105.547 0
      vertex 314.621 105.453 2.2
      vertex 314.621 105.453 0
    endloop
  endfacet
  facet normal 0.809066 0.587718 4.63759e-19
    outer loop
      vertex 314.531 105.547 2.2
      vertex 314.454 105.653 0
      vertex 314.454 105.653 2.2
    endloop
  endfacet
  facet normal 0.809066 0.587718 4.63759e-19
    outer loop
      vertex 314.454 105.653 0
      vertex 314.531 105.547 2.2
      vertex 314.531 105.547 0
    endloop
  endfacet
  facet normal 0.87702 0.480454 -3.93516e-19
    outer loop
      vertex 314.454 105.653 2.2
      vertex 314.391 105.768 0
      vertex 314.391 105.768 2.2
    endloop
  endfacet
  facet normal 0.87702 0.480454 -3.93516e-19
    outer loop
      vertex 314.391 105.768 0
      vertex 314.454 105.653 2.2
      vertex 314.454 105.653 0
    endloop
  endfacet
  facet normal 0.929533 0.36874 -1.39136e-18
    outer loop
      vertex 314.391 105.768 2.2
      vertex 314.343 105.889 0
      vertex 314.343 105.889 2.2
    endloop
  endfacet
  facet normal 0.929533 0.36874 -1.39136e-18
    outer loop
      vertex 314.343 105.889 0
      vertex 314.391 105.768 2.2
      vertex 314.391 105.768 0
    endloop
  endfacet
  facet normal 0.971477 0.237132 -1.37367e-18
    outer loop
      vertex 314.343 105.889 2.2
      vertex 314.312 106.016 0
      vertex 314.312 106.016 2.2
    endloop
  endfacet
  facet normal 0.971477 0.237132 -1.37367e-18
    outer loop
      vertex 314.312 106.016 0
      vertex 314.343 105.889 2.2
      vertex 314.343 105.889 0
    endloop
  endfacet
  facet normal 0.994338 0.106265 -6.58838e-20
    outer loop
      vertex 314.312 106.016 2.2
      vertex 314.298 106.147 0
      vertex 314.298 106.147 2.2
    endloop
  endfacet
  facet normal 0.994338 0.106265 -6.58838e-20
    outer loop
      vertex 314.298 106.147 0
      vertex 314.312 106.016 2.2
      vertex 314.312 106.016 0
    endloop
  endfacet
  facet normal 0.999734 -0.0230708 7.23418e-20
    outer loop
      vertex 314.298 106.147 2.2
      vertex 314.301 106.277 0
      vertex 314.301 106.277 2.2
    endloop
  endfacet
  facet normal 0.999734 -0.0230708 7.23418e-20
    outer loop
      vertex 314.301 106.277 0
      vertex 314.298 106.147 2.2
      vertex 314.298 106.147 0
    endloop
  endfacet
  facet normal 0.996194 -0.0871635 1.72911e-17
    outer loop
      vertex 314.301 106.277 2.2
      vertex 316.175 127.695 0
      vertex 316.175 127.695 2.2
    endloop
  endfacet
  facet normal 0.996194 -0.0871635 1.72911e-17
    outer loop
      vertex 316.175 127.695 0
      vertex 314.301 106.277 2.2
      vertex 314.301 106.277 0
    endloop
  endfacet
  facet normal 0.989488 -0.144617 3.03926e-19
    outer loop
      vertex 316.175 127.695 2.2
      vertex 316.194 127.825 0
      vertex 316.194 127.825 2.2
    endloop
  endfacet
  facet normal 0.989488 -0.144617 3.03926e-19
    outer loop
      vertex 316.194 127.825 0
      vertex 316.175 127.695 2.2
      vertex 316.175 127.695 0
    endloop
  endfacet
  facet normal 0.958875 -0.283827 0
    outer loop
      vertex 316.194 127.825 2.2
      vertex 316.231 127.95 0
      vertex 316.231 127.95 2.2
    endloop
  endfacet
  facet normal 0.958875 -0.283827 0
    outer loop
      vertex 316.231 127.95 0
      vertex 316.194 127.825 2.2
      vertex 316.194 127.825 0
    endloop
  endfacet
  facet normal 0.914752 -0.404016 -5.99153e-19
    outer loop
      vertex 316.231 127.95 2.2
      vertex 316.284 128.07 0
      vertex 316.284 128.07 2.2
    endloop
  endfacet
  facet normal 0.914752 -0.404016 -5.99153e-19
    outer loop
      vertex 316.284 128.07 0
      vertex 316.231 127.95 2.2
      vertex 316.231 127.95 0
    endloop
  endfacet
  facet normal 0.854788 -0.518978 -1.06282e-18
    outer loop
      vertex 316.284 128.07 2.2
      vertex 316.352 128.182 0
      vertex 316.352 128.182 2.2
    endloop
  endfacet
  facet normal 0.854788 -0.518978 -1.06282e-18
    outer loop
      vertex 316.352 128.182 0
      vertex 316.284 128.07 2.2
      vertex 316.284 128.07 0
    endloop
  endfacet
  facet normal 0.779376 -0.626557 -1.43172e-18
    outer loop
      vertex 316.352 128.182 2.2
      vertex 316.434 128.284 0
      vertex 316.434 128.284 2.2
    endloop
  endfacet
  facet normal 0.779376 -0.626557 -1.43172e-18
    outer loop
      vertex 316.434 128.284 0
      vertex 316.352 128.182 2.2
      vertex 316.352 128.182 0
    endloop
  endfacet
  facet normal 0.691571 -0.722308 0
    outer loop
      vertex 316.434 128.284 0
      vertex 316.528 128.374 2.2
      vertex 316.434 128.284 2.2
    endloop
  endfacet
  facet normal 0.691571 -0.722308 0
    outer loop
      vertex 316.528 128.374 2.2
      vertex 316.434 128.284 0
      vertex 316.528 128.374 0
    endloop
  endfacet
  facet normal 0.596324 -0.802744 0
    outer loop
      vertex 316.528 128.374 0
      vertex 316.633 128.452 2.2
      vertex 316.528 128.374 2.2
    endloop
  endfacet
  facet normal 0.596324 -0.802744 0
    outer loop
      vertex 316.633 128.452 2.2
      vertex 316.528 128.374 0
      vertex 316.633 128.452 0
    endloop
  endfacet
  facet normal 0.480454 -0.87702 0
    outer loop
      vertex 316.633 128.452 0
      vertex 316.748 128.515 2.2
      vertex 316.633 128.452 2.2
    endloop
  endfacet
  facet normal 0.480454 -0.87702 0
    outer loop
      vertex 316.748 128.515 2.2
      vertex 316.633 128.452 0
      vertex 316.748 128.515 0
    endloop
  endfacet
  facet normal 0.359492 -0.933148 0
    outer loop
      vertex 316.748 128.515 0
      vertex 316.87 128.562 2.2
      vertex 316.748 128.515 2.2
    endloop
  endfacet
  facet normal 0.359492 -0.933148 0
    outer loop
      vertex 316.87 128.562 2.2
      vertex 316.748 128.515 0
      vertex 316.87 128.562 0
    endloop
  endfacet
  facet normal 0.237132 -0.971477 0
    outer loop
      vertex 316.87 128.562 0
      vertex 316.997 128.593 2.2
      vertex 316.87 128.562 2.2
    endloop
  endfacet
  facet normal 0.237132 -0.971477 0
    outer loop
      vertex 316.997 128.593 2.2
      vertex 316.87 128.562 0
      vertex 316.997 128.593 0
    endloop
  endfacet
  facet normal 0.107073 -0.994251 0
    outer loop
      vertex 316.997 128.593 0
      vertex 317.127 128.607 2.2
      vertex 316.997 128.593 2.2
    endloop
  endfacet
  facet normal 0.107073 -0.994251 0
    outer loop
      vertex 317.127 128.607 2.2
      vertex 316.997 128.593 0
      vertex 317.127 128.607 0
    endloop
  endfacet
  facet normal -0.0152654 -0.999883 0
    outer loop
      vertex 317.127 128.607 0
      vertex 317.258 128.605 2.2
      vertex 317.127 128.607 2.2
    endloop
  endfacet
  facet normal -0.0152654 -0.999883 -0
    outer loop
      vertex 317.258 128.605 2.2
      vertex 317.127 128.607 0
      vertex 317.258 128.605 0
    endloop
  endfacet
  facet normal -0.087192 -0.996192 0
    outer loop
      vertex 317.258 128.605 0
      vertex 321.691 128.217 2.2
      vertex 317.258 128.605 2.2
    endloop
  endfacet
  facet normal -0.087192 -0.996192 -0
    outer loop
      vertex 321.691 128.217 2.2
      vertex 317.258 128.605 0
      vertex 321.691 128.217 0
    endloop
  endfacet
  facet normal 0.996197 -0.0871262 -7.77135e-18
    outer loop
      vertex 321.691 128.217 2.2
      vertex 322.062 132.459 0
      vertex 322.062 132.459 2.2
    endloop
  endfacet
  facet normal 0.996197 -0.0871262 -7.77135e-18
    outer loop
      vertex 322.062 132.459 0
      vertex 321.691 128.217 2.2
      vertex 321.691 128.217 0
    endloop
  endfacet
  facet normal -0.996198 0.0871139 2.51666e-18
    outer loop
      vertex 328.764 127.598 0
      vertex 329.09 131.326 2.2
      vertex 329.09 131.326 0
    endloop
  endfacet
  facet normal -0.996198 0.0871139 2.51666e-18
    outer loop
      vertex 329.09 131.326 2.2
      vertex 328.764 127.598 0
      vertex 328.764 127.598 2.2
    endloop
  endfacet
  facet normal -0.087192 -0.996192 0
    outer loop
      vertex 328.764 127.598 0
      vertex 333.197 127.21 2.2
      vertex 328.764 127.598 2.2
    endloop
  endfacet
  facet normal -0.087192 -0.996192 -0
    outer loop
      vertex 333.197 127.21 2.2
      vertex 328.764 127.598 0
      vertex 333.197 127.21 0
    endloop
  endfacet
  facet normal -0.153208 -0.988194 0
    outer loop
      vertex 333.197 127.21 0
      vertex 333.326 127.19 2.2
      vertex 333.197 127.21 2.2
    endloop
  endfacet
  facet normal -0.153208 -0.988194 -0
    outer loop
      vertex 333.326 127.19 2.2
      vertex 333.197 127.21 0
      vertex 333.326 127.19 0
    endloop
  endfacet
  facet normal -0.274721 -0.961524 0
    outer loop
      vertex 333.326 127.19 0
      vertex 333.452 127.154 2.2
      vertex 333.326 127.19 2.2
    endloop
  endfacet
  facet normal -0.274721 -0.961524 -0
    outer loop
      vertex 333.452 127.154 2.2
      vertex 333.326 127.19 0
      vertex 333.452 127.154 0
    endloop
  endfacet
  facet normal -0.404016 -0.914752 0
    outer loop
      vertex 333.452 127.154 0
      vertex 333.572 127.101 2.2
      vertex 333.452 127.154 2.2
    endloop
  endfacet
  facet normal -0.404016 -0.914752 -0
    outer loop
      vertex 333.572 127.101 2.2
      vertex 333.452 127.154 0
      vertex 333.572 127.101 0
    endloop
  endfacet
  facet normal -0.522382 -0.852712 0
    outer loop
      vertex 333.572 127.101 0
      vertex 333.683 127.033 2.2
      vertex 333.572 127.101 2.2
    endloop
  endfacet
  facet normal -0.522382 -0.852712 -0
    outer loop
      vertex 333.683 127.033 2.2
      vertex 333.572 127.101 0
      vertex 333.683 127.033 0
    endloop
  endfacet
  facet normal -0.626557 -0.779376 0
    outer loop
      vertex 333.683 127.033 0
      vertex 333.785 126.951 2.2
      vertex 333.683 127.033 2.2
    endloop
  endfacet
  facet normal -0.626557 -0.779376 -0
    outer loop
      vertex 333.785 126.951 2.2
      vertex 333.683 127.033 0
      vertex 333.785 126.951 0
    endloop
  endfacet
  facet normal -0.718479 -0.695549 1.47268e-18
    outer loop
      vertex 333.876 126.857 0
      vertex 333.785 126.951 2.2
      vertex 333.785 126.951 0
    endloop
  endfacet
  facet normal -0.718479 -0.695549 1.47268e-18
    outer loop
      vertex 333.785 126.951 2.2
      vertex 333.876 126.857 0
      vertex 333.876 126.857 2.2
    endloop
  endfacet
  facet normal -0.809066 -0.587718 -8.36229e-19
    outer loop
      vertex 333.953 126.751 0
      vertex 333.876 126.857 2.2
      vertex 333.876 126.857 0
    endloop
  endfacet
  facet normal -0.809066 -0.587718 -8.36229e-19
    outer loop
      vertex 333.876 126.857 2.2
      vertex 333.953 126.751 0
      vertex 333.953 126.751 2.2
    endloop
  endfacet
  facet normal -0.87702 -0.480454 1.11608e-19
    outer loop
      vertex 334.016 126.636 0
      vertex 333.953 126.751 2.2
      vertex 333.953 126.751 0
    endloop
  endfacet
  facet normal -0.87702 -0.480454 1.11608e-19
    outer loop
      vertex 333.953 126.751 2.2
      vertex 334.016 126.636 0
      vertex 334.016 126.636 2.2
    endloop
  endfacet
  facet normal -0.929533 -0.36874 -1.39136e-18
    outer loop
      vertex 334.064 126.515 0
      vertex 334.016 126.636 2.2
      vertex 334.016 126.636 0
    endloop
  endfacet
  facet normal -0.929533 -0.36874 -1.39136e-18
    outer loop
      vertex 334.016 126.636 2.2
      vertex 334.064 126.515 0
      vertex 334.064 126.515 2.2
    endloop
  endfacet
  facet normal -0.971903 -0.235383 -8.35902e-19
    outer loop
      vertex 334.095 126.387 0
      vertex 334.064 126.515 2.2
      vertex 334.064 126.515 0
    endloop
  endfacet
  facet normal -0.971903 -0.235383 -8.35902e-19
    outer loop
      vertex 334.064 126.515 2.2
      vertex 334.095 126.387 0
      vertex 334.095 126.387 2.2
    endloop
  endfacet
  facet normal -0.994251 -0.107073 3.62801e-19
    outer loop
      vertex 334.109 126.257 0
      vertex 334.095 126.387 2.2
      vertex 334.095 126.387 0
    endloop
  endfacet
  facet normal -0.994251 -0.107073 3.62801e-19
    outer loop
      vertex 334.095 126.387 2.2
      vertex 334.109 126.257 0
      vertex 334.109 126.257 2.2
    endloop
  endfacet
  facet normal -0.999734 0.0230708 -3.52916e-20
    outer loop
      vertex 334.106 126.127 0
      vertex 334.109 126.257 2.2
      vertex 334.109 126.257 0
    endloop
  endfacet
  facet normal -0.999734 0.0230708 -3.52916e-20
    outer loop
      vertex 334.109 126.257 2.2
      vertex 334.106 126.127 0
      vertex 334.106 126.127 2.2
    endloop
  endfacet
  facet normal -0.996194 0.0871594 -1.34544e-17
    outer loop
      vertex 332.232 104.708 0
      vertex 334.106 126.127 2.2
      vertex 334.106 126.127 0
    endloop
  endfacet
  facet normal -0.996194 0.0871594 -1.34544e-17
    outer loop
      vertex 334.106 126.127 2.2
      vertex 332.232 104.708 0
      vertex 332.232 104.708 2.2
    endloop
  endfacet
  facet normal -0.988194 0.153208 7.18557e-19
    outer loop
      vertex 332.212 104.579 0
      vertex 332.232 104.708 2.2
      vertex 332.232 104.708 0
    endloop
  endfacet
  facet normal -0.988194 0.153208 7.18557e-19
    outer loop
      vertex 332.232 104.708 2.2
      vertex 332.212 104.579 0
      vertex 332.212 104.579 2.2
    endloop
  endfacet
  facet normal -0.960942 0.276751 0
    outer loop
      vertex 332.176 104.454 0
      vertex 332.212 104.579 2.2
      vertex 332.212 104.579 0
    endloop
  endfacet
  facet normal -0.960942 0.276751 0
    outer loop
      vertex 332.212 104.579 2.2
      vertex 332.176 104.454 0
      vertex 332.176 104.454 2.2
    endloop
  endfacet
  facet normal -0.914752 0.404016 -5.99153e-19
    outer loop
      vertex 332.123 104.334 0
      vertex 332.176 104.454 2.2
      vertex 332.176 104.454 0
    endloop
  endfacet
  facet normal -0.914752 0.404016 -5.99153e-19
    outer loop
      vertex 332.176 104.454 2.2
      vertex 332.123 104.334 0
      vertex 332.123 104.334 2.2
    endloop
  endfacet
  facet normal -0.854788 0.518978 -7.25811e-19
    outer loop
      vertex 332.055 104.222 0
      vertex 332.123 104.334 2.2
      vertex 332.123 104.334 0
    endloop
  endfacet
  facet normal -0.854788 0.518978 -7.25811e-19
    outer loop
      vertex 332.123 104.334 2.2
      vertex 332.055 104.222 0
      vertex 332.055 104.222 2.2
    endloop
  endfacet
  facet normal -0.779376 0.626557 -1.91372e-18
    outer loop
      vertex 331.973 104.12 0
      vertex 332.055 104.222 2.2
      vertex 332.055 104.222 0
    endloop
  endfacet
  facet normal -0.779376 0.626557 -1.91372e-18
    outer loop
      vertex 332.055 104.222 2.2
      vertex 331.973 104.12 0
      vertex 331.973 104.12 2.2
    endloop
  endfacet
  facet normal -0.691571 0.722308 0
    outer loop
      vertex 331.973 104.12 0
      vertex 331.879 104.03 2.2
      vertex 331.973 104.12 2.2
    endloop
  endfacet
  facet normal -0.691571 0.722308 0
    outer loop
      vertex 331.879 104.03 2.2
      vertex 331.973 104.12 0
      vertex 331.879 104.03 0
    endloop
  endfacet
  facet normal -0.592681 0.805438 0
    outer loop
      vertex 331.879 104.03 0
      vertex 331.773 103.952 2.2
      vertex 331.879 104.03 2.2
    endloop
  endfacet
  facet normal -0.592681 0.805438 0
    outer loop
      vertex 331.773 103.952 2.2
      vertex 331.879 104.03 0
      vertex 331.773 103.952 0
    endloop
  endfacet
  facet normal -0.483686 0.875242 0
    outer loop
      vertex 331.773 103.952 0
      vertex 331.659 103.889 2.2
      vertex 331.773 103.952 2.2
    endloop
  endfacet
  facet normal -0.483686 0.875242 0
    outer loop
      vertex 331.659 103.889 2.2
      vertex 331.773 103.952 0
      vertex 331.659 103.889 0
    endloop
  endfacet
  facet normal -0.359492 0.933148 0
    outer loop
      vertex 331.659 103.889 0
      vertex 331.537 103.842 2.2
      vertex 331.659 103.889 2.2
    endloop
  endfacet
  facet normal -0.359492 0.933148 0
    outer loop
      vertex 331.537 103.842 2.2
      vertex 331.659 103.889 0
      vertex 331.537 103.842 0
    endloop
  endfacet
  facet normal -0.237132 0.971477 0
    outer loop
      vertex 331.537 103.842 0
      vertex 331.41 103.811 2.2
      vertex 331.537 103.842 2.2
    endloop
  endfacet
  facet normal -0.237132 0.971477 0
    outer loop
      vertex 331.41 103.811 2.2
      vertex 331.537 103.842 0
      vertex 331.41 103.811 0
    endloop
  endfacet
  facet normal -0.107073 0.994251 0
    outer loop
      vertex 331.41 103.811 0
      vertex 331.28 103.797 2.2
      vertex 331.41 103.811 2.2
    endloop
  endfacet
  facet normal -0.107073 0.994251 0
    outer loop
      vertex 331.28 103.797 2.2
      vertex 331.41 103.811 0
      vertex 331.28 103.797 0
    endloop
  endfacet
  facet normal 0.0152654 0.999883 -0
    outer loop
      vertex 331.28 103.797 0
      vertex 331.149 103.799 2.2
      vertex 331.28 103.797 2.2
    endloop
  endfacet
  facet normal 0.0152654 0.999883 0
    outer loop
      vertex 331.149 103.799 2.2
      vertex 331.28 103.797 0
      vertex 331.149 103.799 0
    endloop
  endfacet
  facet normal 0 -1 0
    outer loop
      vertex 249.162 115.232 0
      vertex 267.251 115.232 2.2
      vertex 249.162 115.232 2.2
    endloop
  endfacet
  facet normal 0 -1 -0
    outer loop
      vertex 267.251 115.232 2.2
      vertex 249.162 115.232 0
      vertex 267.251 115.232 0
    endloop
  endfacet
  facet normal -1 0 0
    outer loop
      vertex 267.251 107.932 0
      vertex 267.251 115.232 2.2
      vertex 267.251 115.232 0
    endloop
  endfacet
  facet normal -1 -0 0
    outer loop
      vertex 267.251 115.232 2.2
      vertex 267.251 107.932 0
      vertex 267.251 107.932 2.2
    endloop
  endfacet
  facet normal 0 1 -0
    outer loop
      vertex 267.251 107.932 0
      vertex 249.162 107.932 2.2
      vertex 267.251 107.932 2.2
    endloop
  endfacet
  facet normal 0 1 0
    outer loop
      vertex 249.162 107.932 2.2
      vertex 267.251 107.932 0
      vertex 249.162 107.932 0
    endloop
  endfacet
endsolid OpenSCAD_Model
